# https://github.com/mikedh/trimesh
v -0.99360185 0.12569237 0.69411379
v -0.99656904 0.16638203 0.64671913
v -0.99505901 0.22143851 0.58961861
v -0.98938765 0.22382451 0.49107917
v -0.99653069 0.25918440 -0.55475129
v -0.99364367 0.23930911 -0.54228426
v -0.99642807 0.32931006 -0.46537814
v -0.99557442 0.33798558 0.43543015
v -0.99149778 0.38718366 -0.40043430
v -0.99310502 0.38055567 0.21782244
v -0.99779957 0.41962606 0.18203037
v -0.99689592 0.39489814 0.23455958
v -0.99463268 0.43645442 0.31566532
v -0.99650353 0.44298440 -0.32538480
v -0.99593705 0.46090728 0.25136143
v -0.99569761 0.56966095 -0.16792605
v -0.99648831 0.63791447 0.06550743
v -0.99646614 0.61508916 -0.10236270
v -0.99190801 0.61482723 0.05244487
v -0.99359169 0.65225307 -0.08071630
v -0.99665765 0.70177247 -0.04331802
v -0.99876042 0.71032376 -0.00747860
v -0.98493609 0.08854659 0.65245225
v -0.98588742 0.09743325 -0.71161210
v -0.98724683 0.13318565 0.63520293
v -0.99680588 0.16902810 -0.65635961
v -0.98647321 0.13792717 0.58539875
v -0.98404111 0.18716529 -0.52019049
v -0.98197095 0.19008408 0.50103904
v -0.98344124 0.17276285 0.65015882
v -0.99209701 0.20408242 -0.51378559
v -0.98982010 0.21063839 0.55005113
v -0.98767563 0.15741946 -0.62182810
v -0.98535984 0.20279541 -0.62712408
v -0.98545374 0.23412174 0.44865995
v -0.99526030 0.25342585 0.54519956
v -0.99552168 0.28063306 0.51613324
v -0.99115965 0.27607271 0.46290113
v -0.98463830 0.30746835 0.35892871
v -0.98701427 0.24659404 -0.48671594
v -0.98490923 0.31387454 -0.49154156
v -0.99492407 0.32234422 0.42413440
v -0.98734351 0.32245547 0.38258021
v -0.98521380 0.39501080 0.24968797
v -0.99374044 0.40017369 0.33381442
v -0.98859271 0.37909020 -0.22459307
v -0.98919547 0.39933683 -0.31948983
v -0.97715398 0.38546477 0.18476013
v -0.99470850 0.38246491 0.38544962
v -0.98562292 0.39722381 -0.26079025
v -0.98833029 0.43810526 0.20150142
v -0.99008627 0.43991757 -0.21765192
v -0.98754720 0.48750453 0.19039054
v -0.98807717 0.53856677 -0.13376405
v -0.98909053 0.48915052 -0.20629732
v -0.99525637 0.53852621 -0.21252411
v -0.99758353 0.56120785 0.15633946
v -0.98626655 0.56470908 0.04055408
v -0.99054067 0.62710371 -0.03293476
v -0.98709061 0.55686211 -0.07549237
v -0.98877086 0.66367675 -0.01620078
v -0.97069989 0.70481043 -0.04704529
v -0.99405970 0.68860349 0.03440090
v -0.97577526 0.71351939 -0.02216548
v -0.98361946 0.09825377 -0.65162986
v -0.98447935 0.12728239 0.70124231
v -0.99351894 0.13188418 -0.70910866
v -0.98635082 0.13312364 -0.60459576
v -0.98116422 0.18349342 -0.49849609
v -0.97704380 0.17674474 0.46283305
v -0.98275794 0.19737025 -0.43932898
v -0.97948442 0.21709449 -0.49016497
v -0.99401049 0.22034591 -0.46750825
v -0.97572192 0.21224119 -0.44056003
v -0.98658690 0.23508663 -0.45990814
v -0.98639366 0.31914746 -0.35847376
v -0.98325073 0.36733776 -0.29902573
v -0.97753341 0.37961711 -0.19291560
v -0.98470187 0.50091097 0.12114762
v -0.98643784 0.50899673 -0.13509678
v -0.99719464 0.50125593 0.23008814
v -0.98352876 0.59641872 -0.00951958
v -0.97845199 0.09106061 0.69887396
v -0.95895220 0.12096539 -0.61452632
v -0.98331809 0.17925373 -0.46550816
v -0.96751991 0.41090957 0.17127439
v -0.99799213 0.49582794 -0.26302512
v -0.97368391 0.08046824 0.67477097
v -0.96208054 0.09604191 -0.71105798
v -0.97237357 0.09817813 0.69597684
v -0.97482456 0.10148823 -0.71880642
v -0.96195887 0.09591457 -0.65452878
v -0.95525936 0.18461728 0.51989165
v -0.94542531 0.24081123 0.56270206
v -0.96262831 0.23451885 -0.45694886
v -0.96305964 0.34748086 -0.32009099
v -0.95744309 0.33434633 0.33086675
v -0.96177276 0.43905400 -0.33233669
v -0.95687357 0.39626287 -0.25602467
v -0.98870607 0.41079474 -0.17627634
v -0.96884253 0.48608148 -0.15384703
v -0.96261545 0.49429425 0.12625011
v -0.96094083 0.53642402 -0.09617505
v -0.95727566 0.59110064 -0.01747681
v -0.98188612 0.60377364 -0.13574533
v -0.95665212 -0.60303189 -0.21700891
v -0.95657723 -0.53733667 0.20998554
v -0.95416381 -0.36890091 -0.21751534
v -0.95665554 -0.17177384 -0.21708052
v -0.95756566 -0.17173839 0.21254923
v -0.95836924 -0.10560979 -0.21537885
v -0.95658536 -0.01074494 -0.21591328
v -0.95792257 0.05319352 0.21023157
v -0.95196645 0.05294963 -0.21928266
v -0.96003350 0.10247325 0.62878341
v -0.96894801 0.08109848 -0.68531170
v -0.95962453 0.11188890 -0.70196594
v -0.94945340 0.14488005 -0.64278600
v -0.95658712 0.12049405 0.69715210
v -0.95213235 0.14803450 -0.63709573
v -0.95976665 0.14371053 0.65708806
v -0.95750361 0.16927619 -0.63557408
v -0.95824578 0.14918751 -0.57533363
v -0.95690646 0.18241490 -0.53758201
v -0.94277497 0.19559635 0.48861509
v -0.95807115 0.15623611 0.55507421
v -0.95491954 0.21911197 0.52600221
v -0.95776745 0.22152382 -0.56927839
v -0.95693808 0.23091820 0.51484980
v -0.95636887 0.22485155 0.56317960
v -0.95794014 0.27209588 0.40155816
v -0.95691214 0.28365355 0.48990101
v -0.95741957 0.23703402 -0.46218283
v -0.95686480 0.21884402 -0.49229559
v -0.94452741 0.28385323 -0.52710516
v -0.95676137 0.35032838 -0.32637251
v -0.95681293 0.32014604 0.43973714
v -0.95913564 0.30094128 -0.47603909
v -0.95929037 0.37098282 -0.38842391
v -0.95720054 0.34827636 -0.39427029
v -0.95887935 0.36873567 0.28213682
v -0.95961805 0.39506512 0.24039519
v -0.95658338 0.43435403 -0.28678783
v -0.95679291 0.44229404 0.26975170
v -0.96043159 0.43614451 -0.30913174
v -0.95515541 0.44095387 -0.21197212
v -0.95701171 0.43470220 0.21223818
v -0.96779811 0.44281138 -0.20090709
v -0.95726145 0.45756404 0.26654971
v -0.95666426 0.47294999 -0.18609956
v -0.95880624 0.45563941 0.17346782
v -0.95710191 0.49006434 0.22652719
v -0.95918977 0.52805738 0.08453235
v -0.95727653 0.49987157 0.13251622
v -0.95911482 0.50276133 -0.22499338
v -0.95917842 0.58688430 0.10368148
v -0.95761691 0.57863828 -0.13884809
v -0.95700320 0.59376545 -0.08940991
v -0.95831555 0.57447343 0.02668304
v -0.95258690 0.61385195 0.01739616
v -0.96108468 0.60666591 -0.09951908
v -0.95915146 0.62114961 0.06209840
v -0.95810163 0.62153703 -0.08814343
v -0.95636923 0.64509360 0.03265766
v -0.95510593 -0.61191845 0.21251529
v -0.94302794 -0.61423202 -0.22357437
v -0.95503839 -0.44181706 -0.21649757
v -0.94159303 -0.45874598 -0.22299784
v -0.95656559 -0.37765393 0.21008375
v -0.93983420 -0.37389641 -0.11662865
v -0.94864281 -0.20499570 -0.13167468
v -0.94816506 -0.21221470 -0.11820774
v -0.94851091 -0.21313483 0.12568052
v -0.94846718 -0.17877970 -0.09140257
v -0.94427802 -0.11589005 0.09390865
v -0.94260290 -0.10203101 -0.22105826
v -0.94609765 -0.01492706 -0.12935521
v -0.95812640 -0.09793243 0.21263776
v -0.94807991 0.05384121 -0.14549882
v -0.95579395 0.05518263 -0.21231934
v -0.92109052 0.11856632 0.68887147
v -0.94288248 0.14884216 -0.64467080
v -0.95563756 0.15521056 -0.62922079
v -0.93701251 0.16487537 -0.63152346
v -0.95518642 0.17199447 0.62833250
v -0.95462520 0.18956360 -0.61686270
v -0.95017358 0.19574332 -0.52735480
v -0.98469441 0.20223388 0.43168569
v -0.94681539 0.19272691 -0.61674922
v -0.95396350 0.27887764 -0.51431052
v -0.95503745 0.33612135 -0.44134834
v -0.95726945 0.37141371 0.37564476
v -0.98177783 0.31052907 0.47914540
v -0.95524193 0.43643070 -0.31607287
v -0.95380189 0.42060558 -0.25352855
v -0.95554696 0.61229320 -0.03930224
v -0.95591556 0.68541696 -0.02784340
v -0.94058264 -0.84581177 -0.29558465
v -0.94122010 -0.66375830 -0.13107324
v -0.94457255 -0.66734902 -0.12176497
v -0.93927217 -0.67012427 0.12115926
v -0.94618651 -0.66379091 0.12104907
v -0.93300391 -0.66157054 0.13033051
v -0.94498040 -0.63294593 -0.13054708
v -0.94684800 -0.63237940 0.02892275
v -0.94498755 -0.63241054 0.12506474
v -0.94018434 -0.62070778 -0.10132166
v -0.94138292 -0.62369265 0.08141430
v -0.93878545 -0.61451826 0.08804397
v -0.94691544 -0.61079482 -0.15374801
v -0.94644700 -0.54408033 -0.14103844
v -0.94043519 -0.54351092 0.08752870
v -0.94060657 -0.45789120 0.21585759
v -0.94332220 -0.44230865 -0.13214554
v -0.93843314 -0.43576992 0.08519403
v -0.93607500 -0.37125515 -0.21977908
v -0.93690751 -0.38496619 0.08287065
v -0.94176399 -0.38025401 -0.06234589
v -0.93967382 -0.37457492 0.08767293
v -0.94501134 -0.36854000 0.13930920
v -0.94169469 -0.33511875 -0.09843914
v -0.94176594 -0.33473133 0.09222847
v -0.93951061 -0.21751525 -0.13232312
v -0.94071361 -0.21758789 0.11643384
v -0.94385019 -0.17204525 -0.11060602
v -0.93607865 -0.17165732 -0.21786264
v -0.93702669 -0.16956317 0.21219113
v -0.94694523 -0.17517734 0.12640032
v -0.94970831 -0.10414219 -0.14892819
v -0.93998575 0.00425604 0.08724287
v -0.94273534 0.01005814 -0.10262816
v -0.94724613 -0.00679508 0.12327864
v -0.93899767 0.05482286 -0.21960259
v -0.93503001 0.07075897 0.08270061
v -0.94101400 0.05042700 0.21419264
v -0.93606598 0.05561983 0.20894932
v -0.94088897 0.06124987 -0.10635991
v -0.95030107 0.05585393 0.15485614
v -0.94773375 0.08322166 0.69935716
v -0.94113229 0.10022595 -0.13705093
v -0.94267019 0.10141327 0.12631863
v -0.94501284 0.09429072 0.68795870
v -0.94238559 0.13016073 0.12998796
v -0.92968614 0.09937150 0.71827261
v -0.94261555 0.12983409 -0.01056111
v -0.95469693 0.13815405 -0.68334991
v -0.95408883 0.09534643 0.66242523
v -0.90185929 0.13018278 0.69321757
v -0.95505057 0.12960053 -0.67066938
v -0.95446099 0.14543942 0.62816082
v -0.93915468 0.13729647 -0.07233433
v -0.92189739 0.14526147 -0.61997186
v -0.94138514 0.15151496 0.61959792
v -0.92161974 0.17779758 0.46164356
v -0.94624738 0.20025098 -0.62495857
v -0.94702504 0.20116534 -0.54013928
v -0.95601036 0.23289333 -0.52515118
v -0.95616669 0.24014459 0.45245126
v -0.92413828 0.39179640 -0.24983433
v -0.92188383 0.39286507 -0.18301157
v -0.95881844 0.40946742 0.32848433
v -0.92498251 0.39214541 0.23456486
v -0.94472263 0.42506784 -0.28792522
v -0.95376254 0.49506018 -0.24502525
v -0.95802195 0.54912607 0.15169669
v -0.95645847 0.64955176 -0.05506147
v -0.87429532 0.71012775 -0.00611842
v -0.93423939 -0.88343066 -0.32754903
v -0.93455846 -0.88817372 -0.22573869
v -0.93585108 -0.88236982 0.18610632
v -0.93430266 -0.88685856 0.29264369
v -0.93895829 -0.85131476 0.31982527
v -0.93953778 -0.85167220 -0.43102083
v -0.93883253 -0.85139669 -0.19367198
v -0.93921472 -0.85650558 0.45548074
v -0.93839230 -0.86823957 0.00618991
v -0.93892815 -0.85234518 0.15149958
v -0.93930033 -0.86125179 -0.11423785
v -0.93969835 -0.79499481 0.20577516
v -0.93512820 -0.82904141 0.63445207
v -0.93861451 -0.81697836 -0.54435922
v -0.93834689 -0.79510208 0.09613956
v -0.93661664 -0.78589089 0.34668352
v -0.93776843 -0.79641644 0.46244612
v -0.93905395 -0.79248695 -0.40789845
v -0.93788737 -0.78882005 -0.27638652
v -0.93844479 -0.79209772 -0.03081366
v -0.93436154 -0.77965179 0.17527023
v -0.92923193 -0.76580747 -0.63596263
v -0.92521433 -0.67091531 -0.06039335
v -0.92586641 -0.67150130 0.12161474
v -0.92119851 -0.61723787 0.12675491
v -0.93324265 -0.60751072 -0.21652976
v -0.93790158 -0.52977923 -0.09385081
v -0.93228557 -0.43527202 0.20824549
v -0.93131805 -0.44939957 -0.21396456
v -0.93636269 -0.38416763 -0.08995393
v -0.93959134 -0.36720340 0.21519402
v -0.92159994 -0.37586217 -0.16783305
v -0.92554387 -0.36106829 0.10303028
v -0.93843642 -0.34494328 -0.12829524
v -0.92155898 -0.32930003 -0.13560162
v -0.92141629 -0.32689811 -0.06357879
v -0.92987447 -0.21719826 -0.13050840
v -0.93351955 -0.17343342 -0.14321173
v -0.92192158 -0.17319951 -0.14010509
v -0.94861045 -0.17879359 0.06008314
v -0.92909270 -0.11316949 0.17435365
v -0.93437382 -0.16853673 0.07960288
v -0.93424234 -0.10177209 -0.21423297
v -0.92731976 0.07394849 0.07421106
v -0.93509186 -0.07571472 0.20792433
v -0.93012977 0.00966673 -0.17843134
v -0.93427669 0.04927256 -0.21479084
v -0.93832235 0.05964973 -0.14413592
v -0.92667467 0.06790875 0.11670042
v -0.92479275 0.04881039 -0.14158415
v -0.93734717 0.08093088 -0.07598914
v -0.93772324 0.07942065 0.01786124
v -0.96048165 0.08514002 -0.71756941
v -0.94031217 0.13501197 -0.13553647
v -0.92337237 0.18701615 -0.49517626
v -0.93400943 0.18006763 -0.45833286
v -0.94869771 0.20877603 -0.51627764
v -0.94457911 0.29191254 0.49877513
v -0.92671145 0.37615230 0.21621326
v -0.93014378 0.42120451 -0.25233312
v -0.92149887 0.43936794 -0.19568311
v -0.92335128 -0.89374656 -0.63530318
v -0.93365231 -0.88455108 -0.52800637
v -0.91842128 -0.89342229 -0.53868910
v -0.91318767 -0.88767656 -0.50678160
v -0.91702580 -0.89472807 -0.44494893
v -0.92443934 -0.89436591 -0.27904131
v -0.92567314 -0.89554343 -0.06517390
v -0.92652753 -0.89549016 0.06184207
v -0.92420746 -0.89636021 0.26214618
v -0.93360204 -0.88816843 0.10082995
v -0.92861524 -0.89380104 0.41053948
v -0.93052231 -0.88123995 -0.64229913
v -0.93300936 -0.77840636 -0.47737352
v -0.94007400 -0.79154716 -0.22824130
v -0.92112117 -0.76262692 -0.43819016
v -0.92153881 -0.76414074 -0.18503236
v -0.92157786 -0.76520748 0.27901427
v -0.92622996 -0.76256085 0.62455506
v -0.92331209 -0.76110424 -0.54670056
v -0.93681336 -0.61655603 -0.13022998
v -0.92127573 -0.60940067 -0.13713842
v -0.92075045 -0.61057935 -0.07929531
v -0.93566449 -0.61027252 0.21269100
v -0.92334760 -0.45942287 -0.17405695
v -0.92288143 -0.44165295 0.16397578
v -0.92225313 -0.38357952 0.06430799
v -0.92522537 -0.36831881 -0.13531838
v -0.92150430 -0.32831290 0.11350657
v -0.90710304 -0.16264212 0.06945702
v -0.92724058 -0.16712343 0.15463210
v -0.92163354 -0.13231125 -0.14295784
v -0.93852335 -0.11103432 -0.09040481
v -0.92948454 -0.11772332 -0.14943225
v -0.92915273 -0.04452463 0.16659979
v -0.92153900 -0.01933376 0.14050284
v -0.93035267 -0.02187030 -0.17711884
v -0.93112082 -0.00720353 0.18167291
v -0.92241203 0.04508998 0.13334478
v -0.92822690 0.07511770 -0.12543524
v -0.90129710 0.07054673 -0.07170910
v -0.91488235 0.07633002 -0.01230909
v -0.89908889 0.08274490 -0.68842100
v -0.92277226 0.13111883 0.63229041
v -0.92097354 0.15829501 0.60920778
v -0.92290862 0.18319047 0.52337444
v -0.92982875 0.20208621 -0.49987083
v -0.93646221 0.20787000 0.48885416
v -0.92238163 0.39203062 0.17567686
v -0.91995057 0.42553177 0.22476697
v -0.95168517 0.43598104 0.19438338
v -0.92146607 0.55836102 -0.00827096
v -0.91345311 0.61544783 -0.09624504
v -0.95455328 0.63206353 -0.00178491
v -0.95992449 0.62230828 0.08196100
v -0.97606942 0.66157956 -0.07506945
v -0.91404649 -0.89209237 -0.26085401
v -0.93174446 -0.89538208 -0.13987879
v -0.90979644 -0.88820690 0.00105492
v -0.91099512 -0.89347678 0.06295450
v -0.91288507 -0.88942466 0.16895440
v -0.91897521 -0.89526934 0.36173849
v -0.92906843 -0.89086804 0.53646103
v -0.92546640 -0.89252607 0.63151210
v -0.91728454 -0.84427972 -0.57222452
v -0.91514878 -0.84153573 -0.53668962
v -0.91798960 -0.83347600 -0.50716979
v -0.93253840 -0.80778395 -0.64142336
v -0.91756238 -0.82512067 0.34145650
v -0.91949938 -0.80469258 -0.53843251
v -0.91202530 -0.80509922 -0.58895073
v -0.92165764 -0.76737975 0.04338827
v -0.91839512 -0.77873027 0.63272885
v -0.92146486 -0.76493692 -0.30186331
v -0.92149958 -0.76976808 -0.02887365
v -0.92168091 -0.76089402 0.50681650
v -0.92218487 -0.70919346 -0.62791846
v -0.92140913 -0.67640233 0.13566632
v -0.92122132 -0.61711882 0.18123214
v -0.92248020 -0.62197178 0.53407224
v -0.91833744 -0.73747695 0.62792581
v -0.92227732 -0.70381958 0.61720339
v -0.92134819 -0.67973546 -0.05601808
v -0.92282827 -0.60849819 0.62567038
v -0.92143063 -0.67274188 -0.52586280
v -0.92195768 -0.67178519 -0.13564243
v -0.92105755 -0.61885298 -0.17541184
v -0.92395874 -0.62080788 -0.08005779
v -0.92638876 -0.62117063 0.06563520
v -0.91570149 -0.60963738 -0.01379342
v -0.92253893 -0.61266021 -0.62446517
v -0.92177981 -0.57129373 -0.51038344
v -0.92328225 -0.60318915 0.15485815
v -0.92153109 -0.53639305 0.51040689
v -0.92138938 -0.44488419 -0.22399694
v -0.91887659 -0.48451662 0.62779610
v -0.91548412 -0.49231313 -0.07928463
v -0.92242456 -0.51452556 -0.63549746
v -0.92139714 -0.40027806 -0.63629562
v -0.92088564 -0.38515482 -0.07857747
v -0.91565429 -0.38979995 0.06825178
v -0.91527854 -0.39244122 -0.05494312
v -0.92137203 -0.40464848 -0.52756087
v -0.91552359 -0.38770970 0.00745188
v -0.92109571 -0.43986661 0.19794188
v -0.91784188 -0.34803783 0.62756985
v -0.92181264 -0.37124065 0.13619232
v -0.92119228 -0.20590807 0.18852934
v -0.92277318 -0.45424476 0.61736668
v -0.92105068 -0.28807640 -0.63514344
v -0.92160768 -0.23461351 -0.54005930
v -0.92134413 -0.40877028 0.51201000
v -0.92132882 -0.15071847 -0.22887225
v -0.92133529 -0.22130402 -0.14448295
v -0.92115737 -0.21931937 0.06373206
v -0.92142404 -0.18287135 -0.63362909
v -0.92165316 -0.21762472 0.13226784
v -0.92296270 -0.17054816 0.13392332
v -0.91555304 -0.18324666 0.62742351
v -0.89863358 -0.16101957 -0.07375679
v -0.92139661 -0.14272681 0.53432539
v -0.92211478 -0.20021566 0.61904223
v -0.92143468 -0.06732731 -0.46175410
v -0.92173170 -0.05117345 -0.63645520
v -0.92519751 -0.02817823 -0.08271893
v -0.92201499 -0.07371690 0.62351916
v -0.92168740 0.03000423 -0.57618883
v -0.92227598 0.06176373 0.62189110
v -0.92130339 -0.07401081 -0.53489012
v -0.92306932 -0.01406194 -0.14218991
v -0.92141423 -0.03321271 0.52326345
v -0.92143137 0.13865021 0.28872120
v -0.92136781 0.02470630 -0.17963375
v -0.92204230 0.05823408 0.53194434
v -0.91831125 0.10586618 -0.57894806
v -0.95471655 0.10006389 -0.69297013
v -0.91646419 0.12758606 -0.63452442
v -0.92131226 0.18901554 -0.44213428
v -0.94117954 0.16237710 0.62733640
v -0.92176225 0.13212166 -0.53224573
v -0.92142837 0.14170546 0.12718893
v -0.92163847 0.13341937 0.14031567
v -0.92110292 0.14278514 -0.06949519
v -0.92250873 0.17135311 0.54247797
v -0.91736400 0.16584365 -0.58025593
v -0.92136385 0.17210551 -0.46413702
v -0.91569326 0.16922516 0.61791217
v -0.91706626 0.17882223 0.53583680
v -0.92188363 0.20551912 0.43225102
v -0.91299643 0.19110018 -0.54218559
v -0.92140440 0.20814993 -0.44270678
v -0.91114131 0.20821619 0.49147356
v -0.91701041 0.21881984 -0.49431695
v -0.92344238 0.22778217 -0.46030660
v -0.92350830 0.23857753 0.45126415
v -0.91744850 0.25189191 -0.48697739
v -0.92129491 0.27390034 -0.37337909
v -0.91673227 0.25279176 0.48210463
v -0.92140725 0.27704887 0.42320051
v -0.92186726 0.29558959 -0.40598273
v -0.92151432 0.13914654 -0.14857870
v -0.91815978 0.31430324 0.39934131
v -0.92111592 0.35766067 -0.13662875
v -0.92150994 0.36193461 0.22028415
v -0.92116742 0.34718207 0.34865816
v -0.92120293 0.36277390 -0.32116812
v -0.91366615 0.36375274 0.33743420
v -0.92203880 0.37680860 -0.22518014
v -0.92135984 0.38097988 0.15051462
v -0.93254665 0.43460198 0.25360441
v -0.92163278 0.42017894 -0.26078841
v -0.90165410 0.42706216 -0.26835268
v -0.93855775 0.43957917 -0.28475606
v -0.92249404 0.44231775 0.18873199
v -0.92175491 0.48249303 0.15893143
v -0.91252934 0.44206034 0.20290537
v -0.92104659 0.48691481 -0.15751953
v -0.92276765 0.49595971 0.13879175
v -0.92135416 0.48609628 0.10117410
v -0.92236153 0.55204451 0.07883362
v -0.91778030 0.51212853 0.13145420
v -0.91563272 0.50266154 -0.15185555
v -0.91207939 0.56090862 0.07534140
v -0.92192427 0.54503596 -0.09390431
v -0.92304225 0.60177322 -0.02216350
v -0.92235860 0.58419092 0.03963381
v -0.91849424 0.60474857 0.02414012
v -0.91355806 0.59132864 0.04134313
v -0.92275299 0.65057584 -0.04981812
v -0.90396717 -0.89141696 -0.59915856
v -0.91963115 -0.89528217 -0.20261280
v -0.91484591 -0.89119473 0.00872287
v -0.91443976 -0.89288534 0.25153077
v -0.91419132 -0.88983363 0.27186526
v -0.91416925 -0.89278103 0.50322248
v -0.88425450 -0.89084076 0.57328786
v -0.91150455 -0.89410784 0.59502446
v -0.91441209 -0.89147145 -0.38731326
v -0.91521817 -0.88924910 -0.27214910
v -0.90982951 -0.87016418 -0.24228238
v -0.90956223 -0.86015612 -0.12439315
v -0.91281064 -0.89144245 0.13104422
v -0.90913956 -0.89060726 0.32207154
v -0.91649882 -0.87552914 0.34318139
v -0.90240545 -0.87842732 -0.48570813
v -0.90636615 -0.87004714 -0.20743593
v -0.90933852 -0.88308523 -0.18919837
v -0.91242612 -0.86337274 -0.15071259
v -0.90995234 -0.86394802 0.01221644
v -0.91211805 -0.88081744 0.12223108
v -0.91020856 -0.86084173 0.31291093
v -0.91180326 -0.86103500 0.38264357
v -0.90930047 -0.86764096 0.47497490
v -0.91441956 -0.85919433 -0.53384712
v -0.90892253 -0.86553222 -0.39817752
v -0.91459852 -0.86442912 -0.28418121
v -0.91123988 -0.88452470 -0.08845304
v -0.90632160 -0.86626729 0.18787193
v -0.91077068 -0.86616141 0.25042641
v -0.91167712 -0.86445600 0.27486360
v -0.89851452 -0.85809012 0.35603144
v -0.90983409 -0.86385185 -0.58454588
v -0.90037571 -0.86585833 0.15999236
v -0.90934335 -0.86157075 0.54670548
v -0.91221602 -0.84762161 -0.61832401
v -0.90446488 -0.84797024 -0.56993229
v -0.87719947 -0.84699676 -0.50770211
v -0.90661946 -0.84818677 -0.41018447
v -0.91376291 -0.84588865 -0.31535736
v -0.88857451 -0.84819983 -0.22283824
v -0.91029774 -0.84632301 -0.07364073
v -0.90879216 -0.84552444 -0.02021285
v -0.91338629 -0.84794826 0.03992970
v -0.91346313 -0.85056215 0.16435825
v -0.91177604 -0.83017358 -0.31411898
v -0.87659762 -0.83506163 -0.27971153
v -0.91024547 -0.84198303 -0.02284208
v -0.91661197 -0.83487566 0.00227216
v -0.91401801 -0.83162374 0.06706220
v -0.91221585 -0.84102131 0.10818347
v -0.91098455 -0.84732434 0.30342972
v -0.88586994 -0.83390684 0.29213159
v -0.91625007 -0.83179781 0.41572196
v -0.91103356 -0.85302428 0.44332076
v -0.90526625 -0.82599263 -0.61717548
v -0.91242369 -0.83768605 -0.34288098
v -0.91521993 -0.83967653 0.24397604
v -0.89928546 -0.83747102 0.28220954
v -0.87578614 -0.82792453 0.32022033
v -0.90730531 -0.83163920 0.43841585
v -0.91210842 -0.82472416 -0.06422420
v -0.89640819 -0.82750698 0.00670412
v -0.91231436 -0.82482401 0.14108315
v -0.90577473 -0.82850858 0.26793656
v -0.91780018 -0.82219768 -0.43467825
v -0.91026187 -0.81323006 -0.26750248
v -0.91178733 -0.81129133 0.05839043
v -0.91010807 -0.81049050 -0.45620370
v -0.91396990 -0.81063051 -0.02023527
v -0.91693500 -0.81905512 0.01589444
v -0.91140499 -0.78889617 0.02493720
v -0.91029189 -0.80667544 0.17421455
v -0.91266841 -0.80608737 0.32246895
v -0.91108321 -0.80821713 0.36319905
v -0.91493274 -0.81262198 -0.40560074
v -0.91294871 -0.78935115 0.44755034
v -0.91039647 -0.78893067 -0.10368466
v -0.91162290 -0.80279595 0.12385514
v -0.90719386 -0.78800108 0.24539830
v -0.90557238 -0.77648082 -0.45782268
v -0.91168494 -0.79249650 -0.42082388
v -0.90628562 -0.78847084 -0.38932449
v -0.90984899 -0.77125558 0.21867663
v -0.90979844 -0.76400384 -0.27310231
v -0.90544476 -0.77884149 -0.29045947
v -0.91004963 -0.75871242 0.01890396
v -0.90411922 -0.77003828 0.04662539
v -0.90994132 -0.76895136 0.16991181
v -0.90994216 -0.76552245 0.32336402
v -0.91017653 -0.76006346 -0.19032696
v -0.90947915 -0.76730022 -0.07355914
v -0.90660657 -0.78120995 -0.02123694
v -0.90802908 -0.76179449 0.52944238
v -0.90953414 -0.75944837 -0.54347172
v -0.90985787 -0.76781279 -0.39857455
v -0.91078790 -0.71066473 0.55303265
v -0.91044096 -0.70826371 -0.62127158
v -0.91007457 -0.71068849 0.61188113
v -0.91024343 -0.68851108 0.61171127
v -0.91012376 -0.73658881 -0.34825850
v -0.90929853 -0.64099007 -0.53367783
v -0.90004239 -0.64920778 -0.56628495
v -0.90815043 -0.65847982 -0.11502278
v -0.91034389 -0.66082954 0.53524744
v -0.90495992 -0.64566922 -0.61414957
v -0.91032257 -0.67218024 -0.13475652
v -0.90927650 -0.65063573 0.08247743
v -0.91287544 -0.64619113 0.11484693
v -0.90935710 -0.64238954 0.55169319
v -0.90964904 -0.61018548 0.60959907
v -0.91007587 -0.61198564 -0.51772875
v -0.91089236 -0.62501977 -0.13680495
v -0.91056890 -0.58998124 0.13968355
v -0.90911528 -0.59482593 -0.61754813
v -0.90859375 -0.59600944 -0.54670084
v -0.90908627 -0.60730837 0.53217539
v -0.91020553 -0.60597337 0.50066691
v -0.91044167 -0.56744253 -0.54692437
v -0.91042997 -0.56238928 0.60986948
v -0.91041933 -0.54267518 0.49447357
v -0.90962986 -0.55807463 0.53041324
v -0.91240267 -0.60920734 0.12022402
v -0.91116366 -0.52499471 -0.13962964
v -0.91253977 -0.50814079 0.11388704
v -0.91082784 -0.54619251 0.60893077
v -0.91014215 -0.54768110 -0.61962657
v -0.90934739 -0.50808453 -0.62106416
v -0.90993028 -0.50853913 -0.52830445
v -0.90116234 -0.46902890 -0.08537803
v -0.90876149 -0.51318665 0.51033076
v -0.91021767 -0.45138749 -0.52591789
v -0.90910261 -0.47732000 -0.60733112
v -0.91188797 -0.47513686 0.07103366
v -0.90793355 -0.47417207 0.12129415
v -0.90675112 -0.45654933 -0.62040599
v -0.90914962 -0.49037646 0.60960909
v -0.91059289 -0.51197986 -0.43013528
v -0.90965126 -0.45259161 0.51148049
v -0.90944893 -0.45075963 0.60947635
v -0.90758610 -0.39151783 0.12203820
v -0.91202879 -0.38833804 0.11418606
v -0.91031760 -0.61688416 -0.10088628
v -0.90681234 -0.41705376 0.51956089
v -0.90993898 -0.43248909 0.61295970
v -0.91007797 -0.36435856 -0.51798212
v -0.91082040 -0.39749552 -0.13539520
v -0.90676317 -0.38147162 -0.08457589
v -0.89685126 -0.37116774 0.10084008
v -0.89955067 -0.38075803 0.12119990
v -0.91090687 -0.37812633 0.13710278
v -0.91038047 -0.34810029 0.53753993
v -0.91047494 -0.38528703 0.61448620
v -0.90523212 -0.36617129 -0.08817405
v -0.91336152 -0.34794235 0.12216649
v -0.91026329 -0.44266694 0.28527162
v -0.91024388 -0.34646561 -0.32649231
v -0.91025771 -0.34430588 -0.61957100
v -0.91028576 -0.34016984 -0.51861566
v -0.91034236 -0.33421740 -0.11628715
v -0.88262559 -0.35138398 0.61498389
v -0.90971779 -0.33520175 0.02956303
v -0.90843957 -0.32760896 0.61102251
v -0.90872126 -0.31297303 0.56088934
v -0.90804260 -0.29332896 -0.61889234
v -0.91107529 -0.26410440 -0.62372183
v -0.90779765 -0.25839804 0.56350185
v -0.91040821 -0.32665707 0.13388395
v -0.90851322 -0.23792077 0.53111528
v -0.90854368 -0.23566085 -0.61650290
v -0.90943670 -0.24303555 -0.52301170
v -0.91060313 -0.18068482 0.51039722
v -0.91020545 -0.20272504 0.04397912
v -0.91002343 -0.18283369 0.61183367
v -0.91346595 -0.20189421 -0.11045547
v -0.91621909 -0.19875179 0.11688703
v -0.91039206 -0.17516990 -0.51984566
v -0.90971426 -0.18300753 -0.12032545
v -0.91069236 -0.22025859 -0.14449968
v -0.90864823 -0.14296977 -0.58584693
v -0.90672715 -0.15344565 0.58206530
v -0.90792573 -0.15889653 -0.62115667
v -0.91007399 -0.16367853 0.61116373
v -0.91040169 0.00567372 -0.27359655
v -0.91052101 -0.04517324 -0.14550689
v -0.90819127 -0.16052675 -0.12320638
v -0.90936881 -0.12094202 -0.53480605
v -0.90807514 -0.12807321 0.52970273
v -0.91260509 -0.08607247 0.09695037
v -0.91223155 -0.10707795 -0.62210151
v -0.91047075 -0.12732413 0.13687979
v -0.90621225 -0.09376642 -0.53276883
v -0.91067308 -0.08347424 -0.53166521
v -0.90389961 -0.02350347 0.06820133
v -0.90914829 0.01965239 0.11646403
v -0.91049501 -0.10565346 0.51199387
v -0.91035396 -0.06738608 -0.62222760
v -0.90952496 -0.06316051 0.56750337
v -0.90630129 -0.00841975 -0.53553766
v -0.90767531 -0.05928094 -0.56529226
v -0.91281921 -0.07644056 -0.10400816
v -0.90879667 -0.02651805 -0.62410611
v -0.91004309 -0.01488518 0.61009581
v -0.90985971 -0.01092522 0.51407738
v -0.90778684 0.01249591 -0.53864588
v -0.90910242 0.00204464 0.60989056
v -0.91150743 0.07656197 -0.12225910
v -0.91028506 0.11996346 0.29856794
v -0.90768378 0.03668743 0.51547515
v -0.90765932 0.05339244 0.05865180
v -0.91117835 0.07494828 0.06703054
v -0.91082361 0.03776422 0.13595210
v -0.91474275 0.05267409 0.62853239
v -0.91451389 0.07583503 0.61246798
v -0.91185694 0.10281476 0.09641634
v -0.92249914 0.11191091 0.62775867
v -0.91366244 0.11941867 -0.12123874
v -0.91028883 0.09612319 0.50728967
v -0.90746587 0.10381197 0.51496702
v -0.90913562 0.12258725 0.03152634
v -0.96509199 0.10735898 0.71143560
v -0.91038728 0.08596330 -0.51323447
v -0.91330025 0.12206740 0.11503452
v -0.90995407 0.12833169 0.14014933
v -0.95094213 0.12804858 -0.70897444
v -0.90557884 0.11628257 -0.56495866
v -0.90111768 0.12586384 -0.13694599
v -0.91127891 0.15954326 0.61188570
v -0.91717983 0.11534610 -0.62202438
v -0.91001598 0.14885784 0.51564937
v -0.91030066 0.17587068 -0.46440932
v -0.91034973 0.14270575 -0.14340474
v -0.91063267 0.14337769 0.11805956
v -0.85836138 0.13595092 -0.70080066
v -0.89291420 0.14792089 0.64008924
v -0.91060256 0.14523372 -0.08957034
v -0.90778598 0.16766972 0.56159959
v -0.91562897 0.16967848 0.62468811
v -0.91022936 0.17399974 0.45971723
v -0.90937019 0.19843058 0.49343613
v -0.91123393 0.28239228 -0.41957262
v -0.91071523 0.20816586 0.43438566
v -0.91068486 0.20105441 -0.44122418
v -0.90883715 0.23429940 -0.46401513
v -0.91092579 0.36745116 -0.22165386
v -0.91114178 0.37583614 0.17010455
v -0.90886895 0.23657541 0.45675824
v -0.91064026 0.27728018 0.42121477
v -0.91110223 0.40510907 -0.16278233
v -0.91135976 0.33364708 0.34151641
v -0.91233217 0.33754350 0.37029074
v -0.91197975 0.35509318 -0.34764891
v -0.91948452 0.39580167 0.28959520
v -0.90835477 0.39088200 0.20110601
v -0.90897817 0.39749094 -0.20927979
v -0.90611409 0.40104739 0.17626586
v -0.91125453 0.39489172 0.28074647
v -0.95956594 0.43236774 0.30073594
v -0.91215126 0.40263340 -0.27085254
v -0.91129756 0.42179230 -0.25526658
v -0.91154378 0.42946376 0.18019493
v -0.91760126 0.44194435 0.26377496
v -0.91223688 0.45568824 -0.19505887
v -0.91145959 0.50032342 0.13430699
v -0.91055541 0.52909355 -0.11093567
v -0.91461445 0.60645391 -0.04089551
v -0.91059322 0.57011146 -0.00776135
v -0.93998298 0.56924203 0.14582914
v -0.93941122 0.61725433 -0.03695814
v -0.88795756 0.66919096 0.01099800
v -0.91429034 0.67425128 -0.03742439
v -0.91308325 -0.88999975 -0.07630307
v -0.90779209 -0.89323992 0.51620545
v -0.90944681 -0.89148968 -0.13945867
v -0.90859673 -0.86457095 -0.03534508
v -0.90635442 -0.86666443 0.50662350
v -0.90552389 -0.89011979 0.61327901
v -0.91026484 -0.85188818 -0.27144303
v -0.91112103 -0.85660602 0.08098865
v -0.90892975 -0.85677739 0.60249386
v -0.90980837 -0.84164934 0.48704456
v -0.90807734 -0.83039124 -0.54701029
v -0.91706930 -0.82755638 -0.37596777
v -0.90982642 -0.83802161 0.21904859
v -0.90314433 -0.83205638 0.37343460
v -0.87693544 -0.82812095 -0.52682667
v -0.90306461 -0.82922179 -0.53840464
v -0.90496793 -0.83146883 0.18448577
v -0.89891804 -0.82817932 -0.53618685
v -0.89668900 -0.83297926 0.04679687
v -0.91156839 -0.81559587 -0.25092783
v -0.90955535 -0.80954033 -0.21135726
v -0.91137545 -0.80589372 0.22528321
v -0.90991614 -0.81667573 0.50417536
v -0.90879385 -0.81373372 -0.37897384
v -0.91401301 -0.79600134 0.10318322
v -0.91411382 -0.81186941 0.27855324
v -0.90846730 -0.80981545 0.47211916
v -0.89032934 -0.80019072 -0.49369400
v -0.91266002 -0.79107339 0.30391606
v -0.90246915 -0.79506979 -0.21627169
v -0.90514995 -0.79350198 0.39944355
v -0.90226611 -0.79024192 -0.24154984
v -0.90607905 -0.78682999 0.33273201
v -0.91034803 -0.76071531 -0.45950207
v -0.90704963 -0.79580509 0.21042396
v -0.91033364 -0.76424944 0.37240453
v -0.90582977 -0.76620316 -0.32508968
v -0.90189472 -0.76725980 -0.20245104
v -0.90430564 -0.77236496 -0.09954901
v -0.89985979 -0.76919852 -0.07141229
v -0.90073868 -0.77176121 0.14905737
v -0.89866479 -0.77099612 0.32283695
v -0.88438265 -0.77835310 0.38175698
v -0.90907321 -0.76572399 0.42611661
v -0.88037046 -0.77571767 0.54304414
v -0.90707157 -0.76377308 0.57027828
v -0.91000948 -0.75331040 0.61197280
v -0.90957200 -0.75719760 -0.61859996
v -0.91397647 -0.76635243 -0.63871822
v -0.91007689 -0.71234800 0.53316720
v -0.90138309 -0.74809748 0.54231549
v -0.90948378 -0.70691955 -0.54330460
v -0.90836919 -0.68770680 -0.62067074
v -0.91009315 -0.67440945 -0.09870521
v -0.91006203 -0.67481481 0.00214720
v -0.89685640 -0.66543261 0.10271427
v -0.90507018 -0.65916067 -0.07872697
v -0.90363419 -0.65699582 0.00114289
v -0.89663609 -0.66460031 0.12111466
v -0.91039463 -0.67232020 0.13425381
v -0.90685961 -0.64705784 0.00122776
v -0.90710888 -0.64229018 0.61103501
v -0.91728087 -0.61855530 -0.63438238
v -0.89778768 -0.62942575 0.08489631
v -0.90199704 -0.63369525 -0.08063594
v -0.89784315 -0.62195762 0.12035676
v -0.88439493 -0.62963677 0.61517975
v -0.90641697 -0.61698824 -0.62125942
v -0.89470776 -0.60566501 -0.59321645
v -0.91372185 -0.61049564 0.06991652
v -0.89913432 -0.62320241 0.09117035
v -0.88774952 -0.55731879 -0.52325606
v -0.88959229 -0.58729181 0.61767664
v -0.91022745 -0.54266736 -0.51511456
v -0.90881291 -0.53750973 0.50718357
v -0.88819394 -0.49988308 0.61008746
v -0.90838605 -0.48625861 0.57824187
v -0.90625076 -0.49713522 0.51658381
v -0.90956037 -0.43179422 -0.62222014
v -0.88819907 -0.44132909 0.52669388
v -0.90932040 -0.42410505 0.53512757
v -0.90914889 -0.38450226 -0.54640723
v -0.90554983 -0.37988904 0.06679031
v -0.90139374 -0.38005836 -0.00425513
v -0.91012869 -0.36466267 0.50856666
v -0.90151143 -0.34827605 -0.09046520
v -0.87548447 -0.33471692 0.54707394
v -0.89859161 -0.33186933 -0.59904406
v -0.90694307 -0.33431040 0.52792837
v -0.87759104 -0.33084621 -0.62216048
v -0.90284051 -0.28696286 -0.57772888
v -0.89717163 -0.26799998 -0.56249774
v -0.91095514 -0.26186895 -0.57878288
v -0.88955769 -0.24547532 -0.60809369
v -0.90837981 -0.24229343 0.61293432
v -0.91023921 -0.21653461 -0.04276043
v -0.91072182 -0.22208866 0.13613860
v -0.89619463 -0.21369085 -0.12701347
v -0.89353204 -0.21333647 0.12518297
v -0.89551551 -0.20402538 -0.13713224
v -0.90630195 -0.18252882 0.08482073
v -0.90418856 -0.15654656 0.60001897
v -0.90072241 -0.17372973 0.10234366
v -0.89412403 -0.15775648 0.54944964
v -0.88990038 -0.13613969 0.60386954
v -0.90047885 -0.12456775 -0.13368927
v -0.90175007 -0.15057884 0.05848876
v -0.90948200 -0.14480496 0.60225213
v -0.91156141 -0.11743544 0.11693232
v -0.90307272 -0.01724737 -0.13760922
v -0.90453792 -0.01422191 -0.12884917
v -0.90627011 -0.07015831 0.61405355
v -0.90287566 -0.05748880 0.05728093
v -0.90900126 -0.01130249 0.56122220
v -0.89540416 0.03993158 0.08369518
v -0.89761240 -0.07077389 0.13016110
v -0.90927335 -0.01227243 -0.59904596
v -0.90336029 0.04217276 0.12978669
v -0.89873394 -0.01006649 0.60318390
v -0.90008145 0.06169894 -0.13082057
v -0.90844771 0.04229569 0.61329724
v -0.89894784 0.03885754 -0.59388268
v -0.91016759 0.04259341 -0.52673444
v -0.89738731 0.05244411 -0.54214921
v -0.93297964 0.06408819 -0.08479399
v -0.90854444 0.07017517 -0.53766490
v -0.91060974 0.06359526 -0.14324719
v -0.90359056 0.08707396 -0.09886639
v -0.90103545 0.08203417 0.07443580
v -0.89088413 0.09909131 -0.61936133
v -0.89652947 0.09624866 -0.59213135
v -0.90654053 0.10793559 0.56011478
v -0.91019090 0.10602324 0.61159119
v -0.95649022 0.11394941 0.66693237
v -0.89989501 0.12994877 -0.09504136
v -0.90029641 0.12948923 0.06395325
v -0.90201996 0.15036315 -0.54527761
v -0.90228139 0.13766655 -0.12002662
v -0.90500648 0.13781898 -0.01796050
v -0.90251577 0.13726127 0.10194282
v -0.91337587 0.17105813 -0.52515409
v -0.94497480 0.13725877 0.68871425
v -0.90640977 0.18268110 0.52250672
v -0.85612287 0.20073826 -0.54145656
v -0.91504534 0.20917718 -0.51571327
v -0.91085642 0.37387894 0.21523282
v -0.90888831 0.39043417 0.23136167
v -0.90379818 0.39361560 -0.19144059
v -0.90946525 0.42737771 0.23871226
v -0.91188490 0.44406027 -0.20680148
v -0.93849559 0.64966450 -0.07253495
v -0.87754831 -0.89223260 0.59318063
v -0.87501978 -0.88771080 0.07307832
v -0.91490880 -0.89272267 0.43147991
v -0.87869003 -0.85968621 -0.17935572
v -0.90815038 -0.86583850 0.13148196
v -0.90778958 -0.88462387 0.36690747
v -0.90906063 -0.86445809 -0.43892465
v -0.90905864 -0.86265189 -0.36344372
v -0.87866339 -0.86798257 -0.03361633
v -0.87814012 -0.86511399 0.27429045
v -0.87210424 -0.86326886 -0.19852512
v -0.90567335 -0.86031528 -0.09745798
v -0.89414049 -0.85542884 0.44452741
v -0.90367759 -0.85515819 0.43551001
v -0.87532074 -0.83896124 -0.25855908
v -0.89164610 -0.84495048 -0.01944809
v -0.87591167 -0.84667625 0.24861701
v -0.89753802 -0.84040561 -0.55382035
v -0.87804087 -0.83756493 -0.41391015
v -0.89266037 -0.83132276 -0.50999788
v -0.87620809 -0.82380283 0.01336039
v -0.87944924 -0.81802894 -0.26599612
v -0.91042668 -0.81418574 -0.14059614
v -0.91122332 -0.80184223 -0.08313689
v -0.88253468 -0.82043819 0.15748236
v -0.88173711 -0.81558365 -0.61370789
v -0.88761974 -0.80274466 -0.00717172
v -0.91047414 -0.80756827 0.42699015
v -0.87556517 -0.81006520 0.48923860
v -0.88545377 -0.80038927 0.27172323
v -0.90504096 -0.79129712 -0.57365746
v -0.91119111 -0.79935239 -0.33991017
v -0.90856195 -0.78397920 -0.18914957
v -0.88449198 -0.77748606 0.43456850
v -0.88549453 -0.78726464 -0.42016035
v -0.90378718 -0.78456694 -0.22512476
v -0.88162996 -0.78231210 -0.16877041
v -0.90571918 -0.78555505 0.17555561
v -0.89972741 -0.78901670 0.48440676
v -0.88246984 -0.77837665 -0.29120461
v -0.87951446 -0.77152180 0.22581645
v -0.88075974 -0.77042793 -0.22270800
v -0.88972655 -0.76708130 0.44154581
v -0.90675826 -0.76509108 -0.53552446
v -0.89229950 -0.70741204 -0.53500431
v -0.90968766 -0.69558140 -0.52780310
v -0.88803517 -0.69286715 0.58700431
v -0.90431945 -0.67935791 -0.57087152
v -0.88008545 -0.66769474 -0.09118112
v -0.89557078 -0.61205676 0.13086034
v -0.88438582 -0.64258652 -0.08954685
v -0.90175895 -0.62525070 -0.11977901
v -0.87641349 -0.62516952 -0.03603391
v -0.90906476 -0.63545884 -0.09786953
v -0.88800649 -0.60790781 -0.07522391
v -0.89600564 -0.61100312 -0.00616718
v -0.89528972 -0.60001297 -0.00267291
v -0.89756213 -0.61457136 -0.08276491
v -0.90027222 -0.56648217 -0.61041235
v -0.88385696 -0.55388757 -0.59519964
v -0.88377206 -0.55044729 0.51237491
v -0.89803078 -0.47204734 0.11989114
v -0.90899488 -0.57783973 0.09354451
v -0.90964408 -0.51086505 0.61241132
v -0.88725577 -0.51100959 -0.02126376
v -0.89511633 -0.49381411 -0.08438547
v -0.89159575 -0.48750429 -0.06781076
v -0.89885968 -0.49938114 0.52688429
v -0.89266742 -0.49165429 -0.53353962
v -0.88777093 -0.45929300 -0.02129741
v -0.89636545 -0.47765528 -0.00145560
v -0.88901282 -0.44801020 -0.56570791
v -0.90855793 -0.43133456 -0.54948920
v -0.89134379 -0.38923078 -0.08334317
v -0.90958659 -0.39048417 0.09463331
v -0.89442711 -0.37391480 0.13069676
v -0.89216168 -0.38794040 0.00065859
v -0.88842330 -0.38593476 0.06981530
v -0.89115816 -0.38048362 0.52257352
v -0.90843735 -0.37115706 -0.09745315
v -0.89427705 -0.37904767 -0.07947671
v -0.90621172 -0.35341668 -0.05354597
v -0.90481582 -0.35695302 0.08026982
v -0.89291364 -0.33797581 0.08810739
v -0.89622578 -0.33934769 0.12776754
v -0.90869906 -0.26230208 0.61380043
v -0.90401985 -0.23759987 -0.57524588
v -0.89017350 -0.25145373 0.59675503
v -0.87651868 -0.17607658 -0.10068165
v -0.88686166 -0.16949004 0.57533076
v -0.90916666 -0.17141034 -0.10273546
v -0.88399552 -0.16822210 0.52162000
v -0.90000191 -0.15566830 -0.56141625
v -0.89651034 -0.15850369 -0.00756403
v -0.89045346 -0.15735609 0.04589961
v -0.87227830 -0.12576753 -0.54640493
v -0.90834297 -0.13490671 0.09802956
v -0.89549745 -0.13295448 0.12866033
v -0.89596903 -0.14407342 0.58094090
v -0.89001283 -0.14163165 0.61386580
v -0.89618351 -0.13818799 -0.57282410
v -0.89205344 -0.16082146 0.08312035
v -0.87647270 -0.08950692 -0.53752717
v -0.89198227 -0.09433843 0.08235385
v -0.88999750 -0.05913224 -0.07977066
v -0.89395208 -0.05730979 0.05075146
v -0.90148672 0.03395649 0.12175573
v -0.88572876 -0.03383596 -0.02211740
v -0.87257107 -0.01508081 0.53450520
v -0.90924427 -0.01322085 -0.55831502
v -0.88718246 0.03198130 -0.07737717
v -0.89153988 0.06460698 0.00509592
v -0.89515193 0.04386964 0.06603790
v -0.89375669 0.05032138 0.51648842
v -0.89351716 0.05118890 0.58033710
v -0.91043428 0.06591029 0.53858977
v -0.91087258 0.07542246 -0.62136954
v -0.90098147 0.08720358 0.00251864
v -0.88849435 0.09052997 0.52710607
v -0.89449680 0.12875335 0.13045242
v -0.87803374 0.16355607 0.61582087
v -0.86358030 0.20071626 -0.44284455
v -0.87988166 0.34651666 0.41002639
v -0.95158960 0.39059868 -0.37259295
v -0.95407639 0.53957458 -0.19024405
v -0.90795295 0.60518032 -0.02184918
v -0.87564516 0.64023618 0.03770922
v -0.88488284 0.68959722 0.04067892
v -0.87639544 -0.89433340 0.26093591
v -0.90780799 -0.88279157 0.41482081
v -0.87656776 -0.88372800 -0.13592866
v -0.87915908 -0.87421532 -0.50702015
v -0.87838211 -0.89115928 -0.26629618
v -0.87734019 -0.87939692 0.16979024
v -0.87540766 -0.86610552 -0.06710698
v -0.88866587 -0.86267952 -0.48387475
v -0.91012302 -0.86221320 0.04969630
v -0.87303888 -0.86102236 0.12637924
v -0.87527980 -0.86317509 0.18695742
v -0.87587213 -0.86644609 0.33819500
v -0.89290237 -0.87050882 -0.57314008
v -0.88671435 -0.83717130 -0.60368902
v -0.87656661 -0.85515162 -0.40555385
v -0.87417313 -0.84450245 -0.33609276
v -0.88174957 -0.84545160 -0.02117187
v -0.87500189 -0.84729239 0.00866162
v -0.87654942 -0.83888296 0.42718276
v -0.90179400 -0.84447875 0.50748534
v -0.89913486 -0.84251261 -0.53804098
v -0.89980049 -0.84483750 -0.16599949
v -0.87581916 -0.84617856 -0.11629584
v -0.87871716 -0.83524006 0.10863556
v -0.91210767 -0.83299384 0.51065874
v -0.91073871 -0.84146790 -0.46619310
v -0.88774227 -0.82752573 -0.07377183
v -0.87516974 -0.82502216 0.48467894
v -0.87732752 -0.83487563 0.50995319
v -0.89432594 -0.82933576 0.56111829
v -0.87640240 -0.81906945 -0.35236044
v -0.91502529 -0.82268242 -0.17951919
v -0.88424122 -0.82847083 0.27116731
v -0.87786251 -0.82138279 0.40832869
v -0.88299941 -0.81982674 -0.42257966
v -0.87553405 -0.82032715 -0.24832915
v -0.87601776 -0.82306963 -0.19794640
v -0.90186523 -0.81860517 -0.09117408
v -0.87751967 -0.81608505 -0.01606576
v -0.87658031 -0.82101428 0.21612284
v -0.88842720 -0.80510510 -0.51738773
v -0.90356126 -0.81398812 0.09573874
v -0.87984038 -0.79217087 0.10139003
v -0.88358861 -0.79391403 0.12921230
v -0.87870184 -0.81324704 0.30026513
v -0.87776521 -0.80243491 -0.43523628
v -0.88494591 -0.79777725 -0.39674813
v -0.88232752 -0.79122479 -0.25004727
v -0.88404599 -0.79567264 -0.04170235
v -0.85010606 -0.81027822 0.64303204
v -0.88970482 -0.79517083 -0.61847487
v -0.90236972 -0.79679518 -0.27929482
v -0.88361833 -0.78131953 -0.22714224
v -0.87919626 -0.80016395 0.19441631
v -0.87866352 -0.77776656 -0.44522203
v -0.89324969 -0.78118201 0.06984099
v -0.88142127 -0.78586669 0.23377176
v -0.87908201 -0.78937260 0.33521540
v -0.88397059 -0.78099227 -0.21525740
v -0.88401614 -0.77321109 -0.03233889
v -0.88429259 -0.78217609 -0.03269964
v -0.87575940 -0.77631149 -0.59422774
v -0.88455905 -0.76894615 -0.40151639
v -0.88967111 -0.76765038 -0.26579779
v -0.87802531 -0.77150957 -0.10470990
v -0.87398548 -0.76575155 -0.06707279
v -0.89402927 -0.76411015 -0.05894972
v -0.89507195 -0.76512081 -0.01776938
v -0.86811823 -0.75221409 0.61095658
v -0.90163946 -0.69003091 0.55475666
v -0.88270572 -0.69829682 -0.60441203
v -0.88659306 -0.66330967 -0.02056892
v -0.87973249 -0.64898380 -0.54341438
v -0.87554716 -0.64178495 0.54193510
v -0.89069395 -0.60972759 0.07189053
v -0.87647501 -0.61644327 0.08468790
v -0.88717011 -0.60030986 -0.02002503
v -0.89645930 -0.59598611 -0.60675722
v -0.89207926 -0.61157205 -0.09537217
v -0.89117199 -0.60137496 -0.52960516
v -0.88899013 -0.60190418 0.51426949
v -0.88018808 -0.56490058 -0.62488146
v -0.88673058 -0.50785621 -0.07488998
v -0.88741959 -0.60056499 0.01436205
v -0.88891847 -0.48236146 0.06813191
v -0.90183002 -0.55909324 0.58898812
v -0.88685061 -0.50934059 0.01469892
v -0.88737776 -0.50108219 -0.59101924
v -0.87568344 -0.37059742 -0.09369886
v -0.88772832 -0.46005036 -0.07460535
v -0.88879403 -0.45863466 -0.59963951
v -0.88748961 -0.45857528 0.01578696
v -0.88188019 -0.44245420 -0.62049162
v -0.88146875 -0.43301659 -0.52638715
v -0.88802601 -0.38914681 -0.07550481
v -0.89787411 -0.39828087 -0.62287920
v -0.87975156 -0.34427849 -0.09472642
v -0.88987195 -0.34949202 0.05677551
v -0.89172474 -0.33651586 -0.08943228
v -0.87174206 -0.24606978 -0.54095211
v -0.87575622 -0.17512046 -0.06041726
v -0.88486780 -0.17564068 0.06706934
v -0.90896293 -0.17671344 -0.56928117
v -0.89066920 -0.17838061 -0.13543731
v -0.87983010 -0.16051464 -0.60642642
v -0.88748164 -0.14738587 -0.08054473
v -0.87705981 -0.14553556 -0.02738042
v -0.88478710 -0.14194359 0.01732541
v -0.88705379 -0.13937444 0.56681780
v -0.88687103 -0.14629756 0.05138897
v -0.88673993 -0.07867882 0.05135179
v -0.88413271 -0.14506470 -0.03603931
v -0.87687667 -0.09082966 0.53358358
v -0.91030176 -0.09835772 0.57122267
v -0.90511191 -0.09022329 0.61220305
v -0.89025832 -0.07363429 -0.62146646
v -0.88955510 -0.07412137 0.56698967
v -0.88597602 -0.03074197 0.01812023
v -0.89541156 -0.05904582 -0.00387111
v -0.88860635 -0.03523268 0.05065965
v -0.87971232 -0.01219437 -0.62048020
v -0.88651969 -0.01295746 -0.60858682
v -0.87530452 -0.01486182 -0.54393895
v -0.90083450 -0.00368427 0.58841216
v -0.89534655 -0.00292248 0.61076052
v -0.88572903 0.00990123 -0.62445726
v -0.89873973 0.02971262 -0.61664178
v -0.88572114 0.05929979 -0.06885561
v -0.86340025 0.05264809 0.61050276
v -0.89285335 0.05285209 -0.61973727
v -0.88549109 0.06093332 -0.02165496
v -0.88710945 0.05883513 0.05113550
v -0.87465646 0.07576377 0.06302969
v -0.89265375 0.09096266 -0.52669296
v -0.92203487 0.09646554 -0.69968881
v -0.79692816 0.13870661 -0.66101711
v -0.86808657 0.18617105 -0.50356006
v -0.90954248 0.19054424 -0.49959523
v -0.89918967 0.20290893 -0.49931601
v -0.86250406 0.20571844 0.43703264
v -0.89819491 0.18017085 0.45882675
v -0.86318961 0.20767190 -0.51784237
v -0.90196060 0.22977553 0.51693251
v -0.87378602 0.23465244 -0.52162375
v -0.89997673 0.38239927 -0.22689686
v -0.90109506 0.41599012 -0.21218840
v -0.91199394 0.41891154 -0.18044266
v -0.86743122 0.43496644 -0.28709097
v -0.88199802 0.63409357 -0.01120808
v -0.94300162 0.65234852 0.04837335
v -0.89579684 -0.89316900 -0.52333491
v -0.87339625 -0.87127723 0.52462763
v -0.87561646 -0.86354036 -0.52605920
v -0.87545232 -0.87163849 -0.24168819
v -0.87615503 -0.87065298 0.00841743
v -0.87580273 -0.88750299 0.32569623
v -0.87828314 -0.86716485 -0.43306362
v -0.87722258 -0.86367834 -0.33367573
v -0.87542116 -0.86506511 0.24864903
v -0.87678528 -0.85164382 0.35270688
v -0.87520072 -0.86522211 0.36420321
v -0.87901367 -0.85335782 0.43952387
v -0.87753267 -0.85631840 0.53606555
v -0.86393483 -0.85746717 0.59262754
v -0.87055921 -0.85463277 -0.59315133
v -0.87629357 -0.85265490 -0.56138999
v -0.87414775 -0.85476449 -0.28100642
v -0.87614941 -0.84893225 -0.06977214
v -0.87414216 -0.86090136 0.04888313
v -0.87386646 -0.85727067 0.07281518
v -0.87493361 -0.85145482 0.13641990
v -0.87823454 -0.84347780 0.30522028
v -0.87455842 -0.84817700 -0.46207106
v -0.87621156 -0.83228599 -0.32620800
v -0.88036600 -0.84300593 0.18578661
v -0.87940126 -0.83501384 0.27645697
v -0.88032472 -0.83357254 -0.45288604
v -0.88605027 -0.82990812 -0.15873414
v -0.87728382 -0.81525456 -0.08093865
v -0.88141124 -0.83421099 -0.03208486
v -0.88392033 -0.81133921 0.25138291
v -0.88414694 -0.81407944 0.05916684
v -0.87412717 -0.82475665 0.06261819
v -0.87598992 -0.81181249 0.12869057
v -0.87648913 -0.80243668 0.17809006
v -0.87929472 -0.81411269 0.35475158
v -0.87596960 -0.81417549 0.38619817
v -0.87472981 -0.81048256 -0.30914647
v -0.88502599 -0.80985229 -0.21871026
v -0.87429235 -0.80806899 -0.15417504
v -0.88374728 -0.80164334 0.21818357
v -0.88088014 -0.80340332 0.33498751
v -0.87826194 -0.79303613 0.40217545
v -0.87782211 -0.77991191 -0.48035188
v -0.87949809 -0.79594292 0.03565319
v -0.87847219 -0.80892048 0.28371173
v -0.87979635 -0.80569658 0.36135570
v -0.87930581 -0.80901992 0.43030986
v -0.88034336 -0.80410800 -0.46410501
v -0.87778046 -0.78848825 0.30909670
v -0.87772869 -0.81769550 0.55771598
v -0.88327011 -0.78298281 -0.57239531
v -0.89086754 -0.79373717 -0.36708701
v -0.87606278 -0.77798059 -0.36208565
v -0.88229367 -0.79069640 -0.33411899
v -0.87630000 -0.78747924 -0.29512699
v -0.87634824 -0.78659358 -0.09954525
v -0.88303397 -0.77476094 -0.04849456
v -0.87769650 -0.78763376 -0.00188570
v -0.88333388 -0.77469464 0.17295455
v -0.88063408 -0.78613209 0.48579611
v -0.88657414 -0.76725658 -0.55369326
v -0.88113799 -0.77712410 -0.40357809
v -0.88485599 -0.76649906 -0.33055370
v -0.87535863 -0.77377120 -0.26413839
v -0.87823831 -0.76929558 0.45473076
v -0.86739538 -0.78981489 0.58211152
v -0.87892720 -0.76181765 -0.46446381
v -0.88589050 -0.76364018 -0.30736039
v -0.87576261 -0.76636961 -0.02923914
v -0.87873039 -0.76441333 0.16281530
v -0.87559735 -0.77220868 0.31167744
v -0.87584337 -0.76911697 0.41899501
v -0.87732929 -0.69304593 -0.54233684
v -0.85107755 -0.68472784 0.61415377
v -0.88769629 -0.44123519 0.60989862
v -0.84879590 -0.42798156 0.61220276
v -0.88399824 -0.37169179 -0.53010900
v -0.87629184 -0.37547191 0.08450376
v -0.87633586 -0.36987817 0.04639460
v -0.88024712 -0.34035382 0.03744248
v -0.90390596 -0.33797637 0.58755150
v -0.87390166 -0.25078749 0.54091058
v -0.87511711 -0.16531456 -0.01474422
v -0.88919245 -0.14737615 0.06880386
v -0.86858808 -0.16344195 -0.54100826
v -0.88547247 -0.14028016 0.59196898
v -0.87581539 -0.13328418 -0.59851374
v -0.87568752 -0.07930451 -0.09846780
v -0.87630571 -0.12522787 -0.02723686
v -0.88319187 -0.07814087 -0.02703444
v -0.87425870 -0.07228156 0.55058374
v -0.87444472 -0.04659210 0.06250466
v -0.88190591 0.05866707 -0.07770299
v -0.87453865 0.07609284 -0.09903061
v -0.92151039 0.10020256 -0.63498502
v -0.95578216 0.09828340 -0.72923743
v -0.89480237 0.09475620 0.57620801
v -0.87120444 0.10012452 0.61339972
v -0.91285539 0.16583885 0.63892783
v -0.86240498 0.20330593 -0.49702071
v -0.94454172 0.38157859 0.38444153
v -0.88687395 0.42640158 0.25230522
v -0.87947325 0.61275813 -0.03947388
v -0.87921273 0.61408479 0.03034227
v -0.88099995 0.58912205 -0.00761226
v -0.88553783 0.66498504 0.05027443
v -0.87897253 -0.88801576 -0.64439944
v -0.87379360 -0.88938541 -0.08434673
v -0.87452919 -0.87599379 0.12867219
v -0.87682412 -0.86995269 -0.38971499
v -0.87465077 -0.86241523 0.31524444
v -0.87716066 -0.88225391 0.42159623
v -0.87586128 -0.84818369 -0.16387543
v -0.87544716 -0.86306319 0.43437553
v -0.87425465 -0.85010091 0.51539063
v -0.85274210 -0.85070496 0.61246390
v -0.87357920 -0.82890739 0.24890483
v -0.87542412 -0.84654320 0.28454217
v -0.87514421 -0.83409325 0.37211001
v -0.87047930 -0.83671664 0.56774928
v -0.87427557 -0.81447516 -0.48711240
v -0.87967803 -0.81679130 0.04296434
v -0.87447249 -0.79128957 -0.01156966
v -0.87768707 -0.80282377 -0.38481383
v -0.87571108 -0.76692921 -0.19037502
v -0.87599226 -0.78301995 -0.20207616
v -0.86433396 -0.76138546 -0.61416256
v -0.87401625 -0.76461468 0.06267943
v -0.86034795 -0.76308451 0.62617643
v -0.82854585 -0.70097669 0.59339273
v -0.87603929 -0.69737593 0.53760485
v -0.85596586 -0.64860974 0.58423808
v -0.86167434 -0.61736639 0.59541712
v -0.88389551 -0.60723549 -0.62001504
v -0.87532510 -0.49857103 0.08514166
v -0.87440368 -0.61029224 -0.09210335
v -0.87593703 -0.46449048 -0.00501667
v -0.88366805 -0.48279986 -0.60717355
v -0.80589546 -0.45099900 0.61510959
v -0.87581537 -0.46323555 -0.07521770
v -0.87484823 -0.32809479 -0.53920668
v -0.84549232 -0.18604602 0.61593395
v -0.90919877 -0.18021563 -0.62063606
v -0.87460967 -0.16654128 0.05700991
v -0.85386469 -0.13705759 -0.59130315
v -0.87280023 -0.12722325 -0.62295227
v -0.87493506 -0.06140427 -0.01302106
v -0.87704960 -0.08227481 -0.55275624
v -0.87541001 -0.06246068 0.01770888
v -0.87405637 -0.02006807 -0.54841744
v -0.87516279 0.05406166 -0.07296164
v -0.85010101 0.00753041 0.61027476
v -0.87588883 0.06091500 -0.06711661
v -0.84366987 0.12517414 0.62721142
v -0.91640561 0.13979864 -0.63957880
v -0.90872837 0.16313985 -0.62303839
v -0.86728567 0.17771120 0.46699510
v -0.85956430 0.23393913 0.46087656
v -0.85673641 0.37616438 0.21662731
v -0.86392249 0.39142037 0.23082055
v -0.85699103 0.39450476 -0.20639892
v -0.85590459 0.39605094 0.17789244
v -0.90746450 0.42343246 0.22077790
v -0.95213391 0.56713049 -0.17419785
v -0.85960222 -0.80529611 0.58857850
v -0.87169685 -0.80342696 0.60300430
v -0.86284496 -0.79664867 0.61488441
v -0.86174725 -0.80143352 -0.62638328
v -0.87011339 -0.75062475 -0.61500238
v -0.86501005 -0.57097510 0.60390572
v -0.85622845 -0.53969756 0.58810694
v -0.87195655 -0.54819015 0.61369753
v -0.86527604 -0.54892135 -0.61925521
v -0.86876636 -0.50617395 0.61248624
v -0.86398491 -0.49912473 -0.61847397
v -0.83045767 -0.43298243 -0.61251364
v -0.85869362 -0.33176515 -0.63474755
v -0.85552059 -0.18838962 -0.63399919
v -0.86454929 -0.16796030 -0.58388626
v -0.87038541 -0.15740760 0.60188381
v -0.81916400 -0.07743567 0.59322781
v -0.82965800 -0.09361187 0.61226746
v -0.86387202 -0.07157292 0.61417396
v -0.82670307 0.05274754 0.58886196
v -0.81856523 0.13652269 -0.68284066
v -0.82912137 0.16111231 0.63190072
v -0.83639132 0.17254061 0.62781024
v -0.86606352 0.17901534 -0.47357414
v -0.86611434 0.20020818 -0.62617941
v -0.87017477 0.23100346 -0.53116858
v -0.86022837 0.20024596 0.51572859
v -0.86356949 0.23333060 -0.46676257
v -0.85342735 0.38555436 -0.22404788
v -0.85674971 0.64969596 -0.04879138
v -0.83611668 0.64998983 0.04766022
v -0.85722858 0.67070850 -0.06975459
v -0.85963157 0.67582083 -0.03029926
v -0.83459203 -0.89369337 -0.62927889
v -0.83965466 -0.89187993 0.61296802
v -0.83854097 -0.84147770 0.57485370
v -0.84538282 -0.83552795 0.60903976
v -0.85074795 -0.80877457 -0.62052122
v -0.86061878 -0.76139148 0.61368273
v -0.85162129 -0.74998678 -0.62161824
v -0.84537554 -0.68973046 0.59310242
v -0.87505455 -0.65460630 -0.62353302
v -0.84697831 -0.64168059 -0.60656925
v -0.83911250 -0.68737641 0.62649041
v -0.83900414 -0.49074897 0.62577973
v -0.84892282 -0.55373641 -0.58927382
v -0.84504664 -0.50271590 -0.59482580
v -0.84638027 -0.48559192 0.59987473
v -0.88590147 -0.46429790 0.61635287
v -0.84009855 -0.39234420 -0.61832703
v -0.85978326 -0.36124758 -0.62691625
v -0.83331815 -0.34059696 0.61158751
v -0.84538328 -0.23855751 0.61476651
v -0.85212487 -0.17191887 0.59622763
v -0.83802117 -0.17207657 -0.61177267
v -0.84789760 -0.13076567 -0.61287089
v -0.86885993 -0.01530016 0.61609745
v -0.85362008 0.00188229 -0.62315453
v -0.85005751 0.05103473 -0.60374568
v -0.85226386 0.09421633 -0.62113172
v -0.86110518 0.12083688 -0.70773984
v -0.86104404 0.20508793 0.49383745
v -0.85657736 0.41895987 -0.17938390
v -0.85369419 0.42240466 0.22609748
v -0.85173574 0.44152157 0.19373717
v -0.83349547 -0.88295906 0.64188042
v -0.83551815 -0.79010892 -0.58980423
v -0.85222279 -0.78739157 -0.60813931
v -0.84893335 -0.79195144 0.60592140
v -0.84532861 -0.63512406 0.61196529
v -0.84235876 -0.59452386 0.61370472
v -0.82673600 -0.49035770 -0.63526371
v -0.82175781 -0.43929288 0.59144524
v -0.85745177 -0.43855399 0.60234090
v -0.83612927 -0.33601397 -0.61187175
v -0.83558337 -0.31387234 -0.61986055
v -0.85763057 -0.23738706 -0.62528448
v -0.83951486 -0.18796078 -0.63180667
v -0.84064985 -0.12742222 0.61383857
v -0.83685186 -0.07622333 -0.60832600
v -0.84562344 -0.00074178 -0.63592353
v -0.89514720 -0.01019803 0.58923622
v -0.86210556 0.05329052 -0.62098119
v -0.85211066 0.09089779 0.60434109
v -0.84946929 0.09177694 -0.60368455
v -0.95118568 0.10076879 0.68116265
v -0.80939332 0.11228844 0.65169292
v -0.92290052 0.19328545 -0.61492165
v -0.85907648 0.42398355 -0.24809760
v -0.85074767 0.44248145 -0.20933695
v -0.88987767 0.47696168 -0.26742264
v -0.84386374 0.68470935 -0.03233439
v -0.86259326 0.70246530 -0.05052048
v -0.85948792 -0.88800925 -0.60854823
v -0.83563665 -0.86818923 0.58032642
v -0.84531395 -0.83486336 -0.61694880
v -0.82684378 -0.83980113 0.58716838
v -0.83920778 -0.81835960 0.60609456
v -0.83844924 -0.80547446 0.58218162
v -0.84431601 -0.66985323 -0.62592888
v -0.82647044 -0.64677549 0.61444340
v -0.83477429 -0.50180710 0.60811583
v -0.83866351 -0.38127055 0.60327774
v -0.83633363 -0.24588631 0.60339101
v -0.83438806 -0.17404294 0.59761306
v -0.83518810 -0.16412414 0.62644285
v -0.83553149 -0.01669168 0.60750004
v -0.84598338 0.03206980 -0.61906035
v -0.84326895 0.07169810 0.62711877
v -0.86566321 0.11488568 -0.69658297
v -0.90115092 0.19388212 0.60400226
v -0.81656536 0.41561323 -0.34285800
v -0.84378766 0.64903608 -0.07361666
v -0.84351608 0.68771498 0.04018976
v -0.82695495 -0.89289908 -0.64116372
v -0.83590381 -0.86315880 -0.61355679
v -0.84681613 -0.80615802 -0.65489517
v -0.82912530 -0.84657015 -0.58832085
v -0.83326521 -0.80455062 0.60907058
v -0.85710051 -0.71052783 -0.62132594
v -0.82583399 -0.56701868 -0.61826120
v -0.81775203 -0.47476041 0.61440805
v -0.83796182 -0.39905887 -0.63530166
v -0.81455562 -0.41689046 0.62649792
v -0.84505497 -0.34972597 -0.62686320
v -0.82585077 -0.36375214 0.59316447
v -0.81627855 -0.17438227 -0.60896699
v -0.82590925 -0.13581642 0.58986726
v -0.82430025 -0.11440713 -0.62473828
v -0.82918540 -0.00428471 -0.60517074
v -0.82735270 0.00245849 0.58967762
v -0.86370728 0.07366603 0.61994825
v -0.82203963 0.09320829 -0.60334091
v -0.85983461 0.10563121 -0.69159380
v -0.78252411 -0.89613683 0.62917215
v -0.80427249 -0.88185080 -0.62635681
v -0.81056165 -0.85624113 0.61276352
v -0.83603540 -0.80450618 -0.62543050
v -0.84312391 -0.77060213 0.58583772
v -0.84974298 -0.76623581 -0.58777221
v -0.82865639 -0.69751723 -0.60677516
v -0.84201407 -0.55740653 0.60987688
v -0.82813025 -0.48260681 0.60009287
v -0.81330182 -0.45154799 -0.62341035
v -0.82647778 -0.36690594 -0.61353964
v -0.82305061 -0.16935188 -0.63522304
v -0.82130055 -0.06223544 -0.62280330
v -0.81190868 -0.00328530 0.61378023
v -0.75343014 0.08563674 -0.71994922
v -0.92454701 0.10510960 -0.72708186
v -0.81911107 0.08841574 -0.63542314
v -0.81250510 0.10533713 0.61539578
v -0.91201296 0.12619050 -0.65417361
v -0.61207569 0.13872082 0.63265432
v -0.82503445 0.16877769 0.63189628
v -0.82509994 0.16751300 0.63297421
v -0.75050569 0.64298637 0.03433014
v -0.86309339 0.68257896 -0.01087305
v -0.82283873 -0.88248021 -0.65071630
v -0.79722589 -0.85695379 -0.58953638
v -0.81563344 -0.84801974 -0.62029611
v -0.79726115 -0.84272427 0.61691776
v -0.83637616 -0.81958747 -0.58888448
v -0.78245966 -0.76710863 -0.59334495
v -0.78747361 -0.76833978 0.60911297
v -0.81511583 -0.70981396 0.61399491
v -0.82293018 -0.62986408 -0.61639570
v -0.82129112 -0.66489609 -0.63496724
v -0.83348872 -0.51643001 -0.62074715
v -0.81878579 -0.44134246 0.61107182
v -0.81625787 -0.35063905 0.61389822
v -0.84426996 -0.23695932 -0.63518859
v -0.82468665 -0.24863795 0.59546590
v -0.82723905 -0.24493517 -0.60768779
v -0.81615792 -0.17321265 0.59739960
v -0.82021097 -0.14504318 -0.61289551
v -0.83324648 -0.06009238 0.61328251
v -0.81891389 -0.00737978 -0.61888695
v -0.81662689 0.06499986 0.61535744
v -0.82114039 0.03952264 -0.60350594
v -0.76289573 0.09494055 -0.71176523
v -0.93425775 0.10521688 -0.71913992
v -0.79903647 0.09837037 0.71730747
v -0.82911059 0.16745518 0.62483648
v -0.94499652 0.47722846 0.26240752
v -0.86786894 0.71214515 -0.01756275
v -0.79443922 -0.70917333 -0.62406581
v -0.80937886 -0.47979995 -0.62195620
v -0.80604913 -0.15206963 -0.62303581
v -0.80327862 -0.06638833 0.61501953
v -0.81582834 0.09970979 -0.62229941
v -0.70989636 0.16434946 0.61579198
v -0.80188555 0.16850753 0.63186285
v -0.91438999 0.28048179 0.49368735
v -0.78345198 0.55942664 0.14013732
v -0.79165923 -0.89260028 0.61134462
v -0.80740607 -0.83336983 -0.62826511
v -0.79270183 -0.85416899 0.58145165
v -0.80285708 -0.79347412 0.60865521
v -0.80196500 -0.80707700 -0.63215038
v -0.78714386 -0.80221507 -0.58935898
v -0.80027383 -0.82035693 -0.59179190
v -0.78690375 -0.76792221 -0.61735124
v -0.82038626 -0.54685886 0.61471205
v -0.80908921 -0.19973383 0.61513852
v -0.89624934 0.09830347 0.70009787
v -0.71832362 0.13380641 -0.63441473
v -0.79131770 -0.88215893 0.58160920
v -0.78577087 -0.84074664 -0.61765090
v -0.78551678 -0.83921532 -0.59214590
v -0.78754865 -0.83934398 0.58355238
v -0.80233805 -0.79332815 0.58263530
v -0.79457922 -0.82532221 -0.61933691
v -0.80176622 -0.78153516 -0.62129354
v -0.82020035 -0.40496780 -0.62294390
v -0.80736940 -0.35986917 -0.62339764
v -0.80559035 -0.13183332 0.61492635
v -0.78623651 0.09837446 0.69971081
v -0.77616714 0.16676682 -0.63297591
v -0.78724978 0.16156207 0.63137829
v -0.79401845 0.16763846 0.62422547
v -0.90150847 0.17672210 0.62301010
v -0.94618517 0.20012720 0.61450491
v -0.78423166 -0.86927491 -0.58657892
v -0.78275863 -0.80769397 0.58307777
v -0.77634449 -0.80255522 0.61574789
v -0.83284990 -0.46112827 -0.63400825
v -0.89881865 0.08839000 0.66657781
v -0.78604782 0.16801327 0.63135350
v -0.81043691 0.15261280 0.65217171
v -0.77565502 0.17015089 0.62617805
v -0.77772919 0.52099277 0.18995738
v -0.78408315 0.61270526 0.09256688
v -0.75703157 0.71094603 -0.00892523
v -0.78221734 -0.83227825 -0.59413701
v -0.77434148 -0.82932900 0.59171042
v -0.76196081 -0.75821868 -0.62315464
v -0.80273117 -0.26192789 -0.62310017
v -0.81124812 -0.01686471 -0.62330977
v -0.73865745 0.08396379 0.69983462
v -0.79527494 0.11188711 0.68867548
v -0.78596366 -0.89405594 -0.62298574
v -0.67234208 -0.80928869 0.64484328
v -0.76148348 -0.82563263 0.58235983
v -0.77494424 -0.82201591 0.60810387
v -0.73694698 -0.81134837 -0.58936388
v -0.76020925 -0.76872967 0.58075111
v -0.80380710 -0.25883009 0.61487347
v -0.72589648 -0.04780228 0.61555966
v -0.79947551 0.12117622 0.69495099
v -0.76518944 0.67874610 -0.03433914
v -0.76095061 0.68049193 -0.00852641
v -0.77380169 -0.86095327 -0.62484761
v -0.78234882 -0.85820323 0.61156726
v -0.77996676 -0.80750075 -0.62251772
v -0.76837844 -0.81747199 0.59466029
v -0.75658383 -0.78690522 0.58424941
v -0.70333666 -0.78759067 0.64023291
v -0.76482812 -0.78590964 -0.61819490
v -0.75814709 -0.78966612 0.61208339
v -0.72663295 -0.75855486 0.61487801
v -0.83442047 -0.76114808 -0.63371094
v -0.66361499 -0.17769548 -0.63510439
v -0.68030021 0.11573157 0.68780830
v -0.74355103 0.70048262 -0.05040821
v -0.78190272 -0.88263676 0.61663189
v -0.77770794 -0.84014708 0.61496320
v -0.75073826 -0.80553367 0.58563286
v -0.80823171 -0.36658968 -0.63509699
v -0.83718972 -0.02946996 0.62721477
v -0.72799360 0.10548890 -0.71916554
v -0.73730699 0.10893004 -0.68772662
v -0.78086677 0.16791696 0.63286592
v -0.73508107 0.35288325 0.42219433
v -0.73898045 0.55071136 0.17052707
v -0.74499298 0.62426971 -0.08498279
v -0.75216524 0.64883101 -0.05187651
v -0.74718733 0.67893923 -0.02354872
v -0.71338965 0.69346014 0.03392123
v -0.71671052 -0.89382613 0.62257353
v -0.73656782 -0.85923713 0.61614862
v -0.73597803 -0.83003314 -0.62918409
v -0.74487724 -0.80581674 0.59733068
v -0.76435265 -0.77871085 -0.58519620
v -0.65776202 -0.18360901 0.62659026
v -0.75058392 0.66562312 0.00930102
v -0.69711590 -0.89405770 -0.63060109
v -0.73285572 -0.88498399 0.61726837
v -0.65233492 -0.88254698 0.64251355
v -0.72438420 -0.83822985 0.58877476
v -0.71079778 -0.81234326 -0.59067333
v -0.73444850 -0.80707042 0.61300879
v -0.72732215 -0.80100886 -0.62340223
v -0.71879093 -0.78734047 -0.59244503
v -0.67889731 -0.77876687 -0.58766980
v -0.76277397 0.10788479 -0.69987131
v -0.77185607 0.11227041 -0.66404513
v -0.62089742 0.12943560 0.62689635
v -0.76288668 0.12511845 0.65919168
v -0.73641433 0.66163110 -0.07264750
v -0.65570715 -0.89387621 -0.64075336
v -0.74788847 -0.82392206 -0.60723559
v -0.73559356 -0.82778182 0.61224695
v -0.72289121 -0.78555743 0.60893083
v -0.67855846 -0.76081747 -0.63408551
v -0.65558468 -0.38969367 -0.63588720
v -0.71863550 0.11210419 -0.63481111
v -0.76831427 0.16786554 0.62532590
v -0.70976458 0.37443100 0.37550998
v -0.72162886 -0.88195295 0.59109318
v -0.70062501 -0.85375133 -0.59116418
v -0.70381881 -0.82318306 -0.61539758
v -0.74211433 -0.80779209 0.58545827
v -0.59553858 0.00837870 -0.62394731
v -0.74345654 0.09573283 -0.70122818
v -0.94670704 0.61522962 -0.11486534
v -0.72418096 0.70406759 -0.05122678
v -0.70690464 -0.86909687 0.61399869
v -0.72354788 -0.79390494 0.58568600
v -0.70284256 -0.76835655 0.61008957
v -0.72080939 0.08416475 -0.68956067
v -0.63517607 0.10670967 0.67818358
v -0.72689594 0.11427007 -0.69498156
v -0.71336500 0.12181590 -0.62279623
v -0.61244889 0.22138032 0.56833413
v -0.71916795 0.66600865 0.04938054
v -0.70335881 -0.84354635 0.60913667
v -0.71201838 -0.84064460 -0.61900576
v -0.71039940 -0.81478466 0.61068709
v -0.69192861 -0.80029210 -0.59133920
v -0.69706902 -0.78029510 0.57915752
v -0.65884572 -0.60942230 0.62668028
v -0.81006128 -0.57513973 -0.62350876
v -0.65717020 -0.11359985 0.62719199
v -0.70346302 0.11386477 -0.69560313
v -0.73222156 0.64834335 -0.07438206
v -0.70657522 0.65945937 0.01887386
v -0.70527627 -0.85827179 -0.62394824
v -0.69188817 -0.87862314 -0.60552393
v -0.71872891 -0.85787128 0.58199472
v -0.67837509 -0.82841317 -0.62450705
v -0.67737419 -0.82644683 -0.59086184
v -0.70600039 -0.80017468 -0.62335920
v -0.64028339 -0.77912676 -0.64921857
v -0.57036006 -0.76254696 0.62650306
v -0.68476921 0.11386353 -0.69668872
v -0.69472652 0.11393149 -0.69541137
v -0.60491365 0.21975898 -0.60221662
v -0.85011931 0.26258111 -0.53380722
v -0.64401768 0.27341888 0.50318904
v -0.67344689 -0.89305417 0.63333092
v -0.67176297 -0.85328416 0.58272504
v -0.70557955 -0.83734104 0.58436711
v -0.69115887 -0.78277847 0.58762542
v -0.71791717 0.64978554 0.04721955
v -0.65334453 0.71269168 -0.02228548
v -0.68107811 -0.83273615 -0.59214958
v -0.70497358 -0.81635387 0.58017180
v -0.71915415 0.10465134 -0.72703618
v -0.70486791 0.17213544 0.62486266
v -0.46780145 0.33227621 0.42806073
v -0.72196386 0.50131208 -0.25670695
v -0.72347242 0.55603311 -0.18829291
v -0.66776542 -0.89283619 0.61956259
v -0.67983986 -0.86062212 -0.61738735
v -0.67116461 -0.85731815 0.60647174
v -0.66747792 -0.84553128 -0.62257951
v -0.67283283 -0.84583990 -0.58859588
v -0.70855335 -0.83481838 0.61512648
v -0.67632736 -0.82547401 0.58262195
v -0.65353272 -0.80400868 -0.62254130
v -0.68978730 -0.81205670 0.61112216
v -0.67963480 -0.78959897 -0.62794485
v -0.62710852 0.08211961 0.68908725
v -0.75623788 0.08523901 0.67369917
v -0.58620267 0.09791777 0.69901507
v -0.63499095 0.12990291 0.69396903
v -0.72670609 0.14272121 -0.63977374
v -0.47806489 0.35711285 -0.41400324
v -0.65134668 0.63336838 -0.07270448
v -0.65392088 -0.89064644 -0.62536367
v -0.63625644 -0.84777483 -0.58655741
v -0.64562898 -0.82228994 0.57794105
v -0.64684183 -0.80501139 -0.58988849
v -0.65702412 -0.43995049 -0.63517272
v -0.64568679 0.08936233 0.66423117
v -0.61442353 0.09603217 -0.70115066
v -0.67318395 0.09840745 0.66031920
v -0.63328167 0.12190846 0.69436760
v -0.57974777 0.66284677 -0.07237800
v -0.66811323 0.68175356 -0.03576195
v -0.65683321 0.66603721 0.01329867
v -0.65353588 -0.87798132 -0.59196450
v -0.66317514 -0.85190448 0.58399137
v -0.66907263 -0.84917849 0.60873278
v -0.65618999 -0.60509098 -0.63502671
v -0.65814733 -0.44441959 -0.65312647
v -0.65821093 -0.16148815 -0.65315663
v -0.64995446 -0.17147836 -0.66308531
v -0.65823066 -0.01490195 -0.65334446
v -0.65851507 -0.02150916 -0.63583898
v -0.65127957 0.05085990 -0.66109976
v -0.66162034 0.09826016 0.71723412
v -0.67488470 0.11908236 -0.70669915
v -0.73723312 0.17639939 -0.65517700
v -0.65204916 0.64845813 0.04911682
v -0.66885972 0.68632502 -0.01743898
v -0.65793647 -0.87584172 0.60591912
v -0.65565252 -0.83069858 0.61285595
v -0.63651633 -0.86092805 -0.65447338
v -0.62285876 -0.81180082 0.58522066
v -0.65134331 -0.79035045 -0.58832567
v -0.62726004 -0.80390810 0.61635518
v -0.64097655 -0.78546282 0.57829782
v -0.64934645 -0.61071128 0.65300578
v -0.65737187 -0.50784819 0.64080574
v -0.65780638 -0.43630381 0.64583088
v -0.64360688 -0.43646817 0.62969919
v -0.65336556 -0.37581851 0.63929795
v -0.65035188 -0.37810256 0.65476979
v -0.65698634 -0.11412510 0.64546934
v -0.63859133 -0.10250678 0.63178304
v -0.64800455 -0.01218230 -0.66330127
v -0.65691545 -0.02344251 0.64196355
v -0.57280760 0.06986033 0.61510023
v -0.61891109 0.05035207 -0.63993770
v -0.65203047 0.04825666 -0.64569232
v -0.62912577 0.11423583 -0.69603569
v -0.55641573 0.29416377 -0.51365183
v -0.58050689 0.63254081 0.04724080
v -0.64712662 -0.86686278 0.58354374
v -0.65721836 -0.77038548 0.58300576
v -0.60442337 -0.61249424 -0.63418191
v -0.65710749 -0.61110602 0.63910464
v -0.65254492 -0.60592721 -0.64549178
v -0.65179583 -0.52639197 -0.66244681
v -0.64498936 -0.01205769 0.62927209
v -0.64792702 -0.01498399 0.65552138
v -0.65131320 0.05037184 0.63733817
v -0.61663998 0.10877473 -0.68760680
v -0.64741176 0.17143422 0.62963857
v -0.61084045 0.54492428 0.15874572
v -0.65870187 0.64630032 -0.05455667
v -0.65239677 0.69086379 0.03818330
v -0.64044843 -0.86054556 -0.62163409
v -0.64394369 -0.80222721 -0.61848057
v -0.62293483 -0.81893379 -0.59285527
v -0.60972194 -0.77451912 -0.58706806
v -0.63006721 -0.75805533 0.61526676
v -0.60316901 -0.67110563 0.62626977
v -0.61310807 -0.53611786 -0.64015331
v -0.65237702 -0.61136508 -0.66215326
v -0.63124494 -0.60147446 0.63219337
v -0.65061476 -0.49515177 0.62707216
v -0.62406812 -0.46124914 0.63249166
v -0.63958851 -0.43940352 -0.64127567
v -0.64665653 -0.38723310 0.62745514
v -0.65271772 -0.38016461 -0.64412653
v -0.59254365 -0.36980355 -0.63686173
v -0.62145813 -0.37334839 -0.65280901
v -0.64363861 -0.16444751 0.63107180
v -0.65503723 -0.17315952 0.64422774
v -0.63877673 -0.01641161 -0.63990502
v -0.65297700 0.05180290 0.65301822
v -0.64461145 0.05648034 -0.63471226
v -0.52340387 0.64511922 -0.05748739
v -0.64532184 -0.84719347 0.57803291
v -0.63092522 -0.85756537 0.61809194
v -0.63868121 -0.83666662 0.61634486
v -0.61891998 -0.81052382 -0.62555968
v -0.60650935 -0.77989672 -0.59744265
v -0.58233365 -0.77705853 0.57761036
v -0.60203608 -0.61630905 -0.62286095
v -0.59578123 -0.61309325 -0.64137467
v -0.64060342 -0.15892451 -0.63945037
v -0.64600509 -0.16719665 0.65509915
v -0.64670870 -0.12415093 0.65590129
v -0.74099315 0.10128883 0.68110000
v -0.63091786 0.17713830 0.62349598
v -0.61394950 -0.86026108 -0.62386282
v -0.58738465 -0.86432865 0.61661147
v -0.63664800 -0.83419989 0.58646441
v -0.65740702 -0.79669341 -0.65439884
v -0.61625933 -0.79910982 0.58156033
v -0.61406606 -0.78015930 -0.62235567
v -0.66751148 -0.76775246 -0.61775327
v -0.67123608 -0.76804697 -0.59400285
v -0.60978057 -0.66366547 0.61384788
v -0.64821957 -0.54399891 0.65586936
v -0.56084187 -0.53924983 -0.65007536
v -0.64838733 -0.43990718 -0.66318103
v -0.65097425 -0.37730719 -0.66136208
v -0.60532887 -0.17572741 0.62909383
v -0.53916843 0.09134236 0.66548438
v -0.58594635 -0.89084474 -0.62687146
v -0.62400941 -0.82215855 -0.62500102
v -0.60731321 -0.66833690 -0.63475888
v -0.60264760 -0.61444308 0.63230934
v -0.61705500 -0.37531410 -0.62335817
v -0.57396790 -0.36739099 0.62825607
v -0.56934996 -0.32696927 -0.63468049
v -0.57248313 -0.32524863 0.62658082
v -0.60568705 -0.22383010 0.62573678
v -0.60219316 -0.17408134 -0.63809777
v -0.60800306 -0.16316032 0.61516926
v -0.56599378 0.05107514 0.63844967
v -0.63841427 0.13522774 -0.66250164
v -0.54097957 0.11978031 0.66207422
v -0.65372054 0.68297077 -0.02493784
v -0.61554083 -0.85793864 0.58488761
v -0.58974247 -0.80561366 0.58559446
v -0.62698329 -0.75838582 -0.62342685
v -0.61591776 -0.63348932 0.62613963
v -0.59004279 -0.64829827 0.61410364
v -0.60928329 -0.60796986 0.61477432
v -0.64853247 -0.44331366 0.65555878
v -0.56102347 -0.43510634 -0.65067069
v -0.60443704 -0.22285925 -0.63457836
v -0.60206923 -0.21710487 0.63277973
v -0.59932151 -0.17739785 0.60525640
v -0.58981570 -0.15956410 0.61563381
v -0.56581625 0.05187662 -0.64746189
v -0.59929427 0.10750383 0.71176143
v -0.59735408 0.11393379 -0.69559518
v -0.59035716 0.12006464 -0.70781201
v -0.58587804 0.12624238 0.64454401
v -0.43735213 0.29798566 0.47293786
v -0.65660413 0.64326922 0.03217827
v -0.57022750 0.65475495 0.02648537
v -0.63543800 0.71154019 -0.00663619
v -0.57190601 -0.88697986 -0.59152243
v -0.59548307 -0.81035434 0.61116179
v -0.60409792 -0.76580522 0.58346783
v -0.60438587 -0.66660363 -0.62236029
v -0.60166385 -0.62995763 -0.65212515
v -0.57113040 -0.62436365 0.61309343
v -0.58966134 -0.61555162 0.64218519
v -0.60752463 -0.22359023 -0.62317680
v -0.60195401 -0.18512358 -0.61427099
v -0.60854611 -0.16671318 -0.62369275
v -0.59080229 -0.07401980 0.61540185
v -0.56044465 -0.01492482 -0.65040600
v -0.64180562 0.05074081 0.62761923
v -0.59503025 0.11396887 -0.69564733
v -0.41838386 0.12999116 0.69379469
v -0.59959334 0.19457386 0.62189420
v -0.65622450 0.46381631 0.26122630
v -0.56152684 0.64493080 -0.05767863
v -0.59667001 -0.85945138 0.57775729
v -0.59687963 -0.83947379 -0.62589242
v -0.58943689 -0.82313867 -0.62493187
v -0.59111826 -0.79552803 -0.58943762
v -0.58059002 -0.77761277 -0.58948899
v -0.62009527 -0.76617189 0.60937783
v -0.57209861 -0.64214278 -0.62345402
v -0.57461200 -0.54074105 0.64374069
v -0.60052875 -0.20782127 -0.65486511
v -0.58431326 -0.19793945 0.61630923
v -0.57739609 0.05593555 0.62631275
v -0.57768514 0.06074884 -0.63380573
v -0.57620227 0.11168516 -0.62233733
v -0.71511560 0.13778219 0.68670933
v -0.41391311 0.42758376 -0.32828018
v -0.57173779 -0.85240930 -0.58898767
v -0.57624832 -0.84866607 -0.62539976
v -0.56299536 -0.84490483 0.58316321
v -0.57334894 -0.84284470 0.61674323
v -0.55250499 -0.81552468 -0.59627644
v -0.58442851 -0.78338645 -0.62142134
v -0.50537719 -0.76498570 -0.59272876
v -0.57684108 -0.61063938 -0.65129282
v -0.57472515 -0.61711248 -0.64807401
v -0.57543413 -0.61752417 -0.63883588
v -0.59769759 -0.21579970 -0.64795506
v -0.59972332 -0.21287117 0.60645771
v -0.59133397 -0.18401879 0.64418028
v -0.57053856 -0.16700043 -0.62312676
v -0.58207817 -0.11940719 -0.65457037
v -0.57558913 0.10494904 0.62744554
v -0.57338386 0.11039377 -0.63538794
v -0.62618656 0.13989558 -0.67783298
v -0.64615431 0.13133707 -0.70518327
v -0.57369416 -0.88901158 -0.61734769
v -0.58034064 -0.82757850 0.60219748
v -0.57481539 -0.80718140 -0.62249248
v -0.56002578 -0.81578097 0.57866392
v -0.56265971 -0.66047399 0.60466992
v -0.57462074 -0.48315765 0.61516961
v -0.57240252 -0.46256547 -0.62396116
v -0.56845260 -0.37457182 0.61114686
v -0.57199347 -0.32559579 -0.62268438
v -0.57800422 -0.17223510 -0.65094731
v -0.57003195 -0.03325449 -0.62322578
v -0.56964623 0.09777861 -0.65155952
v -0.41110836 0.09808564 0.71545639
v -0.59793334 0.13974112 -0.64255740
v -0.55437419 0.69019206 0.03835207
v -0.56427801 -0.89028206 0.61844391
v -0.55532108 -0.85475906 0.57979666
v -0.56366142 -0.80596268 0.61323512
v -0.60235301 -0.66157361 -0.65421865
v -0.60336276 -0.66510483 0.64190762
v -0.60297998 -0.64435967 0.64550820
v -0.56122298 -0.62408870 0.60469255
v -0.56443545 -0.60723745 0.60789169
v -0.56320543 -0.48921834 0.60151406
v -0.56215229 -0.47419465 -0.58498162
v -0.56543543 -0.48000159 0.61058068
v -0.56426609 -0.47948496 -0.61432170
v -0.56149429 -0.37307673 0.57714422
v -0.56836891 -0.36344323 -0.62138259
v -0.56193741 -0.37248545 -0.58535943
v -0.56313171 -0.36702957 0.60200620
v -0.55905211 -0.33673514 -0.61520973
v -0.55535414 -0.34276059 0.60523820
v -0.55263128 -0.21439902 0.60618705
v -0.57567893 -0.19611824 -0.62514490
v -0.56639532 -0.16520702 0.61037784
v -0.56292060 -0.17751343 -0.59157870
v -0.56296197 -0.17011463 0.58297720
v -0.56301199 -0.07861217 0.60096141
v -0.56786485 -0.08199132 0.60971958
v -0.56286416 -0.06345602 -0.59180013
v -0.56330137 -0.09245507 -0.61661820
v -0.56328754 0.07899957 0.59831861
v -0.56405120 0.05059374 -0.61624845
v -0.55728850 0.06816704 -0.59207731
v -0.56267254 0.07366385 0.58234366
v -0.56604970 0.09992124 0.64374446
v -0.56423078 0.09636929 0.60592053
v -0.62210284 0.12219696 -0.69283164
v -0.56552750 0.13206224 -0.63500783
v -0.56936720 0.20512522 -0.60009153
v -0.56165285 0.26641914 0.53055561
v -0.45501317 0.53753617 -0.21000036
v -0.56185525 0.67913641 -0.03496621
v -0.55278431 -0.87217065 -0.59428690
v -0.50971995 -0.82668594 -0.62017526
v -0.55696944 -0.79976660 0.58311648
v -0.55256403 -0.78468152 0.60366607
v -0.47267093 -0.67266293 -0.63397641
v -0.55697522 -0.66725185 -0.64182444
v -0.56372840 -0.62498170 -0.61231427
v -0.55750254 -0.61495647 0.63865718
v -0.56003970 -0.61608096 0.57676504
v -0.56248219 -0.47537925 0.57563978
v -0.55367512 -0.52789547 0.63664281
v -0.55985062 -0.43421089 0.64026651
v -0.56003877 -0.37367036 0.63885494
v -0.55590711 -0.36107483 -0.60437098
v -0.56385299 -0.34564103 -0.59890841
v -0.56310403 -0.34939688 0.58378771
v -0.59875889 -0.21548104 0.64243430
v -0.55922336 -0.17681117 0.58301896
v -0.55470523 -0.16808408 -0.58530130
v -0.55522004 -0.06314384 0.57693130
v -0.55208015 0.05247855 -0.64382024
v -0.55335906 0.05721670 0.57835157
v -0.56394118 0.09270583 -0.61689586
v -0.58585606 0.09832746 0.68284438
v -0.93408219 0.34552572 -0.44926248
v -0.69973536 0.53294958 -0.19700811
v -0.54764842 0.64471929 -0.05370250
v -0.55488769 0.68176077 -0.00787339
v -0.65808004 -0.88463214 -0.65051173
v -0.56503644 -0.89326075 0.58508604
v -0.54464779 -0.86477558 0.58505001
v -0.54983890 -0.85633710 0.60901490
v -0.54900366 -0.82617603 0.60696942
v -0.55431940 -0.79750527 0.59498109
v -0.52560615 -0.77706466 0.57831091
v -0.53727923 -0.78832693 0.64226668
v -0.50006977 -0.76118354 -0.63395289
v -0.59625964 -0.67236198 0.61457388
v -0.54994881 -0.64927778 -0.62372510
v -0.54812920 -0.64818948 0.61271656
v -0.52139978 -0.61855144 0.57743509
v -0.54662887 -0.49692845 0.59053767
v -0.54660119 -0.45899787 0.59428191
v -0.54523587 -0.38343652 -0.59865610
v -0.55609756 -0.35171772 -0.62203455
v -0.60617594 -0.29973614 0.61518707
v -0.54143538 -0.21492308 -0.61517256
v -0.55561267 -0.17734790 -0.65308644
v -0.54749453 -0.08185888 -0.59839403
v -0.54765036 -0.06317997 0.59612994
v -0.54503003 0.04197813 0.62286396
v -0.55414173 -0.08621032 -0.58581501
v -0.54660955 -0.04391632 -0.59875766
v -0.54892036 -0.04195951 0.59406596
v -0.55382946 -0.01409269 0.63738091
v -0.54676441 0.05953509 0.60542523
v -0.55967304 0.05665526 0.64224254
v -0.53220308 0.06670228 0.58348345
v -0.54448338 0.08476437 0.67467561
v -0.58175486 0.10620970 -0.66643682
v -0.57975124 0.16285595 -0.62359226
v -0.63221300 0.37107584 -0.41635552
v -0.58816497 0.69308852 -0.05490149
v -0.59429387 0.71148544 -0.01400711
v -0.54183348 -0.84965428 0.61460149
v -0.53748549 -0.84172466 0.58499875
v -0.53462324 -0.82449573 0.60432565
v -0.52769475 -0.81356630 0.60944074
v -0.53411570 -0.78614838 0.60419086
v -0.52571730 -0.79325887 -0.59321543
v -0.54585982 -0.62657219 -0.61935796
v -0.54711410 -0.61933590 -0.64169368
v -0.54399491 -0.60876587 -0.62180668
v -0.54777790 -0.60448911 0.59075176
v -0.54655674 -0.60473940 -0.59857112
v -0.54169000 -0.60923125 0.62004839
v -0.56184209 -0.61499436 -0.58765661
v -0.54661591 -0.49048532 -0.59988989
v -0.54240186 -0.52121035 0.62255307
v -0.54303466 -0.39114338 0.62238438
v -0.54470749 -0.47613291 -0.61411003
v -0.54648084 -0.45883083 -0.59802743
v -0.54779614 -0.38409777 0.59039498
v -0.53705769 -0.38348382 0.62581964
v -0.53760871 -0.35193142 -0.61515579
v -0.56062365 -0.33522241 0.64079815
v -0.53684197 -0.34470908 -0.59553964
v -0.55936940 -0.19868940 0.61645311
v -0.54363075 -0.16550020 -0.62572222
v -0.54764984 -0.16477057 0.59151640
v -0.54688124 -0.16717094 -0.64055444
v -0.54456058 -0.06137542 -0.60624745
v -0.54389937 0.05295371 0.59126290
v -0.54426823 0.05530035 -0.62454931
v -0.54688944 0.05973581 -0.65083936
v -0.48537189 0.09476805 -0.61697064
v -0.57759421 0.11396649 -0.69616661
v -0.36412331 0.17938353 -0.65098010
v -0.64757392 0.43135428 -0.34290381
v -0.56140807 0.64803281 -0.07348991
v -0.54459327 0.64891735 0.04864204
v -0.55650524 -0.89209700 -0.63172638
v -0.53988432 -0.85844388 0.59400493
v -0.51754613 -0.82176713 -0.59068842
v -0.53174142 -0.78610139 -0.62206312
v -0.54227653 -0.47695783 0.59616274
v -0.52936764 -0.37345104 0.64124243
v -0.54386423 -0.36686275 -0.61526135
v -0.53519964 -0.34583129 -0.61711449
v -0.55504693 -0.04578071 -0.58611625
v -0.52294610 0.05689940 -0.60623030
v -0.49289841 0.10542572 -0.69124898
v -0.52028228 -0.86595150 0.57999379
v -0.52590394 -0.81406004 0.58201866
v -0.51081653 -0.77854244 -0.58779003
v -0.48670310 -0.45954858 -0.59673504
v -0.54170818 -0.35489458 0.59910099
v -0.60885070 -0.22468636 0.61514797
v -0.55652622 -0.16872082 0.57697896
v -0.54570213 -0.16104101 -0.59940490
v -0.53603395 0.05226611 0.60862016
v -0.56371153 0.09639790 -0.71139026
v -0.55047396 0.64452958 0.03117170
v -0.51368547 -0.84857670 0.61014963
v -0.51633899 -0.76606134 0.58433611
v -0.44897428 -0.62032605 -0.59054269
v -0.53804013 -0.45910571 0.58910361
v -0.55713533 -0.35134772 -0.58767647
v -0.56102766 -0.33644832 -0.64828568
v -0.57016036 -0.32522572 0.61502496
v -0.56423541 -0.18194157 -0.61266529
v -0.55148770 -0.17449797 0.63405713
v -0.48615479 -0.16008473 -0.59865742
v -0.54105211 0.05561889 -0.59934701
v -0.47896920 0.05940282 0.58569992
v -0.56029108 0.08684354 -0.71966300
v -0.53544290 0.09558073 -0.70271299
v -0.55922188 0.08834669 0.70769508
v -0.35573454 0.13797204 -0.64066746
v -0.42106930 0.66536204 -0.07347895
v -0.48694465 -0.89332124 0.62231992
v -0.50827390 -0.86494205 0.61522963
v -0.49525151 -0.87088664 -0.62569625
v -0.49168484 -0.87032476 -0.58961847
v -0.51485473 -0.85519380 -0.62448952
v -0.50057669 -0.77730338 0.58494045
v -0.50601730 -0.77740277 0.60644423
v -0.52149619 -0.76519432 -0.61655594
v -0.48801727 -0.75854196 -0.62339189
v -0.47467354 -0.36078081 -0.60599601
v -0.48902579 -0.35711178 0.58569387
v -0.52365503 -0.34528605 0.60246411
v -0.48481885 -0.04195208 0.59038919
v -0.54090848 0.08391539 -0.62526352
v -0.62290500 0.09492305 0.68862632
v -0.57613791 0.11372565 0.61575345
v -0.48225528 0.11479159 0.68774841
v -0.65155639 0.29130414 -0.49817945
v -0.47645598 -0.85753711 -0.58818432
v -0.50976469 -0.83613145 0.61525794
v -0.51153662 -0.82451293 0.58044514
v -0.50691140 -0.83773408 0.58589990
v -0.38978167 -0.79366680 0.64402902
v -0.50364753 -0.78486905 -0.62445869
v -0.35456897 -0.67277339 0.61470875
v -0.47977835 -0.60155159 -0.59966237
v -0.49179878 -0.49957586 -0.59666395
v -0.48796751 -0.45941945 0.58916605
v -0.56213017 -0.37424218 -0.64858757
v -0.48537368 -0.07823136 -0.59821494
v -0.44643429 0.12254405 0.64606992
v -0.56098410 0.16312015 0.61580090
v -0.42222823 0.59683928 0.09256784
v -0.45845026 -0.88922431 0.63903155
v -0.48001813 -0.83223083 0.61526019
v -0.48606947 -0.81165125 0.60918953
v -0.49981579 -0.81033790 0.58629954
v -0.49452258 -0.79002447 0.57845500
v -0.36273389 -0.62245571 0.64363902
v -0.47348818 -0.60758045 -0.61941639
v -0.48722756 -0.50439838 0.58830843
v -0.48017705 -0.45623183 0.57833112
v -0.47406340 -0.37158706 -0.58438135
v -0.48339263 -0.38230045 0.59083190
v -0.53543144 -0.36704478 0.60692790
v -0.47917848 -0.34254613 -0.61764130
v -0.45007226 -0.34728604 0.58036990
v -0.54999940 -0.17902200 0.64442679
v -0.38206701 -0.18501508 -0.65442541
v -0.56552652 -0.18130358 0.60306929
v -0.48451204 -0.07914313 0.59076463
v -0.49988297 -0.02368369 0.58094326
v -0.36870630 0.05554334 0.64032643
v -0.53378620 0.07586930 -0.59151488
v -0.55925512 0.08198967 -0.69167329
v -0.55635671 0.08448495 -0.68740504
v -0.60203577 0.09805433 -0.72877844
v -0.44606133 0.10275172 -0.65103706
v -0.53784995 0.67570553 0.00772932
v -0.47937688 -0.88347423 -0.59909570
v -0.50953056 -0.85011812 0.58459597
v -0.55858438 -0.84333596 0.64530530
v -0.48887704 -0.81558031 -0.62140031
v -0.47559535 -0.78501249 0.58357797
v -0.46806206 -0.76838317 -0.61812404
v -0.56003394 -0.66380010 -0.61625488
v -0.54583889 -0.38186588 -0.64004837
v -0.48330979 -0.38510244 -0.59844108
v -0.47255344 -0.04569895 -0.58642551
v -0.48497283 -0.04277466 -0.59819347
v -0.48444609 0.04455477 0.59164760
v -0.46566213 0.08109079 -0.61774171
v -0.50798840 0.08095909 0.61374674
v -0.55112637 0.09100665 0.61364544
v -0.51970764 0.12456633 -0.67063604
v -0.45001496 0.13635827 0.63092899
v -0.35520695 0.16338554 -0.62346639
v -0.42776578 0.68116841 -0.03089743
v -0.45709374 -0.81777233 0.58029814
v -0.47146106 -0.38506166 0.60259879
v -0.47176294 -0.18490000 0.60870052
v -0.54426445 -0.16365783 0.61936023
v -0.48445761 -0.16068787 0.59129104
v -0.46892875 -0.15899225 0.60110059
v -0.48538470 0.04205548 -0.59891190
v -0.46887403 0.05282194 0.57780314
v -0.54390299 0.11590955 -0.70360590
v -0.56556834 0.16587705 -0.63273039
v -0.58406608 0.61762090 0.08547901
v -0.42913012 0.70505514 -0.04806205
v -0.47208467 -0.89303596 -0.64117625
v -0.48588101 -0.88094937 0.59298276
v -0.46605878 -0.81736423 -0.58941017
v -0.47624562 -0.79584753 -0.58902429
v -0.48779297 -0.79071351 0.61505068
v -0.39806788 -0.76123100 0.62622105
v -0.36607707 -0.66067878 -0.65458574
v -0.47207353 -0.60700851 0.59750528
v -0.46818009 -0.47576775 -0.60368781
v -0.42371570 -0.34964549 -0.58583246
v -0.46841911 0.04113385 0.59683962
v -0.47020291 -0.03583692 -0.60704089
v -0.38134114 0.13739318 0.68695072
v -0.43147294 0.20183334 0.59270611
v -0.35881381 0.18127041 0.61876684
v -0.40119403 0.71174702 -0.01103243
v -0.45650391 -0.87063618 0.61084622
v -0.49048832 -0.84660480 -0.59077466
v -0.46524741 -0.80788638 -0.62115015
v -0.45937502 -0.76806213 -0.59145570
v -0.54302627 -0.66334609 0.60731432
v -0.47711059 -0.62868143 -0.61617173
v -0.39784721 -0.61767956 0.62801229
v -0.46745256 -0.48855970 -0.60272191
v -0.47361588 -0.47800082 0.59727290
v -0.45681865 -0.38313134 0.58987435
v -0.39096169 -0.37344719 -0.64925157
v -0.47825020 -0.37251794 0.57720933
v -0.45822699 -0.19969193 -0.62597990
v -0.46663927 -0.16097006 -0.61563331
v -0.46942056 -0.07391553 -0.60700874
v -0.45341812 -0.07960132 -0.59794282
v -0.47071213 -0.07319290 0.59709257
v -0.47031728 -0.06133824 0.59871751
v -0.45399152 -0.05772070 0.57927726
v -0.45191005 -0.04266955 -0.59752690
v -0.47245450 0.05063939 -0.61161693
v -0.45050986 0.04169726 -0.59819719
v -0.44482771 0.05827016 0.59949115
v -0.47244738 0.07585898 0.57745575
v -0.31197747 0.09659448 -0.71128866
v -0.36426740 0.11252402 0.61564400
v -0.47707943 -0.83730014 -0.62338197
v -0.43042866 -0.82595259 0.58500636
v -0.45458024 -0.79683864 -0.65397931
v -0.47345017 -0.60408085 -0.58536715
v -0.45816948 -0.60515769 0.58954225
v -0.45362522 -0.59980817 -0.59729393
v -0.48523622 -0.49734829 0.57717523
v -0.45376632 -0.45937085 0.58892157
v -0.47458603 -0.17034375 0.57730277
v -0.38626343 0.06665391 0.64543819
v -0.46736134 0.06033277 -0.59519528
v -0.34186095 0.10762931 0.71162430
v -0.41695586 0.11335371 -0.62317440
v -0.44899131 0.56192929 -0.16055647
v -0.47312737 -0.89103818 -0.62789501
v -0.45838168 -0.87651086 0.58634602
v -0.47304910 -0.85545319 -0.62011080
v -0.48219041 -0.85673987 0.57722636
v -0.46283048 -0.84571979 0.60944516
v -0.42310125 -0.82953053 -0.62310645
v -0.47826873 -0.76426060 0.61447474
v -0.54629761 -0.67220281 -0.62215555
v -0.34152141 -0.67267611 0.62593429
v -0.47186969 -0.60890101 0.61552133
v -0.46754002 -0.38347881 -0.60941888
v -0.35156290 -0.21794875 0.63216621
v -0.41104569 -0.17325954 -0.64039902
v -0.45274111 -0.16383391 0.59046708
v -0.46749963 -0.16325439 0.61708881
v -0.46949257 -0.16839448 -0.58552308
v -0.47075767 -0.06203313 -0.60625551
v -0.40261779 0.09850702 0.60188257
v -0.49831754 0.10556002 0.67909254
v -0.63174874 0.17382613 -0.63906427
v -0.58747572 0.14361308 0.66184585
v -0.53963091 0.68425414 -0.02821590
v -0.40892554 -0.87145946 0.58458650
v -0.38838978 -0.61845314 -0.63303968
v -0.41532088 -0.61697870 0.57719398
v -0.43773071 -0.47526383 0.57450853
v -0.37953260 -0.32522886 -0.62275034
v -0.35375099 -0.22413628 -0.62320463
v -0.46450334 -0.17770727 -0.59124312
v -0.37231505 -0.17470582 -0.64975726
v -0.45133806 -0.04163110 0.58946282
v -0.38133958 0.06821124 0.58199444
v -0.35615102 0.12817852 -0.63414683
v -0.54080724 0.16641914 0.62594702
v -0.53603709 0.17315417 0.62603587
v -0.29455963 0.29274795 0.49854020
v -0.40107810 0.70136645 -0.05071879
v -0.40925539 -0.89127063 0.61899559
v -0.42127496 -0.86052988 0.61502395
v -0.42872254 -0.84063214 -0.58867538
v -0.41772678 -0.82542208 0.61418172
v -0.41472816 -0.81820363 0.61008145
v -0.41264513 -0.78560814 0.58392166
v -0.40747339 -0.77515133 -0.58566689
v -0.46035072 -0.77356742 0.57860710
v -0.55536710 -0.62251806 -0.65492051
v -0.39709280 -0.46204433 0.58958259
v -0.46337024 -0.39152761 -0.60005804
v -0.40496173 -0.37299951 0.64113761
v -0.35927184 -0.19991629 0.61540080
v -0.37490362 -0.17982995 0.60513973
v -0.45290343 -0.16278054 -0.59863076
v -0.42324888 0.05494242 -0.61164560
v -0.38076634 0.05071958 0.57729785
v -0.54939667 0.10547026 -0.71908626
v -0.37751878 0.10115012 0.64323531
v -0.54780660 0.10994191 0.63001869
v -0.34393183 0.12166095 -0.70917851
v -0.34760126 0.42799889 -0.34674728
v -0.42815381 0.68232575 -0.00214973
v -0.41113115 -0.85943152 -0.61969208
v -0.42424905 -0.81602096 -0.59231486
v -0.42158060 -0.83613834 0.58361392
v -0.41453244 -0.80792104 -0.62356521
v -0.40840242 -0.81598757 0.58120133
v -0.41626403 -0.78863278 0.61770882
v -0.42384864 -0.77913474 -0.61463138
v -0.47037809 -0.77806912 -0.64666477
v -0.54419919 -0.62397625 0.64505924
v -0.39012794 -0.60681891 -0.62336177
v -0.39693650 -0.60277288 0.58945502
v -0.45399656 -0.48339675 0.59054114
v -0.38677714 -0.46026066 -0.59720081
v -0.47483234 -0.36661333 -0.61257238
v -0.43245525 -0.35490464 0.60273730
v -0.39384524 0.05300815 -0.58776602
v -0.39573951 0.06011718 -0.61362157
v -0.40279195 0.09057853 0.61889685
v -0.36141946 0.10962357 0.62856041
v -0.35937758 0.64852703 0.04832143
v -0.42081500 0.64515478 -0.05474516
v -0.42394130 0.65633540 0.04792280
v -0.42306050 0.69042312 0.03804335
v -0.42466904 -0.88290728 -0.64993330
v -0.41944959 -0.84768730 0.60945523
v -0.34768846 -0.67026236 -0.63383705
v -0.40967425 -0.66334847 -0.61734881
v -0.46829393 -0.47563396 -0.58417118
v -0.43409099 -0.34403205 -0.61670526
v -0.40082913 -0.34836069 0.60054980
v -0.39199231 -0.16397502 -0.59858535
v -0.39763536 0.04806949 -0.59893671
v -0.39603592 0.05216844 0.59935369
v -0.55765565 0.05198234 -0.58621258
v -0.54181113 0.10396379 -0.72696896
v -0.34271001 0.49841629 -0.26115889
v -0.38970760 -0.89273352 0.63314234
v -0.39251716 -0.88097036 0.64438895
v -0.40861640 -0.85630452 -0.59184757
v -0.40471019 -0.80634355 -0.58962826
v -0.40727351 -0.77634625 0.57676709
v -0.47643248 -0.76684001 0.58533138
v -0.37635978 -0.62260917 -0.61485306
v -0.42090743 -0.62752534 0.60491642
v -0.38025874 -0.60587477 -0.58513835
v -0.39728754 -0.49987203 0.58867077
v -0.38152012 -0.48430890 0.57465570
v -0.37591161 -0.36965063 0.58484060
v -0.41600177 -0.35069246 -0.61781665
v -0.38325035 -0.17817047 0.58315613
v -0.38796369 -0.16574305 0.59624024
v -0.38877720 -0.07702487 -0.59887320
v -0.39212353 -0.05959715 -0.60756424
v -0.38008494 -0.04677028 -0.58563858
v -0.39396378 0.03559108 0.59023635
v -0.37562577 0.08478843 -0.70877371
v -0.38062793 0.08028839 0.59474537
v -0.34648690 0.12305536 -0.67188974
v -0.39908057 0.38461537 0.38064396
v -0.42041313 0.65126526 0.02572503
v -0.39363398 -0.84274772 -0.61735108
v -0.34792337 -0.75841906 0.61499158
v -0.38123182 -0.64911274 -0.62310633
v -0.39719528 -0.60899501 0.61750283
v -0.39016334 -0.60238250 -0.59912933
v -0.39639487 -0.45786460 0.57909491
v -0.38807540 -0.38231945 0.59051496
v -0.38976237 -0.38395168 0.61930709
v -0.37944599 -0.37241388 -0.58466644
v -0.35538002 -0.21744856 -0.65028801
v -0.37514692 -0.17659441 0.64347998
v -0.41107659 -0.07896195 -0.58694366
v -0.39701643 -0.07682102 0.58977554
v -0.39730434 -0.06028321 0.59730938
v -0.39864638 0.08543864 -0.62252172
v -0.39040961 0.11123916 -0.63589361
v -0.41966325 0.68094458 -0.01182726
v -0.38910121 -0.82427341 -0.62265689
v -0.39293008 -0.80818961 -0.62052513
v -0.36110779 -0.66657028 0.63239329
v -0.38120348 -0.64969848 0.61183266
v -0.37777429 -0.60951373 0.57637514
v -0.38828339 -0.50099632 -0.59740923
v -0.39464053 -0.47767853 -0.60366692
v -0.38925503 -0.38540612 -0.62765004
v -0.38724935 -0.38396783 -0.59738226
v -0.38212721 -0.37955110 0.63415662
v -0.37254044 -0.35308593 0.58463334
v -0.37544445 -0.34153376 0.60337033
v -0.37585147 -0.33498544 0.64054370
v -0.37789354 -0.17364936 -0.58527320
v -0.38754705 -0.16837958 0.62304354
v -0.38754327 -0.16683133 -0.62954703
v -0.39243210 -0.04070174 -0.59909414
v -0.39318771 -0.04336332 0.59045877
v -0.37705984 0.05052287 -0.58603400
v -0.38151658 0.06831091 -0.59205266
v -0.38069979 0.09682808 0.60261362
v -0.39291563 0.09694497 0.69669971
v -0.32029576 0.17241873 0.62735566
v -0.37418812 0.25384915 -0.56215123
v -0.41367049 -0.88512498 -0.62575930
v -0.39574870 -0.85840547 -0.62330690
v -0.30274439 -0.84559133 0.64707944
v -0.39206444 -0.78447437 -0.61510936
v -0.34665209 -0.76518507 0.58391387
v -0.38854286 -0.60077659 0.59484696
v -0.38112283 -0.61033410 0.63445680
v -0.38832637 -0.48093128 0.59714669
v -0.38836444 -0.48829935 -0.62720533
v -0.37867730 -0.47810136 -0.58419831
v -0.38454084 -0.51238634 0.63224142
v -0.38351122 -0.37413379 0.57671670
v -0.38671540 -0.38058134 -0.64252652
v -0.35963331 -0.36501320 -0.64832058
v -0.37614909 -0.34269439 -0.61815339
v -0.38600789 -0.36591302 0.60669265
v -0.34701258 -0.33550240 -0.64839182
v -0.36839889 -0.16766517 0.63943158
v -0.38706064 -0.06935146 0.59966457
v -0.38057225 -0.05860672 0.57696678
v -0.38777005 -0.05977387 -0.61557464
v -0.38480412 -0.06402824 -0.64116490
v -0.38600579 0.03214075 0.60440393
v -0.38756375 -0.00430090 0.62694901
v -0.39299511 0.05612803 0.61739171
v -0.38469890 0.05899591 -0.65190401
v -0.31632487 0.39680420 0.34609025
v -0.38569275 0.50065445 -0.23729307
v -0.39542054 0.47176799 0.27269681
v -0.40796446 0.56277400 0.15528319
v -0.41706879 -0.89373567 -0.63079955
v -0.31383451 -0.89303915 0.62351774
v -0.33621587 -0.89310267 -0.64121153
v -0.34040887 -0.86759508 -0.62343324
v -0.39980989 -0.84393293 -0.58836283
v -0.35954897 -0.86504186 0.58400298
v -0.38364036 -0.83431752 0.61023001
v -0.33527696 -0.77918074 -0.58972489
v -0.35822511 -0.66672074 -0.64254410
v -0.36365065 -0.66426086 0.64482092
v -0.36446768 -0.62450148 -0.65462192
v -0.38592003 -0.61719597 0.59459428
v -0.37280743 -0.53290505 -0.61691859
v -0.37361941 -0.61737702 0.60138197
v -0.37412397 -0.61580595 -0.59393092
v -0.37444720 -0.48484505 0.58026273
v -0.38179244 -0.44154733 -0.64942287
v -0.37398838 -0.39486575 -0.59313334
v -0.37326672 -0.36744253 -0.61772995
v -0.37934414 -0.18185904 -0.61463016
v -0.37929459 -0.16939812 0.57701944
v -0.37433196 -0.16893079 0.58551160
v -0.37350762 -0.16848987 0.60724865
v -0.36503529 -0.16559747 0.61539088
v -0.36584590 -0.12260764 -0.65226376
v -0.37479506 -0.06483288 -0.59398787
v -0.37422942 -0.06186862 0.60833662
v -0.37483790 0.04876298 0.58551206
v -0.38732101 0.05299775 -0.63610860
v -0.37546096 0.08103171 -0.61647913
v -0.36960990 0.07552688 0.61875799
v -0.38302968 0.09865448 -0.61560247
v -0.40909754 0.67828182 -0.03284684
v -0.38652768 -0.85754017 0.61487062
v -0.37870793 -0.79440451 0.58346240
v -0.36553320 -0.66209577 -0.61609936
v -0.36881508 -0.61443622 0.63152499
v -0.37250226 -0.61509384 -0.61800194
v -0.36423412 -0.61152886 0.64036995
v -0.36300255 -0.51848546 -0.62248995
v -0.38036999 -0.53414660 -0.64954182
v -0.37295292 -0.57165719 0.60592365
v -0.37176805 -0.36868281 0.61109632
v -0.37163437 -0.43770287 0.64064022
v -0.37269250 -0.37407945 0.63774258
v -0.33510745 -0.22350471 0.62625317
v -0.37363809 -0.17247465 -0.61625691
v -0.33963604 0.10191045 -0.64985555
v -0.35777222 0.09597215 -0.63965716
v -0.39105568 0.12158899 0.69521812
v -0.33792047 0.16555899 -0.63229876
v -0.33534280 -0.81338652 -0.62324653
v -0.34206169 -0.78201912 -0.61893141
v -0.36028012 -0.65125057 0.60776074
v -0.37190252 -0.53523267 0.64069939
v -0.35625960 -0.36310443 0.62653592
v -0.37379673 -0.21546884 -0.61605883
v -0.36010578 -0.20889418 -0.65448881
v -0.35844963 -0.20027213 -0.62251929
v -0.36564431 -0.07325803 -0.62195688
v -0.27621041 -0.09392675 -0.66135111
v -0.36410667 0.04870627 0.61583758
v -0.35491498 0.13401242 0.63364924
v -0.34867115 0.12848949 0.65626390
v -0.35138732 0.13951774 0.66637517
v -0.37436148 0.64800352 -0.07404782
v -0.35771688 0.66353480 0.04605745
v -0.34027804 -0.87640396 0.61468671
v -0.39695529 -0.82287115 -0.58829311
v -0.34928763 -0.78312320 0.57485558
v -0.34667660 -0.76125990 -0.63385696
v -0.34763294 -0.62225349 0.62667320
v -0.35042100 -0.62119105 0.61437739
v -0.35340580 -0.49284745 0.61511864
v -0.36678532 -0.36042308 -0.62096948
v -0.36015543 -0.32501738 0.61497397
v -0.33448443 -0.33887627 -0.62293969
v -0.36103946 -0.32527688 0.62609237
v -0.33448520 -0.22413568 0.61484402
v -0.34547284 -0.21446130 0.60679093
v -0.35626597 -0.21373381 0.64413067
v -0.34799923 -0.16722167 0.61276150
v -0.34947495 -0.06304379 0.61333570
v -0.37737332 -0.01282534 -0.64841738
v -0.34958674 0.09723378 0.61156090
v -0.34284327 0.09444861 0.64292092
v -0.34853795 0.64110606 0.03479776
v -0.33576526 -0.84722681 0.58475164
v -0.34141934 -0.84057982 -0.59338214
v -0.31903337 -0.82332928 0.61140415
v -0.35141565 -0.82804098 0.58418104
v -0.34497108 -0.80721598 0.59942524
v -0.32529634 -0.76683042 -0.59328245
v -0.34454916 -0.76598876 0.60932646
v -0.35350223 -0.61909911 -0.63305938
v -0.34800566 -0.36793146 -0.64123939
v -0.34738855 -0.21838914 -0.64037327
v -0.33485256 -0.17179660 0.61530873
v -0.37628735 -0.12442640 0.63872757
v -0.33217192 -0.06743593 0.61635340
v -0.35326771 0.07904813 -0.62228352
v -0.34218330 0.11823713 0.63306642
v -0.44558268 0.11893794 -0.69608885
v -0.35255271 0.30296431 -0.48252925
v -0.34882686 0.66982007 0.00850937
v -0.34954329 0.68528600 -0.02586846
v -0.33845692 -0.83932697 -0.62219886
v -0.32635106 -0.78338705 0.58272242
v -0.37550691 -0.61358102 -0.64708700
v -0.29764061 -0.37691155 -0.65995458
v -0.31419842 -0.32626501 -0.63490354
v -0.33721431 -0.22408914 -0.63467919
v -0.34336608 -0.17454095 0.64040276
v -0.34977468 -0.16293058 -0.62333766
v -0.33384698 0.00086169 0.62193582
v -0.30570791 0.04940019 0.62912177
v -0.33378974 0.06014155 0.62607346
v -0.33762218 0.05812789 -0.63660919
v -0.34707575 0.12354776 -0.64467452
v -0.31271338 0.09562723 0.68766569
v -0.33836817 0.08790029 0.70843039
v -0.34302303 0.10759173 -0.62295490
v -0.33640588 0.13709361 0.63280249
v -0.34489866 0.16667545 0.62488009
v -0.34777181 0.66572359 0.05010962
v -0.34935759 0.66589398 -0.07348671
v -0.35351256 0.69370742 0.03182320
v -0.32830787 -0.89143253 -0.62788675
v -0.31863287 -0.87536024 0.58533967
v -0.33268073 -0.86008471 -0.58729319
v -0.33136511 -0.81821074 -0.58808333
v -0.27645699 -0.37433105 0.65140965
v -0.34988343 -0.17429784 0.63191055
v -0.33562908 -0.18193557 -0.63555890
v -0.35490358 -0.17727332 -0.65062682
v -0.33932967 -0.04772528 -0.62346098
v -0.33182439 0.04985637 -0.62441894
v -0.32241600 0.05965536 0.61545937
v -0.36810747 0.13312658 -0.68440139
v -0.33621944 0.14324703 -0.63563566
v -0.35372189 0.16324407 0.61577193
v -0.30954554 -0.85859025 0.58303499
v -0.32470163 -0.88066303 -0.59158644
v -0.33152672 -0.84785687 0.61518236
v -0.33131986 -0.78008250 0.61079968
v -0.30711823 -0.78131555 -0.64831013
v -0.31291702 -0.77422665 -0.58583432
v -0.34105662 -0.67266376 -0.62268137
v -0.27626134 -0.60988256 0.65387051
v -0.34846626 0.05326454 -0.65024019
v -0.26343703 0.13553960 0.63301426
v -0.33366904 0.12476958 0.61597434
v -0.34694030 0.64746241 -0.05291588
v -0.31804124 -0.88416657 0.61758550
v -0.30484413 -0.80986075 -0.58929128
v -0.31782404 -0.79289044 0.58134732
v -0.29993606 -0.80270518 -0.65419283
v -0.31523188 -0.79902621 -0.61899946
v -0.31776292 -0.79085549 -0.59105857
v -0.32166044 -0.50310766 -0.63781261
v -0.30432165 -0.38433338 -0.63996102
v -0.30052752 -0.38226777 0.63270697
v -0.29329686 -0.37530056 -0.64404975
v -0.13212343 -0.10300240 0.61552993
v -0.35059674 0.05496661 0.63781110
v -0.28495834 0.09635691 -0.70167642
v -0.33354947 0.13058404 0.62747740
v -0.36675046 0.23099265 -0.57015599
v -0.40723773 0.47824147 0.24392010
v -0.38402606 0.62709389 -0.08079244
v -0.28203865 0.68626811 -0.02602937
v -0.31922089 -0.83743316 0.58578426
v -0.31342322 -0.82453256 -0.59155168
v -0.30836806 -0.78245998 -0.61370374
v -0.31405673 -0.78561040 0.58398132
v -0.32835954 -0.76427940 -0.62237387
v -0.28011669 -0.61040388 -0.66038584
v -0.30832044 -0.60595472 0.63263338
v -0.28099939 -0.54683314 -0.66230732
v -0.28823230 -0.37563656 0.62668590
v -0.31164448 -0.09352486 -0.64008241
v -0.27960957 0.04797428 0.65416425
v -0.29605725 0.09821106 0.68258063
v -0.28414073 0.10419456 -0.72695579
v -0.30821414 0.10660520 -0.68883064
v -0.31429595 -0.87054217 -0.62322687
v -0.30508350 -0.83848713 0.61626202
v -0.31194743 -0.78653050 0.61181054
v -0.32146652 -0.76825121 0.61087351
v -0.27788104 -0.59406686 -0.63468197
v -0.27468410 -0.17546982 -0.65949324
v -0.27846261 -0.16845040 0.63356391
v -0.30993366 -0.10835415 0.63138584
v -0.30815092 -0.02222594 0.63114095
v -0.27972200 0.05075693 -0.65974965
v -0.27564480 -0.01091988 0.63588111
v -0.36719621 -0.01180192 0.63940885
v -0.29675752 0.03823351 -0.63737853
v -0.30972615 -0.88322266 0.64307101
v -0.30020678 -0.84512014 -0.62764206
v -0.25255418 -0.84989263 0.57937429
v -0.30073682 -0.82144127 0.58482595
v -0.29212025 -0.81333721 0.58785441
v -0.30971151 -0.77112341 0.58036861
v -0.31665642 -0.60982192 -0.64018628
v -0.27963027 -0.60955403 0.62619707
v -0.28374052 -0.58073312 -0.64357970
v -0.30244082 -0.53300163 0.63196044
v -0.29358641 -0.43535249 -0.66137642
v -0.27739652 -0.37986181 0.63584240
v -0.28105829 -0.45058395 -0.63528935
v -0.27515776 -0.17104155 0.65278697
v -0.27376333 -0.11641050 0.63686355
v -0.28233314 -0.11676856 -0.63989254
v -0.27672734 -0.01056315 -0.64180870
v -0.26395345 0.67240774 0.00568409
v -0.25921943 0.66586992 -0.07242074
v -0.29952752 -0.87027553 -0.58738861
v -0.39687268 -0.84816420 -0.65524286
v -0.27513229 -0.81929158 0.61287823
v -0.27554111 -0.60995414 0.63820078
v -0.27900080 -0.53099507 0.63562143
v -0.27928144 -0.54266435 0.65508316
v -0.27976189 -0.43772895 0.65537926
v -0.27637013 -0.39660271 -0.65971731
v -0.28735511 -0.37140495 -0.63519013
v -0.26869239 -0.18220078 -0.63484733
v -0.28119783 -0.16726722 -0.64049257
v -0.27896612 -0.12006865 0.65413321
v -0.26841643 -0.12949855 -0.63509502
v -0.27633409 -0.01222984 -0.66164091
v -0.27926525 -0.01346368 0.65505755
v -0.27467201 0.04984511 -0.64718346
v -0.26654580 0.10595671 -0.71915301
v -0.26004207 0.66894396 0.04845637
v -0.27814511 -0.88046797 -0.62346576
v -0.30254952 -0.86028791 0.61497437
v -0.25488802 -0.84467390 0.61234833
v -0.21022218 -0.79128949 0.61565945
v -0.24920088 -0.79100156 -0.60702160
v -0.27451030 -0.60943533 -0.65714216
v -0.27225875 -0.53143421 0.64846579
v -0.27590161 -0.43140483 -0.64650498
v -0.27335958 -0.52379755 0.64074285
v -0.27090063 -0.39441685 0.64611545
v -0.26476299 -0.17511894 0.62673394
v -0.27125208 -0.05880170 0.64825476
v -0.27452239 -0.09971008 -0.64511548
v -0.26985518 -0.09270295 -0.63511408
v -0.27249475 0.05166009 0.64182961
v -0.25691246 -0.89528041 -0.63531550
v -0.26564864 -0.88750992 -0.58993052
v -0.26411562 -0.80694055 -0.62613478
v -0.21923062 0.12759197 0.69574818
v -0.33018467 0.19653981 0.61842889
v -0.26085910 0.64146773 0.03518203
v -0.25054720 -0.86629309 -0.62418705
v -0.25423217 -0.86396457 -0.58845473
v -0.23630203 -0.85051944 -0.59321076
v -0.26676283 -0.82219409 0.58437505
v -0.15264925 -0.75839203 0.61523904
v -0.23333774 -0.47309307 -0.62310188
v -0.26036461 -0.46493353 0.61485247
v -0.26769799 -0.00760650 -0.63543843
v -0.15667285 0.11166248 0.65054428
v -0.35028873 0.11871175 -0.65722969
v -0.19793574 0.11642223 0.68790772
v -0.24486711 0.69170474 0.03358779
v -0.21387489 -0.86343044 0.61476701
v -0.23287849 -0.83676756 0.57996108
v -0.25469332 -0.82716953 0.60684572
v -0.31578606 -0.82518513 -0.61958380
v -0.21224171 -0.82155705 0.58740705
v -0.24667780 -0.80910268 -0.59091824
v -0.16242479 -0.80559160 0.64601687
v -0.22312763 -0.76455393 -0.61814848
v -0.26899525 -0.12456178 0.62689458
v -0.32714000 0.09382415 0.66444771
v -0.23509716 0.09635044 0.69668449
v -0.26757812 0.11591591 0.66731946
v -0.32246148 0.17266339 -0.63989082
v -0.23569989 -0.77636891 -0.58533416
v -0.21757635 -0.76478972 -0.59207044
v -0.32321630 0.13131869 -0.70515228
v -0.26090428 0.64639067 -0.05495863
v -0.25703887 0.64884144 0.04715832
v -0.26086293 0.68543661 -0.02015685
v -0.25484002 0.70092825 -0.05069853
v -0.23870714 -0.81102757 -0.60374395
v -0.25353875 0.67541043 0.00839423
v -0.22141610 -0.82397694 -0.61941455
v -0.20777348 -0.78662354 0.58270990
v -0.23196364 -0.78626938 -0.62569377
v -0.27449758 0.08277457 -0.68786865
v -0.11676713 0.24897589 -0.55032546
v -0.22304457 0.71319435 -0.01148638
v -0.20076500 -0.88679151 0.61928919
v -0.20520637 -0.86513541 -0.62363568
v -0.21072781 -0.86551284 0.58422059
v -0.27860747 -0.00039278 0.62716019
v -0.29423720 0.08565195 0.67075790
v -0.19986987 0.16254019 -0.62327381
v -0.17234570 0.16391514 0.62479979
v -0.22172932 0.46984300 -0.27618192
v -0.33509390 0.60354073 -0.12907387
v -0.18484348 -0.86481554 -0.58842092
v -0.20665233 -0.81543618 0.61354331
v -0.20838670 -0.77930931 -0.58789762
v -0.21914755 -0.75767590 -0.62300704
v -0.28691712 0.10606901 0.67942087
v -0.15464672 0.09837131 0.71551322
v -0.11474329 0.34394586 -0.43105262
v -0.14486641 0.62523748 0.07707939
v -0.22328714 -0.88441545 -0.65078828
v -0.19416812 -0.88769844 -0.58889911
v -0.20115547 -0.84615718 -0.62305480
v -0.17085582 -0.83783069 0.58514628
v -0.21814290 -0.83972999 0.61608434
v -0.18873064 -0.82386693 -0.58935122
v -0.20020537 -0.81144996 -0.61961165
v -0.19769861 -0.81289416 0.58052245
v -0.18049676 -0.78956783 -0.61636685
v -0.17741395 -0.77157484 0.58252864
v -0.16864087 0.08410211 -0.68417487
v -0.32713992 0.08170760 0.68845361
v -0.29347740 0.09779029 -0.72890496
v -0.31704797 0.11429316 -0.70339478
v -0.21080424 -0.89317824 0.63343484
v -0.19906526 -0.88378041 0.58403037
v -0.22598133 0.10583407 -0.69493385
v -0.16648648 0.65091820 0.04772943
v -0.16806327 0.64536099 -0.05382289
v -0.19589956 -0.89451626 -0.63029729
v -0.18088780 -0.85424746 0.58161058
v -0.17736669 -0.79156398 -0.59228912
v -0.21959973 -0.75828474 -0.63380848
v -0.27551867 -0.46643198 0.62677557
v -0.29894418 0.12979285 -0.63492057
v -0.25582315 0.37849729 -0.40689740
v -0.21086954 0.68876995 -0.03417803
v -0.18513316 0.67772510 0.00452311
v -0.17785006 -0.86309965 -0.62891445
v -0.18241178 -0.78699568 0.60999723
v -0.07478382 0.12874441 -0.65144860
v -0.26301990 0.13929305 -0.63948917
v -0.16837245 0.45095264 0.27884609
v -0.17155335 0.68370368 -0.02348996
v -0.19019285 -0.88555026 0.62142483
v -0.16784809 -0.83115469 -0.62115011
v -0.15482864 -0.83813033 0.61130715
v -0.16280725 -0.83551428 -0.65627851
v -0.13799124 -0.78054151 -0.64873183
v -0.15352763 -0.60075309 0.61507352
v -0.17931044 0.16195705 0.61563950
v -0.18170912 0.61457934 0.07035905
v -0.16287375 -0.88951645 -0.57271064
v -0.16534759 -0.86512457 -0.57996888
v -0.16505319 -0.84641956 -0.59980151
v -0.15159730 -0.88402603 0.64604098
v -0.16466090 -0.81440685 -0.62516593
v -0.17809236 -0.81425928 0.61399199
v -0.14996528 -0.79074137 0.64339929
v -0.15210345 -0.76496501 0.62627054
v -0.09538220 0.09642281 0.68344695
v -0.15086229 0.14238889 -0.67591852
v -0.29670639 0.20961201 -0.61378984
v -0.17865297 0.64742850 -0.07391184
v -0.16518048 0.66633936 -0.07173476
v -0.16384737 0.69248390 0.03527818
v -0.15420121 -0.89441965 -0.83014349
v -0.15194971 -0.87224704 -0.61259725
v -0.15689238 -0.86526866 -0.74995498
v -0.18148855 -0.85533565 0.61796198
v -0.15802814 -0.84003479 -0.71650121
v -0.15319822 -0.81985213 -0.70828387
v -0.15283760 -0.31767429 0.61520269
v -0.18908554 0.09385881 -0.70855008
v -0.37491159 0.15900271 -0.67334254
v -0.15930978 0.66960467 0.01515512
v -0.15112623 -0.89816467 -0.70453154
v -0.14365648 -0.90132999 0.67051712
v -0.14571344 -0.90213703 0.81131882
v -0.15075802 -0.89538372 -0.65029578
v -0.14908110 -0.88212401 0.82712204
v -0.15025158 -0.88646752 0.77474173
v -0.14672816 -0.85721411 0.78338468
v -0.14762980 -0.86611623 -0.57649242
v -0.13424732 -0.85259919 0.58180095
v -0.15455824 -0.84243584 -0.83155593
v -0.15229613 -0.81798989 0.65901404
v -0.15269528 -0.82781553 -0.78330261
v -0.14897039 -0.82565345 0.77711124
v -0.17872985 -0.81767045 0.58413022
v -0.15065702 -0.81191288 0.61112625
v -0.15138813 -0.82744358 0.73514951
v -0.15478355 -0.77715103 0.58947337
v -0.15831304 -0.78695705 0.61587033
v -0.14871280 -0.79213610 0.73380822
v -0.13866283 -0.78448874 0.73411806
v -0.14521741 -0.76958518 -0.61788629
v -0.13823504 -0.53618673 0.61005749
v -0.15278550 -0.59943864 0.62585628
v -0.15291756 -0.36783810 0.62595613
v -0.06868778 0.10670649 0.67776720
v -0.18642755 0.13699279 -0.65931272
v -0.16985930 0.70507866 -0.04778167
v -0.15303880 -0.89985413 -0.82720383
v -0.14325025 -0.90250660 -0.65934224
v -0.14709567 -0.89379321 -0.62584395
v -0.14019158 -0.87581532 -0.81803968
v -0.13904206 -0.86001910 -0.65645397
v -0.13838812 -0.86439832 -0.62207252
v -0.13795876 -0.86696240 0.76857682
v -0.13328116 -0.86740369 -0.69456483
v -0.13990640 -0.87048262 0.61184030
v -0.13862649 -0.84882786 0.72625126
v -0.13672696 -0.85213510 0.78976242
v -0.15623481 -0.84027372 -0.79032398
v -0.13687069 -0.81672251 0.74459339
v -0.13831803 -0.80759808 0.73077251
v -0.13662315 -0.79047892 0.74099354
v -0.13818244 -0.75728093 0.61089832
v -0.13841131 -0.77703886 0.63505002
v -0.13869733 -0.50078114 0.63474169
v -0.13916480 -0.35749801 0.60789829
v -0.13694935 -0.36865050 0.63361997
v -0.14318408 -0.35268341 0.63940411
v -0.13005053 -0.33703692 0.61888852
v -0.15438354 -0.29470142 0.62632324
v -0.33242220 -0.21630773 -0.62340021
v -0.08293362 0.47297519 -0.29127591
v -0.06949610 0.55644857 0.16326606
v -0.17037443 0.62583773 -0.08275615
v -0.14231835 -0.90288665 -0.81897659
v -0.13324881 -0.90104766 0.82107084
v -0.13892979 -0.87861614 -0.74921359
v -0.14030943 -0.87490533 -0.78162932
v -0.13953732 -0.86596505 -0.80247165
v -0.13341827 -0.87838666 0.61823717
v -0.13425068 -0.86720313 0.81803534
v -0.13599597 -0.85465877 0.76153628
v -0.14123876 -0.85170100 0.82235995
v -0.12994629 -0.82074656 -0.61577502
v -0.14668639 -0.84097655 -0.58063529
v -0.13357560 -0.81406695 0.59560318
v -0.15153603 -0.81729129 -0.58789976
v -0.13604380 -0.80524550 -0.62303541
v -0.14972689 -0.78724799 -0.58760877
v -0.14736097 -0.76970882 -0.58923027
v -0.13874787 -0.76719891 0.61073909
v -0.12970845 -0.74872584 0.61951115
v -0.12778186 -0.58788363 0.61911999
v -0.10920010 -0.48688860 0.62052213
v -0.13743196 -0.37729905 0.61003551
v -0.12446810 -0.31087621 0.63779175
v -0.01076002 0.08528306 -0.68501542
v -0.01724725 0.13009794 -0.70492718
v -0.11080923 0.42635698 -0.32928208
v -0.13430068 -0.89862614 0.80867486
v -0.14007494 -0.89061864 -0.65030174
v -0.14610038 -0.88364137 -0.56475167
v -0.13730570 -0.86518435 -0.59009453
v -0.16521330 -0.84972988 -0.56593318
v -0.15050436 -0.83190349 -0.71925753
v -0.03240295 -0.81996447 -0.70887912
v -0.12446427 -0.82063834 0.64699702
v -0.11711211 -0.79376277 -0.59275143
v -0.12684726 -0.77850672 -0.61774086
v -0.11593639 -0.77914769 -0.58572106
v -0.03124442 0.12160967 -0.70767068
v -0.11030339 0.14362908 0.66261738
v -0.08430039 0.33841035 0.42049346
v -0.14141956 -0.89515114 0.63407944
v -0.12878008 -0.83874100 0.73329077
v -0.15382596 -0.82599882 -0.75069616
v -0.13007365 -0.82917901 0.61872308
v -0.13748321 -0.81467819 0.65326730
v -0.14503257 -0.78621177 0.64772819
v -0.10412553 -0.76728458 0.61763684
v -0.10384473 -0.66239744 0.61974516
v -0.12065392 -0.37128192 0.61942836
v -0.11765954 0.66670443 0.05185751
v -0.13841372 -0.88713486 0.64805541
v -0.03877619 -0.86099710 -0.57800183
v -0.07611521 -0.78628263 0.64531468
v -0.09336429 -0.77360851 -0.61766993
v -0.09400794 -0.77157345 -0.59230237
v -0.21948154 0.08623737 -0.71922635
v -0.13860638 0.10575529 -0.68809651
v -0.02410798 0.39733077 0.34567096
v -0.06972201 0.40219856 0.35865352
v -0.08442385 -0.86894134 -0.62227132
v -0.13466448 -0.79561335 0.72608316
v -0.09130653 -0.78011449 0.63280304
v -0.18989896 0.12731249 0.62697918
v -0.06980509 0.09184806 0.66467148
v -0.11038606 0.69530896 0.03522470
v -0.13660719 -0.86093528 0.82849495
v -0.11448900 -0.82765155 -0.59580434
v -0.10060182 -0.81441699 -0.58571736
v -0.08600976 -0.80567810 0.64272631
v -0.09451641 -0.79813474 0.61502970
v -0.13189487 -0.79654791 0.65121557
v -0.09120664 -0.77257158 0.57731006
v -0.09932652 -0.77149137 0.59006259
v -0.20565154 -0.76623564 -0.63711450
v -0.08876283 -0.75876586 0.56709498
v -0.09742510 -0.74233732 0.57149490
v -0.09636466 -0.76196161 0.60916291
v -0.09058242 -0.56275439 0.63292601
v -0.09800546 -0.57063127 0.57748176
v -0.09714891 -0.36402817 0.57774321
v -0.09040105 -0.36549295 0.63230865
v -0.09624940 -0.37397739 0.61367716
v -0.10158302 -0.36038213 0.60671298
v -0.08769770 -0.35670715 0.58193312
v -0.09569823 -0.34975297 0.61676801
v -0.14012833 -0.30262300 0.63619338
v -0.05578823 -0.29347112 0.62613456
v -0.13246007 -0.86942250 -0.73820325
v -0.15205073 -0.81823871 -0.66539637
v -0.09536266 -0.81715408 -0.62033938
v -0.08834503 -0.77131538 -0.59130031
v -0.08484169 -0.78500462 0.62142293
v -0.08265588 -0.63714039 0.58768564
v -0.08375655 -0.60126634 0.62394467
v -0.08214909 -0.53259057 0.58520779
v -0.08365544 -0.37215502 0.62373519
v 0.07431232 -0.67563655 -0.63483207
v -0.09059451 -0.40516086 0.57069934
v -0.08404770 -0.40401480 0.59447666
v -0.14989144 -0.29438777 0.61514709
v -0.16284932 0.19785555 0.59759152
v 0.05909579 0.51948929 -0.23261130
v -0.16951411 0.64121420 0.03494689
v -0.09858776 0.64970114 0.04869546
v -0.09391296 0.69742270 -0.05095557
v -0.06722170 0.71350653 -0.01034317
v -0.07756606 -0.83459551 -0.61469654
v -0.12405274 -0.81984481 0.77608085
v -0.15479607 -0.81103062 -0.65606415
v -0.08223518 -0.76665364 0.58936316
v -0.09877320 -0.61783449 0.57296923
v -0.08191228 -0.59162378 0.58747471
v -0.07769885 -0.36828780 0.59216265
v -0.03081436 0.09512634 -0.70930659
v -0.07167209 0.12256463 0.68173930
v -0.03300665 0.13167363 -0.63468459
v -0.06313214 0.70537898 -0.04857806
v -0.09569390 -0.84066245 -0.59283904
v -0.13440203 -0.83445959 0.75837849
v 0.00275209 -0.56024755 -0.62331714
v -0.02413007 -0.60160923 0.58350008
v -0.07411399 -0.55127745 0.56597060
v -0.08406095 -0.39597024 0.56506869
v -0.03738581 0.08253452 -0.69641788
v -0.17043716 0.11891873 -0.69603865
v -0.09687183 0.16411000 -0.63316671
v 0.08913720 0.47667739 0.24585083
v -0.07146900 0.66339768 -0.07258287
v -0.07397754 0.68001990 -0.00238389
v -0.00773479 -0.89315078 0.64001950
v -0.02484639 -0.88177769 0.64735639
v -0.00413908 -0.81877733 0.74573470
v -0.01009087 -0.78528133 0.73442486
v -0.03743301 -0.76862054 0.60144888
v -0.03843729 -0.52437307 0.57592242
v -0.05749479 -0.41240644 0.56697472
v 0.04607230 0.67341600 0.00639887
v -0.07115226 0.68220566 -0.02711364
v -0.05258728 -0.87334541 -0.59744035
v 0.08653505 -0.85159040 0.82140746
v -0.02516578 -0.81678096 -0.65719348
v -0.01403095 -0.82850767 0.64684643
v -0.06779848 -0.75852188 -0.62299867
v -0.03767090 -0.58901785 0.57472444
v -0.13376575 -0.30867430 0.60864228
v -0.02831082 0.49547679 0.24154415
v -0.06660487 0.64858710 -0.07267661
v 0.02211516 0.71363396 -0.01276956
v -0.10550305 -0.89330059 -0.63253183
v -0.03826133 -0.87295512 -0.62250560
v 0.07621719 -0.88376573 0.82657478
v -0.02872222 -0.84108000 -0.61929797
v -0.03507068 -0.84162562 -0.59524939
v -0.09244450 -0.78446239 0.59106542
v 0.00991503 -0.79787757 0.64912269
v -0.06230118 -0.64320602 0.56440410
v -0.02579948 0.09855723 0.68058084
v -0.05088151 0.58713877 -0.15039059
v -0.01167858 0.68735039 -0.02607929
v 0.00835654 -0.89373509 0.62942548
v -0.03447681 -0.87920284 -0.58333518
v -0.03477573 -0.89090022 -0.57143209
v 0.00500920 -0.84247515 -0.79104028
v -0.03876666 -0.78825285 -0.61822920
v -0.02802186 -0.75913686 0.56339720
v -0.04179940 -0.75621162 0.57726357
v 0.00034239 0.10697499 -0.68908028
v -0.02311966 0.13781727 0.63279227
v 0.14746488 0.26483046 0.53196087
v -0.10238754 0.28672975 0.48664985
v -0.02412443 0.25707438 -0.55907043
v -0.05482911 -0.86367455 -0.65506830
v -0.03348788 -0.82521485 -0.62401674
v -0.01826207 -0.82834816 -0.59104758
v -0.03536280 -0.78282685 -0.58606661
v 0.10331082 -0.78553058 0.61822347
v -0.02057219 -0.76363199 0.58261107
v -0.02328247 -0.63790670 0.57646154
v -0.02510399 -0.59626507 0.56175951
v -0.02707033 -0.52794685 0.58008283
v -0.06384717 0.11058080 0.68852168
v -0.19004525 0.14707946 0.63961719
v -0.02441968 -0.89111405 -0.62859751
v -0.02390809 -0.88927255 -0.57443192
v -0.13668340 -0.84602310 0.78126660
v 0.00084540 -0.78522665 0.59400048
v -0.01263564 -0.61453057 0.56868665
v -0.02564530 -0.40567800 0.56151263
v -0.07688699 -0.38833201 0.55792787
v 0.01064206 0.09699721 -0.69802129
v -0.05394760 0.11528806 -0.70345451
v -0.06991728 0.15470624 -0.67947929
v 0.14582508 0.14061509 -0.65633797
v -0.25956186 0.24472322 0.55702017
v 0.10504290 -0.90058873 0.82169635
v -0.05835833 -0.86994298 -0.79045349
v -0.01844179 -0.85911810 -0.62023397
v -0.01609949 -0.85850109 -0.57679960
v -0.13189877 -0.82884562 0.78087691
v -0.02495502 -0.77907438 -0.64786375
v 0.00252335 -0.77605862 0.56311886
v -0.00181142 -0.75568177 0.57251770
v 0.09011703 -0.40606314 0.56471379
v 0.06813041 -0.35023616 -0.63483323
v -0.08945410 -0.35615542 0.60900818
v -0.06041093 -0.17568758 -0.63465222
v 0.11903852 -0.90299430 0.81095205
v -0.02590230 -0.88730565 -0.65020436
v 0.12896802 -0.87020868 -0.73927287
v 0.00453773 -0.86666157 0.81246497
v 0.12102827 -0.83871712 0.76112062
v 0.02644588 -0.83160672 -0.61686714
v -0.02066206 -0.80027913 -0.59447086
v -0.01055581 -0.58351780 0.57463806
v -0.06857867 -0.37935478 0.57894399
v 0.14304166 -0.34967748 0.61744132
v -0.04270825 -0.30261812 0.60793780
v -0.01054051 0.17314346 0.62755956
v 0.02104921 0.64096265 0.03773920
v -0.00011610 -0.88058202 -0.62509103
v -0.01848730 -0.88426062 -0.56469174
v 0.01746155 -0.85805999 -0.62403670
v 0.00333953 -0.84013303 -0.60782706
v -0.00183971 -0.83591226 -0.60156025
v 0.01529175 -0.83091557 -0.59004900
v 0.10675213 -0.82035035 0.77566724
v 0.03557964 -0.80748759 -0.62073006
v 0.11042800 -0.79010330 0.74058304
v -0.05610865 -0.75849879 -0.63371474
v 0.00478379 0.11551176 -0.69675714
v -0.02142735 -0.84301779 -0.83269519
v 0.02224540 -0.80576621 0.64343734
v -0.02276453 -0.40579749 0.57587721
v -0.07574572 -0.39899779 0.58550909
v 0.03471135 -0.17112960 0.62646663
v 0.14277470 0.49942779 -0.25945128
v -0.02755747 -0.85176212 -0.56505587
v 0.11720680 -0.82820692 -0.75939327
v 0.01134749 -0.81879654 -0.66090160
v -0.02020021 -0.79285374 -0.62472112
v 0.03457147 -0.78936254 -0.59473765
v 0.09245549 0.04086158 -0.63514783
v -0.04491184 0.08768642 -0.72108880
v -0.05657793 0.08419223 0.67437200
v 0.07977759 0.14337222 0.64400478
v -0.26999131 0.26166219 0.51673504
v 0.04474092 0.68614605 0.04277614
v 0.03893465 0.70170043 -0.05233554
v -0.00219801 -0.87697565 -0.75040885
v 0.02718579 -0.86133930 -0.57678246
v 0.10874433 -0.86075598 0.82793401
v 0.12897407 -0.83575579 0.75067173
v -0.01751829 -0.62802292 0.56238977
v 0.00026901 0.12748916 0.69518437
v 0.01341167 0.15347789 0.61560530
v 0.02897097 0.16229344 0.62484181
v 0.05178160 0.64890162 -0.07241764
v -0.00707977 -0.90172087 -0.82062364
v 0.03465007 -0.88942962 -0.61033480
v -0.02175724 -0.87462856 -0.78199924
v 0.05579773 -0.84168357 -0.62274583
v 0.09406178 -0.81955644 -0.70697457
v 0.05912663 -0.80316823 -0.58729694
v 0.02912821 -0.76669635 -0.61751254
v -0.01252403 -0.62369439 0.58535351
v 0.12414232 -0.31027012 0.63759136
v 0.17015823 -0.21224212 0.61513989
v -0.01772950 0.08556004 0.70427365
v 0.03488668 0.66360412 -0.07368639
v 0.04826094 -0.86647818 -0.62363244
v 0.04974841 -0.86007057 -0.60409901
v 0.04665587 -0.82395108 -0.61958411
v -0.12881638 -0.82625263 0.72659097
v 0.09007993 -0.59191962 0.56270358
v 0.15656146 0.09466030 -0.71088263
v -0.03672598 0.09471607 0.69407362
v -0.01612431 0.10743283 0.71160657
v -0.02202430 0.64783615 -0.05247976
v 0.04360138 0.64471421 0.03237243
v 0.04478998 0.66521393 0.04884748
v 0.02156483 -0.88048457 0.81409216
v 0.03916967 -0.88384694 -0.57511684
v 0.13525392 -0.87771054 0.61774798
v -0.01310297 -0.87287330 -0.81355404
v 0.04231313 -0.81062996 -0.58683684
v 0.12290503 -0.78496617 0.73420058
v 0.08252080 -0.64138098 0.57620166
v 0.09334585 -0.39449412 0.58592223
v 0.09853485 -0.36920782 0.59119623
v -0.07597068 -0.35705975 0.63792130
v 0.08145683 -0.31791505 0.61629561
v -0.04898742 0.13960024 -0.64076996
v 0.04526260 0.68448120 -0.02817385
v 0.12924541 -0.89295735 0.64092913
v 0.02258961 -0.86026947 0.76106979
v 0.04424259 -0.84553861 -0.58860869
v 0.07080047 -0.82848770 -0.78286974
v 0.05592622 -0.81970440 -0.59804874
v 0.05874301 -0.82133100 -0.61661817
v 0.11231609 -0.79662642 0.61744110
v -0.01757679 -0.36411618 0.57857274
v 0.03425534 -0.87171061 -0.78951390
v 0.12740982 -0.81579651 0.73017795
v 0.12468689 -0.81857884 0.74575421
v 0.05628452 -0.81357933 -0.61697298
v 0.08166973 -0.58811220 0.57641458
v 0.08100085 -0.40737943 0.57648563
v 0.12379705 0.10413576 -0.72700719
v 0.08325314 0.11545880 0.68789779
v 0.26280013 0.18012035 -0.64883702
v -0.15901922 0.33283375 -0.46456710
v 0.05412054 0.65127832 0.04646253
v 0.10302936 -0.82283306 0.64755974
v 0.11594754 -0.78858423 -0.60321512
v 0.17719304 -0.76230636 -0.63372445
v 0.07441746 0.10697018 0.67701319
v 0.14118224 0.12207928 0.69260646
v 0.25045104 0.30040409 0.48882617
v 0.18530425 0.44559038 -0.30574213
v -0.00476358 -0.88000536 -0.81840228
v 0.03694878 -0.86544431 -0.65560067
v 0.05991123 -0.84670504 0.78114268
v 0.07411536 -0.81900297 -0.58626429
v 0.08664363 -0.81699712 -0.65768073
v 0.11091801 -0.79693110 0.72559715
v 0.01120983 -0.76632341 -0.63575321
v 0.06393751 -0.76929791 -0.58829081
v 0.08728650 -0.75863338 0.56288954
v 0.09500722 -0.76822983 0.58075869
v 0.11286192 -0.38355326 0.57405564
v 0.15883597 -0.29410224 0.61509956
v 0.14628491 0.12835839 0.62673502
v -0.09283537 0.13812502 0.68695203
v 0.07791965 0.20558480 0.58756927
v 0.24535627 0.26086533 0.51749962
v 0.04131293 0.64678076 -0.05361274
v 0.12561070 0.66365108 0.05111326
v 0.13007203 -0.87444211 -0.77997795
v 0.07408140 -0.85064526 -0.56430666
v 0.07526123 -0.78223313 -0.61685462
v 0.11743897 -0.77907398 0.57740460
v 0.10602915 -0.64263720 0.59058456
v 0.12476507 -0.35655273 0.60760271
v 0.16766422 0.09685961 0.69678954
v 0.13098949 0.69650134 0.03257507
v 0.07336156 -0.84134246 -0.59133098
v 0.13620389 -0.85226175 0.78958093
v 0.11388416 -0.83258076 -0.65712723
v 0.05590268 -0.80568584 0.73162980
v 0.08439720 -0.79507812 -0.62382483
v 0.08491833 -0.76083234 0.57694051
v 0.09353778 -0.60262637 0.58745944
v 0.10456023 -0.47251599 0.58913424
v 0.09638325 -0.39021176 0.55552629
v 0.11456247 -0.35667154 0.58192327
v 0.13996619 0.09669798 0.68263149
v 0.06782053 0.12044786 0.66342239
v -0.14596892 0.53169575 -0.19857127
v 0.04284407 -0.89528945 -0.63337249
v 0.15291242 -0.88433823 -0.57537928
v 0.13881801 -0.89190275 -0.56984386
v 0.12882334 -0.87231224 -0.81831027
v 0.12418890 -0.80519033 0.64398456
v 0.09889148 -0.77026082 0.60244501
v 0.10470337 -0.75785089 0.59476481
v 0.09658564 -0.61640189 0.56728858
v 0.10501089 -0.66629979 0.62558208
v 0.10477262 -0.59138943 0.58930350
v 0.10551883 -0.37415822 0.62553550
v 0.10432738 -0.37116149 0.59317554
v 0.11254493 -0.38969987 0.57083536
v 0.10077755 -0.36587681 0.63126786
v 0.41100630 0.09162030 0.71101967
v 0.08000806 0.38985813 -0.39302105
v -0.08102505 0.55791319 0.14225858
v 0.13361620 -0.87645470 -0.74987229
v 0.13358861 -0.80558483 0.66156443
v 0.12296157 -0.77833310 -0.58535151
v 0.11288245 -0.77312940 0.63335652
v 0.11251185 -0.60602124 0.63333190
v 0.11452809 -0.61817517 0.56913013
v 0.11270260 -0.36990229 0.63297452
v 0.14247959 -0.89811894 -0.63307649
v 0.12872570 -0.86497763 -0.65722749
v 0.12486145 -0.85975496 -0.61637731
v 0.10753747 -0.83050942 -0.71705271
v 0.08640552 -0.81662892 -0.62339339
v 0.10610956 -0.79782183 0.64944322
v 0.11858836 -0.76068892 0.57231052
v 0.11821348 -0.76828215 0.60799408
v 0.11862241 -0.62439131 0.60961148
v 0.11965058 -0.56451346 0.57794865
v 0.12125926 -0.60034511 0.61853718
v 0.11641070 -0.37528486 0.60975568
v 0.11866609 -0.36863291 0.58372880
v 0.08832006 -0.35688713 0.63785447
v 0.12262071 0.08701296 -0.72080114
v 0.15671535 0.11417153 0.64903130
v 0.16065979 0.67639234 0.00562687
v 0.13121538 -0.85417283 0.75877074
v 0.14681153 -0.84026942 -0.79062092
v 0.12333211 -0.82932329 0.78066912
v 0.14191513 -0.82870927 -0.77761188
v 0.13458240 -0.83301395 -0.71339557
v 0.12265008 -0.81129938 -0.59081259
v 0.13346738 -0.80128715 0.72847567
v 0.11977043 -0.78648446 0.64769308
v 0.15332526 -0.77325806 0.58783656
v 0.12343589 -0.76543012 0.61863224
v 0.13798364 -0.37350991 0.62085167
v 0.05606433 0.09813122 -0.72896638
v 0.17465570 0.64892002 -0.05244656
v 0.13572649 -0.90198266 -0.81940154
v 0.13605766 -0.90112412 -0.65505650
v 0.13444793 -0.90214586 0.73161322
v 0.13587559 -0.88100832 -0.81174136
v 0.14774892 -0.89473717 0.62997621
v 0.13433918 -0.89590334 0.65251527
v 0.13411928 -0.88708350 -0.65202050
v 0.12871786 -0.89324267 0.63067003
v 0.13119627 -0.86910593 -0.79004151
v 0.15711374 -0.85811421 -0.57751802
v 0.12987161 -0.88106034 0.64749057
v 0.12989582 -0.86591492 0.81673526
v 0.13308555 -0.87011918 -0.62383057
v 0.13454411 -0.86655287 0.76770575
v 0.13347050 -0.83871773 0.73319067
v 0.14565761 -0.84193262 -0.83069200
v 0.14110019 -0.84528536 0.77765067
v 0.14565216 -0.82970989 -0.70745512
v 0.13708296 -0.82525139 0.61861973
v 0.13472600 -0.83359731 0.64999258
v 0.16634051 -0.82905844 -0.61145559
v 0.13345201 -0.82734001 0.72654876
v 0.14161022 -0.82747567 0.77248757
v 0.13027167 -0.81279875 -0.62153832
v 0.14439955 -0.80334181 0.59313667
v 0.15429630 -0.77294452 0.63421811
v 0.13358802 -0.56042331 0.62122418
v 0.15017135 -0.36163031 0.63716037
v 0.14487957 -0.31696980 0.61932606
v 0.10290517 -0.30246039 0.63592383
v 0.01479919 0.08203941 0.69174285
v 0.19447380 0.09563532 -0.70001453
v 0.18515524 0.13232773 -0.70514025
v 0.14628173 -0.89801337 0.74249458
v 0.13324900 -0.90402146 0.81368708
v 0.13466288 -0.89979000 -0.83041078
v 0.14560860 -0.87658076 0.82514291
v 0.13960676 -0.85666134 0.82106382
v 0.16482743 -0.81653462 -0.58977253
v 0.13789660 -0.65801972 0.62086904
v 0.15429381 -0.63695186 0.63439237
v 0.15598214 -0.30878752 0.60783503
v 0.16219984 -0.29326039 0.62622549
v 0.14335067 0.11033231 -0.69641874
v 0.18097559 0.64910130 0.04998678
v 0.15853347 0.68627701 -0.02843606
v 0.14761863 -0.89931590 -0.82568490
v 0.14580642 -0.90051443 -0.66759320
v 0.14476823 -0.88659959 0.61929827
v 0.14732214 -0.89180203 0.64987288
v 0.14915936 -0.86893432 -0.65520378
v 0.14582593 -0.83727525 0.73818784
v 0.14311487 -0.85620691 0.59039112
v 0.15377782 -0.88265632 0.64562756
v 0.14728259 -0.82867058 -0.65942623
v 0.15948217 -0.84342281 -0.61794129
v 0.17013533 -0.85325480 -0.56523043
v 0.14620554 -0.79168347 0.73482133
v 0.14907583 -0.81644608 0.66767750
v 0.15622960 -0.78692516 -0.62342607
v 0.14299514 -0.77647288 -0.58650526
v 0.16993130 -0.76702318 -0.61796349
v 0.15342606 -0.61759956 0.60923422
v 0.15375086 -0.44559936 0.63465033
v 0.17725785 -0.30286459 0.61476430
v 0.21552281 0.13995771 -0.63964912
v 0.03982379 0.16186186 -0.62342246
v 0.16098796 -0.86588014 0.58835600
v 0.16171975 -0.78281014 -0.58620279
v 0.15480349 -0.75866804 -0.62305708
v 0.15317378 -0.76732024 0.60979883
v 0.15325219 -0.35754500 0.60881042
v 0.34103062 -0.01018956 -0.62340890
v 0.16334605 0.16760081 -0.64651621
v 0.16671438 -0.89360576 -0.62773961
v 0.16546805 -0.89244098 -0.57433038
v 0.16801770 -0.88465431 -0.56411940
v 0.16970356 -0.80935712 0.61184947
v 0.16156924 -0.79532926 0.57969004
v 0.17151828 -0.77651221 0.60751032
v 0.16881963 -0.37465235 0.61521495
v 0.16996610 -0.47355814 0.62596978
v 0.16006551 -0.30649472 0.63744057
v 0.17681670 0.67826738 -0.01184761
v 0.17376654 0.71323850 -0.01390524
v 0.17414372 -0.85167832 -0.58269687
v 0.17250681 -0.83833687 0.62008295
v 0.16406877 -0.82269502 0.58205116
v 0.17479431 -0.77109442 0.61185681
v 0.16708123 -0.62743306 0.62582512
v 0.14128915 0.10871286 -0.68624390
v 0.19675570 0.12996260 0.69443093
v 0.17913939 0.16336930 0.62470636
v 0.26354731 0.16420281 -0.63302673
v 0.28990708 0.41655577 0.34025138
v 0.17333876 0.61824945 -0.09218946
v 0.18443702 0.70108842 -0.05203739
v 0.17723905 -0.85473247 0.58526657
v 0.17731817 -0.82351312 0.61223076
v 0.14895112 -0.78990749 0.64441585
v 0.19123704 -0.77844452 -0.58767368
v 0.16631577 -0.76420804 0.62629593
v 0.16859314 -0.76100610 0.61511834
v 0.16327601 0.11537144 -0.70355616
v 0.16703965 0.11590363 -0.69577673
v 0.17304022 0.12376872 -0.65474091
v 0.14849500 0.14921482 0.61538378
v 0.24622644 0.33410338 0.42594419
v 0.24370719 0.66601295 0.05012327
v 0.18742349 0.68305587 -0.01048194
v 0.17158527 -0.85991014 0.61610696
v 0.18217159 -0.86055821 -0.61799949
v 0.21100731 -0.84335409 -0.59221544
v 0.24102882 -0.83575451 -0.62033713
v 0.19154258 -0.82112225 -0.61857459
v 0.18711690 -0.81907235 -0.59458652
v 0.19417726 -0.77259171 0.58920342
v 0.17568400 -0.33658873 0.62673951
v 0.12054159 0.10540622 -0.71911837
v 0.17498276 0.11669671 0.68793076
v 0.18610676 0.17931471 0.63948265
v 0.17731796 0.64642531 -0.07543786
v 0.18105620 0.64470280 0.03334950
v 0.18976955 0.68135771 -0.03141161
v 0.15889377 -0.89261712 -0.64645710
v 0.21875263 -0.86559394 0.59047505
v 0.23504925 -0.80858155 0.61293607
v 0.12485018 -0.78434050 -0.65072493
v -0.12106178 0.01110993 0.62677986
v 0.19008467 0.13530027 0.63271931
v 0.17252464 0.66489832 -0.07274860
v 0.31140791 -0.88373493 -0.65107707
v 0.21626097 -0.86114188 -0.59205184
v 0.18988458 -0.78225277 -0.61738758
v 0.32917883 -0.36257763 0.62674938
v 0.34682031 0.08678386 -0.71989149
v 0.19667893 0.08266338 -0.69628864
v 0.16673892 0.14361822 0.66319576
v 0.10202148 0.20304794 -0.60360383
v 0.32160195 -0.82698631 -0.65582494
v 0.16418773 -0.82626652 0.64764665
v 0.22810985 -0.80372287 0.58566595
v 0.32355726 -0.52454605 0.61473438
v 0.26319192 0.10623846 -0.69287341
v 0.21867112 -0.88442213 0.61910911
v 0.22269212 -0.82142086 -0.61835511
v 0.23159380 -0.78328657 0.60920615
v 0.33738062 -0.50969051 -0.63494196
v 0.21329258 0.12192932 -0.70844937
v 0.17018739 0.13141715 -0.68702778
v 0.23804508 0.47979969 0.26099803
v 0.22981105 -0.87125373 -0.61924231
v 0.23418624 -0.86985119 -0.57297135
v 0.22984364 -0.85790001 -0.56799362
v 0.23998399 -0.84729388 0.58751692
v 0.23962692 -0.79090010 0.58312874
v 0.22281053 -0.79369132 -0.62473726
v 0.22636931 -0.80065130 -0.59425891
v 0.23608488 -0.79291452 0.61073983
v 0.14941234 -0.76851183 -0.59266341
v 0.23155108 0.42235614 -0.33414704
v 0.17591000 0.58190425 0.11186254
v 0.22938324 -0.88961000 0.59162338
v 0.23648184 -0.89218637 0.62132146
v 0.23932810 -0.83037049 -0.59714630
v 0.32631993 -0.60174445 0.62634861
v 0.40932971 -0.33178087 0.61507011
v 0.33022211 -0.01226223 0.62739756
v 0.25526576 0.35716997 0.41528841
v 0.29177221 0.54244510 -0.18496133
v 0.25302618 -0.86160341 0.61665000
v 0.26792050 -0.84601470 -0.59046671
v 0.24335218 -0.82464076 0.58195294
v 0.25773120 -0.77819155 0.57991209
v 0.33318274 -0.17279918 -0.63485653
v 0.18904142 0.12964720 -0.63458964
v 0.26426916 0.68195531 -0.02718856
v 0.23377060 -0.89264931 -0.62867519
v 0.24443392 -0.86169309 0.59263602
v 0.28555307 -0.82109480 0.61362110
v 0.25243273 -0.81612805 -0.58518487
v 0.25900220 -0.77699073 -0.58687668
v 0.24208060 0.18804143 0.60984574
v 0.41622765 0.39994437 0.34144120
v 0.25748796 0.57865757 0.13438968
v 0.27505948 0.69025091 0.03892428
v 0.23193516 -0.88449358 -0.60173971
v 0.25627534 -0.84064332 0.61839876
v 0.25933702 -0.81351500 -0.62030338
v 0.26335125 -0.80809654 0.59328106
v 0.26274541 -0.78399415 -0.61660949
v 0.25542356 -0.76677693 0.58632755
v 0.21864065 0.08541639 -0.68501098
v 0.28819619 0.11556612 -0.69601253
v 0.39304474 0.09442205 -0.63498148
v 0.41009711 0.13580320 0.63272256
v 0.23906500 -0.89386236 0.63377223
v 0.26588691 -0.84516098 -0.60189970
v 0.27064956 -0.78256080 0.60346063
v 0.40413007 -0.55979057 -0.62354844
v 0.23239172 0.16177666 -0.62322465
v 0.25113714 0.17206196 0.62913959
v 0.33820108 0.25128134 -0.54676346
v 0.26202468 0.64300447 0.03363338
v 0.27158163 -0.85551167 -0.61989517
v 0.25468259 -0.83317142 -0.62021023
v 0.25608578 -0.76749792 0.60954737
v 0.37887769 -0.75874860 0.61483896
v 0.26418902 0.08282512 0.68204718
v 0.26423407 0.67697423 0.00250934
v 0.27765184 -0.78924275 -0.65306195
v 0.28675890 -0.76656705 -0.59154479
v 0.21299840 0.16252018 0.61636555
v 0.36447432 0.64764461 0.04924123
v 0.30368545 -0.89138228 -0.62981423
v 0.29474781 -0.86512756 0.58307457
v 0.26694532 -0.85917329 -0.59218412
v 0.30450274 -0.83340291 -0.62082332
v 0.29914784 -0.81373489 -0.59382960
v 0.29507234 -0.80782428 0.57940562
v 0.30533864 -0.79041885 -0.62202344
v 0.29398443 -0.80035471 0.61657848
v 0.31476055 -0.77832531 -0.58611550
v 0.35731503 -0.76196631 -0.61771112
v 0.38826789 0.12140326 0.69403154
v 0.33323129 -0.85871159 0.58015973
v 0.30099485 -0.85327544 -0.61682555
v 0.30478662 -0.83483201 -0.59294614
v 0.29918976 -0.84951221 0.58298219
v 0.40468459 -0.22231808 -0.63477512
v 0.26773897 0.03350788 -0.63516657
v 0.23430045 0.08906978 0.66704610
v 0.33183340 0.11393347 -0.70317939
v 0.22841496 0.27326392 -0.53931008
v 0.21610637 0.35473556 -0.41691194
v 0.30846252 0.44987295 -0.31976452
v 0.26459593 0.64600676 0.05016832
v 0.26283815 0.66761288 -0.07268092
v 0.32396536 -0.88796278 0.58434924
v 0.30577485 -0.88099631 0.61325697
v 0.31534194 -0.85144495 -0.58654024
v 0.30082563 -0.84868793 0.61000778
v 0.32365890 -0.82642633 -0.58725947
v 0.30393060 -0.79778935 0.58271745
v 0.19059297 0.13805865 0.68865559
v 0.39939727 0.17890723 -0.63190207
v 0.18029588 0.56116717 -0.18183574
v 0.30709412 -0.86199085 -0.59124161
v 0.30098321 -0.82443697 0.58484358
v 0.32445844 0.10872561 -0.69436215
v 0.36579698 0.64808117 -0.05187974
v 0.31359789 -0.89027329 -0.62060218
v 0.32719158 -0.86796769 -0.59322352
v 0.36176691 -0.83829387 0.58660394
v 0.32543158 -0.81306435 -0.61883334
v 0.33395051 -0.76207672 -0.63373672
v 0.33545794 -0.44668518 0.62676482
v 0.33695817 0.10828667 -0.68675083
v 0.33079674 -0.88980892 -0.62838485
v 0.31995495 -0.88355892 0.64337545
v 0.33072100 -0.86006824 -0.62168218
v 0.32876938 -0.84154178 -0.61136341
v 0.32150831 -0.81356244 -0.58936493
v 0.32909721 -0.78971225 0.64312705
v 0.36883972 -0.76052887 -0.58729122
v 0.33359399 -0.16114602 0.63984152
v 0.33890291 -0.01127055 -0.66186680
v 0.33879277 -0.10378397 0.65433138
v 0.33356552 -0.06153094 -0.64802594
v 0.33355349 -0.01796791 0.64873918
v 0.33565132 0.04998772 0.63957986
v 0.34309690 -0.00972296 0.63350429
v 0.34363278 0.05480934 -0.63493364
v 0.33146290 0.13860055 -0.67835425
v 0.42087237 0.16375435 0.61648797
v 0.34306045 0.17263164 0.64638145
v 0.26414681 0.64763722 -0.05433493
v 0.33973423 -0.84119738 0.64569105
v 0.35818763 -0.83821985 0.61253586
v 0.33883361 -0.77650506 -0.61221199
v 0.33685401 -0.62404794 -0.63468329
v 0.33684763 -0.59883051 0.64874479
v 0.33902705 -0.60881245 -0.64652069
v 0.34128003 -0.54620355 -0.66273457
v 0.33897028 -0.45546723 -0.64594504
v 0.33729296 -0.60923835 0.64079181
v 0.33382945 -0.42746503 0.64364557
v 0.34408597 -0.43793718 0.63316910
v 0.35605616 -0.38075703 0.63161502
v 0.34607695 -0.38670922 -0.64073412
v 0.33531245 -0.37710649 0.64019885
v 0.27690490 -0.31387466 -0.62302458
v 0.33369443 -0.16614013 -0.65213521
v 0.34103502 -0.17214600 0.65364718
v 0.34079180 -0.17082952 -0.64433174
v 0.33935639 -0.10772518 -0.66119556
v 0.34150639 -0.01203939 -0.64205020
v 0.34156341 -0.02060084 0.65346891
v 0.33977002 0.04786891 0.65321121
v 0.36432981 0.64051078 0.03644172
v 0.30533131 -0.77459460 0.57873721
v 0.31203412 -0.78566132 0.60244646
v 0.36522878 -0.60528068 -0.64046591
v 0.34302569 -0.54682556 0.65437760
v 0.35730199 -0.47067288 0.63212309
v 0.33986779 -0.45018899 -0.66157876
v 0.34396818 -0.38047262 -0.66129367
v 0.35718956 -0.16739498 -0.63999249
v 0.33019253 -0.17106564 0.62679927
v 0.33754468 -0.11843496 -0.63452469
v 0.34272694 -0.11483924 -0.64179766
v 0.35808214 -0.06098003 0.63358495
v 0.33616625 0.04704805 -0.64657951
v 0.41799168 0.18186365 0.61848402
v 0.35942788 0.63272279 -0.07336216
v 0.35445206 0.67997061 -0.03367635
v 0.34709820 -0.82704993 -0.62493701
v 0.31646441 -0.80628260 0.61794703
v 0.37245126 -0.78115542 0.59623740
v 0.38667193 -0.67203229 0.62634047
v 0.34289508 -0.60081625 0.63548263
v 0.35201866 -0.59629709 0.63038672
v 0.34002077 -0.60755623 -0.66044229
v 0.34347402 -0.43772706 0.65392510
v 0.34249350 -0.37622859 0.65159737
v 0.34665035 -0.16738020 0.63217549
v 0.35149404 -0.07103194 -0.63427870
v 0.34229360 0.00072013 -0.63438077
v 0.35144863 0.04816225 0.62711898
v 0.42257401 0.09047059 0.66759603
v 0.39354829 0.13205208 -0.70413339
v 0.39066452 0.13486166 0.61523145
v 0.33311190 0.62530248 -0.10142543
v 0.35828867 0.68427054 -0.01136184
v 0.39490378 -0.83147221 -0.59017124
v 0.32649866 -0.82043028 0.58033378
v 0.37786294 -0.81373419 0.58672518
v 0.37800705 -0.80784956 0.61635883
v 0.29598339 -0.75858617 -0.62317344
v 0.36051071 -0.49157180 -0.63961305
v 0.39822105 -0.33058740 -0.63533709
v 0.35449645 -0.02225550 -0.63875828
v 0.36511236 0.05059227 -0.64068630
v 0.33833756 0.08489598 0.70026896
v 0.39221002 0.11905702 0.64809671
v 0.36662731 0.66414452 0.04900645
v 0.39801174 0.69975317 -0.05177825
v 0.36335965 0.68985343 0.03822065
v 0.33343141 -0.86405338 0.61399608
v 0.38608493 -0.80795678 -0.58780172
v 0.38950896 -0.77945573 -0.64909904
v 0.38481744 -0.80492421 -0.62905396
v 0.39260416 -0.65857681 -0.62276555
v 0.34346999 -0.60756306 0.65250563
v 0.40186122 -0.32690406 0.62633827
v 0.34044143 0.08614035 -0.68483764
v 0.36920820 0.09621045 0.68920346
v 0.28569713 0.71337720 -0.01150738
v 0.38991795 -0.86709535 -0.61835081
v 0.38331663 -0.86185563 -0.59333719
v 0.40562310 -0.85780820 0.58370319
v 0.39257049 -0.83735508 0.58491490
v 0.39494874 -0.82370020 0.58177798
v 0.38361483 -0.77494696 0.57932187
v 0.38428137 -0.67278231 0.61473776
v 0.39571509 0.01600250 0.61544145
v 0.40892113 0.12164742 -0.70870721
v 0.46415509 0.13235751 0.69229892
v 0.41267899 0.16318144 -0.62348874
v 0.32538156 0.51584252 0.19395754
v 0.34003587 0.64790501 -0.07441539
v 0.36874638 0.68394137 -0.02301750
v 0.32231971 -0.89258585 0.62362447
v 0.40846431 -0.88585231 0.61949493
v 0.41188117 -0.66327278 -0.63908819
v 0.41958374 -0.42606741 -0.65035626
v 0.39816811 -0.37555992 -0.63759159
v 0.33600702 -0.37772154 -0.63532827
v 0.36136368 -0.19233783 -0.62305611
v 0.34500710 -0.16988697 -0.66135432
v 0.40120809 -0.17456773 -0.63611301
v 0.39757941 -0.16650970 0.61519937
v 0.33908376 0.04751958 -0.66184887
v 0.42361115 0.05162603 -0.64654579
v 0.41098965 0.06361631 -0.63479768
v 0.40441034 0.06360297 -0.62280203
v 0.39602496 0.12818570 0.62765817
v 0.40191823 0.10552212 -0.69707689
v 0.41034074 0.15872952 0.64569742
v 0.37945602 0.66777214 0.01028209
v 0.40242166 -0.85509908 0.61453336
v 0.39483694 -0.84445653 -0.61984079
v 0.40057668 -0.83725925 0.60439753
v 0.39401292 -0.79582000 -0.58724744
v 0.41980491 -0.77786662 -0.62185013
v 0.39621246 -0.64811075 0.60539056
v 0.39426053 -0.66630536 0.63257707
v 0.39374338 -0.64378644 0.64308403
v 0.38453807 -0.61245238 0.62766947
v 0.42352279 -0.39848990 0.63755958
v 0.33726417 -0.37423811 -0.65266991
v 0.40152463 -0.22278764 0.62616067
v 0.39698110 -0.17907413 0.62564208
v 0.41087458 0.08212602 -0.61682349
v 0.36561273 0.09847974 -0.72940393
v 0.40435151 0.09540834 -0.69911336
v 0.35975597 0.09869351 0.68118427
v 0.40210795 -0.80784453 -0.62134385
v 0.40497881 -0.78131099 -0.59816224
v 0.38812371 -0.61840345 -0.63380079
v 0.38716728 -0.60107826 0.61470358
v 0.40848336 -0.48522873 0.61575915
v 0.40177815 -0.38801442 -0.62326875
v 0.38572364 -0.22302843 0.61479149
v 0.40393985 -0.21377545 0.60773550
v 0.40902862 -0.17234673 0.63647774
v 0.42347208 -0.11790715 0.63679676
v 0.41221246 0.06452748 0.62622459
v 0.40254380 0.11524187 -0.69389155
v 0.49245327 0.15864895 -0.67311538
v 0.47207832 0.54209317 0.16165617
v 0.53290600 0.64799323 -0.07388337
v 0.38688198 0.66225434 -0.07311832
v 0.42443714 -0.88478628 0.61851926
v 0.41559241 -0.83670960 -0.62333907
v 0.41636761 -0.80984680 -0.61735260
v 0.39675469 -0.79069997 0.58696500
v 0.44715995 -0.77767114 0.58010813
v 0.40706157 -0.80508571 0.60978141
v 0.39772889 -0.67216222 -0.63435397
v 0.42300773 -0.61341926 0.63821048
v 0.41960060 -0.54081161 -0.64990728
v 0.41578316 -0.37761530 0.63775778
v 0.40007461 -0.37230371 0.62836273
v 0.41613751 -0.33449484 -0.64815561
v 0.42323081 -0.32488838 -0.63436703
v 0.40816959 -0.21717803 0.63255989
v 0.41200105 -0.21020975 0.64386317
v 0.41817122 -0.17340006 0.63771429
v 0.40572314 0.06118343 0.61480394
v 0.42241968 0.05441727 0.63558713
v 0.41044002 0.08328826 -0.69695025
v 0.39781681 0.11373380 0.68762236
v 0.38863864 -0.89222632 -0.62905206
v 0.41669591 -0.87030010 0.60755134
v 0.42687396 -0.85797804 -0.58990574
v 0.40385327 -0.85362371 -0.58614428
v 0.42194008 -0.86038112 0.58122468
v 0.41138243 -0.84657011 -0.59331683
v 0.41512039 -0.83277326 -0.58819503
v 0.42132335 -0.81411365 -0.58989754
v 0.41591138 -0.79727022 -0.59700901
v 0.42416851 -0.76841971 0.58550094
v 0.41695702 -0.66531434 0.64229069
v 0.41033003 -0.64643013 0.61645334
v 0.41166408 -0.66146687 -0.64951774
v 0.41375210 -0.62537443 -0.65411400
v 0.41586095 -0.63347342 -0.63862027
v 0.42444913 -0.61760207 -0.64392650
v 0.41306445 -0.61006588 -0.64907664
v 0.40578382 -0.37419877 0.61538451
v 0.42232229 -0.33544690 0.60006254
v 0.41795973 -0.33561544 0.64030067
v 0.40619165 -0.32686594 -0.62268936
v 0.41875482 -0.17075535 -0.64678999
v 0.42121856 -0.17319417 0.60827659
v 0.42095598 -0.10368591 -0.62107006
v 0.41546654 -0.11544133 -0.64980869
v 0.41330321 -0.06995973 0.61291325
v 0.42149482 0.05098695 0.60993902
v 0.42483940 0.08064366 -0.61561756
v 0.39822529 0.09465942 -0.65057655
v 0.40264617 0.10042064 0.64180610
v 0.42973362 -0.81231226 0.58307771
v 0.42536887 -0.77490523 -0.58755398
v 0.43205276 -0.76787038 -0.61780719
v 0.43054744 -0.76936266 -0.59315992
v 0.42961198 -0.66474668 -0.65411117
v 0.42779527 -0.62655014 0.60430694
v 0.42019342 -0.62579430 0.61018958
v 0.42192816 -0.61332211 0.58977380
v 0.42266093 -0.61913838 -0.59439454
v 0.42568875 -0.47639640 0.57456189
v 0.42152139 -0.49830064 0.58506477
v 0.42126973 -0.47705523 -0.59321317
v 0.42351053 -0.45720747 0.57756027
v 0.42785716 -0.46075903 -0.58495336
v 0.42254570 -0.46988113 -0.61730225
v 0.42086353 -0.40169603 0.61010518
v 0.42201135 -0.37006118 0.59407420
v 0.42224261 -0.37015340 -0.61722860
v 0.42457180 -0.33811604 -0.61479115
v 0.42589488 -0.17278358 -0.58586940
v 0.42230786 -0.16902126 0.58558203
v 0.42239938 -0.07200843 0.58572389
v 0.42208899 -0.08092438 -0.60054637
v 0.42793711 -0.07092155 -0.58528664
v 0.42407239 0.05792584 0.57867474
v 0.42454303 0.05074903 -0.58622272
v 0.39102624 0.09565258 -0.71095820
v 0.41254417 0.10457300 0.61420255
v 0.43412409 0.66295589 0.04780106
v 0.42764130 0.71016419 -0.00324255
v 0.43917677 -0.83460172 0.61570545
v 0.41718485 -0.67095317 -0.62288177
v 0.42472758 -0.64985071 -0.62102610
v 0.41990263 -0.62547279 -0.62026001
v 0.42692631 -0.61677603 0.57668533
v 0.43187114 -0.60069698 -0.59870782
v 0.43518741 -0.49868656 -0.59788379
v 0.43836091 -0.51945776 -0.63486991
v 0.43639070 -0.49694107 0.62307261
v 0.43625036 -0.49373558 0.59051459
v 0.42386559 -0.54289845 0.63823586
v 0.43834900 -0.47092058 -0.60004722
v 0.43569598 -0.38271886 -0.60257615
v 0.42669416 -0.38067818 -0.64727772
v 0.42754809 -0.37289288 0.57672287
v 0.43485454 -0.34915048 0.61130540
v 0.42460793 -0.19884225 0.61661913
v 0.42093343 -0.18509644 -0.65369613
v 0.42187993 -0.18420404 -0.61662535
v 0.43740180 -0.16511954 0.62031436
v 0.43752047 -0.15015101 -0.63711146
v 0.42432368 -0.01736882 -0.64694345
v 0.42706974 -0.00778903 0.63506064
v 0.47719422 -0.04050578 -0.58584216
v 0.43474253 0.06339847 0.64309491
v 0.44943099 0.06612857 -0.59669352
v 0.42481904 0.08022325 0.60730559
v 0.42542490 0.09522484 -0.61962851
v 0.33848822 0.12691738 0.65858468
v 0.53489733 0.56900649 -0.17146879
v 0.46988651 -0.84788785 -0.62500041
v 0.42689068 -0.85649630 -0.61705873
v 0.43697744 -0.81040440 -0.61878238
v 0.44043590 -0.78442108 -0.59185227
v 0.42861546 -0.61407083 -0.58611174
v 0.43578747 -0.61836549 -0.63945258
v 0.43637999 -0.60976540 0.59078487
v 0.43916904 -0.61274457 0.62176545
v 0.43907385 -0.47222585 0.59195146
v 0.43945833 -0.38596257 -0.62774859
v 0.43721843 -0.38341501 0.58979554
v 0.42613523 -0.20150626 -0.62168989
v 0.45636952 -0.17757345 0.58387782
v 0.43929425 -0.16077922 -0.59962592
v 0.43795086 -0.16781213 -0.63604547
v 0.42848161 -0.16775060 0.57720988
v 0.43955066 -0.08167924 0.59059931
v 0.43764169 0.04187076 -0.63100506
v 0.43802380 -0.08067140 -0.61689697
v 0.42823138 -0.07960761 0.57852280
v 0.42753826 -0.05432832 0.57741857
v 0.43714356 0.04352089 -0.60349594
v 0.44097365 0.04329562 -0.59793781
v 0.44279328 0.06092079 0.61061570
v 0.43081886 0.07313509 0.58098874
v 0.44883922 0.09089286 -0.62362862
v 0.41296433 0.10080058 -0.67226621
v 0.43894567 0.09875011 0.61395530
v 0.41756045 0.10985995 0.62797796
v 0.40522166 0.11673682 -0.62300578
v 0.40562430 0.12587284 -0.63424398
v 0.44100834 -0.89314410 0.62455399
v 0.44328557 -0.85417868 0.61628586
v 0.46203232 -0.84580485 -0.58997362
v 0.43237811 -0.79842364 0.61451557
v 0.56967536 -0.76111205 -0.63409220
v 0.43499982 -0.62472111 0.60231585
v 0.43638415 -0.38580358 0.62523978
v 0.43802939 -0.34985071 -0.62190931
v 0.41317375 -0.18503109 0.64381613
v 0.42221858 -0.18021534 0.60285685
v 0.43968850 -0.17683502 0.63713029
v 0.43988886 -0.16223059 0.59092745
v 0.43721088 -0.06311173 0.60071586
v 0.44208291 -0.04252018 -0.59769391
v 0.43772965 -0.03913347 0.59069465
v 0.44168445 0.05624183 0.57797791
v 0.42469526 0.10630864 0.67809972
v 0.49578248 0.51764568 -0.23500792
v 0.36984792 0.62247886 0.06074272
v 0.44140078 0.68428804 0.04092971
v 0.47299282 -0.88263372 0.64293671
v 0.44391117 -0.84528208 0.58482197
v 0.48488389 -0.84548264 0.61781405
v 0.46638414 -0.82543218 -0.58782384
v 0.43812979 -0.83370028 0.58459121
v 0.47881004 -0.80379708 0.58154294
v 0.46365181 -0.80554118 0.61788083
v 0.39371271 -0.75817420 -0.62295097
v 0.43260463 -0.66771614 -0.64055432
v 0.42826384 -0.48029879 -0.58247660
v 0.44855271 -0.37824641 -0.64984108
v 0.45349428 0.05595771 -0.58696409
v 0.43629865 0.04263069 0.59112268
v 0.49646232 0.05174177 -0.58640979
v 0.55614412 0.08484231 0.69833160
v 0.43985675 0.10123953 0.64361145
v 0.46340955 0.10456902 -0.72671625
v 0.42444663 0.10883458 -0.63721626
v 0.34239552 0.33432001 -0.46233680
v 0.45864612 0.64461606 -0.05484020
v 0.46090086 0.68311183 -0.02201556
v 0.43335384 -0.89343698 -0.64147613
v 0.51147197 -0.88336379 -0.65025112
v 0.46150334 -0.84518335 -0.61703234
v 0.44095586 -0.81338102 -0.59152729
v 0.44266541 -0.62615904 -0.61458833
v 0.48602609 -0.49784630 -0.58665387
v 0.45065187 -0.37518904 0.64188112
v 0.50623705 -0.18963758 0.61173236
v 0.44024976 -0.07977533 -0.59733832
v 0.44412782 0.04949864 -0.60840312
v 0.34798948 0.10794862 0.71180881
v 0.43803180 0.10678152 -0.71930947
v 0.44953637 0.64668816 0.04982483
v 0.46449850 -0.87452065 0.60974227
v 0.47613014 -0.76310600 0.62638535
v 0.42601617 -0.66331773 0.60614850
v 0.59857452 -0.61823982 -0.58916238
v 0.43167786 -0.62236161 0.64392502
v 0.42282561 -0.37079353 -0.59236597
v 0.60444016 -0.33540767 0.64199043
v 0.51578705 -0.19766802 -0.62588469
v 0.43953472 -0.06179456 -0.60484258
v 0.49022583 -0.04368763 0.59046793
v 0.43741847 0.05033558 0.62249512
v 0.43588179 0.10842334 -0.69654221
v 0.50441144 0.24680594 -0.57019193
v 0.44611180 0.54125590 0.18189558
v 0.55638467 0.66327321 -0.07328798
v 0.48258438 0.70749491 -0.04900332
v 0.47589358 -0.84524425 -0.62534029
v 0.48407248 -0.86586853 0.61585129
v 0.48466904 -0.85540730 -0.59392239
v 0.46834933 -0.82669765 -0.61995424
v 0.48718297 -0.77805448 0.58062305
v 0.43595570 -0.76731462 0.60971980
v 0.64011079 -0.66681846 0.63268310
v 0.44992437 -0.64868935 0.60984212
v 0.44294852 -0.61010091 -0.60229672
v 0.49217717 -0.45662717 0.57821205
v 0.41330178 -0.21714077 -0.64099587
v 0.61078106 -0.21710344 0.64181159
v 0.49869608 -0.07711136 0.59277185
v 0.49438582 -0.04224077 -0.59789715
v 0.49880972 0.04213203 -0.59823565
v 0.46568277 0.05765827 -0.61516540
v 0.58370110 0.07986789 -0.62110829
v 0.42913341 0.12713566 -0.68974566
v 0.48374859 -0.89261928 -0.62903487
v 0.46637763 -0.86671605 0.58427273
v 0.48534683 -0.82419019 0.61684716
v 0.52390859 -0.80774130 -0.62459990
v 0.49353895 -0.80718235 0.61512482
v 0.48728030 -0.78277185 0.61212028
v 0.44357953 -0.64711463 -0.62294842
v 0.44273153 -0.61060233 -0.62453380
v 0.49654295 -0.60821221 0.58963723
v 0.51250482 -0.47466342 0.59669005
v 0.49910252 -0.38935439 0.58906486
v 0.59490032 -0.37475834 0.57605094
v 0.60061320 -0.37031437 0.58641552
v 0.42075826 -0.21557927 -0.65261762
v 0.42039212 -0.21355553 -0.61494070
v 0.45798308 -0.18096300 -0.61481021
v 0.59853234 -0.17573032 -0.64920451
v 0.50638208 -0.16483179 0.59577120
v 0.49809780 -0.07994437 -0.59771261
v 0.49676106 0.03547855 0.59135649
v 0.51012842 0.04417651 0.60307252
v 0.49481428 0.05993327 -0.60208908
v 0.50450993 0.06185586 0.59232635
v 0.52253865 0.68258720 -0.03205304
v 0.53823622 0.66604837 0.01335526
v 0.50097018 -0.86269931 -0.62036055
v 0.51963239 -0.81103336 -0.59102021
v 0.44151945 -0.78960495 -0.62528639
v 0.44605902 -0.66077874 -0.61556974
v 0.59330760 -0.63016494 0.60696774
v 0.49771705 -0.60370290 -0.58576812
v 0.50034591 -0.47455235 0.57587349
v 0.51049056 -0.47217310 -0.60132221
v 0.46771516 -0.38198798 -0.59568805
v 0.61665493 -0.34555265 0.64119186
v 0.51154182 -0.20036109 0.61632676
v 0.51512554 -0.05799217 0.57805151
v 0.59547853 0.07455452 -0.58823600
v 0.34298800 0.09841763 0.71562449
v 0.53702310 0.09743479 -0.71142809
v 0.56365516 0.13068546 -0.70591955
v 0.51474275 -0.61795202 0.57702483
v 0.51190706 -0.60114512 0.59935581
v 0.52856349 -0.60529459 0.58967622
v 0.49872508 -0.60327945 -0.59815285
v 0.49767516 -0.49944063 0.58899918
v 0.49847689 -0.49890073 -0.59715263
v 0.51296766 -0.38373629 0.59986337
v 0.57949711 -0.37822720 -0.64947790
v 0.42813321 -0.37394147 -0.58445476
v 0.60418217 -0.32096110 0.62593102
v 0.48139588 -0.22427988 -0.63455310
v 0.49075520 -0.17908294 0.58243358
v 0.51987444 -0.16763876 -0.62641002
v 0.49616947 -0.16314279 -0.59913769
v 0.51373059 -0.15846419 -0.60995255
v 0.51233229 0.03461985 0.60036437
v 0.51979790 0.05526628 0.57819083
v 0.54320824 0.09669795 -0.69946095
v 0.50368754 0.09429906 0.61375949
v 0.52262429 0.09653007 0.68771570
v 0.55349891 0.09822735 0.71495515
v 0.45001015 0.09786658 -0.61896643
v 0.54895430 0.12183581 0.64787355
v 0.56706728 0.69877415 -0.05533892
v 0.36992801 -0.89312808 0.63339469
v 0.55076959 -0.83340936 0.61548361
v 0.51165299 -0.62557167 -0.61188863
v 0.52018288 -0.50058850 0.59258106
v 0.51521887 -0.38517631 -0.60624639
v 0.42045518 -0.20955877 0.60793499
v 0.63057784 -0.18488397 -0.65411970
v 0.50857314 -0.17435294 -0.58531604
v 0.51468119 -0.16570861 0.61427365
v 0.51322397 0.01974552 -0.60791435
v 0.51119396 0.04700693 -0.61187255
v 0.42681065 0.07717762 -0.58741984
v 0.51804721 0.08262285 -0.69048532
v 0.50739481 0.09761365 0.67972157
v 0.51818322 0.10942170 0.61635063
v 0.44792439 0.45003247 0.27889822
v 0.54136803 0.62937914 0.07105137
v 0.51877005 -0.85061115 0.58183238
v 0.49127963 -0.82338376 0.58248097
v 0.53104214 -0.82400788 -0.58647472
v 0.52527764 -0.78554585 -0.62133403
v 0.51459635 -0.78085718 -0.59325511
v 0.51521958 -0.60385487 -0.60954531
v 0.51722467 -0.48842041 -0.60452591
v 0.58811947 -0.18406114 -0.61325855
v 0.59407109 -0.06634931 -0.58494949
v 0.52761132 0.04246102 -0.59794804
v 0.52992502 0.04285783 0.59459587
v 0.44169892 0.05989173 -0.65090903
v 0.50126763 0.07888587 0.61248616
v 0.52473981 0.10461397 0.68422003
v 0.53979388 0.11900248 -0.70644269
v 0.54530752 0.61566477 0.06875262
v 0.51356691 -0.85938886 -0.59305571
v 0.53157150 -0.80181050 -0.59376359
v 0.54809894 -0.65703141 -0.61739678
v 0.53145086 -0.45863074 -0.59697773
v 0.53022193 -0.45902820 0.58886473
v 0.52941405 -0.38425785 0.58958797
v 0.42876776 -0.32329251 0.61464130
v 0.53090698 -0.08186306 0.59092944
v 0.51211501 -0.06957286 -0.60628551
v 0.52913101 0.03533329 0.59078967
v 0.57346302 0.05681170 -0.65193338
v 0.56156173 0.10720182 0.71196754
v 0.54788182 0.10637362 -0.64307032
v 0.54217001 0.12179754 0.69336053
v 0.39751892 0.16605108 0.62453374
v 0.48232117 0.32126848 0.44193239
v 0.70405239 0.39599043 0.36708408
v 0.53320787 0.63166033 -0.07542302
v 0.53709602 0.65191109 -0.05119148
v 0.54340042 -0.84695361 0.58543656
v 0.54425619 -0.84751048 0.61507074
v 0.52461667 -0.77397859 -0.58600812
v 0.57028059 -0.76788232 0.60955569
v 0.53123428 -0.38177125 -0.59780071
v 0.52913561 -0.38419727 0.61946383
v 0.43981554 -0.36870985 0.61211745
v 0.40264936 -0.22412486 -0.62309685
v 0.51347011 -0.06360999 0.59943261
v 0.54686023 0.09555621 0.66124122
v 0.47315481 0.09833082 -0.65310736
v 0.57299332 0.12430973 -0.69219150
v 0.42335438 0.13942797 -0.63972977
v 0.54222955 0.68880667 0.03731896
v 0.53173554 -0.59930531 -0.59762202
v 0.53148580 -0.49899650 -0.59705215
v 0.57688216 -0.47331650 -0.60195455
v 0.59558729 -0.47839285 0.57479492
v 0.59435421 -0.37277923 -0.58416907
v 0.63192416 -0.21751679 0.63271407
v 0.54832474 -0.18811042 0.61065851
v 0.53111612 -0.16811661 0.59128261
v 0.53169652 -0.16507974 -0.59878657
v 0.51253419 -0.06317594 -0.60538759
v 0.52947786 -0.04236786 0.59028845
v 0.52810970 0.06532507 -0.59756322
v 0.57327752 0.46783714 0.27583487
v 0.44226597 0.54235543 -0.18522175
v 0.56210960 0.68489137 -0.02288469
v 0.46863762 -0.79481707 0.64445780
v 0.56710377 -0.77535846 -0.58658245
v 0.67077981 -0.78336908 -0.65162765
v 0.57208352 -0.78042575 0.58049224
v 0.51444840 -0.61377342 -0.62863177
v 0.58060227 -0.60789777 0.58920496
v 0.50802944 -0.60981437 0.61690153
v 0.56366785 -0.22445316 0.62577960
v 0.55075235 -0.16960586 0.57774496
v 0.49759733 -0.17455686 0.63273385
v 0.58324697 0.04702254 -0.59844624
v 0.52967563 0.08306085 0.67887860
v 0.53895715 0.09694170 0.68869798
v 0.54119414 0.68070313 -0.00841703
v 0.57623493 -0.88888325 0.64005094
v 0.51789857 -0.84626246 -0.65514204
v 0.54931960 -0.82171150 0.58316264
v 0.56520228 -0.82486897 -0.62255485
v 0.56893602 -0.81795135 0.61351375
v 0.56164286 -0.82149416 -0.59333059
v 0.63681369 -0.67299556 0.62593729
v 0.59061180 -0.66369595 0.60684628
v 0.57290628 -0.49504940 0.57705654
v 0.57806567 -0.49894156 -0.59673056
v 0.58537052 -0.37793465 0.64039572
v 0.58260291 -0.16729708 0.62225049
v 0.53140176 -0.04168195 -0.59717571
v 0.62583449 0.10122011 -0.64936742
v 0.52461426 0.10922734 -0.68761002
v 0.59948230 0.11089482 0.62869702
v 0.55634166 0.14465569 -0.67298343
v 0.51765495 0.13114290 -0.66569527
v 0.56656800 0.11633692 0.68820307
v 0.46857685 0.36096838 -0.40932858
v 0.55550110 0.71269170 -0.01812696
v 0.57073019 -0.89247274 -0.59287241
v 0.56068115 -0.87722674 -0.62287680
v 0.55726958 -0.85878340 0.58566587
v 0.56355954 -0.85176921 -0.59463257
v 0.57960212 -0.81482912 -0.58682513
v 0.56695077 -0.76855761 0.58538119
v 0.52992468 -0.64818106 -0.62214531
v 0.63088172 -0.62560814 -0.65555308
v 0.59231134 -0.61889204 -0.64653650
v 0.59602869 -0.61860309 0.63982967
v 0.57625147 -0.61043923 0.61956916
v 0.56835666 -0.45848167 0.57809581
v 0.58109716 -0.38329906 0.58937970
v 0.58667973 -0.38545726 -0.59902678
v 0.61516530 -0.33524581 -0.64881039
v 0.55036421 -0.32519451 -0.62253155
v 0.62039842 -0.32495398 -0.63454686
v 0.60745718 -0.19862539 -0.62650340
v 0.60207686 -0.18140327 0.64428991
v 0.53216239 -0.07802492 -0.59649770
v 0.58311344 -0.06187744 -0.59914753
v 0.59534573 0.05414869 -0.58709317
v 0.59317972 0.05021503 0.57806614
v 0.53012679 0.06571183 0.59539173
v 0.60619053 0.07961222 0.60813973
v 0.53586865 0.11421847 -0.69404792
v 0.54192693 0.12968981 0.62795494
v 0.45237987 0.16550515 -0.63330252
v 0.56808176 -0.85916146 0.61513120
v 0.57942385 -0.85744974 0.58159854
v 0.57571743 -0.81690981 0.58028166
v 0.58176840 -0.78281201 -0.59324522
v 0.57239872 -0.78722572 0.61370018
v 0.57516778 -0.76740579 -0.61790572
v 0.60238045 -0.62289619 -0.61802434
v 0.63915220 -0.66072676 0.64477608
v 0.63984441 -0.62437514 0.64427274
v 0.56222990 -0.60952815 -0.60302221
v 0.58351553 -0.45796506 -0.59763315
v 0.53034907 -0.45690109 -0.58528507
v 0.58284886 -0.38459611 -0.63441860
v 0.58732108 -0.04706195 0.57929505
v 0.57926102 -0.06292492 0.59838805
v 0.56385766 0.05893138 -0.61543255
v 0.61987585 0.10017903 0.64402748
v 0.66010690 0.12054954 -0.70870071
v 0.66963583 0.13577587 -0.66150384
v 0.56560405 0.11504946 -0.62350395
v 0.40900179 0.45377079 -0.29625620
v 0.55582262 0.65924714 0.02230972
v 0.53651216 0.64952353 0.04871447
v 0.58161957 -0.80901722 -0.62420784
v 0.64476396 -0.80797249 -0.65504942
v 0.59566826 -0.61683367 0.57611560
v 0.58415331 -0.61353497 -0.63222200
v 0.58242500 -0.60308735 0.62323676
v 0.58234195 -0.60065970 -0.59842202
v 0.59341176 -0.60663131 -0.64685507
v 0.59602057 -0.49424014 -0.58472250
v 0.58712710 -0.48089166 -0.60586592
v 0.58099203 -0.38837578 0.62166383
v 0.57393500 -0.33548768 -0.61203328
v 0.61148301 -0.21475444 -0.61659450
v 0.63376702 -0.20840100 0.64499008
v 0.58193741 -0.16953383 -0.63500050
v 0.58352655 -0.16404798 -0.59905493
v 0.58626360 -0.16216317 0.59153134
v 0.58131562 -0.08229639 0.59099469
v 0.58271961 -0.05782906 -0.63459321
v 0.58295477 -0.04429460 0.62630731
v 0.58478149 -0.06387828 0.60493405
v 0.58094078 -0.02935112 0.59027492
v 0.58251764 0.04748588 0.62053136
v 0.58075301 0.04487547 0.59062318
v 0.58159804 0.05012649 -0.63669281
v 0.51646900 0.08286397 0.68485747
v 0.58735301 0.09836101 -0.61768248
v 0.62917666 0.11288675 -0.63441687
v 0.60620447 0.16380769 0.61579340
v 0.60211459 0.21068891 -0.59413373
v 0.62146623 0.29434132 -0.51393615
v 0.58652063 0.47671644 -0.28769632
v 0.57196472 -0.89280197 -0.62812836
v 0.60205914 -0.86016581 0.61642663
v 0.63154564 -0.85482961 0.58120808
v 0.58885701 -0.84506520 -0.62645272
v 0.57217859 -0.75905862 0.61498109
v 0.59412857 -0.60718231 -0.58542240
v 0.58643102 -0.48515478 -0.63883836
v 0.58712996 -0.49419897 0.59037302
v 0.58390809 -0.45444310 0.61733087
v 0.59622831 -0.46921898 -0.58346477
v 0.59397218 -0.43828694 0.63925526
v 0.58467821 -0.47418341 0.59257198
v 0.60257302 -0.36841998 -0.61791644
v 0.61260622 -0.37014409 -0.60558531
v 0.60005618 -0.34947573 -0.62037473
v 0.61544145 -0.34079871 -0.61289099
v 0.61639388 -0.34318657 0.60504309
v 0.63775572 -0.32731516 -0.62280844
v 0.60620921 0.05366509 0.64042132
v 0.59265409 0.05756802 0.58650878
v 0.58918368 0.05862196 0.60359918
v 0.58316623 0.05768458 0.64319558
v 0.59482910 0.09129886 -0.62317195
v 0.63713454 0.11249606 -0.69615876
v 0.57039513 0.11721849 0.66626268
v 0.62387956 0.17400923 0.62660326
v 0.60418937 0.50221811 0.23073336
v 0.54181192 0.66736168 0.04900262
v 0.61578389 -0.85611108 -0.62447263
v 0.60624831 -0.85525544 -0.58892739
v 0.66348665 -0.84942953 -0.62324189
v 0.57690897 -0.84654579 -0.59489161
v 0.59666703 -0.82740292 0.58482917
v 0.60543837 -0.82556810 0.60828720
v 0.60385928 -0.81916961 0.58121676
v 0.60303167 -0.81454512 0.61809995
v 0.58387532 -0.78284500 -0.61866464
v 0.59043281 -0.78426050 0.58089504
v 0.60282086 -0.61937481 0.60795835
v 0.60091307 -0.46987405 0.58157925
v 0.60061128 -0.47468807 -0.58780545
v 0.60620581 -0.19738532 0.61638530
v 0.59431053 -0.16824727 0.57694932
v 0.59533978 -0.17358297 -0.58536324
v 0.59954236 -0.17685651 0.58322263
v 0.59458603 -0.00713354 -0.58816731
v 0.60085481 -0.01466725 -0.65062182
v 0.60343073 0.06329144 0.61351775
v 0.60012621 0.04862075 0.58590955
v 0.61699167 0.05739487 -0.64852894
v 0.59487673 0.07553215 0.57985676
v 0.60082536 0.09721800 0.60847732
v 0.51694746 0.14153098 0.64859013
v 0.49002765 0.23899779 0.56434590
v 0.55322137 0.65226098 -0.05322747
v 0.64861183 0.71109869 -0.00585140
v 0.64971684 -0.89269764 -0.62840569
v 0.59291007 -0.84119705 0.58273254
v 0.57684248 -0.83027297 -0.60123447
v 0.62304178 -0.67269217 0.61485584
v 0.64925682 -0.67210544 -0.62270785
v 0.60259965 -0.57755895 -0.61625963
v 0.60646544 -0.39962611 -0.61855350
v 0.60247243 -0.46724541 -0.60821887
v 0.60075014 -0.38969533 0.60833471
v 0.60052830 -0.38406953 -0.59579683
v 0.53358515 -0.33491593 0.60268471
v 0.62918170 -0.32689830 0.62766398
v 0.60131441 -0.17559219 0.63961820
v 0.60250881 -0.17715636 0.60456835
v 0.61803212 -0.13299295 -0.65594026
v 0.60237952 -0.17087308 -0.61677787
v 0.61377399 -0.06761569 -0.61954904
v 0.59963332 -0.08888550 0.60587341
v 0.60196550 -0.02062482 0.64031444
v 0.60226505 0.07090273 -0.62067894
v 0.59782632 0.05089048 -0.64825912
v 0.53828281 0.64359983 0.03200631
v 0.67741827 0.69201320 0.03430294
v 0.67146413 -0.85919474 -0.65517585
v 0.62994808 -0.84742142 -0.58889162
v 0.59565408 -0.84092806 0.61167693
v 0.61660959 -0.76011313 0.61501635
v 0.63255429 -0.66368994 -0.61706837
v 0.62237698 -0.64747918 -0.62718604
v 0.60229153 -0.47231073 0.60715795
v 0.60416321 -0.55503746 0.64329228
v 0.59404645 -0.51985866 0.63828410
v 0.60310601 -0.44764130 -0.65078131
v 0.61821072 -0.38326761 -0.61925416
v 0.60978310 -0.37042142 0.60979590
v 0.60782150 -0.37193352 0.64015506
v 0.63881055 -0.22404422 -0.63466817
v 0.60699099 -0.21495031 0.60719115
v 0.62270740 0.03501764 0.61491905
v 0.63861344 0.08731848 0.64445114
v 0.68528412 0.10777484 -0.68754507
v 0.63463771 0.11250757 0.61516609
v 0.53343435 0.22963573 0.55693774
v 0.59051088 -0.89024060 0.62069439
v 0.69224371 -0.88109191 0.64386209
v 0.52152931 -0.80335338 -0.65502513
v 0.63862432 -0.77403950 -0.58595224
v 0.63704934 -0.67337549 -0.63405251
v 0.62066405 -0.64787567 0.61497802
v 0.62009609 -0.62665832 -0.61964115
v 0.62244205 -0.61706342 0.62750380
v 0.61200696 -0.37324054 -0.65060054
v 0.62501855 -0.38751920 -0.62320844
v 0.63757798 -0.17511298 -0.64411212
v 0.60517041 -0.11146020 0.64107856
v 0.63006600 0.06558358 -0.63993258
v 0.64365557 0.08842916 -0.65145204
v 0.64151849 0.09890225 0.62724889
v 0.58289765 0.19386864 -0.63339880
v 0.59077531 0.18715964 0.61294958
v 0.63315071 -0.80733396 -0.62694709
v 0.60427692 -0.78693413 0.60974036
v 0.63996869 -0.66759991 -0.63984938
v 0.62999905 -0.66489928 -0.65464973
v 0.62757378 -0.61541292 -0.63923098
v 0.62512211 -0.60780750 0.61538690
v 0.63652829 -0.32865796 0.61480661
v 0.62994134 -0.36465390 0.62639139
v 0.63158529 -0.35932854 -0.63415888
v 0.65887267 -0.22400869 0.61465582
v 0.64301511 -0.21003412 0.60936146
v 0.63412601 -0.17164012 0.61496917
v 0.64146218 0.12934186 -0.63435978
v 0.83628800 0.40536845 0.33534735
v 0.64514591 -0.87190886 -0.58865195
v 0.67956389 -0.82565352 0.61590404
v 0.63679796 -0.78318702 -0.61038810
v 0.61512775 -0.76530426 0.58011843
v 0.63928381 -0.76752108 0.60959839
v 0.70015636 -0.76432639 -0.63402792
v 0.56603196 -0.76757815 -0.59299403
v 0.63804042 -0.66219481 0.60764841
v 0.64214636 -0.62907396 -0.62293803
v 0.62731075 -0.61110564 0.64484772
v 0.62405784 -0.38739661 0.61530114
v 0.61841603 -0.61088171 -0.65173507
v 0.60666387 -0.52813743 -0.65131221
v 0.64692844 -0.54389837 0.63252756
v 0.67075445 -0.45112516 0.65538948
v 0.63395287 -0.21477317 -0.65374392
v 0.64040351 -0.22396179 -0.62298098
v 0.63470867 -0.21781622 -0.64055378
v 0.62111379 -0.18493595 -0.61350888
v 0.63867411 0.07658276 0.60950653
v 0.64678580 0.06473210 0.62647029
v 0.64496981 0.09915365 -0.62294485
v 0.63894980 0.09686357 -0.64053678
v 0.63863229 0.14125070 -0.63934725
v 0.61839659 0.16544876 0.62433700
v 0.60821902 0.34495621 0.43063219
v 0.78659791 0.40881679 -0.36944231
v 0.62963765 -0.89362895 -0.64197617
v 0.64564002 -0.86105311 0.61178776
v 0.66184964 -0.84506563 0.57898522
v 0.58870034 -0.82078909 0.64620703
v 0.65806556 -0.82344634 -0.59016439
v 0.64009315 -0.80609485 -0.59292292
v 0.62913204 -0.79087030 0.58312546
v 0.61728397 -0.76029287 0.62633045
v 0.64997057 -0.66311622 0.62672545
v 0.64328105 -0.62938347 -0.65480861
v 0.64560118 -0.62443361 0.62724827
v 0.64619770 -0.61748076 0.61459658
v 0.67733579 -0.56243044 -0.66630581
v 0.68840850 -0.49306797 0.64013409
v 0.63810965 -0.44714483 -0.64013276
v 0.64337583 -0.22293582 0.62615224
v 0.63993597 -0.18019170 -0.63571225
v 0.61457608 -0.17049994 0.64212161
v 0.59969490 -0.09636773 -0.64941766
v 0.64986725 -0.11744708 0.63176474
v 0.65157680 0.07117655 0.61532836
v 0.68184544 0.04967907 0.65249264
v 0.66810784 0.08540343 -0.71717646
v 0.68895557 0.11516286 0.66664471
v 0.64422744 -0.89220686 0.62087345
v 0.67610665 -0.87198778 -0.59179126
v 0.68391186 -0.85896835 -0.59122641
v 0.67977652 -0.80701213 0.58262062
v 0.65971886 -0.78910456 0.60702381
v 0.64656939 -0.67423373 0.61473409
v 0.64514576 -0.60681028 -0.63573033
v 0.62549614 -0.53648314 -0.62369138
v 0.64477363 -0.53899608 -0.64026375
v 0.65586706 -0.11671247 -0.64013592
v 0.65313509 -0.00873069 -0.63961568
v 0.64976922 0.05199713 -0.63503320
v 0.74644650 0.33329187 -0.46426056
v 0.69199489 0.71220298 -0.03154419
v 0.66332501 -0.87056786 -0.62200239
v 0.68018580 -0.88999050 0.61308673
v 0.66096456 -0.82835215 -0.62173214
v 0.66356155 -0.78606954 -0.62432102
v 0.65995007 -0.77936487 -0.58890292
v 0.68235573 -0.76824871 -0.61809872
v 0.68522010 -0.76902275 -0.59429058
v 0.68935289 -0.61045974 -0.66418172
v 0.63206249 -0.61022449 0.63241562
v 0.65828942 -0.59591778 0.63258589
v 0.66217734 -0.37760224 0.63163207
v 0.64597890 -0.37790474 -0.64047888
v 0.69043351 -0.17228964 0.65106861
v 0.68473663 -0.14761177 -0.63547873
v 0.63709783 -0.17369589 0.63086064
v 0.67371466 0.09545446 -0.69929515
v 0.76659648 0.61195211 0.07562646
v 0.68055806 0.64859298 0.02859159
v 0.67837986 -0.89466673 -0.63453754
v 0.67958336 -0.88575919 0.58251670
v 0.65922075 -0.78520766 0.58479587
v 0.64837324 -0.65190669 -0.63510256
v 0.68546581 -0.61047916 0.65500144
v 0.66617158 -0.46025630 -0.63579852
v 0.64312881 -0.44393516 0.63168427
v 0.67806357 -0.44934998 -0.66476915
v 0.68065311 -0.01097240 -0.66288129
v 0.65785739 0.04826628 0.63167693
v 0.64967886 0.14635616 0.65934731
v 0.66610743 0.13958402 0.63215643
v 0.72130143 0.66556834 -0.07297538
v 0.68608184 -0.88749448 -0.62497171
v 0.67978100 -0.86125680 -0.60884749
v 0.67303884 -0.80799024 0.61420505
v 0.71646532 -0.78067031 -0.58844526
v 0.64699783 -0.77180419 0.58271717
v 0.67244733 -0.50246169 0.62735048
v 0.66850674 -0.16975977 -0.66149287
v 0.67950176 -0.12148945 -0.66412282
v 0.67247411 -0.00717791 0.63262942
v 0.68606093 -0.01252205 -0.64661238
v 0.68039886 0.05130544 -0.66183588
v 0.68260148 0.05183012 -0.64621059
v 0.68786122 0.05208765 0.63899034
v 0.68122767 0.09622626 0.68247359
v 0.67664903 0.10166671 -0.69403221
v 0.67442379 0.11173581 -0.69554879
v 0.72083639 0.64809199 -0.05222596
v 0.67269306 0.64780862 0.04820484
v 0.66992071 0.68652841 -0.01952006
v 0.69179889 -0.86819862 0.60437777
v 0.68835729 -0.89199064 -0.59204357
v 0.66287923 -0.82732022 0.58154346
v 0.68991602 -0.78415071 0.58454889
v 0.69915273 -0.76874387 0.58269107
v 0.68676604 -0.60283224 -0.64711346
v 0.68480289 -0.55591795 0.65865649
v 0.68628421 -0.47344393 -0.64671789
v 0.68711043 -0.37498418 -0.64776553
v 0.68761046 -0.37292248 -0.66305223
v 0.68063768 -0.15522874 0.65526521
v 0.68773820 -0.15804359 0.63794811
v 0.69055589 -0.12895338 -0.65948656
v 0.68980956 -0.01543697 -0.65873828
v 0.69344319 -0.01333658 -0.63553668
v 0.68328144 -0.02914755 0.65372044
v 0.69445428 -0.01552992 0.62723481
v 0.68121058 -0.00979383 0.65516832
v 0.68696193 0.05262295 -0.65965084
v 0.76133628 0.36916539 0.38205050
v 0.68064502 0.36553299 -0.40379018
v 0.67259613 0.66761416 0.04784409
v 0.71467525 0.66102648 0.01582187
v 0.69014690 0.67991084 -0.03574553
v 0.65564668 -0.84126925 0.61652780
v 0.68524850 -0.81089514 0.57652693
v 0.70170600 -0.82544863 -0.62222743
v 0.68810175 -0.59744769 0.63755385
v 0.69257737 -0.60999911 0.64799110
v 0.69158919 -0.48130816 -0.65850863
v 0.69163566 -0.47149101 0.65250914
v 0.68937635 -0.38189395 0.63863078
v 0.68863559 -0.37594422 0.65545190
v 0.68479799 -0.37138292 0.62707078
v 0.69003969 -0.17106546 -0.64943476
v 0.69434594 -0.14784880 0.62710403
v 0.69019838 -0.02214834 0.63861441
v 0.67365583 0.05084133 -0.63521080
v 0.69208123 0.04961797 0.62732505
v 0.69850379 0.09720922 -0.71154870
v 0.70452052 0.10375910 -0.69869505
v 0.77711908 0.18346677 0.61685433
v 0.71857869 0.46404682 0.25716007
v 0.69064175 -0.60257104 0.62717895
v 0.66026610 0.10601167 -0.71907626
v 0.68911543 0.10973381 -0.69454220
v 0.69723031 0.12330026 -0.69164785
v 0.65542004 0.12936717 0.62652568
v 0.70185105 -0.85603082 0.58491209
v 0.71990800 -0.79182352 0.60289434
v 0.63263186 -0.16856910 -0.62301068
v 0.75062269 0.10793435 -0.68773559
v 0.76230873 0.66502829 0.05120416
v 0.70633084 -0.88900848 0.58427115
v 0.70132684 -0.86884478 -0.58861660
v 0.72310567 -0.84669575 -0.62289687
v 0.71972616 -0.78717839 -0.62036317
v 0.74782523 -0.78914991 -0.65102419
v 0.70463902 0.10009038 0.69883988
v 0.62824070 0.16465446 -0.62330974
v 0.65492666 0.16724052 -0.63272543
v 0.80972653 0.16507864 0.62500862
v 0.49141325 0.39334175 -0.38834683
v 0.77310243 0.51577056 -0.21924076
v 0.70151268 -0.88003966 -0.64993534
v 0.74966263 -0.84166456 0.58346166
v 0.62150403 -0.75860906 -0.62290143
v 0.80339738 -0.34132180 0.61501897
v 0.68328674 -0.16394924 0.61537466
v 0.82453810 0.09554462 -0.69882522
v 0.76248603 0.13160290 0.65595308
v 0.63686938 0.18405739 0.63494061
v 0.77114331 0.17783742 -0.65240363
v 0.72465769 0.64848261 0.05021832
v 0.70601108 -0.86570133 -0.62134511
v 0.72924949 -0.86431235 0.61125765
v 0.74756476 -0.82866043 0.61572285
v 0.72554065 -0.81908706 0.58409717
v 0.71917315 -0.79265035 0.61027417
v 0.65569143 -0.07212960 -0.62321456
v 0.80685674 0.09544320 -0.71129277
v 0.66436307 0.12370221 0.64752484
v 0.72014226 0.14592793 -0.67193789
v 0.75141081 0.52786351 0.17976741
v 0.72531527 0.68179083 -0.02117688
v 0.70101591 -0.89415814 -0.63538277
v 0.74264263 -0.87125578 0.57875486
v 0.74235493 -0.84593207 0.61197235
v 0.72521493 -0.82979611 -0.58725248
v 0.74329920 -0.77822648 0.57828016
v 0.65814844 0.10081667 -0.67015615
v 0.75287784 0.10252384 -0.69513361
v 0.75535886 0.11317135 -0.69520701
v 0.65619446 0.22043614 0.56904667
v 0.87316664 0.40577254 -0.35362645
v 0.74959183 0.57094961 0.14394912
v 0.75671828 0.68397513 -0.03343155
v 0.79618806 0.70974933 -0.01210500
v 0.77960422 -0.85124466 -0.65500780
v 0.73720751 -0.81039055 0.61550444
v 0.78597990 -0.77345786 -0.58646130
v 0.77582412 0.09187444 0.71123601
v 0.78093143 0.12474351 -0.69115416
v 0.82103147 0.28851105 0.48381324
v 0.76300350 0.47708606 0.23398479
v 0.75848593 0.48299427 0.24873540
v 0.75727365 0.51414480 0.19155532
v 0.73006218 0.69464047 -0.05738482
v 0.70060651 -0.89386115 0.63283275
v 0.74775623 -0.85262777 -0.58774267
v 0.75129743 -0.84144669 -0.62384597
v 0.72523205 -0.83475025 -0.61211328
v 0.74573081 -0.81782006 0.58259129
v 0.67998606 0.08769035 0.66719907
v 0.63931222 0.09796055 -0.72831595
v 0.75780931 0.57968463 0.11411064
v 0.75847114 0.60484340 0.10293622
v 0.75212260 0.85104706 0.11140777
v 0.75954094 0.84903834 0.04971992
v 0.74839600 0.87287546 0.06410480
v 0.75215409 0.88152087 0.21605024
v 0.73877987 -0.89111270 0.62137851
v 0.75620826 -0.82602592 -0.58826893
v 0.80233328 -0.69560137 -0.62338457
v 0.83383094 0.13192079 0.69199560
v 0.90344488 0.33821662 0.43865670
v 0.75864369 0.50595809 0.16367712
v 0.76855861 0.48148251 0.19079021
v 0.71498724 0.55504037 -0.19034409
v 0.76197053 0.53440093 0.11931404
v 0.76176535 0.56088477 0.16193016
v 0.76454642 0.55263274 0.21378666
v 0.78102581 0.62757024 -0.08189888
v 0.76383951 0.60400788 0.11427973
v 0.78444197 0.69745446 -0.05377498
v 0.76365781 0.83717246 0.11629849
v 0.76399664 0.77606565 0.21254970
v 0.76298717 0.83582951 0.21377037
v 0.76172559 0.87660293 0.04016303
v 0.76184396 -0.86173337 0.61429234
v 0.78729323 -0.87105768 -0.58645925
v 0.77313031 -0.82066958 0.58536334
v 0.77861937 -0.80018308 0.61584688
v 0.77154432 -0.78142700 0.58451570
v 0.81227460 -0.56128282 0.61486903
v 0.67165683 -0.37259260 -0.63529516
v 0.96667414 0.08113386 0.68828746
v 0.68584566 0.12991841 -0.70649198
v 0.70067980 0.13191950 0.69342714
v 0.84541403 0.24071791 -0.55891686
v 0.87661861 0.45423547 -0.29250319
v 0.75693992 0.49695284 0.23612005
v 0.76925998 0.51359173 0.14696362
v 0.75570770 0.51557120 0.21341458
v 0.77136155 0.84553768 0.25076991
v 0.77064089 0.88792263 0.24904238
v 0.75636685 0.89513302 0.05627551
v 0.77465861 0.89933068 0.14884651
v 0.76829155 -0.88102260 -0.63039284
v 0.78291780 -0.89392825 0.62234440
v 0.77514996 -0.86557523 0.57925843
v 0.77247633 -0.82872396 -0.61834284
v 0.78058526 -0.80796776 0.57996867
v 0.71977743 -0.79031578 0.64239681
v 0.91330978 0.09815444 -0.72983168
v 0.76952217 0.51400748 0.24242578
v 0.77609632 0.55505364 0.14865617
v 0.78124840 0.56922527 0.12187242
v 0.85667432 0.89070076 0.04841971
v 0.79654512 -0.85176384 0.58219676
v 0.78391276 -0.87349564 -0.62427694
v 0.79885064 -0.83077250 -0.58519307
v 0.81277102 -0.76909142 -0.59607571
v 0.78133060 -0.76989155 0.57861711
v 0.78413360 -0.61282994 0.61530534
v 0.82948269 0.08870289 0.62750739
v 0.64781252 0.10358076 -0.72691558
v 0.77809053 0.57445740 0.22348144
v 0.76985820 0.64642106 -0.05621383
v 0.81857889 0.68328074 -0.01954397
v 0.77154908 0.68464325 -0.01596099
v 0.78156408 0.83930868 0.10439269
v 0.77881919 0.83418459 0.22438496
v 0.79187837 0.89591206 0.21457302
v 0.78737922 -0.88765165 0.58880981
v 0.79274349 -0.85741889 0.61111460
v 0.79978998 -0.84292969 -0.62429900
v 0.79044045 -0.83950433 0.61019326
v 0.79579112 -0.69999251 0.61528768
v 0.82655091 -0.31864337 0.61405754
v 0.80344456 -0.26397659 0.61510784
v 0.81074027 -0.09277476 0.61545597
v 0.84290768 0.10526896 -0.72700425
v 0.82795260 0.10110096 -0.66966892
v 0.72048160 0.11461505 0.68782155
v 0.73172115 0.45272931 0.29439403
v 0.78137636 0.49209773 -0.26873806
v 0.77330902 0.50400393 0.21092867
v 0.77233340 0.54183223 0.11688895
v 0.81689673 0.64983421 0.04766746
v 0.82370528 0.64261683 -0.05684498
v 0.77621722 0.70425961 0.10426858
v 0.80346175 0.87222091 0.16051486
v 0.76363097 0.89537299 0.23329364
v 0.81205861 -0.89324532 -0.63961811
v 0.78139548 -0.76748083 0.61025679
v 0.80459532 -0.76511110 -0.62263992
v 0.80495546 -0.75940916 0.61483752
v 0.80208370 -0.66968062 0.61519912
v 0.81029811 -0.61509131 0.61071139
v 0.81176957 -0.63979513 -0.62393076
v 0.83424367 -0.44949869 0.61334210
v 0.82363725 -0.41046315 0.61471247
v 0.80145674 -0.25285529 -0.62352127
v 0.80785247 -0.17531699 -0.62331487
v 0.81142363 -0.08884507 -0.62341738
v 0.78976235 -0.00736613 0.61552398
v 0.82804945 0.06376704 0.61410418
v 0.80686778 0.11385586 -0.70025387
v 0.72653936 0.12135029 0.69407207
v 0.79630745 0.14152090 -0.64176495
v 0.74820815 0.26146837 0.53661102
v 0.78643456 0.64838182 -0.07440703
v 0.82002286 0.66418359 -0.07289513
v 0.77477245 0.61503227 0.10089845
v 0.82656330 0.87960689 0.09568444
v 0.81629274 0.86216800 0.13289488
v 0.78885033 0.89550273 0.07917632
v 0.80632055 0.87395143 0.20372015
v 0.80199633 -0.87982202 0.61828225
v 0.79540958 -0.82103124 0.58564910
v 0.81089246 -0.79716697 0.60817843
v 0.80538417 -0.76172522 0.62685922
v 0.81166115 -0.53860070 -0.62356046
v 0.83355372 -0.32598907 0.62719162
v 0.84281711 -0.35986379 -0.62325420
v 0.81568203 -0.32202255 -0.62355055
v 0.81282559 -0.15973193 0.61489038
v 0.84441477 -0.12112613 0.61583681
v 0.79650896 0.09828172 0.71549405
v 0.81720769 0.12738069 -0.63451923
v 0.80439722 0.16265529 0.61554276
v 0.94096994 0.51574255 -0.23850072
v 0.76581759 0.54690225 0.10458184
v 0.81012162 0.54635988 0.22537900
v 0.73126774 0.63251306 0.06718727
v 0.82880863 0.86282477 0.15808233
v 0.80637220 0.86801784 0.08953541
v 0.79883740 -0.82508177 0.61707098
v 0.86060937 -0.81397045 0.58236924
v 0.82571657 -0.81336472 -0.60736531
v 0.81796192 -0.80305418 0.58555921
v 0.81341191 -0.64008858 0.59659562
v 0.82206960 -0.60780853 0.61283343
v 0.82041169 -0.55741551 -0.61711710
v 0.82084392 -0.54360757 0.60605783
v 0.82727953 -0.49287305 -0.61539603
v 0.81434640 -0.48039793 0.61488811
v 0.81845578 -0.24911679 0.59564037
v 0.81576379 -0.25193047 0.60899238
v 0.82149302 -0.18458380 -0.62166524
v 0.82123379 -0.16793854 0.59890137
v 0.82037314 -0.15295952 -0.60891887
v 0.83241661 -0.11720331 -0.62272987
v 0.83338518 -0.04744442 0.62716391
v 0.82504080 -0.08295728 0.60278389
v 0.81977659 -0.06314477 0.60633486
v 0.94921208 0.08125255 -0.69051817
v 0.82584352 0.10776408 0.61532276
v 0.79838769 0.09776232 0.65962440
v 0.82185774 0.15055416 0.65534427
v 0.89213265 0.15118025 -0.68344101
v 0.85075143 0.54082179 0.11499732
v 0.79883250 0.88951108 0.14723449
v 0.86103086 0.88563237 0.25258755
v 0.83363273 -0.82838441 -0.59206552
v 0.82206171 -0.78655750 -0.59166626
v 0.85162049 -0.76218594 0.61255814
v 0.80964842 -0.71081237 0.61378837
v 0.83288070 -0.70191984 -0.61115866
v 0.81326694 -0.70479979 0.60043136
v 0.82521142 -0.69316421 -0.63525252
v 0.83348844 -0.69460514 0.59713066
v 0.83322922 -0.65500380 -0.62371069
v 0.82343309 -0.56538854 0.62697111
v 0.81306987 -0.24607812 -0.61675286
v 0.84243341 -0.17826632 0.59290097
v 0.84464315 -0.14056592 0.60777958
v 0.83446390 -0.14024414 -0.61924953
v 0.82173959 -0.06560735 -0.62071750
v 0.81626764 -0.01579111 0.60606897
v 0.81795128 0.12989680 0.62708950
v 0.81949553 0.49047511 0.24327441
v 0.84725321 0.49907232 0.21909563
v 0.80947549 0.64906427 0.03001482
v 0.81389293 0.68899671 0.03653333
v 0.85169876 0.83661945 0.22449506
v 0.81878399 -0.87833871 -0.58652022
v 0.85342535 -0.85895377 0.61123778
v 0.88020463 -0.79382278 -0.65321962
v 0.86501648 -0.77000794 -0.59501154
v 0.83932114 -0.64101857 0.59705487
v 0.82709165 -0.63315423 -0.60228498
v 0.83363481 -0.56244188 -0.60477646
v 0.82287550 -0.54571280 -0.61977626
v 0.83766334 -0.44197969 -0.63584075
v 0.81503822 -0.45475439 -0.62394472
v 0.82614190 -0.40746054 -0.62327905
v 0.83962784 -0.37328921 0.61280823
v 0.84306111 -0.34151601 -0.61352305
v 0.84188519 -0.26236780 -0.62329127
v 0.85298356 -0.24308794 -0.61976829
v 0.84980991 -0.09392344 0.61309448
v 0.83449870 -0.08007595 -0.60314862
v 0.83335285 -0.00979247 -0.60857468
v 0.83611446 0.00402961 0.61333068
v 0.83667747 0.05541905 -0.59908545
v 0.69361436 0.08174464 -0.69140540
v 0.83418316 0.12158534 0.61962021
v 0.86578713 0.45340511 0.27021283
v 0.84442780 0.47420540 0.24153745
v 0.94829703 0.49876191 -0.23987300
v 0.87774812 0.57126689 -0.15020120
v 0.85221813 0.54549094 0.10197672
v 0.83326900 0.88412916 0.20286711
v 0.83411844 0.89006408 0.14758806
v 0.87349924 -0.82159322 0.64430842
v 0.86056108 -0.81837778 -0.61988015
v 0.84281921 -0.81256571 0.60884551
v 0.86095025 -0.80931595 0.61626596
v 0.82468914 -0.75631539 -0.63527792
v 0.81847894 -0.71572680 -0.62219843
v 0.84530774 -0.68509138 0.61488741
v 0.85406026 -0.55422636 -0.61607800
v 0.77851423 -0.59501649 -0.63508827
v 0.85405650 -0.48266473 -0.62259798
v 0.85526657 -0.45667943 0.61289701
v 0.85990391 -0.30694743 -0.61720993
v 0.84289374 -0.34311806 -0.63525579
v 0.89957309 -0.14148642 0.62792910
v 0.83411612 -0.03097102 0.61427107
v 0.83853375 -0.00934624 0.58982370
v 0.83774241 0.05844025 0.59893830
v 0.85233201 0.10466461 0.62532809
v 0.94685513 0.11544011 0.65348814
v 0.94428366 0.46170372 0.28194039
v 0.84321588 0.56963532 0.12070017
v 0.83046428 0.57693368 0.10518771
v 0.84145623 0.66548654 0.04950762
v 0.83774300 -0.86993332 -0.62444765
v 0.86090825 -0.82313860 0.58311388
v 0.85387487 -0.82482775 0.61131602
v 0.89961264 -0.78950272 -0.62279684
v 0.83113277 -0.78416410 -0.61276587
v 0.91677923 -0.70983208 0.61274021
v 0.89511991 -0.69196105 -0.62048171
v 0.81882289 -0.64260271 -0.61806901
v 0.84559489 -0.64028898 -0.60897233
v 0.84934536 -0.57056397 -0.62088874
v 0.87684588 -0.45134923 0.62705908
v 0.87075215 -0.40027447 -0.60893798
v 0.82843046 -0.33132137 0.59509016
v 0.81068449 -0.21024217 -0.63514786
v 0.85521794 -0.25609911 -0.60793594
v 0.84709017 -0.25040565 0.59292624
v 0.85100659 -0.23740918 0.61038792
v 0.85201832 -0.18215561 -0.62209570
v 0.85160455 -0.17118407 -0.60049193
v 0.85410580 -0.15662278 -0.60684155
v 0.85233956 -0.15999885 0.60070743
v 0.85529797 -0.13586054 -0.61072166
v 0.84167832 -0.13984627 -0.58954571
v 0.86296609 -0.09131289 0.60130228
v 0.89197447 -0.07645706 -0.61704116
v 0.82763665 -0.07046859 0.60987022
v 0.81001001 -0.01970612 -0.62307883
v 0.85089525 -0.00563610 -0.59682640
v 0.83062909 0.09092450 -0.63601486
v 0.83530844 0.08696737 0.60011701
v 0.85197916 0.48114964 0.19607190
v 0.84954922 0.53566643 0.17096946
v 0.85295517 0.64426221 0.10372787
v 0.85721002 0.84481588 0.25291947
v 0.83994702 0.89718462 0.07652214
v 0.82630468 -0.89310568 0.63429563
v 0.83035857 -0.84266948 -0.63301416
v 0.85549283 -0.84438284 0.58417028
v 0.86528498 -0.84118886 0.61299694
v 0.86021627 -0.82160613 0.61167340
v 0.86278578 -0.78002418 0.58798320
v 0.82262044 -0.76112179 -0.61571766
v 0.85331130 -0.63438657 -0.62042894
v 0.85055605 -0.56559488 0.61367122
v 0.84674556 -0.48315472 0.60838385
v 0.85248964 -0.42546766 0.59556509
v 0.84723810 -0.41217359 0.60304320
v 0.87123492 -0.34821984 -0.61612383
v 0.86044459 -0.13838468 -0.60836735
v 0.87216871 -0.08685004 -0.61785744
v 0.82750816 -0.06817352 -0.63583738
v 0.86189587 0.04017230 -0.60124007
v 0.91481858 0.14114886 -0.64148363
v 0.89489734 0.15939981 0.63146910
v 0.85991080 0.18911910 -0.48824492
v 0.85818625 0.19881852 -0.50751760
v 0.85329657 0.22275776 -0.49403517
v 0.85819254 0.25967453 -0.45837257
v 0.86203043 0.25599743 0.45412576
v 0.85742875 0.38733405 0.17762944
v 0.85604114 0.42585161 0.19348041
v 0.86186708 0.42302739 0.26726516
v 0.86122764 0.43315973 -0.25235158
v 0.85935062 0.45239242 -0.28427226
v 0.86185266 0.47152129 0.23743204
v 0.86130381 0.48299968 0.19224171
v 0.86198587 0.48383848 0.24967965
v 0.85840978 0.51724930 0.23823285
v 0.86098106 0.53703942 0.22282465
v 0.67057615 0.62001482 -0.10909641
v 0.85452925 0.62410990 -0.05317808
v 0.86005564 0.63474811 -0.02357166
v 0.85461283 0.64438441 0.03246323
v 0.83406416 0.84843461 0.09392204
v 0.86609700 0.84676904 0.05452860
v 0.85778002 0.83513406 0.10508251
v 0.86036779 0.89723579 0.21779895
v 0.87160043 0.89588143 0.22949132
v 0.86992222 -0.89140817 0.06292638
v 0.86132653 -0.85818568 0.58327839
v 0.85980481 -0.85802294 -0.60979386
v 0.86857708 -0.86232050 0.56238204
v 0.86511125 -0.82420203 0.60858340
v 0.86903024 -0.79839823 -0.52606595
v 0.86873379 -0.79364644 0.47467712
v 0.86336515 -0.79529639 0.58405492
v 0.86602153 -0.77522961 0.15171311
v 0.86979338 -0.81162829 0.40250511
v 0.86731608 -0.77493352 -0.40309339
v 0.88611405 -0.78297665 0.13567145
v 0.86950893 -0.77411926 -0.33147007
v 0.87087316 -0.78837183 -0.34799561
v 0.86724797 -0.77375464 -0.23751784
v 0.86866592 -0.77286030 -0.03335292
v 0.86781726 -0.76902773 0.38373775
v 0.87074769 -0.77028949 0.51175949
v 0.87010616 -0.76441901 -0.56895223
v 0.86808903 -0.77071718 -0.06542853
v 0.86620968 -0.77012412 0.41426476
v 0.89221060 -0.70923948 -0.62146393
v 0.89436142 -0.64954871 -0.60944719
v 0.88244488 -0.64364703 0.60787746
v 0.88452427 -0.45982375 0.59234078
v 0.83447714 -0.43750471 -0.60747406
v 0.87719304 -0.33950222 -0.60430267
v 0.88794965 -0.31880890 0.61117779
v 0.86909485 -0.24329898 0.61327518
v 0.85306841 -0.18149224 0.61293002
v 0.86637699 -0.11471250 -0.62103426
v 0.88184279 -0.14397562 -0.60143500
v 0.88035517 -0.07816718 0.52818155
v 0.86490410 -0.08281988 0.57631819
v 0.87195119 0.04517765 -0.62227666
v 0.83247630 0.05744177 -0.62319939
v 0.85960542 0.18593694 0.46994604
v 0.89147063 0.20024186 0.49060851
v 0.85816631 0.20680758 0.44000130
v 0.85635863 0.22149291 -0.53342712
v 0.87117162 0.25837546 -0.55603788
v 0.85780050 0.38898802 -0.18302654
v 0.86371055 0.39737676 0.23395798
v 0.86059970 0.38800156 0.22299553
v 0.86061691 0.41379501 0.23413776
v 0.86188857 0.42304732 0.22495438
v 0.85656885 0.43069716 -0.22868561
v 0.86315250 0.49577557 0.24039732
v 0.86138326 0.52305142 0.13693930
v 0.86533814 0.54468651 0.15704485
v 0.86250507 0.58010998 0.10996499
v 0.85968266 0.56320052 0.21930307
v 0.91417026 0.61725871 0.01156393
v 0.86689746 0.64682939 0.11505472
v 0.86686326 0.61106759 0.20809106
v 0.86762340 0.83620814 0.21199145
v 0.86316829 0.89772598 0.08727541
v 0.87044408 -0.89158114 -0.47140723
v 0.87993556 -0.89023158 -0.18578051
v 0.87113110 -0.89155705 0.38434323
v 0.87169089 -0.89155760 -0.34134931
v 0.87652571 -0.86927695 0.14728091
v 0.87160613 -0.86805201 0.19806736
v 0.87557544 -0.86589530 0.46784390
v 0.87754179 -0.87734986 0.58479073
v 0.87447743 -0.86153212 -0.40293467
v 0.86897279 -0.86528997 -0.38324086
v 0.87461429 -0.86383533 0.26566749
v 0.87132071 -0.86497434 0.39480468
v 0.86904502 -0.84687581 -0.56850888
v 0.87571609 -0.86172389 -0.12148622
v 0.86966591 -0.84026011 -0.10438285
v 0.86828133 -0.84733312 -0.07905315
v 0.87090393 -0.85825723 0.08090727
v 0.87065320 -0.88917340 0.28716503
v 0.87294215 -0.86258835 0.29922912
v 0.87068191 -0.87302387 0.32680305
v 0.87066468 -0.85161692 0.42612791
v 0.86875761 -0.86259804 0.49645619
v 0.87213653 -0.83845055 -0.54125515
v 0.87372455 -0.86263275 -0.46061840
v 0.87004593 -0.84819232 -0.42448287
v 0.87091813 -0.84599305 -0.34379820
v 0.87610496 -0.86064712 -0.32477125
v 0.87227484 -0.85957957 -0.27521982
v 0.87031283 -0.84908074 -0.23437845
v 0.87173154 -0.84796350 -0.19055275
v 0.86924006 -0.85826898 -0.01847148
v 0.87022256 -0.85734361 0.05413781
v 0.86892182 -0.85062604 0.13592168
v 0.86844437 -0.85908471 0.18043642
v 0.86811313 -0.85515255 0.28023024
v 0.87255948 -0.84424250 -0.32672555
v 0.87218249 -0.84263683 0.06414433
v 0.87377741 -0.83887807 0.16415810
v 0.87323553 -0.84971225 0.30892411
v 0.87676412 -0.83916432 0.40315403
v 0.87535219 -0.84836975 0.47953533
v 0.87197310 -0.85411206 -0.04425798
v 0.87296250 -0.83307440 0.18117133
v 0.87372567 -0.83740020 0.26970241
v 0.87063776 -0.82855768 -0.49769943
v 0.87023022 -0.83340434 -0.39041967
v 0.87231452 -0.83181153 -0.11867719
v 0.86959126 -0.81779108 0.03300138
v 0.87049440 -0.82829104 0.04856038
v 0.87413632 -0.83175017 0.22085531
v 0.86991185 -0.82171852 0.30467795
v 0.87299650 -0.83098798 0.47328328
v 0.87243215 -0.81913673 -0.52080328
v 0.87595053 -0.82172791 -0.37470220
v 0.87088619 -0.82696005 -0.33061001
v 0.87230442 -0.83607342 -0.29229706
v 0.87025476 -0.82718915 -0.17415263
v 0.86996149 -0.82218525 -0.08297407
v 0.86876616 -0.81763760 -0.02107046
v 0.86811438 -0.82465921 0.14054116
v 0.86978045 -0.81639322 0.32510346
v 0.87293503 -0.82696502 0.36648980
v 0.87024785 -0.82482219 0.39530196
v 0.87284412 -0.81520747 0.41503302
v 0.87013345 -0.81760544 0.47494730
v 0.86853196 -0.81442124 0.54670453
v 0.87117501 -0.82128162 -0.56749385
v 0.86924501 -0.82257327 -0.24784853
v 0.87616683 -0.81311178 -0.07971548
v 0.87103992 -0.80384878 -0.03801541
v 0.87126733 -0.81312128 0.24775537
v 0.87466509 -0.80153524 0.57429383
v 0.86689135 -0.80589367 0.20199332
v 0.86975646 -0.81339161 0.51713182
v 0.87900433 -0.80991213 0.59718455
v 0.90370096 -0.80493231 -0.61216462
v 0.87213761 -0.81210717 -0.39325278
v 0.87471105 -0.81631683 0.14945551
v 0.87317868 -0.80091360 0.30415922
v 0.87477798 -0.79260919 0.50341407
v 0.87031411 -0.77624923 -0.51503846
v 0.87417055 -0.78405717 -0.48831400
v 0.87095870 -0.79173670 -0.17332216
v 0.87109727 -0.80170828 -0.09781362
v 0.87598568 -0.81349305 0.05948528
v 0.86677176 -0.77979390 0.08507738
v 0.86995044 -0.77510770 0.17520289
v 0.87396015 -0.79464559 0.26092914
v 0.86696142 -0.77395575 0.30270102
v 0.87347780 -0.79503879 0.32647986
v 0.87643364 -0.79304497 0.43784478
v 0.86716180 -0.77546151 -0.45550166
v 0.86810191 -0.77748601 -0.20112623
v 0.87187680 -0.76770847 -0.09073495
v 0.87403782 -0.77770347 0.56191968
v 0.88081863 -0.79582747 0.38157154
v 0.87621018 -0.76829393 -0.35686693
v 0.87402350 -0.77445581 -0.17585316
v 0.89722773 -0.77223750 -0.08284605
v 0.87186427 -0.76921297 0.02207139
v 0.87658055 -0.76759279 0.07413962
v 0.87492464 -0.77036669 0.18602825
v 0.87711802 -0.76814635 0.29223946
v 0.90795445 -0.76922438 0.48244649
v 0.84487278 -0.78636614 0.64098773
v 0.84815656 -0.42260747 -0.61393982
v 0.91357264 -0.06950862 -0.62285102
v 0.89024046 -0.01000978 -0.60188242
v 0.86752992 0.00325001 -0.59906794
v 0.88701785 0.04096561 0.61481382
v 0.86197793 0.05126176 0.59228775
v 0.89257533 0.09094690 0.59628780
v 0.82237543 0.09505396 0.68939406
v 0.85051792 0.10556661 -0.71920672
v 0.71467738 0.09648183 0.68285514
v 0.77852621 0.12265545 -0.70851767
v 0.93282986 0.14364118 -0.69253424
v 0.90579254 0.16308671 0.61564844
v 0.89182051 0.19119756 -0.51540244
v 0.91185931 0.18104670 0.46427015
v 0.86019350 0.19522628 -0.44694106
v 0.85691925 0.43881387 0.26579447
v 0.87146587 0.50811020 0.22219880
v 0.86942008 0.52673966 0.19934434
v 0.98126668 0.54067374 -0.21051105
v 0.87160397 0.59734643 0.12054930
v 0.86055511 0.60432369 -0.02682716
v 0.85571734 0.60273563 0.00741716
v 0.85900064 0.61578382 0.03453616
v 0.86070442 0.60984178 0.09866943
v 0.86150942 0.64548776 -0.04224174
v 0.86831739 0.83512729 0.12245880
v 0.88289353 0.85078534 0.06769441
v 0.88086090 0.84560047 0.22346221
v 0.84170254 -0.88078842 -0.65173267
v 0.85621909 -0.89125141 -0.62327196
v 0.87137372 -0.89250972 -0.56657355
v 0.87715392 -0.88817930 -0.39918174
v 0.87224146 -0.88304498 -0.10922945
v 0.87008960 -0.88869499 0.48335429
v 0.87259983 -0.88305369 -0.26467274
v 0.87794367 -0.85898420 -0.58470976
v 0.87102925 -0.85100652 -0.49427439
v 0.86842762 -0.86882293 0.61074202
v 0.87461375 -0.86276127 -0.51227964
v 0.87126204 -0.86615728 -0.17918359
v 0.87418372 -0.86683283 -0.07223180
v 0.86937752 -0.86381557 0.37560541
v 0.89812991 -0.84198422 -0.60836745
v 0.87015876 -0.84714660 -0.38407135
v 0.87301870 -0.84864509 -0.12256805
v 0.87550684 -0.84764904 0.25000740
v 0.87094079 -0.84394249 -0.26439648
v 0.87949578 -0.83108348 -0.07212081
v 0.87508262 -0.83639317 0.02121749
v 0.87396203 -0.84002380 -0.61446870
v 0.87090016 -0.83935855 -0.46515912
v 0.86958818 -0.82408531 0.07499658
v 0.87473127 -0.82806169 0.52264906
v 0.87792605 -0.82361209 -0.60980510
v 0.87327895 -0.81637584 -0.48543133
v 0.87667550 -0.81511175 -0.11105456
v 0.88379082 -0.81347293 -0.10610895
v 0.87669396 -0.81007130 0.08556210
v 0.87499182 -0.80488279 0.16400420
v 0.90579186 -0.81646107 0.22492739
v 0.90069699 -0.78799867 -0.28249587
v 0.87659660 -0.81259475 -0.20167576
v 0.87479223 -0.80124858 -0.47130816
v 0.91194128 -0.79325067 -0.25091755
v 0.87558292 -0.80138640 -0.05269246
v 0.90368357 -0.79758828 0.60604129
v 0.87372230 -0.78538283 -0.32897165
v 0.90825223 -0.79654060 -0.53406631
v 0.87290959 -0.78641175 -0.41553268
v 0.87107585 -0.78539079 -0.38533166
v 0.87130545 -0.79158024 -0.29781858
v 0.87461352 -0.78446482 -0.25781091
v 0.87282469 -0.80349295 -0.24130960
v 0.87737176 -0.78382228 0.06676675
v 0.87554140 -0.78420605 0.16226402
v 0.87637076 -0.76950285 -0.50104966
v 0.88495499 -0.77432120 0.38015137
v 0.91329566 -0.65451860 -0.61897503
v 0.85498250 -0.64237242 0.61168505
v 0.91510671 -0.57026690 0.61336602
v 0.88513994 -0.61948169 -0.01651548
v 0.88468276 -0.56047542 0.00157001
v 0.88406714 -0.46351375 0.00274026
v 0.88447857 -0.43777299 -0.54930783
v 0.89961433 -0.33405044 -0.57677842
v 0.88503473 -0.33806032 0.56032612
v 0.91139718 -0.24326526 -0.62262181
v 0.91371212 -0.17927392 -0.62212088
v 0.88596990 -0.16951855 0.60474077
v 0.86981795 -0.15885858 -0.61609089
v 0.89311904 -0.13029800 -0.59384904
v 0.86415094 -0.15474622 0.61181802
v 0.88347058 -0.16938237 -0.01059640
v 0.89379302 -0.06672808 0.55263177
v 0.92681297 -0.08660141 -0.63645553
v 0.90411878 -0.00608905 0.56226476
v 0.86743133 -0.00752540 0.58875393
v 0.86887422 0.00742212 0.60674872
v 0.88107507 0.00209565 0.61395445
v 0.89680226 0.04823300 0.58982749
v 0.87671909 0.06498147 -0.62174215
v 0.88890297 0.07711603 0.61678844
v 0.94676562 0.12696381 0.66061383
v 0.90701708 0.20182677 -0.50100435
v 0.86400801 0.20544704 0.52307607
v 0.85894270 0.21480481 0.49193554
v 0.85901808 0.38389046 -0.22557862
v 0.86047398 0.42251170 -0.18642732
v 0.90613422 0.43743452 -0.26659962
v 0.86547138 0.51468173 0.19419770
v 0.94370616 0.59859863 -0.13527526
v 0.83725869 0.67267661 -0.04176843
v 0.88301730 0.88288384 0.21932073
v 0.88109920 0.88987258 0.06598029
v 0.88353632 -0.89340740 0.18754899
v 0.90984332 -0.86290312 -0.09254813
v 0.91434988 -0.88181984 -0.57974541
v 0.87681634 -0.88684862 -0.38635885
v 0.91081945 -0.86040140 -0.36962869
v 0.91219784 -0.86541040 0.47088146
v 0.91204423 -0.84710969 -0.40304692
v 0.91506524 -0.84037252 0.26552711
v 0.91365443 -0.84776360 -0.38141504
v 0.91596937 -0.83311999 -0.10120233
v 0.87378852 -0.82962309 -0.03373421
v 0.87813466 -0.83113485 0.56708829
v 0.91599382 -0.83603547 -0.48461849
v 0.88261580 -0.83736613 0.58731823
v 0.86809086 -0.82709853 -0.45202927
v 0.87090928 -0.82529512 -0.19896570
v 0.90589547 -0.82878189 -0.19872876
v 0.87389138 -0.80370474 -0.54719965
v 0.86838127 -0.81675357 -0.33992263
v 0.87621298 -0.81460798 0.01680980
v 0.90863501 -0.80954221 0.39049982
v 0.87301913 -0.79545146 0.53921693
v 0.90773632 -0.79494938 -0.04584504
v 0.87437454 -0.81408987 0.49037940
v 0.90924618 -0.78501572 0.09059276
v 0.87635287 -0.78765493 0.41872915
v 0.91330177 -0.78165974 -0.54681441
v 0.91519514 -0.78464332 -0.22178044
v 0.91062583 -0.78417240 0.05727351
v 0.89234972 -0.79718674 0.33127251
v 0.88872564 -0.78913356 0.50404156
v 0.86718738 -0.78004898 -0.56991086
v 0.87122227 -0.77656603 0.20546273
v 0.86875335 -0.77546623 0.23101871
v 0.89168328 -0.77467969 0.30882677
v 0.91407180 -0.65534212 0.60886264
v 0.91137731 -0.63393063 -0.09120146
v 0.89701574 -0.62461695 0.09048382
v 0.88726583 -0.58756902 0.51442213
v 0.88877895 -0.61885648 0.08833360
v 0.88542042 -0.61503511 -0.09271958
v 0.88492515 -0.59466517 0.52438522
v 0.88815161 -0.55384061 0.53212909
v 0.89212024 -0.48093190 -0.09718107
v 0.89142227 -0.37301314 0.09020453
v 0.88529561 -0.48982624 0.08266705
v 0.88485583 -0.49533556 -0.09049764
v 0.88619462 -0.43688768 -0.59544558
v 0.89062579 -0.40008180 0.54738052
v 0.88558828 -0.37400064 0.08237046
v 0.88515161 -0.37329112 -0.09040710
v 0.91563905 -0.38041473 0.61331836
v 0.89357977 -0.36901215 -0.09669698
v 0.89157660 -0.32897416 0.59123298
v 0.89131011 -0.16812107 -0.58658752
v 0.89410249 -0.17298423 0.08379418
v 0.90122840 -0.15187597 -0.08097666
v 0.88504091 -0.16959859 0.05833363
v 0.89070473 -0.06060181 0.08301078
v 0.87376308 -0.09952191 -0.60528350
v 0.88708756 -0.17139845 -0.07400899
v 0.88668739 -0.07066028 0.07464757
v 0.88657207 -0.05342926 -0.07911117
v 0.88335059 -0.06104431 -0.00469386
v 0.91411794 -0.07659958 0.61349124
v 0.88365284 -0.01499384 0.53597497
v 0.89322494 0.01510277 -0.61615761
v 0.89302223 0.04883785 -0.09679891
v 0.88657364 0.05239948 0.07140577
v 0.89413772 0.08029679 0.08557614
v 0.88612311 0.05664267 0.59968910
v 0.89651030 0.09622506 -0.62102339
v 0.88522305 0.07809953 0.06524841
v 0.88671372 0.07547976 -0.09588904
v 0.86608112 0.10212641 -0.69127272
v 0.89116133 0.10034532 0.61576527
v 0.90670480 0.16890214 0.62762489
v 0.85973204 0.19002490 0.50869842
v 0.90632620 0.20229147 -0.50372988
v 0.90059932 0.59295016 -0.00030295
v 0.92828642 -0.89582010 -0.62516310
v 0.91620019 -0.87062768 -0.60768926
v 0.91392901 -0.89094882 0.38506496
v 0.87634937 -0.86438036 -0.24801546
v 0.91011425 -0.86213378 0.37293862
v 0.91729871 -0.86364389 -0.19719518
v 0.91262197 -0.86198464 -0.04237009
v 0.91367553 -0.85808433 0.08413237
v 0.90997254 -0.86570979 0.20036956
v 0.91613882 -0.84413640 0.55326891
v 0.91211755 -0.86119482 -0.32365839
v 0.87375424 -0.84944181 0.52983117
v 0.90009799 -0.82948600 -0.30027916
v 0.89390479 -0.83749978 -0.27486177
v 0.88677542 -0.83830862 -0.01092283
v 0.91400174 -0.81233209 -0.51303385
v 0.87695456 -0.81201229 -0.04884055
v 0.90839851 -0.80936051 0.02753153
v 0.91093715 -0.81502550 0.40769923
v 0.87652223 -0.81212766 -0.09917588
v 0.91263564 -0.80134932 0.01673194
v 0.91273818 -0.80412820 -0.57479108
v 0.87389496 -0.79913704 -0.41300244
v 0.87084959 -0.81008574 -0.18571050
v 0.90841154 -0.78444500 -0.08815991
v 0.91224617 -0.80476109 0.30589213
v 0.89353394 -0.78694196 -0.58427877
v 0.91252166 -0.79383966 -0.12282679
v 0.88697425 -0.79011402 0.23999777
v 0.90896829 -0.78301975 0.41011235
v 0.87083605 -0.79144235 0.03616666
v 0.90734269 -0.78261525 0.31490620
v 0.87665342 -0.76630188 -0.20536641
v 0.90746940 -0.77207446 -0.17542193
v 0.89841734 -0.69712913 -0.56307469
v 0.90187789 -0.69884510 0.52770898
v 0.89739053 -0.68828946 0.55159980
v 0.91242456 -0.68907079 -0.62236995
v 0.88768672 -0.69994046 0.59463575
v 0.91499532 -0.68753913 0.60702237
v 0.89834014 -0.66072256 0.53718224
v 0.91377749 -0.65242900 0.57004179
v 0.89529703 -0.63785950 -0.62016736
v 0.89462267 -0.64461712 -0.54920195
v 0.89274845 -0.64757600 0.51479528
v 0.89638831 -0.63871963 0.54265679
v 0.91559646 -0.62512280 0.60996602
v 0.91624344 -0.63756493 0.07561355
v 0.90897565 -0.62347709 -0.10034661
v 0.91397220 -0.60991330 0.00035997
v 0.89233714 -0.56816386 -0.54198706
v 0.89698967 -0.60153576 0.01505499
v 0.90789777 -0.52787773 0.09019846
v 0.88630566 -0.55482055 -0.57641809
v 0.89574283 -0.55846084 0.60872078
v 0.91336530 -0.55134289 -0.52825004
v 0.90366084 -0.60687215 0.00171689
v 0.89564613 -0.50266257 -0.02060102
v 0.89127001 -0.50214706 0.59490103
v 0.89586759 -0.50514841 0.01685937
v 0.89766571 -0.46516372 0.06657409
v 0.91234696 -0.48826391 0.59765446
v 0.89989151 -0.47263312 -0.07959064
v 0.89543138 -0.46007353 -0.02174274
v 0.90407848 -0.44496706 -0.61212082
v 0.89462359 -0.45821101 0.01755402
v 0.89705388 -0.38469468 -0.02251453
v 0.89774193 -0.38745385 0.01628868
v 0.89218089 -0.39588347 -0.54885990
v 0.88453274 -0.37020620 -0.00936669
v 0.90355246 -0.36583350 0.09162954
v 0.89131499 -0.35453888 0.53451247
v 0.89781508 -0.34094103 -0.55305861
v 0.89034908 -0.32948798 0.54193435
v 0.92455889 -0.30096016 -0.63509387
v 0.91266506 -0.32763366 0.61165070
v 0.90762886 -0.25788937 0.61197857
v 0.89382217 -0.24602886 0.52351325
v 0.89492117 -0.24225315 -0.54744303
v 0.88612104 -0.24473804 0.59008589
v 0.91262600 -0.21486105 0.51204549
v 0.92676476 -0.24694507 0.62746313
v 0.90770778 -0.19315915 0.61450722
v 0.90847553 -0.18232078 -0.04517114
v 0.88810855 -0.18198230 0.60953410
v 0.89900219 -0.17212625 -0.09223855
v 0.90662371 -0.17892666 0.54087422
v 0.89204948 -0.17958411 -0.53128782
v 0.89862633 -0.15317615 -0.61957518
v 0.89605705 -0.05960887 -0.09347192
v 0.89802765 -0.11802075 -0.62036666
v 0.89369821 -0.14202855 -0.58347455
v 0.89779489 -0.13082896 -0.53337222
v 0.90469568 -0.14418302 -0.51300581
v 0.89720304 -0.12679022 0.52142936
v 0.90248281 -0.10284271 -0.57855235
v 0.90426575 -0.08520527 -0.07509016
v 0.89435335 -0.07615792 -0.03427825
v 0.89039294 -0.09370975 -0.53054620
v 0.91088211 -0.09852934 0.61299657
v 0.89043612 -0.08179590 -0.54695773
v 0.91259353 -0.01479542 -0.62296603
v 0.88694437 -0.01145098 -0.54620036
v 0.89522252 -0.03322232 -0.02575934
v 0.89769056 -0.03371110 0.01738693
v 0.89972312 -0.00010275 -0.59169599
v 0.88510114 0.05335012 -0.06971370
v 0.90214380 -0.05746729 0.06338956
v 0.92484396 -0.00963652 0.62809951
v 0.90886246 -0.05898483 0.08849779
v 0.89798875 0.05966377 0.05076098
v 0.90439141 0.07562787 -0.55230944
v 0.95489794 0.09316966 0.68561027
v 0.89911215 0.09786886 -0.54322247
v 0.89123831 0.09849651 0.55137484
v 0.91105254 0.10926908 0.56445699
v 0.91907230 0.13735553 0.63267859
v 0.89660685 0.09231870 0.52966355
v 0.89146241 0.16781131 0.54104569
v 0.89112114 0.16775236 -0.54340115
v 0.85715309 0.18661421 -0.62308429
v 0.90660202 0.18716609 -0.45902788
v 0.91156876 0.22046713 0.49062265
v 0.90757076 0.24975485 -0.46908335
v 0.91371996 0.38969142 0.17363807
v 0.91347096 0.41689289 0.17715025
v 0.90687739 0.42380804 -0.23802573
v 0.90929617 0.43133486 0.26883673
v 0.93415517 0.46490693 -0.29933169
v 0.91122548 -0.88895021 -0.34302743
v 0.91228798 -0.88568829 -0.11228483
v 0.91579784 -0.88981528 0.47620827
v 0.90840302 -0.88142375 -0.26602130
v 0.88232080 -0.88461565 -0.02945058
v 0.91170732 -0.88842727 0.29093796
v 0.91517572 -0.86420695 -0.25001717
v 0.91263609 -0.86074543 -0.01532740
v 0.91543491 -0.89166456 0.61635989
v 0.91257768 -0.86371807 0.39714984
v 0.91104317 -0.85705070 -0.48697760
v 0.91451728 -0.85701269 -0.17083257
v 0.85075074 -0.88367017 0.64246368
v 0.90594040 -0.84515966 -0.24407601
v 0.91242710 -0.84869804 -0.17674271
v 0.90551461 -0.85245205 -0.13458100
v 0.91533392 -0.84721660 0.19711148
v 0.91522084 -0.83733690 0.30681872
v 0.91813383 -0.84141813 0.48117000
v 0.91226811 -0.84132754 -0.57813441
v 0.91913270 -0.83964109 -0.33617663
v 0.91518356 -0.84186508 -0.08051521
v 0.91519331 -0.83634641 0.03768001
v 0.90763941 -0.82892199 -0.36465848
v 0.92185862 -0.83337496 0.07383194
v 0.87674724 -0.83828143 0.11887981
v 0.91555200 -0.82904222 0.18966952
v 0.90888392 -0.83336308 -0.25194375
v 0.90926253 -0.81604112 -0.34276398
v 0.91616771 -0.81526192 -0.27030996
v 0.91075941 -0.81526262 -0.11187574
v 0.91291935 -0.81626800 -0.01883651
v 0.91393301 -0.81663645 0.50321387
v 0.91000726 -0.80990355 -0.54896295
v 0.90884179 -0.81156245 -0.45422448
v 0.91190421 -0.81510645 -0.38848871
v 0.91146401 -0.78838365 -0.35466032
v 0.90969098 -0.79126897 -0.33115226
v 0.88118463 -0.81486849 -0.30571184
v 0.91536353 -0.81126055 -0.18048054
v 0.91195148 -0.80539794 -0.07791691
v 0.91195775 -0.81261862 0.06149817
v 0.91163505 -0.79821804 0.24685127
v 0.90796482 -0.81430876 0.56446662
v 0.89708949 -0.79128084 -0.54360926
v 0.91167243 -0.80730378 -0.06246257
v 0.91095407 -0.79919742 0.50978572
v 0.91150553 -0.78456132 -0.38268276
v 0.90695955 -0.77982078 -0.50559205
v 0.90884360 -0.78487871 0.25014230
v 0.90975082 -0.77110242 0.29509962
v 0.91330914 -0.77221034 0.51399135
v 0.90883794 -0.77155123 -0.51071934
v 0.90812513 -0.76851535 -0.38985868
v 0.91017145 -0.76921322 0.02186326
v 0.90920838 -0.76828966 0.07883563
v 0.90847835 -0.77077238 0.19150331
v 0.90818251 -0.76996712 0.39530951
v 0.89287263 -0.69451323 -0.54477919
v 0.90426148 -0.66345239 0.08850054
v 0.90517015 -0.66511429 0.11921589
v 0.90573054 -0.65856822 -0.12694284
v 0.90904100 -0.63618174 -0.00449348
v 0.92003074 -0.64475645 0.09916488
v 0.91159464 -0.67460453 -0.63508664
v 0.90131561 -0.62830164 0.12002471
v 0.91397028 -0.61601243 0.13367169
v 0.90724178 -0.59531723 -0.13755593
v 0.90892504 -0.61244656 0.06850675
v 0.89893220 -0.60146306 -0.08055505
v 0.89693236 -0.60167231 -0.02137035
v 0.91083438 -0.63301422 -0.55795740
v 0.91351994 -0.56574520 -0.62142200
v 0.91724853 -0.56855920 -0.55981493
v 0.90230923 -0.56172601 0.54787485
v 0.90103640 -0.55621848 -0.61698469
v 0.91556195 -0.54389495 -0.58187746
v 0.90708052 -0.59835890 0.07505242
v 0.90534762 -0.47101964 -0.13097326
v 0.91460171 -0.49112738 -0.63546262
v 0.89933651 -0.59990539 0.06724526
v 0.91524542 -0.51097542 0.61265504
v 0.89662130 -0.49445602 -0.54331011
v 0.91618256 -0.49074557 0.55524625
v 0.89312990 -0.44592176 0.54269939
v 0.90385150 -0.47628662 -0.00393829
v 0.90448885 -0.46513746 -0.13701561
v 0.90797939 -0.45572414 0.60164674
v 0.90465116 -0.47427209 0.60961907
v 0.90752313 -0.47884997 -0.08396458
v 0.89937588 -0.43447399 0.60905186
v 0.90738553 -0.42027773 -0.59837350
v 0.90663215 -0.43255466 -0.57173057
v 0.88865579 -0.40871030 -0.61412313
v 0.90805424 -0.41303293 -0.58657248
v 0.90841015 -0.41555765 0.61042370
v 0.90060039 -0.40896246 -0.58385069
v 0.90533338 -0.38272461 0.00107662
v 0.90371830 -0.38246312 -0.13557523
v 0.90766062 -0.37327837 -0.12694403
v 0.91505540 -0.35918795 -0.56316488
v 0.89977753 -0.38716767 -0.08295806
v 0.90871571 -0.38138400 0.06563932
v 0.90475008 -0.37062453 0.53422001
v 0.92789557 -0.34221176 0.62787596
v 0.91163904 -0.36808520 0.05653239
v 0.91610317 -0.37326834 0.54637622
v 0.90054097 -0.35082807 -0.06336886
v 0.91170382 -0.33916518 0.52387793
v 0.89304893 -0.34348518 0.61425866
v 0.90415210 -0.35029199 0.03917999
v 0.91147989 -0.34670906 0.06638874
v 0.91517210 -0.35009770 0.54812409
v 0.91609315 -0.34828130 0.60923048
v 0.91199573 -0.32838497 0.55879055
v 0.89790653 -0.24940865 -0.59580017
v 0.90520210 -0.23324785 0.53848760
v 0.91681671 -0.23447117 0.61123644
v 0.91280550 -0.22029252 -0.53911493
v 0.90001721 -0.17738819 -0.12311494
v 0.91732548 -0.18503712 0.60731501
v 0.90852422 -0.18170657 0.07531788
v 0.90630408 -0.17229298 -0.13340282
v 0.90596561 -0.16780110 0.08842859
v 0.90714487 -0.17725360 0.11964404
v 0.90418312 -0.15654474 0.06981061
v 0.88832856 -0.17421292 0.56937526
v 0.89915912 -0.15248637 -0.05631405
v 0.90106081 -0.15407503 -0.00518432
v 0.91570380 -0.17189594 -0.54619184
v 0.91190286 -0.12608879 0.54170851
v 0.90775341 -0.13119255 -0.51957213
v 0.90803364 -0.00425891 0.07166102
v 0.91366149 -0.06880126 -0.55631287
v 0.90422142 -0.05575990 -0.06753781
v 0.89426993 -0.07737064 0.02162277
v 0.89981382 -0.13401885 0.06435642
v 0.90943363 -0.08991098 0.52529585
v 0.90403000 -0.05683883 -0.00339861
v 0.89922793 -0.03162801 -0.08330196
v 0.89810579 0.00197196 -0.54562482
v 0.90573681 0.02132737 0.06533165
v 0.91147379 0.03228843 0.58471122
v 0.91425589 0.09386994 0.62865154
v 0.90160059 0.05918680 -0.08392573
v 0.89649520 0.04729893 -0.61675481
v 0.90396574 0.05620515 -0.59446727
v 0.89990460 0.06422225 -0.01260158
v 0.90968416 0.07718557 -0.12961433
v 0.90740326 0.08250925 0.02764029
v 0.90583731 0.09888615 0.05127155
v 0.90138336 0.09099836 0.08170383
v 0.90124231 0.09521024 0.12160620
v 0.96106016 0.08888443 0.70935494
v 0.90996569 0.10677790 -0.54432674
v 0.91339337 0.08095975 0.51919170
v 0.89399393 0.11712834 0.68665538
v 0.90580659 0.12652492 -0.13793312
v 0.91535804 0.12040725 -0.12124543
v 0.92376629 0.12809633 0.62765591
v 0.91363644 0.17060960 -0.52181521
v 0.90395715 0.13370387 -0.10184368
v 0.90325991 0.13070560 0.12032878
v 0.91102767 0.10777006 0.61135650
v 0.90577872 0.16489116 -0.62307279
v 0.90026442 0.13152377 -0.54050365
v 0.91350752 0.14480021 0.13100273
v 0.89477698 0.16921733 0.62981667
v 0.91220649 0.18729913 -0.51640877
v 0.90613243 0.38027490 -0.22901382
v 0.90987897 0.38523639 0.23071253
v 0.89706442 0.44090122 -0.29081848
v 0.91356116 0.55223821 -0.01784003
v 0.89434900 0.60393148 0.08640465
v 0.91409649 0.59787839 0.02499553
v 0.90986092 0.62767257 -0.05662418
v 0.92118905 -0.89447487 -0.19726417
v 0.91680149 -0.89084140 -0.01997905
v 0.91377752 -0.85736586 0.05155621
v 0.91413538 -0.85979261 0.50541423
v 0.91256633 -0.88458767 0.56075617
v 0.92312155 -0.89449934 0.60505728
v 0.91168846 -0.87591559 -0.51951141
v 0.90822319 -0.88707909 -0.39355817
v 0.90410396 -0.89149548 0.06769793
v 0.91135321 -0.86271354 -0.46187859
v 0.91434339 -0.85929139 -0.27789818
v 0.91572475 -0.86615898 -0.08183119
v 0.91014908 -0.86736252 0.14965134
v 0.91463196 -0.86130718 0.17558659
v 0.90523165 -0.85563912 -0.54579921
v 0.91144526 -0.85608272 0.30512499
v 0.91266064 -0.85941660 0.60781935
v 0.91446351 -0.83413589 -0.18229744
v 0.91035779 -0.85238241 -0.12318526
v 0.91649487 -0.83904313 -0.05469485
v 0.91337215 -0.84342575 0.13388161
v 0.90916038 -0.84156243 0.16972057
v 0.91935177 -0.84087951 0.41712263
v 0.91601293 -0.83823938 -0.51745384
v 0.91095802 -0.84591316 -0.19966195
v 0.91261843 -0.84074121 0.39222647
v 0.91124020 -0.83104319 0.52492746
v 0.91240746 -0.83520308 -0.45891453
v 0.91855420 -0.83686087 -0.23040700
v 0.91701547 -0.81163805 0.37807719
v 0.91483027 -0.80792583 -0.53889928
v 0.91497691 -0.82379696 -0.37293109
v 0.91249049 -0.81272002 -0.20533995
v 0.91732532 -0.81005296 0.14951815
v 0.90868575 -0.80932847 0.19088382
v 0.90928789 -0.81704125 -0.48857967
v 0.91446059 -0.79555586 -0.30144678
v 0.91394405 -0.81572147 0.09069544
v 0.91329901 -0.81328214 0.28577783
v 0.91335445 -0.79066334 0.42972064
v 0.91232993 -0.78815537 -0.41979100
v 0.91572541 -0.80796096 0.47284422
v 0.91059459 -0.79260854 0.49477613
v 0.92002630 -0.79564407 0.56644031
v 0.91062796 -0.78667267 -0.49096878
v 0.91037747 -0.77178346 -0.02740338
v 0.90707024 -0.79182385 0.15717185
v 0.91515764 -0.78596447 0.17586803
v 0.89968086 -0.79232685 0.20803555
v 0.91404208 -0.81289515 0.33080396
v 0.93494970 -0.77143844 0.62914475
v 0.90924030 -0.76966939 -0.32908837
v 0.91366673 -0.76292871 0.17309370
v 0.91135125 -0.77062764 -0.58025093
v 0.91413519 -0.76308715 -0.55882030
v 0.91369477 -0.75861954 -0.05134657
v 0.91397644 -0.75846470 0.02753583
v 0.91337587 -0.76109273 -0.62214314
v 0.91371707 -0.75820822 -0.41014146
v 0.91385464 -0.75808662 0.45612710
v 0.91181974 -0.76050198 0.52969926
v 0.91337948 -0.76459695 -0.19886089
v 0.91807183 -0.71340451 -0.60845278
v 0.91338896 -0.76674497 -0.10921312
v 0.90771075 -0.71292066 -0.56170880
v 0.91363346 -0.76278453 0.38428036
v 0.91211293 -0.70795277 0.55166980
v 0.91399136 -0.71180122 0.51481405
v 0.91372465 -0.67932248 -0.13774963
v 0.91409351 -0.69812064 -0.53269326
v 0.91428615 -0.65527172 0.50938893
v 0.90375185 -0.66260946 -0.08860631
v 0.91387994 -0.67951047 0.12718698
v 0.91628388 -0.68650974 -0.58286115
v 0.91092623 -0.65906483 -0.55640857
v 0.91370481 -0.64870626 -0.34216411
v 0.91694375 -0.65708558 0.08382371
v 0.91325767 -0.63205549 -0.61798608
v 0.91376719 -0.62882434 -0.53249917
v 0.91378651 -0.58856799 0.33311792
v 0.91203184 -0.61365137 -0.12457024
v 0.91469024 -0.60664492 0.09943290
v 0.91367365 -0.54612784 0.51073335
v 0.91619365 -0.57527752 0.54465672
v 0.91646189 -0.49167520 -0.10786649
v 0.91439262 -0.55001534 0.61104624
v 0.91437736 -0.54689181 -0.62230608
v 0.91427126 -0.60213574 -0.14571564
v 0.92263618 -0.54310616 0.62843246
v 0.91391922 -0.49404214 -0.53333130
v 0.91440948 -0.50022596 -0.56183787
v 0.91421613 -0.48566817 -0.24329023
v 0.91399873 -0.43191714 0.52893726
v 0.91623264 -0.50868743 0.09869718
v 0.91162989 -0.51144275 0.53284204
v 0.91349607 -0.47806536 0.60810071
v 0.91080940 -0.49794140 0.12221430
v 0.91312932 -0.45148753 -0.62210171
v 0.91422029 -0.45109362 -0.56239291
v 0.90983289 -0.46071274 0.60032776
v 0.91248780 -0.43919980 0.60399538
v 0.91361744 -0.42691512 -0.53892449
v 0.91560834 -0.42675962 -0.14654447
v 0.91231257 -0.44135165 0.55690791
v 0.91391420 -0.42326981 0.58883365
v 0.90794467 -0.47118109 0.07515167
v 0.90865541 -0.43250494 -0.60997312
v 0.90743715 -0.51672181 -0.09807529
v 0.91087372 -0.42918793 -0.62090310
v 0.91152846 -0.40431248 -0.56787688
v 0.90920421 -0.41404265 -0.59667372
v 0.91243385 -0.40072599 -0.62159388
v 0.91377546 -0.34468894 0.51311386
v 0.90127015 -0.38577909 0.07383325
v 0.90822800 -0.37506000 0.09164496
v 0.92588428 -0.38350110 -0.08167456
v 0.91137279 -0.37481833 0.11747451
v 0.91530993 -0.42727607 0.17410340
v 0.91395287 -0.35534265 -0.61881935
v 0.91395644 -0.36563981 0.22908055
v 0.91103383 -0.36810685 -0.10450978
v 0.90891766 -0.33722518 -0.12313548
v 0.92074454 -0.35424060 0.10484362
v 0.91209227 -0.33947209 -0.04069971
v 0.90864768 -0.33514057 0.09352466
v 0.91243350 -0.32424989 -0.61508745
v 0.91395420 -0.35262144 -0.14596032
v 0.91377591 -0.32929731 0.07144622
v 0.91324617 -0.34152231 0.13011576
v 0.91357056 -0.25488844 0.53291696
v 0.91382182 -0.30775660 -0.49551421
v 0.91431833 -0.32481040 -0.06181542
v 0.91390129 -0.32862755 -0.14265086
v 0.91512036 -0.25976394 0.60601735
v 0.91331937 -0.24916449 -0.51239272
v 0.91551801 -0.26746792 -0.62197327
v 0.91401793 -0.22367671 0.13045186
v 0.91393215 -0.25120414 0.49709696
v 0.90446497 -0.24294426 0.50957247
v 0.91664756 -0.23886776 -0.57234913
v 0.91424235 -0.22386888 -0.06916141
v 0.89937011 -0.23453290 -0.51954748
v 0.91271639 -0.20959790 -0.13947095
v 0.90625756 -0.21172704 -0.08485919
v 0.90651032 -0.21113820 0.06373805
v 0.91546684 -0.19958261 0.07592711
v 0.90972635 -0.20862259 0.12254407
v 0.91381685 -0.10636955 0.23953915
v 0.91364406 -0.12269105 -0.50645292
v 0.91623925 -0.16139824 0.60888755
v 0.91374999 -0.12286810 -0.35771420
v 0.91591757 -0.16805507 -0.11946282
v 0.91864723 -0.16284278 -0.07984897
v 0.91403985 -0.17127873 -0.14606463
v 0.91380969 -0.11136678 0.43178983
v 0.91439129 -0.16811213 0.10281022
v 0.91156890 -0.12395125 0.56799448
v 0.91380029 -0.12477775 0.51227027
v 0.91319285 -0.10255447 -0.52608990
v 0.91381814 -0.03350772 -0.14464312
v 0.91323932 -0.07383167 0.56347755
v 0.90909181 -0.07188154 -0.12984713
v 0.91376281 0.06399005 -0.28081848
v 0.91351132 -0.00919234 -0.52834684
v 0.90791669 -0.00574670 -0.08623902
v 0.90884873 -0.05014963 -0.10457138
v 0.91367578 0.07331323 0.12216069
v 0.91342275 -0.01850627 0.56024512
v 0.91363744 -0.01560774 0.61270325
v 0.92031852 -0.02125545 0.13746169
v 0.91358385 -0.00923011 0.52194703
v 0.91429804 0.07042837 0.13119349
v 0.91624982 -0.06797443 -0.11910060
v 0.91076364 0.06163290 -0.07809824
v 0.90640640 0.01333554 0.60032902
v 0.91490184 -0.04179866 0.09895921
v 0.90999281 0.03667485 0.05948120
v 0.91488812 0.03697599 0.16157783
v 0.90292283 0.04908420 0.53543866
v 0.91942054 0.05184590 0.06700691
v 0.91407304 0.06695276 0.06011616
v 0.91598764 0.06238375 0.10126579
v 0.91301721 0.08044007 0.60310386
v 0.91262213 0.07055226 -0.10499842
v 0.90943876 0.07376342 0.08453012
v 0.91247701 0.06114460 0.55031251
v 0.90409422 0.08051344 -0.10092639
v 0.91366170 0.06509809 0.19123256
v 0.91486172 0.08053897 -0.12191737
v 0.91540407 0.09030907 -0.07905960
v 0.91564993 0.09034590 0.03237760
v 0.91053607 0.08515529 0.52917863
v 0.91370440 0.08168103 -0.51914792
v 0.90470739 0.09400044 -0.10527222
v 0.91371156 0.10295921 0.10580171
v 0.89251094 0.14293865 -0.65548583
v 0.91295068 0.10838263 -0.61868783
v 0.91328719 0.08219974 -0.14476370
v 0.91490034 0.12102664 0.10423828
v 0.91091256 0.17099929 0.55614279
v 0.91348699 0.14530278 -0.14319137
v 0.94822459 0.14615705 -0.67231325
v 0.94807579 0.14278232 -0.63976596
v 0.91295842 0.16934531 -0.56130841
v 0.91319035 0.16641892 -0.61672252
v 0.91379378 0.02931950 0.37979405
v 0.91354904 0.17041902 -0.45549532
v 0.91812003 0.17855659 -0.53273480
v 0.91043490 0.18642851 -0.48321149
v 0.91193887 0.17582422 0.52490348
v 0.91374115 0.18462534 -0.49880946
v 0.91257715 0.18240141 0.50403420
v 0.91350049 0.34106377 0.34349931
v 0.91349381 0.20189876 -0.44125055
v 0.91334985 0.21263716 0.43707326
v 0.90712245 0.20506387 -0.51179884
v 0.91154476 0.22796665 -0.45632401
v 0.91016206 0.22762402 -0.49781217
v 0.91526639 0.27330231 -0.45993978
v 0.91286056 0.25498720 0.46929035
v 0.91232186 0.25183378 0.45265150
v 0.91431322 0.30875577 0.41145039
v 0.91422315 0.33336222 -0.39584949
v 0.91390519 0.34750839 0.21692229
v 0.91398081 0.37547585 0.33162506
v 0.91361737 0.36102728 -0.22974857
v 0.90495052 0.37226687 0.21666513
v 0.95153168 0.32600189 0.43279622
v 0.91529239 0.37611390 -0.33182815
v 0.91380841 0.36045830 -0.34092712
v 0.91235355 0.41149492 -0.25447289
v 0.91339487 0.38423240 -0.19078274
v 0.91336740 0.38233309 0.19840964
v 0.91384565 0.37123088 -0.32146745
v 0.91524857 0.39311690 -0.32012672
v 0.91008694 0.40990802 0.24143029
v 0.94069608 0.39912946 0.36209364
v 0.91206722 0.41982873 -0.18270552
v 0.91366218 0.42066186 0.27902498
v 0.91417414 0.42740765 -0.27919634
v 0.90949449 0.43467754 -0.22150971
v 0.91356744 0.40036483 -0.17683372
v 0.91304808 0.45791973 0.26491939
v 0.91168021 0.42662265 0.23114199
v 0.91385626 0.45526484 0.19844823
v 0.91414097 0.50558870 -0.15716154
v 0.91452653 0.50959099 0.13584924
v 0.91347061 0.42916759 0.04497051
v 0.91372214 0.55813159 -0.10213153
v 0.91389186 0.56625285 0.07093565
v 0.91437964 0.60188505 -0.02799559
v 0.85096336 0.67925453 -0.01541532
v 0.91966725 -0.89397179 -0.55956518
v 0.91745352 -0.88948870 -0.45862187
v 0.91811390 -0.89044906 -0.38330776
v 0.92623139 -0.89549810 -0.32464574
v 0.91843906 -0.88784451 -0.17034794
v 0.91800321 -0.88945961 -0.10493171
v 0.92015226 -0.89451600 0.07302107
v 0.92118193 -0.89494302 0.19519509
v 0.92210494 -0.89536925 0.29108166
v 0.91794525 -0.88931361 0.37404378
v 0.91769118 -0.88771185 0.39545583
v 0.92287169 -0.89509933 0.49393515
v 0.91767628 -0.88976804 -0.47748696
v 0.91723854 -0.88805737 -0.26465513
v 0.91357036 -0.87745880 0.32450974
v 0.91288657 -0.86380557 -0.40144207
v 0.91351857 -0.86351818 0.26907834
v 0.91526090 -0.85411556 -0.13072918
v 0.91671464 -0.83152933 -0.40150326
v 0.91714724 -0.84187821 -0.34785325
v 0.91451270 -0.83136985 -0.12089098
v 0.93049138 -0.76100594 -0.63649090
v 0.91668408 -0.76013368 0.60758191
v 0.91586782 -0.68250644 0.56336365
v 0.92769308 -0.69647337 0.62588981
v 0.91852781 -0.65272024 -0.05856165
v 0.92038606 -0.65648835 -0.09412287
v 0.92155523 -0.62848827 -0.10707215
v 0.92376410 -0.56741395 -0.63379564
v 0.92082278 -0.61340572 -0.08068044
v 0.91634292 -0.50475322 -0.12154672
v 0.91991182 -0.52138819 0.16020761
v 0.91492873 -0.49470814 0.17606107
v 0.92745328 -0.51461904 0.07245461
v 0.92360143 -0.47965283 0.16910186
v 0.91760618 -0.45618056 0.14899590
v 0.91580319 -0.54531572 0.14748779
v 0.93230666 -0.38616973 0.07499819
v 0.91808541 -0.38257610 0.15899389
v 0.92354501 -0.35905322 -0.63480314
v 0.91668580 -0.35436762 -0.10689151
v 0.91280960 -0.33088793 -0.53619149
v 0.91541471 -0.26350912 -0.54248625
v 0.92299012 -0.18509738 -0.63521048
v 0.91650485 -0.19885883 -0.11705515
v 0.91206829 -0.16237878 -0.01003002
v 0.91384947 -0.17770556 0.13854154
v 0.91511426 -0.16287250 0.17015561
v 0.92666217 -0.12966480 0.16360649
v 0.91675745 -0.11956584 -0.55950151
v 0.91530198 -0.14535834 0.12961445
v 0.92385122 -0.10232379 0.15678530
v 0.91759787 -0.01776683 -0.55766943
v 0.91544673 -0.05228033 0.12583953
v 0.92715958 0.07764492 0.62584113
v 0.92011010 0.07340729 0.01455564
v 0.95218392 0.11815311 -0.68007813
v 0.91351332 0.16515873 0.60966420
v 0.92474587 0.16459478 0.60768926
v 0.91674756 0.19518727 0.52492210
v 0.92202987 0.22078992 -0.54067228
v 0.92396710 0.24601263 -0.49373310
v 0.92434205 0.21192844 0.49226936
v 0.92658231 0.24964296 0.47153290
v 0.92439374 0.36450173 -0.34084419
v 0.91375663 0.37152939 -0.34969905
v 0.94710333 0.36886857 -0.39922991
v 0.92462092 0.36562632 0.34122246
v 0.92860949 0.38396635 -0.33033526
v 0.92410297 0.41181346 0.28565999
v 0.92337160 0.38973550 -0.31326917
v 0.91740971 0.42659930 -0.23556082
v 0.92349966 0.43298141 -0.28048376
v 0.93306669 0.41164602 -0.25396872
v 0.93356815 0.44622729 -0.28245416
v 0.92698766 0.43621768 0.21884355
v 0.92360855 0.59102595 -0.05844744
v 0.92578294 0.57295719 0.06219661
v 0.92592041 0.60253576 0.02879243
v 0.93402809 0.64864269 -0.07581265
v 0.92242919 0.63209797 -0.02755052
v 0.91841155 0.64507764 -0.03568741
v 0.92229379 -0.89557255 -0.46990279
v 0.92696946 -0.89500266 -0.08115957
v 0.93911179 -0.88601092 0.08213891
v 0.92728690 -0.89443902 0.40433443
v 0.93128957 -0.89327325 0.62314361
v 0.94219248 -0.86877844 0.63441132
v 0.92660036 -0.75940873 0.49633414
v 0.92572878 -0.76410171 -0.18735642
v 0.92913530 -0.75759381 0.62685939
v 0.92574020 -0.76325193 -0.46444924
v 0.92585747 -0.76623331 0.01345819
v 0.92929783 -0.70503009 -0.63046950
v 0.92702493 -0.71035889 0.52343036
v 0.92583254 -0.68024118 -0.14425216
v 0.92593385 -0.68007810 0.13508413
v 0.92603865 -0.62666950 0.50530871
v 0.93262040 -0.67230898 0.55108816
v 0.93077438 -0.67101954 -0.13414174
v 0.93081465 -0.67137544 0.12101658
v 0.92610228 -0.70613724 -0.53125124
v 0.92669528 -0.62595033 -0.53290515
v 0.93164928 -0.66861579 0.61526397
v 0.92672792 -0.62206391 -0.13920654
v 0.93252189 -0.65522335 0.13339009
v 0.92942688 -0.63220093 -0.62537885
v 0.94550776 -0.61494402 -0.12686463
v 0.92762967 -0.62000201 0.07286479
v 0.92605197 -0.60884517 -0.21627914
v 0.93136917 -0.59777653 0.19568511
v 0.92635709 -0.55430175 0.50401031
v 0.92831290 -0.45309573 -0.62510262
v 0.92853868 -0.56622810 -0.54358882
v 0.92602938 -0.60992262 0.22317905
v 0.92621438 -0.58666257 -0.51144875
v 0.93095906 -0.59285645 -0.18267063
v 0.93108609 -0.46880752 0.17617090
v 0.92630853 -0.54159611 -0.54375633
v 0.92575033 -0.38942849 -0.22539049
v 0.92899069 -0.50899288 0.61740610
v 0.92628745 -0.37062595 0.51978983
v 0.93098712 -0.43188012 0.60037751
v 0.92585267 -0.47485807 0.62870596
v 0.92595413 -0.42275485 0.20029218
v 0.92745365 -0.43539628 0.16377403
v 0.93142898 -0.38395535 -0.17946012
v 0.92656652 -0.40379011 -0.54983308
v 0.93824762 -0.38151140 -0.06737522
v 0.92954673 -0.35061307 -0.61534845
v 0.92846110 -0.37141885 0.14825251
v 0.92608236 -0.35394169 -0.16210124
v 0.92950044 -0.31434558 -0.60976494
v 0.93137034 -0.33161983 -0.12523356
v 0.92983158 -0.33035936 0.09897250
v 0.92764754 -0.34453661 0.53727393
v 0.92863044 -0.34105851 -0.55346964
v 0.92518530 -0.32502193 0.06714175
v 0.93068316 -0.29405783 -0.62411943
v 0.92591405 -0.32805531 0.14434364
v 0.92578560 -0.41617225 -0.52108881
v 0.92896891 -0.24910704 -0.62447117
v 0.92809450 -0.23972450 0.52307319
v 0.92569638 -0.32242946 -0.11564547
v 0.92580225 -0.22406922 -0.13660738
v 0.92589143 -0.22473323 0.12274967
v 0.92622500 -0.24016211 0.50420894
v 0.93133404 -0.21737978 -0.12847586
v 0.92778859 -0.20815362 0.13152225
v 0.92818955 -0.24206449 -0.55251442
v 0.92349524 -0.16533882 0.07049870
v 0.92642080 -0.17018759 0.17067943
v 0.94115094 -0.17394458 -0.09843965
v 0.93066472 -0.14322638 0.16462275
v 0.92583452 -0.13213158 -0.51974792
v 0.92597654 -0.13754490 0.17055189
v 0.92823112 -0.17420885 0.62554548
v 0.92758515 -0.16486624 -0.63061460
v 0.91697959 -0.11377614 0.17867570
v 0.92556620 -0.16287656 -0.19073357
v 0.92671216 -0.11069909 0.17762922
v 0.92555460 -0.10872004 0.21564458
v 0.92800402 -0.11581427 -0.61273826
v 0.92711187 -0.10941260 0.54677580
v 0.92569560 -0.08944642 0.17889887
v 0.93096105 -0.05695779 -0.16847188
v 0.91625747 -0.01420018 0.18409664
v 0.92292460 -0.02898572 -0.08126107
v 0.92814487 -0.09485945 0.16794821
v 0.92561540 -0.09686350 0.51525177
v 0.92491128 0.01335477 0.15589904
v 0.92576724 -0.01365692 0.19166466
v 0.92801419 -0.03064400 0.61921600
v 0.92566955 -0.01545044 -0.54550498
v 0.92599913 -0.00560159 0.17762918
v 0.92834456 0.03534187 -0.62247036
v 0.92732996 0.01488737 0.55841524
v 0.92580471 0.09436996 -0.63484627
v 0.92696177 0.01194449 0.17635277
v 0.92619522 -0.00294865 -0.20732545
v 0.92588699 0.05892620 0.19072275
v 0.92691425 0.06905808 -0.13065380
v 0.92886452 0.06110100 0.13916192
v 0.92464675 0.08127931 -0.11979160
v 0.92355150 0.07653290 -0.07591481
v 0.92388801 0.07382015 0.07112017
v 0.92619247 0.09802577 0.13480963
v 0.92601318 0.09901925 0.54117103
v 0.93695165 0.09851151 -0.14089600
v 0.92540171 0.17224269 -0.55203547
v 0.94065398 0.10796492 0.71215345
v 0.92365915 0.12531971 -0.63491623
v 0.92483590 0.18213012 0.51500420
v 0.93017407 0.13898298 0.12927117
v 0.92586001 0.14388728 -0.15220468
v 0.92555855 0.14554142 -0.02497767
v 0.93110951 0.13900699 -0.14116023
v 0.92686144 0.14139732 0.61822177
v 0.92604197 0.16096702 -0.61835816
v 0.92592079 0.14525458 0.12773443
v 0.95187498 0.15351866 0.65395007
v 0.92532885 0.16441436 -0.02317267
v 0.92236451 0.16798236 -0.63185369
v 0.93551024 0.16119001 0.65846714
v 0.92581888 0.18863080 -0.51711494
v 0.93020393 0.16864336 0.63165323
v 0.92321548 0.19215287 -0.53249469
v 0.93385030 0.19088904 -0.48650534
v 0.92545760 0.20378043 -0.51016184
v 0.92966081 0.19134184 -0.44463689
v 0.92595452 0.18136650 0.45531211
v 0.94409791 0.20087448 0.48504365
v 0.92573402 0.15418478 -0.42760067
v 0.92823384 0.21557319 0.49651844
v 0.92921760 0.23181619 -0.49771223
v 0.92647745 0.22765274 -0.45646777
v 0.94864828 0.24365093 0.46630267
v 0.92468715 0.30981372 -0.41612616
v 0.95196943 0.28553561 0.48569921
v 0.92520677 0.29309329 -0.31234410
v 0.92537307 0.33330136 -0.02911011
v 0.92490879 0.30765527 0.40982732
v 0.92736091 0.35184289 -0.37311501
v 0.92733343 0.39441620 0.24289922
v 0.92527567 0.34704286 0.21458978
v 0.92705092 0.38315645 0.20101963
v 0.92560354 0.37392908 -0.22287142
v 0.95118210 0.36790957 0.38183577
v 0.92532734 0.37979834 -0.25598312
v 0.92281776 0.43781478 0.26175615
v 0.92552639 0.40384800 0.16788224
v 0.92550897 0.55013665 -0.01748682
v 0.92807866 0.43467367 -0.21884971
v 0.92587868 0.50678960 0.13850887
v 0.92565456 0.50983879 -0.15221581
v 0.92558560 0.56981581 -0.08484168
v 0.92492654 0.60302683 -0.03076506
v 0.93649749 -0.88636874 -0.46198248
v 0.93191602 -0.89237708 -0.23012477
v 0.94185800 -0.87776180 0.25549914
v 0.93251009 -0.89288095 0.23170123
v 0.93873775 -0.88215879 0.45978078
v 0.93197746 -0.89343285 -0.02073462
v 0.93862710 -0.88635699 -0.64389734
v 0.92999766 -0.84778584 -0.64991499
v 0.92605404 -0.76584853 0.23719250
v 0.94242387 -0.79528476 -0.39677899
v 0.93721711 -0.65731260 -0.54689670
v 0.94646054 -0.66656205 -0.12273828
v 0.94514306 -0.66704284 0.04073063
v 0.93384382 -0.61338523 -0.13965196
v 0.92801876 -0.61191924 0.13674616
v 0.93740198 -0.58585201 -0.21821261
v 0.93902400 -0.53009120 0.21236773
v 0.94029714 -0.61811970 -0.09363955
v 0.94058929 -0.47682507 -0.09288506
v 0.93723010 -0.43987396 -0.21771646
v 0.93090250 -0.44234387 -0.18540588
v 0.93781539 -0.39297811 0.20953677
v 0.93805488 -0.37327772 -0.21768698
v 0.94137076 -0.36878351 -0.12706046
v 0.92878433 -0.36989198 -0.13923282
v 0.93351888 -0.35218854 -0.62411522
v 0.94278549 -0.31627677 -0.62967540
v 0.94076684 -0.33321351 -0.11457074
v 0.93114533 -0.21811273 0.12284276
v 0.94031817 -0.17368503 -0.19912909
v 0.92876195 -0.17514057 -0.13770237
v 0.94760600 -0.17799187 0.07859656
v 0.93556625 -0.17656025 0.12802632
v 0.93898230 -0.16856430 0.20959071
v 0.93175571 -0.12046362 0.17313993
v 0.93882254 -0.16455837 -0.21720424
v 0.93224969 -0.01684578 0.17992569
v 0.93800799 -0.00468418 -0.21752813
v 0.93100707 -0.00998085 0.07319934
v 0.93091972 0.00548357 0.17077736
v 0.93936384 0.05773468 -0.21508468
v 0.93750230 0.06760375 -0.09237599
v 0.93443756 0.07101190 0.09465920
v 0.94913864 0.06094222 0.14445494
v 0.94178636 0.07865946 -0.09121968
v 0.94581811 0.09184831 -0.70526960
v 0.94226342 0.13078218 0.12906862
v 0.95401542 0.11742882 0.68563792
v 0.93426626 0.16226457 0.62628159
v 0.92570861 0.17533940 -0.45999573
v 0.92556507 0.20667632 -0.44127716
v 0.92549150 0.21132606 0.43765866
v 0.94290615 0.22484884 0.58227116
v 0.93212853 0.30780491 -0.49636675
v 0.94063163 0.39230648 -0.38875681
v 0.94794014 0.41645240 -0.34095492
v 0.93500630 0.58253742 -0.00516105
v 0.95228289 0.64634815 -0.05707236
v 0.93894193 -0.88280091 -0.30219240
v 0.93828420 -0.88268590 -0.15943575
v 0.94438970 -0.85008068 -0.57771149
v 0.94637976 -0.84200244 0.49846642
v 0.94572034 -0.84594484 -0.36897123
v 0.94529506 -0.84954854 -0.13363922
v 0.94593060 -0.86182736 -0.03018647
v 0.94574235 -0.85128954 0.09702396
v 0.94248655 -0.79550005 -0.03486874
v 0.94600038 -0.83698622 0.32300127
v 0.93845924 -0.78827887 0.52114519
v 0.94340229 -0.79421244 -0.21244843
v 0.94005575 -0.79122876 -0.63792854
v 0.94111338 -0.79538343 0.33627820
v 0.94264954 -0.79487106 0.11387129
v 0.94145760 -0.66929349 0.12389770
v 0.94740217 -0.63247273 -0.12698666
v 0.93685151 -0.62462085 -0.07884444
v 0.94197317 -0.62403208 0.07437599
v 0.94746204 -0.63245636 0.12364334
v 0.94297890 -0.61702012 0.09762547
v 0.94770202 -0.61329020 -0.22253406
v 0.94876214 -0.61159492 0.13089195
v 0.94416980 -0.61227266 0.21383936
v 0.94614821 -0.54548475 0.09233964
v 0.94696130 -0.45553430 -0.22185314
v 0.95096746 -0.37514279 0.21574004
v 0.94418659 -0.37296184 -0.08094358
v 0.94035061 -0.36740008 0.12320158
v 0.94148114 -0.34193410 -0.12850063
v 0.94407685 -0.34219827 -0.07352383
v 0.94087527 -0.33241167 0.06862450
v 0.94192309 -0.33762010 0.11715413
v 0.94140774 -0.21719610 0.04059368
v 0.94704238 -0.21348848 -0.13052003
v 0.94787929 -0.21113698 0.12401730
v 0.95097010 -0.17532125 0.21611812
v 0.94299139 -0.16941826 0.08939669
v 0.95034007 -0.17476412 -0.22153782
v 0.94133320 -0.12024977 -0.09318624
v 0.94547015 -0.10501327 0.08968608
v 0.94992394 -0.01357623 -0.22117003
v 0.94288764 -0.01011499 -0.10071569
v 0.94309205 0.06110507 0.09906700
v 0.95129519 0.05032519 0.21627748
v 0.92849806 0.05248303 -0.15672329
v 0.93803067 0.05185796 0.20965924
v 0.95988637 0.05788691 0.20838291
v 0.94491468 0.08486594 0.03826415
v 0.94804699 0.08672372 0.66884691
v 0.94705979 0.11511392 -0.70060179
v 0.94236424 0.13441952 -0.13685987
v 0.94335569 0.09350047 -0.11861162
v 0.94373906 0.12985749 0.04268758
v 0.95009862 0.13930461 -0.62276265
v 0.94964566 0.16614223 0.62046015
v 0.94483205 0.16085913 -0.63017239
v 0.94670535 0.20114334 -0.60579839
v 0.94649103 0.19510893 -0.51457801
v 0.95626252 0.22927881 0.44170996
v 0.94625685 0.29218293 -0.49683518
v 0.93878253 0.39240962 -0.24133021
v 0.92560744 0.41569018 -0.17822126
v 0.95104641 0.40528239 0.33337736
v 0.95208801 0.43594647 0.19526583
v 0.94235210 0.53961530 0.18056549
v 0.95146451 0.50623492 0.20347971
v 0.94849204 0.62072687 -0.04595800
v 0.96122186 -0.60986470 0.20892272
v 0.95489547 -0.60584404 0.21452865
v 0.94634564 -0.54873876 -0.11966553
v 0.94433542 -0.43945949 0.09305221
v 0.95521268 -0.44046380 -0.18445003
v 0.94242170 -0.37854504 0.08662196
v 0.94213773 -0.38014402 -0.09911641
v 0.95759312 -0.36695741 0.21199813
v 0.94815925 -0.18193660 -0.12998691
v 0.94806538 -0.17047105 -0.13138771
v 0.95295538 -0.10170401 -0.16280239
v 0.94540162 -0.00336749 0.09346153
v 0.95594564 -0.03364229 0.18285959
v 0.95975288 0.05342577 -0.21781927
v 0.95340577 0.08308510 -0.68633843
v 0.95028285 0.08659078 -0.72192974
v 0.97829533 0.08493614 -0.69068467
v 0.95979967 0.09987872 -0.64083499
v 0.94427879 0.09817334 0.71664219
v 0.96131344 0.10319078 -0.72614507
v 0.94989117 0.13135037 0.64054560
v 0.95045757 0.12220415 0.69383048
v 0.95248475 0.17909260 -0.62179920
v 0.95363784 0.12434551 0.59661564
v 0.95189824 0.17820256 -0.53155289
v 0.95150297 0.19605947 0.59959408
v 0.97330996 0.17687243 -0.46565352
v 0.96153565 0.18981563 -0.50039574
v 0.94973135 0.21300571 0.51610360
v 0.95262207 0.22491984 0.56232701
v 0.95161783 0.21861091 -0.53565352
v 0.95236924 0.22866547 -0.49920280
v 0.95221518 0.23306035 -0.45987006
v 0.95282547 0.24512928 -0.48897317
v 0.97893346 0.24829543 -0.44202531
v 0.95380386 0.23270369 -0.55894436
v 0.95110781 0.25075261 0.53084357
v 0.95181557 0.30685193 -0.37013985
v 0.93830916 0.24607198 -0.57084730
v 0.95368987 0.31694231 -0.45461655
v 0.95322351 0.24259809 0.43458360
v 0.95198213 0.29604989 0.37337100
v 0.95287681 0.33019541 0.32931971
v 0.95504667 0.38073019 -0.37320764
v 0.94923196 0.37740512 -0.34165399
v 0.95121057 0.37448106 0.36018477
v 0.95213926 0.36823718 0.28142343
v 0.95319122 0.39073949 -0.26491521
v 0.94903740 0.42101773 0.24653377
v 0.97752372 0.43023826 -0.34422954
v 0.95843019 0.42291037 0.30516938
v 0.95159843 0.41412616 -0.23738275
v 0.95172222 0.43791601 0.28843446
v 0.95134237 0.44172201 -0.26956539
v 0.95317274 0.44994159 -0.28933142
v 0.94947314 0.45683139 -0.28894220
v 0.95127499 0.54177840 -0.09361058
v 0.95014248 0.45949653 0.25786470
v 0.95111173 0.48804747 0.13338659
v 0.95297398 0.50861530 -0.21764789
v 0.94736802 0.54434310 -0.18547939
v 0.95259641 0.56908725 -0.15097108
v 0.95229000 0.58084242 0.11343698
v 0.95255907 0.62777672 -0.08145519
v 0.95171184 0.59440002 -0.01229357
v 0.94676009 0.61003103 0.02708270
v 0.95425745 0.62385666 0.05963116
v 0.94887642 0.65570342 0.02308856
v 0.94866604 0.63179733 -0.03762863
v 0.95271892 0.62452978 0.01676116
v 0.93774260 0.64999916 0.04736650
v 0.95247642 0.68114523 -0.02264230
v 0.94710897 0.67864856 -0.03736423
v 0.94684184 0.68648037 0.03986453
v 0.96074807 -0.60925121 -0.21651313
v 0.95709804 -0.55736510 0.17549922
v 0.96035384 -0.54444148 -0.20512542
v 0.96071945 -0.44274218 -0.21801501
v 0.96195337 -0.42988905 0.20817351
v 0.95210829 -0.37307940 0.14252072
v 0.95989347 -0.36864045 -0.22101833
v 0.96015018 -0.16267303 -0.21533785
v 0.94891634 -0.17333446 0.12296645
v 0.96247300 -0.16266688 0.20816998
v 0.96076218 -0.09919797 -0.21496796
v 0.95788778 -0.10302042 0.18622486
v 0.96178065 -0.01243500 0.20800750
v 0.96060914 -0.01486967 -0.21337511
v 0.96378695 0.09069786 -0.71024930
v 0.96765824 0.10423970 0.70038379
v 0.95844177 0.12207498 -0.71044462
v 0.97525415 0.13496783 0.69255341
v 0.98172213 0.12064424 -0.71519133
v 0.95166323 0.18015245 0.51256584
v 0.94082973 0.28718643 0.50343654
v 0.97820882 0.35156294 0.42490892
v 0.94007824 0.37511304 0.21918175
v 0.92615296 0.38824280 -0.18613814
v 0.95599743 0.43939574 -0.20093965
v 0.95159592 0.54718315 0.06544289
v 0.97594581 0.57748171 0.01933635
v 0.95159200 0.61134964 0.09663910
v 0.97819539 0.66739236 0.04958889
v 0.97575606 0.15147218 -0.57076082
v 0.97792479 0.21431504 0.60075198
v 0.98082389 0.23444853 0.44811201
v 0.97614771 0.29533110 0.37024890
v 0.97929977 0.29277941 0.50145836
v 0.96938775 0.29598017 -0.38054935
v 0.96992206 0.35944765 -0.30287893
v 0.97472665 0.37666743 -0.21632487
v 0.97843096 0.47678368 0.26462648
v 0.97906102 0.53783614 -0.09825875
v 0.97124364 0.59357180 -0.00909412
v 0.95509492 0.08762778 0.65066975
v 0.97758870 0.13270628 0.58825259
v 0.97396091 0.16792307 -0.53721250
v 0.97726669 0.17275676 0.52484952
v 0.98057515 0.18024728 0.64067339
v 0.97460373 0.19508998 -0.44266227
v 0.98343597 0.18835047 0.45067164
v 0.98286446 0.20026146 0.49063679
v 0.97586659 0.22871872 -0.45663982
v 0.97785353 0.29874011 -0.50989813
v 0.97799527 0.36239134 -0.43208994
v 0.97205576 0.39000407 -0.25528542
v 0.97864030 0.35384672 0.30111272
v 0.97848063 0.38187365 -0.28606040
v 0.97881043 0.40762608 0.35554685
v 0.97889242 0.48034391 0.14111188
v 0.97942340 0.49759679 -0.14636560
v 0.97770124 0.60160413 -0.01262105
v 0.98613177 0.69218685 0.02676451
v 0.98039988 0.08621220 0.67490508
v 0.97946985 0.16139089 -0.62673423
v 0.97950714 0.10458514 -0.64147345
v 0.98144832 0.17015473 0.61358349
v 0.98373360 0.12804538 0.68615543
v 0.98451302 0.18545304 -0.64496483
v 0.98466137 0.23816997 -0.55490574
v 0.98214992 0.21494812 -0.50385666
v 0.98705851 0.21476939 -0.60956134
v 0.98226663 0.23884851 0.51204761
v 0.97963151 0.24302194 -0.50032045
v 0.97955763 0.31857649 -0.41945797
v 0.98127397 0.28761590 0.44417337
v 0.98711027 0.29471960 0.48993169
v 0.98026564 0.36212084 0.34679922
v 0.98028842 0.32122141 -0.35672087
v 0.98550375 0.39913747 0.17122328
v 0.98699448 0.39081677 -0.38883871
v 0.98147492 0.39340558 -0.33571705
v 0.98796573 0.41224350 -0.17639266
v 0.97614876 0.39160486 0.24130389
v 0.98275295 0.41488276 0.30436889
v 0.98792677 0.38045672 0.38034925
v 0.98853484 0.43237824 -0.32953106
v 0.97811959 0.40094347 -0.24105930
v 0.98869892 0.43477604 0.20705054
v 0.98065961 0.43889926 0.22159498
v 0.97909125 0.44539994 -0.19974544
v 0.97952300 0.48890364 -0.20862389
v 0.98796494 0.44483541 0.29600465
v 0.98368410 0.49175813 -0.26783538
v 0.98792910 0.47579562 0.25443762
v 0.98400984 0.53163045 -0.17457707
v 0.97942429 0.50014658 0.16958685
v 0.97915709 0.52789233 0.08874627
v 0.98456604 0.57260480 -0.16678827
v 0.97940410 0.62414094 0.08397324
v 0.98251269 0.60164837 0.07001715
v 0.98773384 0.58942220 0.11546736
v 0.98138489 0.67118332 -0.02356294
v 0.98290296 0.63112363 -0.01605246
v 0.97946004 0.61026914 -0.12565487
v 0.98066974 0.64185620 0.02346229
v 0.98242030 0.65609271 -0.07874147
v 0.98269843 0.66971114 -0.07066781
v 0.98716905 0.71364483 -0.01557078
v 0.98742973 0.18809956 0.61960393
v 0.99046338 0.20344794 -0.46967259
v 0.98799670 0.23367283 0.56796513
v 0.98760130 0.28753054 -0.51534428
v 0.98806408 0.34166271 -0.44727402
v 0.99070391 0.42890094 -0.20744423
v 0.98861285 0.51435910 0.20446192
v 0.98185728 0.54697674 0.17952253
v 0.98526632 0.60677313 -0.10559562
v 0.98755126 0.65441599 0.04720404
v 0.98568550 0.70340374 -0.04703408
f 33 5 26
f 29 32 4
f 36 32 3
f 6 7 5
f 8 42 38
f 37 8 38
f 43 8 49
f 7 47 9
f 14 9 47
f 10 12 11
f 46 52 50
f 13 45 49
f 100 52 46
f 12 51 11
f 15 45 13
f 13 81 15
f 53 15 81
f 55 56 87
f 55 16 56
f 55 18 16
f 20 16 18
f 61 21 18
f 20 18 21
f 61 22 21
f 17 63 22
f 21 22 64
f 23 25 27
f 1 25 23
f 24 26 67
f 33 26 24
f 1 2 25
f 1 66 2
f 2 66 30
f 25 32 27
f 26 34 67
f 28 33 68
f 29 27 32
f 2 32 25
f 2 30 3
f 28 6 33
f 85 73 69
f 71 73 85
f 28 31 6
f 2 3 32
f 72 69 73
f 5 33 6
f 4 32 36
f 26 5 34
f 72 40 31
f 73 40 72
f 75 40 73
f 4 35 188
f 31 40 6
f 36 38 4
f 37 38 36
f 35 43 39
f 38 43 35
f 7 41 5
f 42 43 38
f 76 40 75
f 193 8 37
f 40 7 6
f 47 7 40
f 76 47 40
f 8 43 42
f 8 193 49
f 45 39 43
f 49 45 43
f 39 45 44
f 7 9 41
f 77 47 76
f 48 10 11
f 48 11 86
f 51 12 44
f 50 14 47
f 52 100 148
f 45 15 44
f 52 14 50
f 44 15 51
f 52 87 14
f 55 87 52
f 80 55 52
f 51 53 79
f 51 15 53
f 54 55 80
f 81 57 53
f 80 60 54
f 18 55 54
f 53 57 79
f 60 59 54
f 79 19 58
f 57 17 79
f 16 105 56
f 17 19 79
f 59 18 54
f 82 59 60
f 58 19 82
f 19 59 82
f 61 18 59
f 16 20 105
f 382 17 57
f 19 61 59
f 17 61 19
f 63 17 382
f 62 20 21
f 17 22 61
f 21 64 62
f 24 116 65
f 23 88 83
f 23 83 1
f 1 83 66
f 65 33 24
f 68 33 65
f 67 34 741
f 31 28 69
f 29 188 70
f 69 72 31
f 29 4 188
f 71 74 73
f 73 74 75
f 5 135 34
f 4 38 35
f 135 5 41
f 77 50 47
f 48 326 10
f 9 14 98
f 100 46 78
f 52 148 80
f 80 148 101
f 1566 57 81
f 105 1381 56
f 20 62 383
f 65 116 92
f 66 83 90
f 84 68 65
f 27 115 23
f 741 24 67
f 66 119 929
f 27 29 126
f 29 93 126
f 28 123 124
f 323 71 85
f 28 124 69
f 188 35 258
f 36 3 94
f 37 36 94
f 96 76 95
f 39 44 141
f 96 77 76
f 2042 41 9
f 9 98 2042
f 50 77 99
f 12 10 142
f 44 12 142
f 13 49 1318
f 1318 1566 13
f 151 378 51
f 51 79 151
f 81 13 1566
f 103 80 101
f 60 80 103
f 159 153 58
f 82 60 103
f 82 103 104
f 82 159 58
f 57 784 382
f 20 383 105
f 1216 63 382
f 23 115 88
f 83 88 239
f 91 1313 320
f 89 320 24
f 89 91 320
f 24 463 89
f 463 24 117
f 737 90 83
f 65 92 84
f 119 66 90
f 27 126 115
f 123 68 84
f 28 68 123
f 929 30 66
f 29 70 125
f 29 125 93
f 71 478 74
f 94 3 30
f 75 74 95
f 131 258 35
f 131 35 39
f 76 75 95
f 325 37 94
f 37 325 193
f 97 131 39
f 39 141 97
f 50 99 46
f 1318 49 193
f 77 96 99
f 326 142 10
f 141 44 142
f 51 378 86
f 51 86 11
f 87 98 14
f 102 151 79
f 79 153 102
f 58 153 79
f 175 228 110
f 110 178 175
f 111 109 229
f 180 114 112
f 24 320 116
f 247 88 115
f 90 242 1467
f 83 239 244
f 118 92 116
f 921 90 1467
f 83 244 737
f 118 120 92
f 90 921 119
f 24 741 117
f 84 92 183
f 249 463 117
f 183 92 120
f 250 247 115
f 119 921 121
f 123 84 183
f 115 126 250
f 249 117 122
f 118 249 122
f 117 246 122
f 123 183 122
f 250 126 185
f 122 246 186
f 123 122 128
f 124 123 128
f 70 188 254
f 185 126 130
f 122 186 128
f 187 69 124
f 130 126 127
f 1604 30 929
f 127 126 93
f 124 128 257
f 94 30 1604
f 186 190 128
f 256 124 257
f 130 127 129
f 134 324 257
f 133 95 74
f 129 375 258
f 129 258 132
f 130 129 132
f 257 128 138
f 258 131 137
f 190 138 128
f 132 258 137
f 134 257 140
f 133 134 140
f 96 95 136
f 95 133 136
f 140 257 138
f 136 133 140
f 138 190 191
f 139 140 138
f 131 97 137
f 137 97 192
f 138 191 139
f 97 141 261
f 136 140 143
f 192 97 261
f 1062 145 139
f 139 145 140
f 96 136 99
f 86 376 48
f 145 1062 194
f 143 140 145
f 774 261 141
f 99 136 143
f 144 141 142
f 143 195 99
f 144 142 147
f 141 144 774
f 195 143 150
f 146 195 150
f 144 147 149
f 149 774 144
f 148 146 150
f 147 378 151
f 148 150 101
f 149 147 152
f 194 264 145
f 155 145 264
f 143 145 155
f 150 143 155
f 102 154 151
f 152 151 154
f 147 151 152
f 101 150 103
f 153 154 102
f 264 1063 155
f 152 154 265
f 154 153 156
f 150 155 157
f 103 150 158
f 265 154 156
f 155 1063 157
f 1566 784 57
f 161 150 157
f 158 150 161
f 103 158 104
f 156 153 159
f 1381 105 1697
f 82 104 160
f 159 82 160
f 157 163 161
f 104 158 196
f 162 159 160
f 156 159 162
f 162 160 164
f 163 266 161
f 161 266 158
f 196 158 266
f 160 381 164
f 105 383 938
f 105 938 1697
f 197 196 266
f 381 196 197
f 164 381 197
f 166 210 106
f 211 106 210
f 165 107 209
f 209 107 212
f 211 167 106
f 169 215 107
f 166 106 168
f 165 213 107
f 167 168 106
f 107 213 169
f 214 108 167
f 168 167 108
f 214 170 108
f 213 298 169
f 169 220 215
f 169 298 220
f 172 174 171
f 173 174 172
f 228 307 173
f 307 174 173
f 174 225 171
f 225 229 109
f 109 111 176
f 232 175 178
f 229 177 111
f 178 113 232
f 111 112 176
f 176 112 114
f 111 177 112
f 177 231 112
f 231 180 112
f 178 235 113
f 231 179 180
f 238 232 113
f 463 1201 89
f 91 1563 1313
f 1313 1563 1531
f 1563 91 89
f 181 119 121
f 119 181 248
f 121 921 466
f 119 248 929
f 182 249 118
f 120 118 184
f 121 466 185
f 184 118 122
f 183 184 122
f 466 253 250
f 250 185 466
f 85 69 323
f 255 741 34
f 187 124 256
f 190 186 189
f 324 134 374
f 188 258 476
f 481 133 74
f 481 134 133
f 139 191 1062
f 78 260 100
f 99 195 327
f 379 160 104
f 380 163 157
f 162 1065 156
f 785 196 381
f 274 198 269
f 278 287 274
f 285 281 273
f 274 286 198
f 287 342 274
f 285 273 198
f 286 285 198
f 342 286 274
f 282 277 279
f 199 413 200
f 200 201 202
f 201 203 202
f 202 204 200
f 200 204 199
f 205 204 202
f 202 206 205
f 206 202 203
f 207 348 204
f 205 207 204
f 208 207 205
f 206 208 205
f 206 209 208
f 210 166 348
f 210 348 207
f 165 209 351
f 207 211 210
f 207 294 211
f 351 213 165
f 294 214 211
f 107 215 212
f 211 214 167
f 294 297 214
f 168 108 216
f 297 170 214
f 218 354 219
f 354 217 219
f 215 220 217
f 170 297 218
f 220 219 217
f 355 108 170
f 218 221 170
f 222 221 218
f 219 222 218
f 170 221 301
f 222 219 300
f 172 223 224
f 224 444 173
f 172 171 223
f 173 172 224
f 225 305 171
f 307 228 309
f 109 226 305
f 225 109 305
f 447 225 174
f 110 228 227
f 109 176 226
f 228 175 309
f 225 360 229
f 110 227 178
f 360 177 229
f 232 230 175
f 227 235 178
f 177 360 452
f 231 177 452
f 176 114 233
f 232 238 230
f 238 234 230
f 237 179 231
f 912 237 231
f 180 233 114
f 180 315 233
f 179 315 180
f 316 238 236
f 113 236 238
f 236 113 235
f 237 315 179
f 370 116 320
f 318 241 240
f 88 247 1609
f 118 116 370
f 367 912 240
f 318 240 912
f 241 245 240
f 243 245 241
f 90 737 1587
f 245 321 240
f 245 251 321
f 182 252 120
f 243 251 245
f 468 251 243
f 120 184 182
f 120 252 183
f 184 183 252
f 1316 121 185
f 69 322 323
f 1406 741 255
f 186 246 1469
f 125 373 93
f 189 1406 1469
f 255 1469 1406
f 1469 255 186
f 34 186 255
f 186 34 189
f 1406 189 34
f 323 478 71
f 465 478 323
f 254 188 476
f 374 134 480
f 482 258 375
f 1209 129 127
f 2042 135 41
f 99 495 46
f 259 495 99
f 78 46 260
f 48 376 326
f 192 261 1061
f 147 142 262
f 147 262 377
f 376 86 501
f 500 263 498
f 148 100 328
f 378 501 86
f 146 328 937
f 328 146 148
f 1472 1063 264
f 157 1063 380
f 379 104 512
f 156 1065 265
f 104 196 512
f 162 164 1065
f 516 197 266
f 516 787 197
f 62 1474 383
f 64 1474 62
f 385 335 278
f 276 335 336
f 276 336 338
f 518 278 274
f 276 278 335
f 339 272 271
f 390 275 339
f 330 281 340
f 268 273 330
f 269 198 268
f 385 278 518
f 271 272 270
f 275 272 339
f 281 395 340
f 273 281 330
f 338 277 276
f 270 277 338
f 272 277 270
f 280 390 391
f 268 198 273
f 280 275 390
f 272 279 277
f 275 284 272
f 282 276 277
f 280 284 275
f 281 289 395
f 276 287 278
f 283 279 272
f 276 282 287
f 284 283 272
f 285 341 281
f 282 399 287
f 288 399 282
f 279 288 282
f 283 288 279
f 346 403 284
f 200 413 290
f 201 200 290
f 201 290 291
f 291 203 201
f 199 204 349
f 208 415 207
f 208 416 415
f 292 209 206
f 166 293 348
f 293 349 348
f 209 292 420
f 350 294 207
f 295 351 420
f 351 295 213
f 166 168 293
f 353 295 420
f 293 168 296
f 168 216 296
f 295 298 213
f 295 434 298
f 299 216 108
f 108 355 299
f 220 300 219
f 298 434 220
f 170 301 355
f 222 300 434
f 302 301 221
f 434 356 222
f 222 303 221
f 222 356 303
f 224 223 304
f 224 304 442
f 224 442 444
f 171 304 223
f 228 173 444
f 444 445 228
f 171 305 306
f 174 1032 447
f 174 307 1032
f 227 228 358
f 305 226 361
f 360 225 447
f 312 227 308
f 226 176 310
f 361 226 310
f 364 361 310
f 364 310 314
f 227 312 235
f 230 309 175
f 310 176 314
f 308 362 312
f 313 364 314
f 311 309 230
f 312 362 365
f 176 233 314
f 312 365 236
f 452 912 231
f 234 311 230
f 366 236 365
f 312 236 235
f 313 314 317
f 315 314 233
f 317 314 315
f 366 316 236
f 237 367 315
f 315 367 317
f 238 316 234
f 237 912 367
f 311 234 319
f 241 319 234
f 234 316 241
f 88 1609 239
f 319 241 318
f 118 370 1534
f 117 1491 246
f 240 321 488
f 468 243 469
f 1316 181 121
f 70 254 125
f 322 69 187
f 34 135 1406
f 1469 190 189
f 93 373 127
f 129 479 375
f 257 324 1210
f 481 74 478
f 134 481 480
f 258 482 476
f 190 1469 1730
f 1575 132 137
f 192 1575 137
f 192 1061 1575
f 193 325 1318
f 46 495 260
f 774 1061 261
f 194 1062 1472
f 99 327 259
f 100 260 328
f 937 327 195
f 146 937 195
f 377 378 147
f 264 194 1472
f 196 782 512
f 196 785 782
f 266 163 516
f 197 786 164
f 1216 1323 63
f 1066 267 22
f 329 331 330
f 331 332 330
f 330 332 333
f 334 518 269
f 336 337 338
f 330 340 329
f 268 330 333
f 334 268 333
f 269 268 334
f 337 270 338
f 271 270 337
f 389 271 337
f 339 271 389
f 518 274 269
f 280 400 346
f 280 346 284
f 289 281 347
f 347 281 341
f 285 286 401
f 286 342 344
f 342 287 344
f 402 287 399
f 288 283 345
f 283 284 403
f 343 347 341
f 285 343 341
f 401 343 285
f 344 401 286
f 402 344 287
f 345 399 288
f 291 405 203
f 413 199 349
f 203 292 206
f 348 349 204
f 350 207 415
f 209 416 208
f 420 351 209
f 349 293 352
f 209 212 650
f 352 293 296
f 294 424 297
f 427 297 424
f 215 650 212
f 295 353 434
f 217 428 215
f 296 216 299
f 352 296 299
f 218 297 427
f 218 427 354
f 300 220 434
f 355 301 302
f 302 221 303
f 304 441 442
f 171 441 304
f 306 441 171
f 309 357 307
f 445 358 228
f 306 305 359
f 227 358 308
f 361 359 305
f 362 358 445
f 308 358 362
f 311 357 309
f 362 445 363
f 457 359 361
f 457 361 364
f 362 363 365
f 457 364 313
f 365 363 366
f 457 313 317
f 368 318 912
f 319 318 368
f 319 368 369
f 319 369 727
f 311 319 727
f 488 317 367
f 469 241 316
f 320 1313 1530
f 367 240 488
f 90 1587 242
f 241 469 243
f 371 1609 247
f 247 250 371
f 321 470 488
f 251 470 321
f 251 468 470
f 253 372 371
f 250 253 371
f 253 466 372
f 741 1406 750
f 185 474 1316
f 322 473 323
f 323 473 465
f 477 322 187
f 187 256 477
f 931 256 1407
f 129 1209 479
f 1209 127 373
f 256 257 1407
f 326 262 142
f 498 259 327
f 379 514 160
f 514 381 160
f 516 163 380
f 381 1215 785
f 1066 22 63
f 517 331 329
f 332 331 1217
f 525 526 334
f 526 384 334
f 384 518 334
f 518 790 385
f 534 790 518
f 385 544 335
f 335 544 788
f 336 335 519
f 335 386 519
f 337 336 537
f 336 387 537
f 337 537 529
f 337 529 388
f 337 388 520
f 337 521 530
f 389 337 530
f 389 1068 339
f 339 1068 941
f 339 941 522
f 339 522 390
f 390 789 524
f 391 390 524
f 391 524 793
f 385 790 528
f 544 385 528
f 389 530 944
f 340 395 1498
f 555 799 573
f 969 397 398
f 283 403 345
f 400 408 346
f 343 412 347
f 401 412 343
f 409 403 346
f 404 836 289
f 850 836 404
f 413 344 402
f 347 404 289
f 401 419 412
f 345 405 399
f 405 402 399
f 412 404 347
f 403 409 407
f 408 409 346
f 414 401 344
f 403 421 345
f 401 414 422
f 407 421 403
f 405 410 402
f 406 405 345
f 413 414 344
f 402 410 413
f 404 412 418
f 290 413 410
f 291 290 410
f 405 291 410
f 345 421 406
f 418 850 404
f 409 411 407
f 408 411 409
f 422 419 401
f 406 292 405
f 349 414 413
f 203 405 292
f 412 419 418
f 417 350 415
f 416 417 415
f 209 857 416
f 857 994 417
f 416 857 417
f 420 292 406
f 352 422 414
f 209 650 857
f 411 421 407
f 414 349 352
f 418 425 850
f 419 425 418
f 350 424 294
f 406 432 420
f 421 432 406
f 411 436 421
f 423 436 411
f 420 432 353
f 419 430 425
f 436 439 421
f 422 430 419
f 435 432 421
f 427 424 429
f 425 430 426
f 439 435 421
f 428 650 215
f 430 437 426
f 352 299 422
f 432 434 353
f 354 427 429
f 354 429 431
f 428 354 431
f 428 217 354
f 435 434 432
f 423 433 436
f 430 422 438
f 299 440 422
f 355 302 299
f 439 448 435
f 303 441 302
f 430 438 437
f 433 449 436
f 422 440 438
f 436 449 439
f 302 441 299
f 356 442 303
f 435 356 434
f 438 443 437
f 441 440 299
f 446 449 433
f 449 448 439
f 303 442 441
f 356 444 442
f 435 444 356
f 444 435 445
f 306 440 441
f 450 438 440
f 438 456 443
f 307 1033 1032
f 450 456 438
f 453 449 446
f 456 451 443
f 359 440 306
f 448 363 435
f 453 448 449
f 363 445 435
f 448 458 363
f 456 454 451
f 453 458 448
f 440 460 450
f 359 460 440
f 359 457 460
f 458 461 363
f 453 455 458
f 454 1312 451
f 729 453 446
f 461 459 363
f 461 458 455
f 450 454 456
f 455 453 729
f 317 460 457
f 363 459 366
f 317 488 460
f 459 469 366
f 455 732 461
f 316 366 469
f 89 1201 1562
f 454 462 1312
f 467 462 454
f 1562 1563 89
f 462 745 1312
f 450 473 454
f 460 484 450
f 488 484 460
f 732 455 729
f 1312 745 464
f 742 462 467
f 461 254 459
f 465 473 450
f 484 465 450
f 372 461 732
f 371 372 732
f 459 468 469
f 471 254 461
f 1534 182 118
f 1372 182 1534
f 1372 464 252
f 745 252 464
f 467 472 742
f 454 473 467
f 1372 252 182
f 372 471 461
f 252 1373 184
f 467 928 472
f 473 322 467
f 468 496 470
f 254 476 459
f 372 475 471
f 474 475 372
f 372 466 474
f 1316 474 466
f 322 928 467
f 471 373 254
f 373 471 475
f 322 477 928
f 482 486 476
f 373 125 254
f 484 478 465
f 477 256 931
f 324 374 932
f 130 1492 185
f 932 374 480
f 486 459 476
f 324 932 1210
f 257 1210 1407
f 482 375 485
f 481 483 480
f 488 490 484
f 478 487 481
f 486 492 459
f 487 483 481
f 485 486 482
f 484 487 478
f 490 470 496
f 491 468 459
f 132 1575 130
f 490 488 470
f 490 493 484
f 491 496 468
f 485 489 486
f 486 489 492
f 493 487 484
f 492 491 459
f 489 767 492
f 493 768 487
f 491 376 496
f 490 495 493
f 2175 1062 191
f 260 495 490
f 491 326 376
f 775 768 493
f 495 259 493
f 492 769 491
f 494 769 492
f 259 498 493
f 262 326 491
f 769 262 491
f 775 493 498
f 504 260 490
f 769 377 262
f 496 506 490
f 501 506 496
f 769 497 377
f 778 497 769
f 498 263 499
f 499 775 498
f 327 776 498
f 260 504 328
f 501 502 506
f 376 501 496
f 937 776 327
f 497 936 377
f 778 936 497
f 378 377 501
f 937 328 779
f 503 501 377
f 504 779 328
f 506 504 490
f 503 502 501
f 509 779 504
f 502 505 506
f 379 504 506
f 508 505 502
f 780 508 502
f 511 509 504
f 507 379 506
f 505 508 506
f 508 507 506
f 504 379 511
f 509 511 782
f 508 510 507
f 507 513 379
f 512 511 379
f 515 513 507
f 510 515 507
f 782 511 512
f 265 1065 1576
f 513 514 379
f 514 513 515
f 1323 1066 63
f 22 267 64
f 333 542 334
f 542 525 334
f 788 791 335
f 791 386 335
f 519 387 336
f 521 337 520
f 522 789 390
f 340 1324 329
f 517 549 331
f 333 332 532
f 535 790 534
f 1075 387 519
f 530 521 538
f 944 530 531
f 389 539 1068
f 389 944 539
f 331 549 541
f 543 526 525
f 518 384 527
f 533 534 518
f 386 536 519
f 537 387 795
f 546 520 388
f 540 941 571
f 522 941 540
f 789 522 792
f 792 522 540
f 524 789 551
f 523 524 551
f 541 1217 331
f 333 532 945
f 945 532 1074
f 333 945 542
f 525 542 946
f 543 525 946
f 518 527 533
f 544 528 950
f 1075 519 536
f 388 529 550
f 550 529 943
f 546 388 545
f 521 547 538
f 531 548 944
f 571 941 952
f 793 524 796
f 943 537 795
f 543 794 526
f 1076 943 795
f 552 392 553
f 393 553 392
f 393 1087 553
f 392 552 572
f 392 572 798
f 1092 554 394
f 794 556 563
f 953 794 563
f 559 558 564
f 564 558 578
f 559 565 560
f 577 571 952
f 1094 1086 797
f 1094 1091 1086
f 392 798 393
f 578 558 1093
f 560 565 806
f 566 1090 567
f 804 561 580
f 569 568 575
f 797 571 577
f 810 1091 1094
f 397 393 798
f 585 582 1243
f 806 565 579
f 1096 1091 810
f 805 398 798
f 397 798 398
f 805 393 397
f 581 809 813
f 1104 961 594
f 1108 584 812
f 582 598 592
f 583 970 1118
f 808 807 819
f 1098 971 961
f 813 809 596
f 593 814 966
f 597 582 585
f 592 598 599
f 811 1269 970
f 594 961 971
f 812 584 1122
f 600 822 976
f 600 976 605
f 823 820 606
f 601 602 824
f 601 607 825
f 603 828 604
f 603 605 828
f 821 982 984
f 608 826 607
f 617 824 612
f 601 824 617
f 607 601 617
f 610 831 837
f 834 833 613
f 608 607 841
f 609 608 841
f 603 609 841
f 847 605 603
f 837 831 823
f 837 838 610
f 847 603 842
f 834 613 615
f 611 835 614
f 612 821 617
f 607 617 629
f 611 614 839
f 607 629 623
f 841 607 623
f 821 984 654
f 617 821 654
f 603 841 842
f 600 605 847
f 600 847 630
f 606 600 630
f 621 837 634
f 837 823 634
f 616 1136 626
f 849 616 626
f 986 840 619
f 843 624 625
f 992 620 990
f 621 634 626
f 849 626 627
f 629 617 654
f 990 623 629
f 625 624 851
f 823 606 630
f 1140 621 626
f 618 622 628
f 626 634 633
f 627 626 633
f 628 622 855
f 629 659 990
f 990 659 992
f 984 618 628
f 654 984 628
f 417 996 350
f 417 994 996
f 639 858 1001
f 823 630 672
f 634 1147 633
f 654 628 861
f 634 823 637
f 659 1145 992
f 857 650 1141
f 1004 350 996
f 627 633 638
f 635 631 997
f 632 631 635
f 627 638 636
f 629 654 640
f 659 629 640
f 860 627 636
f 350 1004 424
f 636 638 1152
f 659 640 1018
f 642 638 862
f 641 639 1001
f 861 643 645
f 646 424 1004
f 1001 1013 641
f 672 630 667
f 823 672 637
f 645 643 644
f 654 861 645
f 642 862 647
f 1002 642 647
f 1018 640 663
f 639 641 1000
f 862 637 647
f 1002 647 1006
f 647 637 655
f 651 1000 641
f 637 672 655
f 864 865 656
f 656 865 655
f 653 864 656
f 654 645 648
f 657 651 641
f 640 654 673
f 641 1013 658
f 658 657 641
f 869 1160 1011
f 664 424 646
f 661 868 669
f 869 1011 866
f 654 648 662
f 663 640 673
f 424 664 429
f 872 660 655
f 869 866 674
f 655 672 872
f 674 866 1162
f 870 428 431
f 658 1013 665
f 666 657 658
f 669 868 668
f 666 658 665
f 1018 663 676
f 873 1020 670
f 671 665 1021
f 662 869 674
f 673 654 662
f 662 674 675
f 669 668 1298
f 677 669 1298
f 673 662 675
f 663 673 676
f 672 667 684
f 668 872 876
f 876 872 685
f 883 678 676
f 679 1298 680
f 676 673 695
f 684 678 883
f 672 684 884
f 679 680 1024
f 872 672 688
f 1024 680 683
f 682 880 878
f 878 880 879
f 685 872 688
f 672 884 707
f 673 675 687
f 684 883 884
f 693 673 687
f 883 676 695
f 689 884 883
f 688 672 712
f 687 1025 693
f 672 707 712
f 882 685 690
f 1025 686 1360
f 693 1025 1169
f 885 691 883
f 689 883 691
f 694 691 887
f 1170 694 887
f 685 688 690
f 1025 1360 1169
f 888 691 694
f 689 691 888
f 689 888 692
f 357 1033 307
f 357 894 1033
f 707 884 1036
f 693 709 700
f 673 693 700
f 695 673 700
f 447 1172 360
f 1040 1035 890
f 895 699 697
f 696 698 706
f 703 1031 1039
f 696 703 1039
f 709 693 703
f 704 688 712
f 706 703 696
f 1029 702 717
f 357 311 710
f 896 1036 1035
f 896 1035 705
f 704 712 1180
f 895 704 1180
f 360 1172 452
f 895 1180 1181
f 708 703 706
f 717 702 898
f 709 703 708
f 896 705 711
f 701 695 700
f 700 709 910
f 713 718 1048
f 719 714 901
f 899 714 719
f 716 713 1048
f 717 898 723
f 711 705 731
f 718 904 1048
f 910 709 715
f 728 707 905
f 446 1651 729
f 914 897 701
f 712 707 724
f 901 720 725
f 1048 904 721
f 721 904 1193
f 914 701 700
f 707 728 724
f 901 725 908
f 722 901 908
f 1462 451 1312
f 710 311 727
f 902 731 705
f 720 712 724
f 720 724 734
f 725 720 734
f 700 910 738
f 748 914 700
f 717 723 915
f 915 723 733
f 913 1055 918
f 726 727 1198
f 731 902 916
f 739 711 731
f 730 1054 1314
f 724 728 740
f 743 914 748
f 915 733 1056
f 919 920 1314
f 1201 463 249
f 462 917 745
f 462 742 918
f 1056 733 736
f 731 1056 736
f 746 734 724
f 739 731 736
f 920 919 744
f 922 736 733
f 472 924 742
f 919 735 746
f 744 919 746
f 466 921 751
f 745 1373 252
f 700 738 747
f 748 752 926
f 752 749 926
f 746 724 755
f 759 700 747
f 744 746 753
f 738 928 1204
f 747 738 1204
f 182 184 1202
f 472 928 924
f 724 758 755
f 746 755 756
f 753 746 930
f 474 744 753
f 754 1316 751
f 1316 466 751
f 700 759 761
f 930 746 756
f 474 753 475
f 754 474 1603
f 474 185 1603
f 748 700 761
f 749 752 762
f 475 930 373
f 1492 1603 185
f 761 759 757
f 1207 755 758
f 762 740 749
f 930 1209 373
f 763 375 479
f 480 483 760
f 758 724 764
f 763 758 764
f 375 763 485
f 759 760 757
f 740 762 933
f 724 740 933
f 485 763 764
f 757 760 483
f 765 748 761
f 752 748 765
f 764 724 766
f 764 766 767
f 757 483 487
f 768 757 487
f 752 765 781
f 762 752 781
f 485 764 489
f 191 190 1730
f 489 764 767
f 724 933 766
f 761 757 768
f 780 762 781
f 773 766 933
f 766 773 494
f 767 766 494
f 492 767 494
f 775 761 768
f 770 933 762
f 773 933 934
f 494 773 769
f 761 771 935
f 770 762 772
f 761 775 776
f 765 761 935
f 777 772 762
f 936 934 1380
f 765 935 1213
f 1319 934 936
f 773 934 1319
f 778 773 1319
f 769 773 778
f 775 499 776
f 762 780 777
f 936 1380 377
f 263 500 1214
f 499 500 776
f 500 498 776
f 765 1213 779
f 377 1380 503
f 1213 937 779
f 503 777 780
f 765 779 781
f 781 779 509
f 503 780 502
f 780 781 510
f 2043 380 1063
f 508 780 510
f 509 782 781
f 510 781 783
f 515 510 783
f 783 781 782
f 1064 783 782
f 515 783 514
f 197 787 1539
f 197 1539 786
f 1567 1474 64
f 64 267 1567
f 384 526 1071
f 1071 527 384
f 1217 1070 332
f 332 1070 532
f 1067 520 546
f 1079 549 517
f 946 542 1327
f 1089 528 790
f 388 550 1072
f 944 548 1227
f 542 945 1081
f 534 942 535
f 531 1078 548
f 553 572 552
f 794 1233 556
f 558 559 1234
f 566 567 1236
f 571 797 951
f 798 572 553
f 956 798 553
f 956 553 1087
f 554 958 394
f 556 562 563
f 559 564 565
f 561 1237 580
f 802 803 956
f 803 798 956
f 803 802 1087
f 803 1087 393
f 803 805 798
f 805 803 393
f 582 592 1101
f 580 963 804
f 1096 810 1267
f 1244 1098 1256
f 586 1245 962
f 584 1108 1248
f 1107 805 397
f 818 1253 591
f 280 1116 400
f 398 964 1117
f 582 1112 598
f 1341 811 592
f 974 817 808
f 961 1256 1098
f 587 965 588
f 1339 587 588
f 814 593 977
f 969 398 1117
f 819 974 808
f 595 1110 589
f 976 822 1120
f 809 1257 596
f 289 836 395
f 599 598 1279
f 970 1269 1270
f 1125 817 974
f 829 606 820
f 823 830 820
f 824 1280 612
f 601 1130 602
f 601 825 1130
f 608 827 826
f 827 608 609
f 976 828 605
f 606 829 600
f 823 831 830
f 982 1278 611
f 602 1285 824
f 826 825 607
f 609 603 1134
f 603 604 1134
f 610 981 831
f 832 610 838
f 833 834 1135
f 832 838 833
f 838 613 833
f 982 611 983
f 984 982 983
f 611 839 983
f 838 837 613
f 1348 837 621
f 616 985 1136
f 842 843 847
f 408 1425 411
f 842 841 1138
f 847 843 846
f 984 1139 618
f 845 624 843
f 846 843 625
f 622 619 840
f 622 840 1423
f 848 845 844
f 624 845 848
f 846 625 988
f 841 992 989
f 848 844 852
f 619 622 618
f 624 848 851
f 848 852 851
f 625 851 858
f 853 625 858
f 639 853 858
f 849 627 854
f 628 855 856
f 628 856 1146
f 631 856 1144
f 631 632 856
f 1146 861 628
f 1144 997 631
f 1147 634 999
f 638 633 1147
f 999 638 1147
f 634 637 999
f 859 635 997
f 637 862 999
f 638 642 1152
f 638 999 862
f 639 1000 853
f 988 1014 630
f 642 1002 1389
f 644 1154 645
f 865 1006 647
f 1007 645 1154
f 863 1002 1006
f 865 864 1006
f 864 653 863
f 647 655 865
f 645 1007 648
f 1018 1145 659
f 630 1014 667
f 653 656 1430
f 651 657 1000
f 1000 657 666
f 649 652 1159
f 867 655 660
f 868 1292 867
f 868 661 1292
f 868 867 660
f 1160 662 648
f 650 428 1016
f 660 872 1017
f 429 871 431
f 664 871 429
f 871 870 431
f 428 870 1016
f 1013 1295 665
f 871 664 1019
f 668 868 1017
f 1162 877 674
f 869 662 1294
f 670 1021 1296
f 872 668 1017
f 1021 670 1020
f 1018 676 873
f 670 1018 873
f 1164 1021 1020
f 674 875 675
f 671 1021 1022
f 671 1022 1023
f 667 1023 684
f 674 877 875
f 675 875 1358
f 1298 668 874
f 678 1165 676
f 678 684 1022
f 684 1023 1022
f 877 681 875
f 875 878 1358
f 874 680 1298
f 878 875 681
f 681 682 878
f 881 880 682
f 686 881 1458
f 1025 687 1166
f 1299 685 1026
f 685 882 1026
f 1458 1360 686
f 686 1025 881
f 695 885 883
f 689 886 884
f 885 695 887
f 691 885 887
f 886 689 692
f 886 1036 884
f 887 695 1170
f 886 692 890
f 437 443 1395
f 694 1170 1027
f 692 888 890
f 690 688 1028
f 699 889 697
f 1170 695 893
f 893 702 1170
f 890 1035 1036
f 895 697 1303
f 443 451 1395
f 1031 703 1034
f 703 693 1302
f 688 704 1030
f 704 895 1037
f 895 892 1037
f 699 895 1038
f 698 1363 706
f 357 710 894
f 1042 1035 1040
f 1037 1175 704
f 1035 1042 705
f 895 1181 1038
f 896 903 1036
f 695 701 893
f 1172 1043 452
f 1036 903 707
f 1183 1181 1180
f 893 898 702
f 893 701 897
f 898 893 897
f 707 903 905
f 710 900 894
f 896 711 1045
f 899 1183 714
f 902 705 1042
f 1179 712 720
f 1183 1308 714
f 901 714 1308
f 710 726 900
f 718 1188 904
f 899 719 1438
f 1463 719 901
f 719 1463 906
f 903 1045 905
f 901 1047 720
f 1463 722 1190
f 901 722 1463
f 719 906 722
f 722 1191 719
f 906 1190 722
f 1192 1193 904
f 898 897 907
f 715 721 910
f 710 727 726
f 909 721 1193
f 898 907 723
f 721 909 910
f 909 1193 1196
f 911 910 909
f 911 738 910
f 907 897 914
f 1196 1055 911
f 911 1055 913
f 738 911 913
f 905 1058 728
f 725 734 1052
f 369 368 1197
f 369 1197 1050
f 1050 1198 727
f 1200 738 913
f 727 369 1050
f 1054 1057 1314
f 1609 1756 239
f 913 918 1200
f 914 743 907
f 739 1045 711
f 462 918 917
f 916 1056 731
f 728 1058 740
f 735 919 1057
f 743 733 907
f 921 1467 1680
f 924 1200 742
f 743 922 733
f 922 923 736
f 739 736 923
f 739 923 1058
f 735 734 746
f 1200 924 738
f 748 925 743
f 922 743 925
f 923 922 926
f 926 922 925
f 927 923 926
f 926 925 748
f 749 927 926
f 1058 927 749
f 740 1058 749
f 738 924 928
f 753 930 475
f 928 1203 1204
f 1207 756 755
f 1203 928 477
f 1205 747 1204
f 480 1204 932
f 1204 480 1205
f 760 1205 480
f 1706 1492 130
f 771 1211 1378
f 771 761 1211
f 772 1379 770
f 776 1211 761
f 935 771 1212
f 783 1322 1321
f 1321 514 783
f 514 1321 381
f 517 329 1475
f 1067 521 520
f 1329 941 1068
f 939 524 523
f 544 1325 788
f 531 530 1222
f 534 533 949
f 949 942 534
f 386 791 947
f 1221 536 386
f 387 940 795
f 1072 545 388
f 1067 547 521
f 551 789 1218
f 1217 541 1219
f 527 1220 533
f 940 1236 795
f 547 1067 948
f 538 1328 530
f 1218 1229 551
f 1447 1116 391
f 549 1079 1232
f 946 1327 1224
f 543 946 1224
f 543 1224 1233
f 788 1073 791
f 1075 536 1235
f 943 1076 550
f 546 545 1225
f 547 948 538
f 539 1227 1068
f 952 1331 951
f 951 540 571
f 391 1116 280
f 1498 1324 340
f 543 1233 794
f 526 794 1071
f 795 1236 1076
f 1092 1239 554
f 573 1082 555
f 949 557 1103
f 559 1083 1234
f 559 954 1083
f 560 1084 559
f 559 1084 954
f 1237 561 1241
f 800 574 955
f 575 568 1335
f 957 799 555
f 556 1082 562
f 1082 1240 562
f 558 1234 1093
f 564 1246 954
f 954 565 564
f 1106 800 955
f 1238 568 569
f 956 1080 805
f 802 956 805
f 1097 799 957
f 1246 564 578
f 566 1236 1249
f 574 800 1334
f 1334 955 574
f 801 1336 396
f 1091 1096 1095
f 394 958 1092
f 582 1101 1243
f 579 959 806
f 1237 963 580
f 809 581 1247
f 1242 581 813
f 570 801 1100
f 1094 967 810
f 805 964 398
f 1097 811 970
f 808 1255 807
f 1250 589 963
f 1251 963 589
f 1247 1106 809
f 396 576 1252
f 396 1252 801
f 970 1254 1097
f 583 1254 970
f 1102 1114 807
f 1103 971 1098
f 1109 1108 812
f 589 1250 595
f 590 1111 816
f 591 1253 1263
f 966 814 1264
f 977 967 814
f 1107 397 969
f 592 1113 1341
f 807 1114 819
f 808 817 1255
f 588 1261 1339
f 968 813 596
f 816 1266 590
f 585 1265 597
f 582 597 1112
f 592 599 1113
f 1343 971 1103
f 586 962 1115
f 822 1257 1120
f 1257 1123 596
f 816 1262 1266
f 818 591 1263
f 818 1263 1259
f 1264 972 966
f 598 973 1279
f 817 1125 1343
f 594 971 975
f 594 975 1273
f 830 1124 820
f 966 972 593
f 597 1260 1121
f 1274 1133 827
f 1127 827 609
f 979 822 600
f 820 1124 829
f 1278 982 1260
f 821 1260 982
f 821 1284 1260
f 821 612 1129
f 1280 1129 612
f 1285 1280 824
f 602 978 1285
f 602 1130 978
f 825 980 1130
f 826 1131 825
f 829 1288 600
f 831 1289 830
f 831 981 1289
f 611 1278 835
f 821 1129 1284
f 604 1345 1134
f 400 1346 408
f 834 615 1547
f 839 614 1137
f 839 1137 983
f 613 837 1348
f 613 1347 615
f 840 986 1137
f 841 987 1138
f 1138 843 842
f 1348 621 1140
f 841 623 620
f 992 841 620
f 845 1138 844
f 843 1138 845
f 620 623 990
f 987 841 989
f 846 988 847
f 619 618 1139
f 847 988 630
f 625 853 988
f 1425 423 411
f 858 851 1142
f 996 994 993
f 857 1141 994
f 1142 1001 858
f 854 627 860
f 995 994 1150
f 1146 856 632
f 861 1146 859
f 1003 1143 995
f 632 635 1146
f 1146 635 859
f 1009 995 1150
f 643 998 1390
f 643 861 998
f 995 1009 1003
f 988 853 1000
f 643 1390 644
f 988 1000 1014
f 1005 1003 1009
f 653 1430 863
f 649 1355 652
f 649 1157 1355
f 646 1004 1005
f 1009 1156 1005
f 1007 1010 648
f 1159 1157 649
f 1014 1000 666
f 1001 1352 1013
f 656 655 867
f 656 867 1292
f 1292 1430 656
f 648 1010 1011
f 648 1011 1160
f 1159 866 1011
f 646 1012 664
f 650 1016 1151
f 660 1017 868
f 1012 1019 664
f 1014 666 665
f 870 871 1016
f 670 1155 1018
f 670 1296 1155
f 1295 1021 665
f 671 1014 665
f 1014 671 1023
f 1014 1023 667
f 873 676 1163
f 1021 1164 1022
f 1165 1163 676
f 678 1297 1165
f 879 1358 878
f 679 1024 1433
f 680 874 683
f 675 1358 687
f 876 685 1299
f 881 1025 880
f 1025 879 880
f 683 1299 1026
f 1036 886 890
f 890 888 1168
f 1030 1028 688
f 1170 702 1029
f 696 1171 698
f 1178 447 1032
f 1028 697 889
f 1028 889 1303
f 889 895 1303
f 1032 1033 1174
f 1033 894 1176
f 1037 697 1175
f 1175 697 1028
f 1303 697 1037
f 889 892 895
f 1303 1037 892
f 1176 894 1177
f 1030 704 891
f 1175 891 704
f 1040 1301 1042
f 1180 712 1179
f 1029 717 1305
f 1309 1042 1301
f 903 896 1045
f 708 706 1182
f 894 900 1177
f 1042 1309 1051
f 716 1182 713
f 1365 1182 716
f 708 1041 709
f 1044 1177 900
f 716 1048 1365
f 1041 715 709
f 1185 1046 1043
f 446 1487 1651
f 713 1182 718
f 1047 1179 720
f 900 726 1044
f 1042 1051 902
f 1044 726 1186
f 906 1463 1438
f 904 1188 1192
f 721 1189 1048
f 1189 721 715
f 1050 1046 1185
f 1197 1046 1050
f 906 1438 1191
f 1438 719 1191
f 1191 1190 906
f 1043 1049 452
f 1050 1185 1184
f 1191 722 908
f 452 1049 912
f 1186 726 1198
f 1196 911 909
f 717 915 1311
f 1052 1053 725
f 725 1053 908
f 1310 912 1049
f 902 1051 916
f 1053 1052 1054
f 912 1310 368
f 905 1045 1058
f 1054 1052 1057
f 730 1053 1054
f 1055 917 918
f 723 907 733
f 1314 1057 919
f 918 742 1200
f 1045 739 1058
f 920 1315 1314
f 1202 1201 249
f 1442 741 750
f 732 1371 371
f 921 1680 751
f 1058 923 927
f 246 1491 1402
f 249 182 1202
f 929 1943 1604
f 1402 1469 246
f 1406 1786 750
f 1315 744 1059
f 474 1059 744
f 474 754 1059
f 1060 759 747
f 932 1204 1208
f 1207 758 1206
f 1208 1210 932
f 479 1209 1443
f 760 1409 1205
f 771 1378 1212
f 935 1212 1378
f 934 1377 1380
f 1062 1493 1472
f 263 1214 499
f 1444 937 1213
f 1214 500 499
f 503 1446 777
f 1613 149 152
f 265 1576 1613
f 783 1064 1322
f 381 1321 1215
f 1475 1231 517
f 1079 517 1231
f 537 1326 529
f 1078 531 1222
f 1331 941 1329
f 1220 527 1071
f 1221 386 947
f 529 1326 943
f 1067 546 1225
f 941 1331 952
f 1081 1327 542
f 1069 1089 790
f 544 950 1325
f 943 1326 537
f 545 1072 1077
f 524 939 796
f 939 1230 796
f 945 1074 1223
f 945 1223 1081
f 791 1073 947
f 536 1221 1235
f 538 948 1328
f 539 944 1227
f 541 549 1219
f 549 1232 1219
f 1071 794 953
f 528 1089 950
f 1230 793 796
f 1080 956 1232
f 555 1082 1081
f 556 1233 1082
f 568 1238 1335
f 952 1228 1085
f 951 1228 952
f 797 1086 951
f 956 1087 1232
f 1244 1089 1330
f 1244 1330 1088
f 1246 1083 954
f 579 565 954
f 579 954 1084
f 1090 1236 567
f 561 804 1241
f 569 575 1335
f 570 1085 801
f 801 1085 1336
f 952 1085 577
f 1091 1095 1086
f 562 1240 563
f 578 1093 1246
f 804 963 1241
f 800 1106 1334
f 581 1242 1334
f 396 1336 576
f 1085 570 1100
f 577 1085 1094
f 799 1097 573
f 566 1249 1090
f 1099 581 1334
f 1099 1247 581
f 1099 813 1247
f 813 1099 1242
f 577 1094 797
f 805 1080 964
f 805 1107 802
f 1243 1265 585
f 811 1101 592
f 807 1255 1102
f 961 1104 1256
f 586 1105 1245
f 587 1339 965
f 809 1106 1257
f 810 967 1267
f 1254 583 960
f 960 583 1118
f 595 1250 1110
f 968 1262 813
f 816 1111 1262
f 590 1258 1111
f 814 967 1264
f 1277 967 977
f 1117 964 1385
f 1113 598 1112
f 1112 1341 1113
f 1255 817 1114
f 962 1245 1115
f 1105 586 1115
f 1258 590 1266
f 1107 969 1268
f 1113 973 598
f 970 1270 1271
f 1118 970 1271
f 819 817 1119
f 819 1114 817
f 817 1343 1119
f 594 1273 1104
f 588 965 1261
f 584 1248 1122
f 1251 589 1110
f 395 836 1498
f 969 1117 1268
f 597 1265 1260
f 1112 597 1121
f 819 1119 974
f 1122 1109 812
f 977 972 1277
f 593 972 977
f 974 1119 1125
f 971 1343 975
f 1274 827 1127
f 609 1126 1127
f 609 1134 1126
f 828 976 1276
f 976 1120 1276
f 822 979 1257
f 826 827 1131
f 1134 1133 1126
f 1133 1274 1126
f 604 828 1345
f 1345 828 1287
f 828 1276 1287
f 1288 979 600
f 835 1128 1386
f 1278 1128 835
f 1131 1342 825
f 827 1133 1132
f 610 1282 981
f 1643 836 850
f 835 1386 614
f 834 1547 1135
f 614 1501 1137
f 615 1347 1547
f 983 1137 1290
f 1290 984 983
f 613 1348 985
f 985 1348 1136
f 985 1347 613
f 1290 1137 986
f 1290 1139 984
f 1136 1140 626
f 616 849 1291
f 986 619 1139
f 844 1138 989
f 844 989 852
f 849 854 1349
f 852 989 991
f 851 852 991
f 989 992 1145
f 855 1351 856
f 856 1351 1144
f 1143 993 994
f 994 995 1143
f 1141 1150 994
f 1148 1144 1351
f 1151 1150 1141
f 996 993 1004
f 1549 850 425
f 997 1144 1148
f 1352 1001 1142
f 1151 1153 1150
f 636 1387 860
f 998 997 1148
f 998 859 997
f 993 1149 1004
f 1387 636 1152
f 861 859 998
f 1143 1149 993
f 1003 1149 1143
f 1009 1150 1153
f 642 1389 1152
f 1390 1392 644
f 1389 1002 1391
f 1141 650 1151
f 1002 863 1391
f 644 1392 1154
f 1003 1005 1149
f 1149 1005 1004
f 1151 1009 1153
f 863 1006 864
f 1391 863 1430
f 1157 1154 1355
f 1154 1157 1010
f 1007 1154 1010
f 1145 1018 1155
f 1355 1569 652
f 1569 1159 652
f 1005 1156 646
f 1009 1008 1156
f 1151 1158 1009
f 1159 1010 1157
f 1009 1158 1015
f 1011 1010 1159
f 1156 1012 646
f 1008 1161 1156
f 1015 1161 1008
f 1151 1016 1158
f 1156 1161 1012
f 1160 869 1294
f 1008 1009 1015
f 1016 1015 1158
f 1352 1295 1013
f 1160 1294 662
f 1019 1012 1161
f 871 1019 1161
f 1015 871 1161
f 1016 871 1015
f 1021 1295 1296
f 1162 1432 877
f 1163 1164 1020
f 1020 873 1163
f 1164 1297 1022
f 1022 1297 678
f 876 874 668
f 687 1358 1166
f 1299 683 874
f 1025 1166 879
f 1026 1024 683
f 881 682 1458
f 882 1485 1026
f 1485 882 1434
f 694 1027 1167
f 888 694 1167
f 888 1167 1168
f 1169 1360 1396
f 1029 1027 1170
f 891 1028 1030
f 1031 1169 1396
f 1031 1302 1169
f 1038 889 699
f 1301 1040 1168
f 890 1168 1040
f 1175 1028 891
f 1027 1029 1305
f 1178 1172 447
f 1032 1173 1178
f 1176 1174 1033
f 1171 696 1304
f 696 1039 1304
f 1178 1043 1172
f 1176 1177 1174
f 1174 1185 1032
f 1038 1181 1460
f 1460 1181 1399
f 1307 1043 1178
f 1032 1185 1307
f 1365 708 1182
f 1174 1044 1185
f 1177 1044 1174
f 1181 1183 899
f 1185 1043 1307
f 717 1311 1305
f 1185 1044 1184
f 901 1308 1047
f 1046 1049 1043
f 1044 1186 1184
f 1365 1048 1367
f 1048 1189 1367
f 1309 1199 1051
f 1188 1187 1192
f 1046 1197 1049
f 1197 1194 1049
f 1198 1184 1186
f 1053 1195 908
f 1198 1050 1184
f 1053 730 1195
f 1194 368 1310
f 1197 368 1194
f 1051 1199 916
f 1052 734 1057
f 730 1513 1195
f 1056 1311 915
f 916 1199 1056
f 734 735 1057
f 730 1314 1465
f 729 1490 732
f 741 1442 117
f 1467 1859 1680
f 920 744 1315
f 248 1943 929
f 751 1403 754
f 1374 756 1207
f 747 1205 1405
f 756 1443 1408
f 759 1060 760
f 763 479 1375
f 1209 1408 1443
f 1211 1410 1378
f 774 1690 1061
f 2042 98 2079
f 937 1470 776
f 503 1380 1445
f 937 1471 1470
f 1471 937 1444
f 1446 503 1445
f 1064 782 1320
f 1320 1322 1064
f 782 785 1320
f 785 1215 1320
f 786 1065 164
f 267 1066 1495
f 940 387 1235
f 788 1325 1073
f 1219 1070 1217
f 1074 532 1070
f 533 1220 949
f 790 535 1069
f 387 1075 1235
f 1328 1222 530
f 789 792 1218
f 1074 1239 1223
f 1069 535 1330
f 1325 950 1089
f 550 1076 1072
f 545 1077 1225
f 1227 548 1226
f 1329 1068 1227
f 540 951 1331
f 792 540 1331
f 792 1331 1218
f 523 551 1229
f 1232 1079 1231
f 1330 535 942
f 548 1078 1226
f 1231 1080 1232
f 555 1081 1223
f 1088 942 1244
f 1088 1330 942
f 1083 1084 1234
f 560 1235 1084
f 951 1086 1228
f 1086 1332 1228
f 1087 802 1232
f 554 802 958
f 555 1223 957
f 1245 1093 1234
f 1084 1083 579
f 560 806 1235
f 955 1225 1106
f 569 1335 1242
f 1086 1095 1332
f 1092 958 1239
f 958 1338 1239
f 1243 1239 1338
f 1082 573 1097
f 953 1102 557
f 1244 1256 1089
f 959 1083 1246
f 579 1083 959
f 963 1237 1250
f 1241 963 1251
f 1251 1120 1241
f 569 1242 1238
f 958 802 1338
f 1338 1265 1243
f 1101 957 1243
f 1098 1244 1103
f 1104 1089 1256
f 1245 1089 1104
f 1246 1093 1245
f 1249 806 959
f 1334 1262 1099
f 1334 1247 1262
f 1099 1262 1242
f 801 1253 1100
f 1096 1267 1337
f 1544 964 1080
f 811 1097 1101
f 1102 1255 1103
f 1339 959 965
f 1339 1249 959
f 1248 1250 1249
f 1108 1250 1248
f 1106 1120 1257
f 1106 1247 1334
f 1262 1247 813
f 1253 801 1252
f 802 1107 1338
f 1107 815 1338
f 1102 960 1114
f 1104 1273 1245
f 965 959 1105
f 1345 1248 1249
f 1108 1109 1250
f 1258 576 1111
f 576 1258 1252
f 1252 1258 1263
f 1253 1252 1263
f 1100 1253 1259
f 1259 1253 818
f 1264 1100 1259
f 1107 1260 815
f 1338 815 1265
f 1112 599 1341
f 973 599 1112
f 1269 811 1341
f 1114 1343 1255
f 1103 1255 1343
f 1105 1340 965
f 1267 967 1277
f 1382 1267 1283
f 1260 1107 1268
f 1265 815 1260
f 599 973 1113
f 1271 1272 1118
f 1118 1272 960
f 1343 1114 1119
f 1105 1115 1340
f 1340 1275 965
f 965 1275 1261
f 1248 1345 1122
f 968 596 1123
f 1123 1266 968
f 1262 968 1266
f 1288 1258 1266
f 1259 1263 830
f 1289 1264 1259
f 1264 1289 972
f 1268 1117 1128
f 1260 1268 1278
f 973 1112 1279
f 1279 1341 599
f 1281 960 1272
f 1114 960 1281
f 1274 1127 1340
f 1127 1275 1340
f 1251 1110 1276
f 1257 979 1123
f 1288 1124 1258
f 1289 1259 830
f 832 1267 1277
f 1278 1268 1128
f 1279 1112 1121
f 1270 1341 1279
f 1271 1270 1280
f 1280 1272 1271
f 978 1281 1272
f 1119 1114 1281
f 1119 1281 980
f 1119 980 1125
f 1127 1126 1275
f 1109 1122 1345
f 1287 1109 1345
f 1110 1109 1287
f 1276 1110 1287
f 1251 1276 1120
f 1288 1123 979
f 1124 1288 829
f 972 1289 981
f 981 1282 972
f 972 1282 1277
f 1121 1260 1284
f 1129 1121 1284
f 1279 1121 1129
f 1279 1129 1270
f 1280 1270 1129
f 978 1130 1281
f 1281 1130 980
f 1131 827 1132
f 1274 1132 1286
f 1126 1274 1286
f 1275 1126 1286
f 833 1135 1283
f 1128 1344 1386
f 1342 980 825
f 1133 1286 1132
f 1134 1286 1133
f 1134 1345 1286
f 610 1277 1282
f 832 1277 610
f 1386 1501 614
f 850 1549 1643
f 1347 985 1422
f 985 1291 1422
f 616 1291 985
f 1290 986 1139
f 1138 987 989
f 622 1423 1424
f 1424 1548 622
f 989 1145 1353
f 1353 991 989
f 851 991 1142
f 854 860 1350
f 1425 1426 423
f 1387 1350 860
f 1392 1355 1154
f 1145 1155 1353
f 1354 1357 1296
f 1292 661 1293
f 1431 1432 1162
f 426 437 1394
f 1163 1297 1164
f 1297 1163 1165
f 679 1433 1298
f 874 876 1299
f 1358 879 1166
f 433 1487 446
f 1394 437 1553
f 437 1395 1553
f 1434 882 1359
f 882 690 1359
f 693 1169 1302
f 1168 1167 1300
f 1300 1361 1168
f 690 1028 1397
f 1397 889 1038
f 1171 1363 698
f 1039 1031 1396
f 1301 1168 1361
f 1397 1028 1303
f 892 889 1397
f 1302 1034 703
f 1397 1303 892
f 1171 1304 1363
f 1031 1034 1302
f 1173 1306 1178
f 1173 1032 1300
f 1306 1300 1032
f 1032 1307 1306
f 1363 1182 706
f 1178 1306 1307
f 1041 708 1365
f 1308 1180 1179
f 1180 1308 1183
f 718 1187 1188
f 1193 1464 1196
f 1049 1368 1310
f 1368 1049 1370
f 1370 1049 1194
f 1370 1194 1310
f 1056 1199 1311
f 1513 730 1465
f 1587 1599 242
f 1564 244 239
f 917 1441 745
f 1468 1609 371
f 1202 184 1600
f 1405 1060 747
f 1374 1443 756
f 756 1408 930
f 1208 1204 1203
f 1205 1317 1405
f 1206 1374 1207
f 930 1408 1209
f 1409 760 1060
f 1206 758 763
f 1375 1206 763
f 325 1655 1318
f 933 1376 1377
f 1377 934 933
f 935 1444 1213
f 1211 776 1470
f 777 1379 772
f 1320 1215 1322
f 1322 1215 1321
f 382 1412 1216
f 938 383 1413
f 787 516 1414
f 1413 383 1474
f 1475 329 1324
f 1071 953 1220
f 1325 1234 1073
f 940 1235 1236
f 1067 1225 948
f 1222 1328 1078
f 1218 1332 1229
f 939 523 1230
f 1070 554 1074
f 1089 1234 1325
f 1073 1084 947
f 1221 947 1084
f 948 1335 1328
f 1331 1332 1218
f 523 1229 1230
f 793 1230 1333
f 1219 1232 802
f 1219 802 554
f 1070 1219 554
f 1074 554 1239
f 1327 1082 1224
f 1233 1224 1082
f 1220 953 557
f 949 1220 557
f 949 1103 942
f 1330 1089 1069
f 1235 1221 1084
f 1072 1076 1237
f 1077 1072 1237
f 1335 1225 955
f 948 1225 1335
f 1078 1328 1226
f 1331 1329 1227
f 1332 1331 1228
f 1082 1327 1081
f 942 1103 1244
f 1084 1073 1234
f 1090 1076 1236
f 1241 1077 1237
f 1225 1077 1241
f 1106 1225 1241
f 1335 955 1334
f 1328 1335 1238
f 1226 1328 1238
f 1227 1226 1336
f 1085 1227 1336
f 1331 1227 1085
f 1331 1085 1228
f 1337 1229 1332
f 1230 1229 1337
f 1230 1337 1417
f 1223 1239 957
f 1234 1089 1245
f 1235 1249 1236
f 1242 1335 1334
f 1226 1238 576
f 1336 1226 576
f 1337 1332 1095
f 957 1239 1243
f 1082 1097 1240
f 563 960 953
f 557 1102 1103
f 1235 806 1249
f 1250 1076 1090
f 1076 1250 1237
f 1106 1241 1120
f 1085 1100 1094
f 1096 1337 1095
f 960 563 1254
f 1102 953 960
f 1245 1105 1246
f 959 1246 1105
f 1242 1262 1111
f 1242 1111 1238
f 1111 576 1238
f 957 1101 1097
f 1240 1097 1254
f 563 1240 1254
f 1090 1249 1250
f 1264 1094 1100
f 967 1094 1264
f 1267 1382 1337
f 964 1419 1385
f 1249 1339 1345
f 1245 1273 1115
f 1110 1250 1109
f 1339 1261 1345
f 1124 1263 1258
f 1263 1124 830
f 1267 832 1283
f 975 1342 1273
f 1342 1131 1273
f 1274 1115 1273
f 1340 1115 1274
f 1269 1341 1270
f 1125 980 1343
f 1343 1342 975
f 1273 1132 1274
f 1123 1288 1266
f 1283 832 833
f 1283 1135 1520
f 1498 836 1643
f 1521 1344 1128
f 1280 1285 1272
f 978 1272 1285
f 1343 980 1342
f 1132 1273 1131
f 1275 1286 1261
f 1286 1345 1261
f 1420 1520 1135
f 1136 1348 1140
f 854 1350 1349
f 991 1353 1354
f 1142 991 1352
f 991 1354 1352
f 1354 1353 1357
f 1357 1353 1155
f 1430 1292 1356
f 1426 1505 423
f 1292 1293 1455
f 1354 1296 1295
f 1352 1354 1295
f 1296 1357 1155
f 661 669 1293
f 877 1457 681
f 433 1505 1487
f 1457 682 681
f 1395 1360 1458
f 1435 1359 690
f 1396 1360 1436
f 690 1397 1435
f 1300 1167 1173
f 1396 1362 1039
f 1361 1309 1301
f 1027 1305 1167
f 1173 1167 1306
f 1361 1300 1366
f 1306 1167 1305
f 1300 1306 1364
f 1309 1361 1366
f 1363 1461 1182
f 1364 1306 1305
f 1366 1300 1364
f 1400 1399 1181
f 1181 899 1400
f 1041 1365 1367
f 1308 1179 1047
f 1041 1367 715
f 1367 1189 715
f 1309 1366 1199
f 1368 1364 1305
f 1191 1369 1190
f 1439 1192 1187
f 1199 1366 1364
f 1199 1364 1370
f 1191 908 1369
f 729 1651 1490
f 1192 1489 1193
f 1364 1368 1370
f 1193 1489 1464
f 1368 1305 1311
f 1368 1311 1310
f 1310 1311 1370
f 1196 1464 1055
f 1199 1370 1311
f 1055 1464 1441
f 1055 1441 917
f 1465 1314 1315
f 1534 370 1678
f 1442 1491 117
f 1515 1201 1202
f 1533 1315 1059
f 184 1373 1600
f 1404 1316 754
f 1205 1409 1317
f 1375 479 1443
f 933 770 1376
f 777 1446 1379
f 152 265 1613
f 1411 516 380
f 1414 516 1411
f 1216 1412 1323
f 1323 1495 1066
f 1414 1539 787
f 1065 786 1539
f 793 1416 391
f 1544 1080 1231
f 1337 1382 1417
f 1383 1382 1283
f 1384 1383 1450
f 1449 1128 1117
f 1420 1135 1547
f 1346 1425 408
f 1137 1522 840
f 1349 1291 849
f 622 1548 855
f 1548 1351 855
f 1549 425 1453
f 998 1148 1427
f 1387 1152 1388
f 1427 1390 998
f 1388 1152 1389
f 1453 425 1608
f 1391 1388 1389
f 425 426 1608
f 1429 1388 1391
f 1391 1430 1429
f 426 1504 1608
f 1356 1292 1455
f 1159 1393 866
f 866 1393 1162
f 1393 1431 1162
f 423 1505 433
f 426 1394 1432
f 1432 1394 877
f 1433 1024 1552
f 1458 682 1555
f 1397 1038 1460
f 1039 1362 1304
f 1304 1362 1437
f 1304 1437 1363
f 1398 1399 1400
f 899 1438 1400
f 1438 1463 1488
f 1559 1439 1187
f 1190 1369 1463
f 908 1195 1369
f 1195 1560 1401
f 1560 1195 1513
f 1469 1402 2323
f 1203 477 931
f 1317 1060 1405
f 1208 1203 931
f 1374 1206 1443
f 1375 1443 1206
f 1407 1210 1208
f 1060 1317 1409
f 191 1730 2175
f 770 1379 1376
f 1211 1470 1410
f 1444 935 1378
f 1377 1445 1380
f 778 1319 936
f 1324 1415 1475
f 1475 1497 1231
f 793 1333 1416
f 1383 1418 1382
f 1417 1382 1480
f 964 1448 1419
f 1448 964 1544
f 1418 1383 1384
f 1419 1449 1385
f 1117 1385 1449
f 1283 1480 1383
f 1386 1344 1421
f 1386 1421 1501
f 840 1481 1423
f 1291 1349 1422
f 1427 1428 1390
f 1390 1428 1392
f 1428 1355 1392
f 426 1432 1504
f 669 677 1293
f 1298 1433 677
f 877 1456 1457
f 1457 1619 682
f 1395 1458 1553
f 1360 1395 1436
f 1396 1436 1362
f 1363 1437 1510
f 1363 1510 1461
f 1182 1528 718
f 718 1620 1187
f 1187 1620 1559
f 1192 1439 1489
f 1464 1489 1440
f 1462 1312 1532
f 732 1490 1371
f 1491 1442 1515
f 1312 464 1532
f 1441 1373 745
f 1208 931 1407
f 1575 1706 130
f 1062 2175 1493
f 1376 1445 1377
f 98 2116 2079
f 1471 1444 1378
f 1378 1410 1471
f 784 1614 382
f 382 1614 1412
f 1413 1494 938
f 1473 1539 1414
f 1324 1496 1415
f 1324 1540 1496
f 1540 1324 1498
f 1499 1231 1497
f 1230 1417 1476
f 1333 1230 1476
f 1231 1499 1544
f 1480 1382 1479
f 1449 1419 1448
f 1521 1449 1448
f 1479 1450 1480
f 1450 1383 1480
f 1449 1521 1128
f 1520 1420 1546
f 1522 1137 1501
f 1350 1451 1349
f 1548 1502 1351
f 1452 1451 1350
f 1502 1148 1351
f 1387 1452 1350
f 1523 1452 1387
f 1148 1502 1427
f 1483 1388 1429
f 1503 1429 1430
f 1430 1356 1503
f 1393 1159 1525
f 1293 677 1484
f 1484 677 1433
f 1619 1555 682
f 1459 1395 1527
f 1435 1397 1460
f 1528 1620 718
f 1559 1511 1439
f 1511 1489 1439
f 1369 1512 1463
f 1195 1512 1369
f 1195 1401 1512
f 1440 1441 1464
f 1466 1441 1440
f 1530 370 320
f 1201 1515 1696
f 1442 1677 1515
f 1572 1373 1441
f 371 1535 1468
f 181 1631 248
f 371 1371 1535
f 754 1565 1059
f 1565 754 1403
f 754 1603 1404
f 1379 1445 1376
f 1445 1379 1446
f 1471 1410 1470
f 1655 1566 1318
f 1744 56 1381
f 1697 938 1494
f 1411 1473 1414
f 1516 1447 391
f 1416 1333 1476
f 1477 1499 1542
f 1477 1544 1499
f 1418 1478 1382
f 1478 1479 1382
f 1418 1450 1479
f 1418 1384 1450
f 1480 1283 1520
f 840 1522 1481
f 1451 1422 1349
f 1482 1422 1451
f 1423 1481 1424
f 1523 1387 1388
f 1483 1523 1388
f 1569 1355 1428
f 1429 1524 1483
f 1503 1524 1429
f 1569 1525 1159
f 1356 1455 1551
f 1455 1454 1551
f 1484 1454 1455
f 1484 1455 1293
f 1431 1526 1432
f 1526 1506 1432
f 1484 1433 1507
f 877 1394 1506
f 1506 1456 877
f 1458 1459 1553
f 1459 1458 1555
f 1434 1359 1485
f 1359 1486 1485
f 1459 1436 1395
f 1486 1359 1435
f 1435 1460 1486
f 1436 1437 1362
f 1400 1558 1398
f 1558 1400 1488
f 1400 1438 1488
f 1440 1514 1466
f 1313 2214 1530
f 1201 1696 1562
f 1466 1514 1441
f 1441 1514 1572
f 1467 242 1859
f 1313 1531 2214
f 1465 1315 1533
f 1536 1537 1404
f 1316 1404 1537
f 1614 784 1656
f 1658 1411 380
f 1412 1707 1323
f 1323 1707 1495
f 391 1416 1516
f 1517 1475 1415
f 1497 1475 1517
f 1518 1416 1476
f 1477 1542 1578
f 1418 1479 1543
f 1477 1578 1594
f 1477 1594 1544
f 1417 1480 1478
f 1479 1478 1500
f 1479 1500 1543
f 1519 1448 1544
f 1480 1520 1593
f 1665 1521 1448
f 1422 1482 1347
f 1481 1548 1424
f 1451 1452 1482
f 1550 1428 1427
f 1585 1523 1483
f 1569 1428 1550
f 1431 1596 1526
f 1650 1608 1504
f 1504 1432 1650
f 1650 1432 1506
f 1484 1507 1454
f 1526 1456 1506
f 1026 1554 1024
f 1026 1485 1554
f 1553 1459 1527
f 1486 1554 1485
f 1555 1436 1459
f 1486 1509 1556
f 1460 1509 1486
f 1395 451 1527
f 1182 1461 1528
f 1488 1463 1512
f 1511 1561 1489
f 1440 1489 1561
f 1696 1515 1677
f 1515 1653 1491
f 1729 135 1810
f 87 1743 98
f 1411 1658 1473
f 1538 1065 1539
f 1413 1474 1646
f 1474 1567 1646
f 1476 1417 1579
f 1543 1478 1418
f 1579 1417 1478
f 1544 1594 1583
f 1500 1478 1480
f 1595 1519 1581
f 1519 1595 1448
f 1501 1568 1522
f 1547 1347 1482
f 1427 1502 1550
f 1524 1503 1483
f 1431 1393 1596
f 1433 1552 1507
f 1552 1024 1629
f 1024 1554 1629
f 1554 1486 1556
f 1557 1436 1508
f 1436 1557 1437
f 1437 1557 1510
f 451 1462 1527
f 1510 1528 1461
f 1558 1488 1529
f 1529 1488 1512
f 1440 1561 1514
f 1491 1653 1704
f 1564 737 244
f 1372 1534 1759
f 1680 1403 751
f 1403 1537 1536
f 1565 1403 1536
f 1611 1316 1537
f 1063 1472 2043
f 2043 1657 380
f 1416 1577 1516
f 1541 1499 1497
f 1579 1478 1543
f 1581 1519 1544
f 1500 1480 1580
f 1593 1520 1628
f 1521 1665 1545
f 1420 1547 1642
f 1421 1568 1501
f 1481 1522 1548
f 1502 1548 1714
f 1502 1714 1550
f 1585 1483 1503
f 1525 1596 1393
f 1551 1454 1552
f 1552 1454 1507
f 1526 1597 1456
f 1506 1394 1650
f 1555 1508 1436
f 1508 1570 1557
f 1460 1598 1509
f 1510 1557 1570
f 1398 1558 1571
f 1529 1512 1401
f 1511 1559 1561
f 1529 1401 1560
f 1561 1559 1572
f 1561 1572 1514
f 1560 1513 1533
f 1513 1465 1533
f 239 1621 1564
f 1490 1679 1371
f 1532 464 1588
f 1888 1515 1202
f 464 1372 1759
f 1680 1601 1403
f 1730 1469 2323
f 87 56 1744
f 1614 1736 1412
f 1633 1539 1473
f 1495 1660 267
f 1416 1518 1577
f 1670 1624 1447
f 1476 1579 1589
f 1476 1589 1518
f 1447 1624 1116
f 1542 1499 1541
f 1543 1500 1580
f 1480 1593 1580
f 1595 1582 1448
f 1116 1639 400
f 1448 1582 1665
f 1344 1584 1421
f 1521 1584 1344
f 1548 1522 1568
f 1548 1568 1714
f 1452 1523 1585
f 1714 1525 1550
f 1551 1552 1356
f 1356 1552 1629
f 1597 1457 1456
f 1629 1554 1586
f 1586 1554 1556
f 1555 1619 1508
f 1570 1508 1619
f 1586 1556 1598
f 1598 1556 1509
f 1460 1399 1598
f 1570 1528 1510
f 1398 1571 1399
f 1559 1620 1572
f 1531 1740 2214
f 1531 1563 1740
f 181 1622 1631
f 1533 1059 1573
f 1565 1602 1059
f 1565 1536 1602
f 1574 1602 1536
f 1601 1537 1403
f 1537 1601 1574
f 1537 1574 1611
f 1574 1536 1404
f 1566 1656 784
f 1494 1413 1681
f 1413 1646 1681
f 1633 1538 1539
f 267 1660 1615
f 267 1615 1567
f 1623 1517 1415
f 1518 1589 1577
f 1517 1541 1497
f 1541 1517 1605
f 1544 1583 1581
f 1116 1624 1639
f 1595 1583 1582
f 1606 1593 1628
f 1520 1546 1628
f 1545 1584 1521
f 1547 1482 1642
f 1550 1525 1569
f 1399 1571 1598
f 1571 1558 1630
f 1558 1529 1630
f 370 1530 1702
f 1563 1652 1740
f 1652 1563 1562
f 464 1759 1588
f 181 1611 1622
f 1611 181 1316
f 1059 1602 1573
f 1574 1601 1602
f 1657 1658 380
f 1567 1615 1646
f 1415 1496 1668
f 1415 1668 1623
f 1540 2046 1496
f 1517 1623 1605
f 1540 1498 1791
f 1578 1542 1590
f 1542 1591 1590
f 1541 1591 1542
f 1579 1543 1592
f 1590 1594 1578
f 1543 1593 1592
f 1580 1593 1543
f 1595 1581 1583
f 1593 1606 1592
f 1639 1346 400
f 1584 1618 1421
f 1546 1420 1642
f 1421 1618 1568
f 1425 1713 1426
f 1503 1356 1585
f 1596 1597 1526
f 1457 1597 1619
f 242 2172 1859
f 242 1599 2172
f 1904 1599 1587
f 1587 737 1904
f 1402 1491 1704
f 1678 1759 1534
f 1574 1654 1611
f 94 2015 325
f 135 2042 1810
f 1473 1658 1632
f 1516 1577 1647
f 1447 1516 1670
f 1577 1589 1635
f 1635 1589 1579
f 1635 1647 1577
f 1594 1616 1583
f 1616 1627 1583
f 1583 1627 1582
f 1346 1639 1726
f 1482 1452 1585
f 1525 1597 1596
f 1528 1695 1620
f 1442 750 1963
f 1645 1622 1611
f 2324 1645 1611
f 1602 1689 1573
f 1601 1654 1610
f 1602 1601 1610
f 1689 1602 1610
f 1612 1689 1610
f 1574 1612 1610
f 1654 1574 1610
f 1404 1603 1612
f 1612 1574 1404
f 1575 1061 1731
f 1657 2043 2303
f 1065 1538 1576
f 1717 1697 1494
f 1623 1634 1605
f 1647 1635 1662
f 1541 1605 1591
f 1590 1663 1594
f 1617 1648 1592
f 1617 1606 1626
f 1648 1617 1626
f 1607 1626 1606
f 1582 1636 1640
f 1726 1425 1346
f 1553 1527 1644
f 1487 1666 1651
f 1598 1571 1630
f 1630 1529 1560
f 1612 1654 1601
f 1612 1601 1689
f 325 2015 1655
f 1494 1681 1717
f 1660 1495 1707
f 1615 1698 1646
f 1516 1661 1732
f 1540 1791 2046
f 1579 1592 1721
f 1592 1625 1617
f 1791 1498 1864
f 1594 1663 1683
f 1616 1594 1683
f 1625 1592 1606
f 1625 1684 1617
f 1637 1617 1684
f 1617 1637 1606
f 1637 1684 1626
f 1626 1684 1648
f 1582 1627 1636
f 1640 1665 1582
f 1606 1628 1638
f 1643 1864 1498
f 1482 1585 1642
f 1426 1713 1505
f 1453 1608 1650
f 1505 1666 1487
f 1620 1705 1572
f 1462 1532 1688
f 1532 1588 1688
f 370 1702 1678
f 1677 1442 1785
f 1645 1631 1622
f 1442 1963 1785
f 1631 1758 248
f 1371 1679 1535
f 1758 1943 248
f 1963 750 1786
f 1729 1786 1406
f 135 1729 1406
f 1473 1632 1633
f 1516 1647 1661
f 1634 1623 1719
f 1605 1634 1692
f 1579 1721 1662
f 1635 1579 1662
f 1605 1692 1591
f 1590 1709 1663
f 1592 1671 1721
f 1637 1625 1606
f 1626 1607 1637
f 1606 1638 1649
f 1606 1649 1607
f 1686 1864 1643
f 1618 1915 1568
f 1650 1394 1553
f 1373 2078 1600
f 1731 1706 1575
f 1061 1690 1742
f 1412 1736 1707
f 1667 1538 1633
f 1719 1623 1668
f 1590 1591 1709
f 1592 1648 1671
f 1649 1625 1637
f 1664 1649 1637
f 1664 1637 1673
f 1673 1637 1607
f 1664 1607 1649
f 1607 1664 1641
f 1607 1641 1673
f 1636 1674 1640
f 1546 1642 1701
f 1643 1549 1686
f 1570 1695 1528
f 1560 1533 1630
f 1769 1756 1609
f 1769 1609 1468
f 1904 737 1564
f 1611 1822 2324
f 1611 1654 1822
f 1612 1603 1741
f 1741 1654 1612
f 1928 149 1613
f 1658 1659 1632
f 1632 1659 1633
f 1667 1633 1659
f 1661 1647 1669
f 1516 1732 1670
f 1647 1662 1669
f 1634 1719 1692
f 1591 1738 1709
f 1683 1627 1616
f 1694 1625 1649
f 1649 1638 1694
f 1664 1694 1638
f 1641 1664 1638
f 1641 1638 1685
f 1676 1545 1665
f 1546 1701 1628
f 1757 1599 1904
f 1572 1705 1373
f 1601 1680 1689
f 1741 1822 1654
f 1604 1927 94
f 1692 1738 1591
f 1672 1627 1683
f 1625 1739 1671
f 1625 1671 1684
f 1625 1694 1739
f 1636 1627 1674
f 1664 1710 1694
f 1673 1710 1664
f 1640 1674 1675
f 1665 1640 1675
f 1638 1700 1685
f 1665 1675 1676
f 1638 1628 1712
f 1584 1867 1618
f 1867 1584 1545
f 1549 1453 1686
f 1650 1553 1644
f 1586 1598 1922
f 1598 1630 1922
f 1620 1695 1705
f 1756 1621 239
f 2153 1530 2214
f 1490 1651 1679
f 1703 1680 1859
f 1770 1631 1645
f 1631 1770 1758
f 1697 1744 1381
f 1538 1667 1718
f 1668 1496 1682
f 1669 1662 1691
f 1662 1721 1691
f 1721 1671 1733
f 1683 1663 1693
f 1673 1641 1685
f 1638 1712 1700
f 1545 1868 1867
f 1868 1545 1676
f 1453 1777 1686
f 1880 1619 1597
f 2172 1599 1757
f 1696 1677 1704
f 1784 1904 1564
f 1704 1677 1785
f 1515 1888 1653
f 1769 1468 1907
f 1533 1573 2173
f 1373 1705 2078
f 1927 1604 1943
f 1860 1603 1492
f 2014 1730 2323
f 1742 1731 1061
f 149 1928 774
f 1743 87 1744
f 1824 1658 1657
f 1698 1681 1646
f 1682 1496 2046
f 1691 1661 1669
f 1692 1749 1738
f 1671 1734 1733
f 1671 1648 1684
f 1663 1709 1693
f 1693 1672 1683
f 1671 1739 1734
f 1674 1627 1675
f 1675 1627 1672
f 1685 1710 1673
f 1453 1650 1777
f 1462 1688 1782
f 1630 1533 1806
f 2116 98 1743
f 1811 1576 1538
f 1772 1658 1824
f 1772 1659 1658
f 1691 1699 1661
f 1721 1699 1691
f 1710 1739 1694
f 1685 1700 1710
f 1672 1724 1675
f 1525 1880 1597
f 1919 1570 1619
f 1570 1921 1695
f 1564 1621 1784
f 1678 1702 2077
f 2173 1573 2189
f 1667 1788 1718
f 1788 1667 1659
f 1708 1734 1750
f 1750 1734 1751
f 1700 1712 1739
f 1710 1700 1739
f 1675 1724 1711
f 1675 1711 1676
f 1642 1585 1356
f 1505 1838 1666
f 1629 1586 2135
f 1666 1715 1651
f 1644 1527 1782
f 1527 1462 1782
f 1704 1716 1696
f 1704 1653 1716
f 1977 1678 2077
f 2012 1402 1704
f 1603 1860 1741
f 1659 1772 1788
f 1615 1737 1698
f 1615 1911 1737
f 1911 1615 1660
f 1719 1668 1720
f 1746 1719 1720
f 1699 1721 1747
f 1670 2219 1624
f 1693 1709 1722
f 1723 1672 1693
f 1734 1739 1751
f 1672 1711 1724
f 1725 1864 1686
f 1880 1919 1619
f 1728 1696 1716
f 1728 1727 1696
f 1728 1716 1653
f 1728 1704 1785
f 1728 2012 1704
f 2012 1962 1402
f 1657 1761 1824
f 1787 1660 1707
f 1720 1668 1746
f 1661 1699 1745
f 1692 1719 1746
f 1721 1733 1747
f 1734 1708 1776
f 1708 1750 1776
f 1790 1750 1751
f 1739 1712 1753
f 1753 1712 1735
f 1735 1712 1813
f 1628 1813 1712
f 1628 1701 1813
f 1726 1713 1425
f 1714 1880 1525
f 1629 2135 2063
f 1919 1921 1570
f 2135 1586 1886
f 1886 1586 1922
f 1696 1768 1562
f 1696 1727 1768
f 1727 1728 1785
f 1535 1907 1468
f 1493 2175 1760
f 1614 1656 2246
f 2799 1697 1717
f 2246 1787 1736
f 1736 1787 1707
f 1825 1660 1787
f 1746 1668 1762
f 1699 1747 1745
f 1774 1692 1746
f 1774 1749 1692
f 1734 1776 1775
f 1709 1738 1722
f 1693 1722 1723
f 1723 1711 1672
f 1676 1711 1754
f 1753 1735 1794
f 1650 1644 1899
f 1715 1818 1651
f 1782 1688 1846
f 1688 1588 1846
f 1924 1679 1651
f 1202 1600 1888
f 2015 94 1927
f 1493 1944 1472
f 1657 2303 1761
f 1614 2246 1736
f 1698 1771 1681
f 1773 1718 1788
f 1747 1789 1745
f 1734 1775 1733
f 1738 1748 1722
f 1749 1748 1738
f 1722 1877 1723
f 1754 1711 1752
f 1735 1813 1795
f 1829 1868 1676
f 1618 1893 1915
f 1777 1650 1766
f 1766 1650 1687
f 1651 1818 1924
f 1621 1756 1755
f 1767 1756 1769
f 1977 1759 1678
f 2014 2175 1730
f 2493 1656 1566
f 1909 1718 1773
f 1771 1698 2080
f 1698 1737 2080
f 1668 1682 1762
f 1746 1762 1774
f 1763 1749 1774
f 1776 1750 1790
f 1723 1877 1828
f 1723 1765 1711
f 1751 1739 1764
f 1711 1765 1752
f 1739 1753 1764
f 1676 1754 1793
f 1795 1794 1735
f 1676 1793 1829
f 1701 1935 1813
f 1867 1893 1618
f 1915 1714 1568
f 1713 1835 1505
f 1835 1799 1505
f 1505 1799 1838
f 1356 1629 2063
f 1838 1883 1666
f 1653 1821 1728
f 1653 1888 1821
f 2013 1588 1759
f 1600 2078 2245
f 1697 2799 1744
f 1718 1909 1538
f 1909 1811 1538
f 1771 1717 1681
f 1911 1660 1825
f 1790 1775 1776
f 1848 1790 1751
f 1723 1828 1765
f 1754 1752 1793
f 1701 1642 1830
f 1726 1831 1713
f 1817 1833 1816
f 1872 1817 1778
f 1778 1839 1872
f 1644 1782 1856
f 1781 1780 1779
f 1783 1804 1781
f 1783 1781 1808
f 1533 2173 1806
f 1530 2212 1702
f 1756 1767 1755
f 1621 1755 2155
f 1784 1621 2155
f 1768 1727 1809
f 1728 1821 1809
f 1809 1727 1785
f 1728 1809 2012
f 2042 2079 1810
f 1928 1690 774
f 1576 1823 1613
f 1823 1576 1811
f 1772 1824 1890
f 1772 1890 1788
f 1773 1788 1890
f 1862 1745 1789
f 1775 1812 1733
f 1747 1733 1812
f 1747 1812 1789
f 1775 1848 1812
f 1848 1775 1790
f 1751 1764 1848
f 1753 1792 1764
f 1752 1765 1793
f 1701 1830 1935
f 1894 1834 1713
f 1815 1796 1797
f 1796 1870 1797
f 1713 1834 1835
f 1798 1797 1870
f 1897 1798 1870
f 1816 1778 1817
f 1778 1816 1837
f 1799 1797 1798
f 1839 1778 1837
f 1800 1799 1798
f 1873 1872 1839
f 1800 1798 1801
f 1798 1897 1801
f 1779 1780 1856
f 1802 1842 1843
f 1802 1843 1857
f 1666 1842 1715
f 1858 1802 1857
f 1779 1856 1781
f 1803 1842 1802
f 1780 1781 1804
f 1844 1781 1856
f 1856 1782 1844
f 1805 1803 1802
f 1715 1803 1818
f 1819 1802 1858
f 1805 1802 1819
f 1808 1781 1844
f 1845 1805 1819
f 1844 1782 1807
f 1820 1818 1805
f 1845 1820 1805
f 1782 1846 1807
f 2212 2077 1702
f 1767 1769 1907
f 1758 1926 1943
f 1977 2013 1759
f 1962 2323 1402
f 1741 1860 1822
f 1706 2261 1492
f 2261 1860 1492
f 1655 2422 1566
f 2117 1717 1771
f 1661 1745 1732
f 1774 1762 1826
f 1774 1826 1763
f 1794 1792 1753
f 1831 1894 1713
f 1878 1777 1814
f 1642 1356 1896
f 1797 1799 1836
f 1837 1766 1687
f 1666 1874 1842
f 1886 1922 1902
f 1842 1803 1715
f 1803 1805 1818
f 1630 1806 1922
f 1808 1807 1783
f 1600 2245 1888
f 2118 1787 2246
f 2080 1737 2081
f 1911 2081 1737
f 1862 1789 1849
f 1891 1789 1812
f 1891 1812 1848
f 1789 1891 1849
f 1749 1763 1748
f 1748 1763 1931
f 1748 1877 1722
f 1848 1764 1863
f 1827 1828 1851
f 1765 1828 1827
f 1852 1765 1827
f 1852 1793 1765
f 1816 1833 1855
f 1833 1952 1855
f 1796 1918 1870
f 1855 1777 1832
f 1833 1817 1871
f 1815 1797 1834
f 1834 1797 1836
f 1816 1832 1837
f 1777 1766 1832
f 1835 1836 1799
f 1897 2029 1801
f 1837 1687 1839
f 1838 1799 1800
f 1839 1841 1873
f 1840 1687 1882
f 1687 1650 1882
f 1666 1883 1884
f 1780 1973 1885
f 1885 1856 1780
f 1780 1804 1959
f 1818 1820 1924
f 1844 1807 1808
f 1820 1845 1887
f 1530 2153 2212
f 1906 1809 1785
f 1705 1942 2078
f 1944 1493 1760
f 1613 1823 1928
f 2117 2799 1717
f 1787 1978 1825
f 1748 1931 1877
f 1827 1851 1866
f 1794 1795 1865
f 1827 1866 1852
f 1865 1795 1853
f 1793 1852 1829
f 1813 1914 1795
f 1935 1914 1813
f 1869 1642 1896
f 1915 1854 1714
f 1796 1879 1918
f 1796 1815 1879
f 1814 1777 1855
f 1937 2028 1870
f 1834 1836 1835
f 1870 2028 1897
f 1841 1839 1687
f 1650 1899 1882
f 1884 1874 1666
f 1644 1856 1885
f 1819 1887 1845
f 1783 1807 1903
f 1652 2358 1740
f 2358 1652 1562
f 1689 1680 1889
f 1889 2337 1689
f 1743 2399 2116
f 2494 2246 1656
f 1762 1876 1826
f 1826 1876 1861
f 1826 1861 1763
f 1849 1891 1862
f 1850 1863 1965
f 1795 1914 1853
f 1830 1642 1869
f 1686 1777 1878
f 1879 1834 1894
f 1815 1834 1879
f 1952 1833 1871
f 1855 1832 1816
f 1766 1837 1832
f 1969 1356 2063
f 1801 2029 2030
f 1881 1838 1800
f 1800 1801 1881
f 1838 1881 1883
f 1899 1644 1885
f 1842 1874 1843
f 1820 1887 1924
f 1924 1960 1679
f 1562 1768 2139
f 1859 2172 2041
f 2139 2358 1562
f 2041 1703 1859
f 1929 1824 1761
f 1787 2118 1978
f 1762 1682 1876
f 1745 1979 1732
f 1792 1794 1913
f 2053 1639 1624
f 1896 1356 1969
f 1714 1970 1880
f 1872 1873 1898
f 1898 1873 1841
f 1801 2030 1881
f 1857 1843 1874
f 2212 2213 2077
f 1846 1588 1961
f 1703 1889 1680
f 1689 2337 1573
f 1742 1908 1731
f 2079 2116 2362
f 1472 1944 2043
f 2190 1823 1811
f 2140 2190 1811
f 2017 1824 1929
f 1773 1910 1909
f 1824 2017 1890
f 1773 1890 2045
f 1745 1862 1979
f 1891 1848 1930
f 1848 1863 1930
f 1931 1932 1877
f 1863 1764 1965
f 1877 1932 1828
f 1764 1792 1892
f 1792 1913 1892
f 1851 1828 1852
f 1828 1933 1852
f 1866 1851 1852
f 1829 1852 1933
f 1867 1868 2165
f 1867 2165 1893
f 1831 1983 1894
f 1878 1916 1982
f 1983 1879 1894
f 1878 1814 1916
f 1983 1984 1879
f 1984 1918 1879
f 1869 1896 1895
f 1918 1937 1870
f 1854 1970 1714
f 1841 2186 1898
f 1841 1687 1840
f 1899 1938 1955
f 1885 1938 1899
f 1884 1900 1874
f 2034 1957 1900
f 1957 1874 1900
f 1919 1920 1921
f 2135 1886 1956
f 1973 1938 1885
f 1956 1886 1901
f 1780 1959 1973
f 1959 1804 1923
f 1819 2072 1887
f 1783 1923 1804
f 1903 1923 1783
f 1941 1807 1846
f 1924 1887 1940
f 1740 2398 2214
f 1740 2358 2398
f 1905 1768 1809
f 1809 1821 1905
f 1961 1588 2013
f 2041 2322 1703
f 1888 2232 1821
f 1785 1963 1906
f 1573 2337 2189
f 2422 2493 1566
f 1929 1761 1847
f 1891 1930 2047
f 1861 1876 1964
f 1763 1912 1945
f 1863 1850 1948
f 1948 1850 1965
f 1764 1967 1965
f 1764 1892 1967
f 1828 1949 1933
f 1865 1853 1892
f 2054 1725 1686
f 1829 1951 1868
f 1868 1951 2165
f 1915 1936 1854
f 1895 1896 1917
f 1880 1992 1972
f 1956 1901 1939
f 1858 1957 1819
f 1957 2072 1819
f 1903 1807 1941
f 1924 1940 1960
f 1941 1846 1961
f 1767 1875 2076
f 1755 1767 2076
f 1875 1767 1907
f 1925 1768 1905
f 1925 1809 2244
f 2244 1809 1906
f 1925 2012 1809
f 1925 1905 2012
f 1963 1786 2872
f 1822 1860 2338
f 1909 1910 1811
f 1773 2045 1910
f 1825 1978 1911
f 1912 1861 1964
f 1763 1861 1912
f 1913 1865 1892
f 1794 1865 1913
f 1934 1829 1933
f 1686 1878 2054
f 1869 2055 1830
f 2054 1878 2022
f 1982 2023 1878
f 1916 1954 1855
f 1954 1916 1814
f 1917 1896 1969
f 1817 1872 1871
f 1871 1872 1898
f 1880 1972 1919
f 1919 1998 1920
f 1921 1920 1958
f 1886 1902 1901
f 1957 1857 1874
f 1857 1957 1858
f 1921 1974 1695
f 1705 1695 1942
f 1784 1976 1904
f 2114 1768 1925
f 2114 1905 1821
f 1976 2301 1904
f 2114 1925 2244
f 2114 2012 1905
f 1890 2017 2045
f 2047 1862 1891
f 1980 1930 1947
f 1763 1945 1931
f 1931 1945 1946
f 1863 1947 1930
f 1948 1947 1863
f 1828 1932 1949
f 1933 1966 1950
f 1949 1966 1933
f 1892 1853 1967
f 1950 1934 1933
f 1829 1934 1951
f 2311 2223 1915
f 1968 2055 1869
f 1915 2223 1936
f 1916 1855 2349
f 1952 2349 1855
f 1953 1855 1954
f 2025 1918 1984
f 1855 1953 1814
f 2025 1937 1918
f 1970 1992 1880
f 1969 2063 1971
f 1841 1840 2186
f 2063 2147 1971
f 1997 2135 1956
f 1999 1901 1902
f 1999 1902 1922
f 1921 1958 1974
f 2003 1922 1806
f 1906 1963 2778
f 2016 1744 2799
f 1876 2119 1964
f 2047 1930 1980
f 1862 2047 1979
f 1947 1948 1965
f 1965 1967 1947
f 1791 1864 2713
f 1950 1966 2122
f 2053 1726 1639
f 1893 2165 2166
f 2023 2022 1878
f 1869 1895 1968
f 1916 2349 1982
f 1953 2349 1952
f 1954 2089 1953
f 2089 1954 1952
f 1954 1814 1952
f 1953 1952 1814
f 1936 1970 1854
f 1969 1971 1989
f 2186 1840 1882
f 1971 2147 1994
f 1919 2064 1998
f 1938 1973 2065
f 1920 1998 2148
f 1939 2207 2105
f 1901 2207 1939
f 2148 1958 1920
f 1901 1999 2207
f 1957 2205 2149
f 1999 1922 2003
f 1923 1903 2038
f 1974 1942 1695
f 1887 1960 1940
f 1806 2173 2011
f 1903 1961 1975
f 1903 1941 1961
f 1768 2154 2139
f 1976 1784 2155
f 1768 2114 2154
f 1821 2129 2114
f 2129 1821 2232
f 1960 2360 1679
f 1822 2338 2324
f 1943 2749 1927
f 2115 1786 1729
f 1743 2016 2399
f 1911 1978 2081
f 1876 1682 2119
f 1946 1932 1931
f 2219 2053 1624
f 1967 1853 2020
f 1914 2142 1853
f 2166 2311 1893
f 1893 2311 1915
f 2024 1936 2223
f 1985 1968 1917
f 1968 1895 1917
f 1953 2089 2349
f 2372 2025 1984
f 1985 1986 2026
f 1985 1917 1986
f 1986 2027 2026
f 2089 1952 1871
f 1917 1969 1986
f 1987 2027 1986
f 1986 1989 1987
f 1986 1969 1989
f 1936 2024 1970
f 2024 1990 1970
f 2094 1990 2024
f 2094 1988 1990
f 2028 2029 1897
f 1990 1992 1970
f 1988 1993 1990
f 1989 1971 1987
f 1987 1991 2027
f 1971 1991 1987
f 1993 1992 1990
f 1993 2032 1992
f 1991 1971 1994
f 2186 1882 2146
f 2103 1881 2030
f 2032 1995 1992
f 1992 1995 1972
f 1996 1994 2147
f 1883 1881 2103
f 1939 1997 1956
f 2105 1997 1939
f 2207 1999 2035
f 1999 2001 2035
f 2148 2005 1958
f 1999 2002 2001
f 1999 2003 2002
f 2004 2148 2000
f 2004 2005 2148
f 2002 2009 2001
f 1958 2005 1974
f 2005 2007 1974
f 2004 2007 2005
f 2002 2006 2009
f 2003 2006 2002
f 2004 2397 2007
f 1974 2007 1942
f 2003 1806 2006
f 2008 2007 2397
f 1887 2074 1960
f 1942 2007 2040
f 2008 2040 2007
f 1806 2011 2006
f 2010 1960 2074
f 1960 2010 2360
f 2303 1847 1761
f 1964 2018 1912
f 2119 2018 1964
f 2047 2048 1979
f 1912 2018 1945
f 1947 2049 1980
f 2049 1947 2050
f 2050 2082 2049
f 1932 2019 1949
f 2050 1967 1981
f 2051 1967 2020
f 2051 1981 1967
f 2086 2020 1981
f 2086 1981 2051
f 1981 2020 2021
f 2020 1853 2021
f 1934 2132 1951
f 1914 1935 2142
f 2310 1935 1830
f 1726 2253 1831
f 2310 1830 2055
f 2268 2055 1968
f 2268 1968 2057
f 1968 1985 2057
f 2056 2024 2223
f 2025 2028 1937
f 1898 2186 2224
f 1993 2031 2032
f 2102 2031 2062
f 2031 2145 2032
f 2030 2124 2103
f 1995 2032 2062
f 2102 2062 2032
f 1919 1972 2331
f 1973 2108 2065
f 2035 2001 2136
f 1973 1959 2108
f 2036 2069 2000
f 2136 2001 2037
f 2000 2069 2004
f 2001 2009 2037
f 2149 2072 1957
f 1959 1923 2108
f 2069 2127 2004
f 2127 2397 2004
f 2037 2009 2039
f 2072 2074 1887
f 2112 2038 1903
f 1903 1975 2112
f 2171 2040 2211
f 2008 2211 2040
f 2231 2006 2011
f 1645 2324 2174
f 2174 1770 1645
f 2633 1962 2012
f 1731 2261 1706
f 2464 1729 1810
f 2043 1944 2492
f 2663 1928 1823
f 1929 1847 2044
f 2140 1811 1910
f 2044 2017 1929
f 2045 2140 1910
f 2045 2017 2044
f 1682 2248 2119
f 2160 2018 2119
f 2047 1980 2048
f 1979 2048 2049
f 1979 2049 2159
f 2162 1946 1945
f 1947 2131 2083
f 2050 1947 2084
f 1947 2083 2084
f 1947 1967 2131
f 2051 2020 2085
f 2085 2021 2051
f 2021 2085 1981
f 2086 2052 2020
f 2021 2052 2086
f 1950 2122 1934
f 2021 1853 2052
f 1853 2142 2052
f 2088 2024 2056
f 2024 2088 2094
f 2028 2025 2093
f 2094 2293 1988
f 2089 1871 2224
f 2096 2029 2028
f 2097 2029 2096
f 1871 1898 2224
f 2030 2029 2097
f 2027 1991 2199
f 2101 2030 2097
f 2031 1993 2125
f 2125 2062 2031
f 1994 1996 2202
f 1996 2134 2202
f 2032 2104 2102
f 2145 2104 2032
f 2034 2205 1957
f 2108 2106 2065
f 2072 2149 2068
f 2068 2239 2107
f 2067 2068 2107
f 2066 2106 2109
f 2068 2067 2071
f 2109 2111 2070
f 1923 2038 2108
f 2073 2071 2110
f 2068 2071 2073
f 2111 2108 2038
f 2111 2151 2070
f 2072 2068 2074
f 2151 2008 2397
f 2110 2039 2073
f 2073 2039 2075
f 2039 2009 2075
f 2009 2006 2287
f 2006 2231 2230
f 2301 1757 1904
f 1977 2077 2156
f 2156 2013 1977
f 2016 1743 1744
f 2216 2140 2045
f 2046 1791 2248
f 2248 1682 2046
f 1732 2191 1670
f 2018 2161 1945
f 2048 2120 2049
f 2159 2049 2082
f 2049 2120 1980
f 2083 2048 1980
f 2083 1980 2120
f 2121 1949 2019
f 2082 2050 2085
f 2050 2084 1967
f 1967 2084 2131
f 2050 1981 2085
f 2131 2085 2020
f 1966 1949 2122
f 2051 2021 2086
f 1725 2292 1864
f 2292 1725 2371
f 1934 2122 2087
f 2087 2132 1934
f 1831 2443 1983
f 2026 2058 1985
f 2025 2372 2093
f 2092 2090 2095
f 2093 2091 2096
f 2093 2096 2028
f 2091 2059 2096
f 2090 2089 2224
f 2095 2090 2098
f 2090 2224 2098
f 2026 2027 2296
f 2096 2059 2123
f 2099 2095 2098
f 2096 2123 2060
f 2098 2224 2061
f 2099 2098 2061
f 2144 2060 2123
f 2096 2060 2097
f 2144 2100 2060
f 2060 2100 2097
f 2097 2100 2101
f 2124 2030 2101
f 1994 2275 1991
f 2275 1994 2202
f 2125 2102 2126
f 2125 2126 2062
f 2031 2102 2145
f 2102 2104 2126
f 2134 2169 2033
f 2134 1996 2169
f 1995 2062 2126
f 1972 1995 2203
f 2169 1996 2147
f 1955 2433 2591
f 2591 1899 1955
f 2239 2068 2149
f 2136 2037 2282
f 2137 2106 2066
f 2106 2108 2109
f 2069 2226 2127
f 2109 2108 2111
f 2039 2209 2037
f 2209 2039 2243
f 2073 2138 2068
f 2068 2138 2074
f 2039 2110 2243
f 2151 2111 2008
f 2009 2287 2075
f 2040 2171 2113
f 2321 2231 2011
f 2154 2114 2129
f 2040 2113 1942
f 2597 2012 2114
f 2544 1770 2174
f 1770 2544 1758
f 2012 2597 2633
f 1888 2245 2232
f 1927 2749 2015
f 2044 2325 2045
f 2216 2045 2325
f 2304 2119 2248
f 2048 2130 2120
f 1945 2265 2162
f 2265 1945 2161
f 2048 2083 2130
f 2082 2083 2120
f 2130 2083 2131
f 2082 2084 2083
f 2082 2085 2084
f 2085 2131 2084
f 2122 1949 2087
f 1949 2121 2087
f 1935 2164 2142
f 2164 1935 2310
f 1982 2254 2023
f 1982 2349 2254
f 1984 2504 2372
f 2094 2088 2143
f 2088 2269 2143
f 2034 2575 2205
f 2105 2207 2238
f 2035 2413 2207
f 2106 2137 2150
f 2069 2435 2226
f 2071 2067 2170
f 2071 2170 2110
f 2127 2226 2397
f 2038 2112 2111
f 2008 2111 2128
f 2128 2211 2008
f 2006 2230 2287
f 1755 2076 2819
f 2215 1975 1961
f 2321 2011 2173
f 1942 2302 2078
f 2491 1690 1928
f 1656 2493 2494
f 1732 1979 2191
f 1979 2158 2191
f 2018 2160 2161
f 2082 2120 2159
f 2120 2130 2159
f 1946 2162 1932
f 1725 2054 2371
f 1983 2504 1984
f 2056 2269 2088
f 2091 2093 2255
f 2092 2095 2184
f 2091 2198 2059
f 2059 2198 2123
f 2186 2274 2224
f 2125 2167 2102
f 2134 2033 2168
f 1919 2331 2064
f 2105 2353 1997
f 2276 1998 2064
f 2000 2332 2036
f 2137 2066 2150
f 2107 2208 2067
f 2170 2228 2110
f 2070 2151 2227
f 2138 2110 2228
f 2138 2073 2075
f 2114 2244 2597
f 1962 2633 2323
f 3172 1731 1908
f 2663 2491 1928
f 2044 1847 2325
f 1978 2263 2081
f 2304 2160 2119
f 2158 1979 2159
f 2130 2131 2218
f 2218 2131 2178
f 1932 2162 2019
f 2178 2131 2194
f 2131 2020 2195
f 2132 2087 2121
f 2020 2052 2195
f 2163 2052 2142
f 2054 2022 2389
f 1985 2058 2407
f 2093 2372 2313
f 2255 2198 2091
f 2123 2198 2272
f 2123 2272 2144
f 2201 2101 2100
f 2101 2450 2124
f 2125 2200 2377
f 2125 1993 2200
f 2275 2202 2411
f 2125 2377 2167
f 2102 2167 2145
f 2033 2204 2168
f 2103 2453 1883
f 1938 2065 2206
f 2298 2035 2136
f 2107 2239 2240
f 2036 2319 2069
f 2298 2136 2282
f 2281 2170 2067
f 2242 2151 2128
f 2243 2110 2152
f 2138 2152 2110
f 2138 2075 2152
f 2439 2215 1961
f 1906 2361 2244
f 1906 2778 2361
f 2188 1907 1535
f 2078 2234 2245
f 2362 2833 2079
f 2117 1771 2157
f 2118 2386 1978
f 2080 2081 2247
f 2248 1791 2387
f 2191 2219 1670
f 2130 2249 2159
f 2218 2178 2179
f 2141 2218 2179
f 2179 2177 2141
f 2713 1864 2292
f 2121 2220 2181
f 2194 2131 2195
f 2132 2121 2181
f 2195 2052 2163
f 2163 2142 2164
f 2057 1985 2407
f 2092 2197 2090
f 2092 2183 2197
f 2027 2199 2329
f 2199 1991 2275
f 2186 2146 2481
f 2124 2352 2103
f 2104 2203 2126
f 2033 2169 2204
f 2126 2203 1995
f 1972 2330 2331
f 2063 2573 2147
f 2353 2105 2238
f 2332 2319 2036
f 2413 2035 2298
f 2106 2277 2316
f 2240 2208 2107
f 2150 2066 2187
f 2066 2320 2187
f 2109 2320 2066
f 2208 2281 2067
f 2109 2227 2320
f 2070 2227 2109
f 2111 2112 2284
f 2128 2111 2284
f 2074 2138 2210
f 2210 2299 2074
f 2074 2299 2010
f 1975 2215 2112
f 2360 2233 1679
f 2324 2559 2174
f 1961 2013 2336
f 2013 2156 2336
f 1679 2233 1535
f 3120 2015 2749
f 2265 2161 2176
f 2141 2308 2218
f 2308 2141 2177
f 2019 2265 2121
f 2219 2180 2053
f 2180 1726 2053
f 2057 2444 2268
f 2089 2090 2327
f 2094 2143 2293
f 2092 2184 2183
f 2095 2256 2184
f 2099 2256 2095
f 2099 2133 2256
f 2272 2185 2144
f 2185 2201 2144
f 2144 2201 2100
f 2061 2224 2314
f 1998 2276 2148
f 2106 2316 2065
f 2205 2434 2149
f 2227 2151 2242
f 2284 2242 2128
f 2138 2228 2210
f 2300 2211 2128
f 2231 2381 2230
f 2172 2614 2041
f 2172 1757 2614
f 1907 2188 1875
f 2439 1961 2336
f 2322 1889 1703
f 2077 2760 2156
f 2188 1535 2233
f 2260 2749 1943
f 2115 2872 1786
f 2015 2339 1655
f 2235 2325 1847
f 2080 2157 1771
f 2249 2158 2159
f 2019 2162 2265
f 2130 2218 2307
f 2178 2236 2179
f 2177 2179 2192
f 2194 2252 2193
f 2132 2181 2251
f 2223 2426 2056
f 2056 2426 2269
f 2444 2057 2407
f 2089 2327 2349
f 2372 2196 2313
f 2313 2255 2093
f 2026 2296 2058
f 2293 2391 1988
f 1988 2391 2200
f 2099 2061 2133
f 2133 2061 2225
f 2061 2314 2225
f 2186 2481 2274
f 2352 2453 2103
f 2169 2147 2393
f 2203 2330 1972
f 2606 1899 2591
f 1955 1938 2433
f 2000 2148 2332
f 2106 2150 2277
f 2209 2282 2037
f 2151 2300 2128
f 2300 2151 2397
f 2075 2287 2152
f 1755 2819 2155
f 1943 1926 2260
f 2302 2234 2078
f 2662 2175 2014
f 3237 1810 2079
f 2384 1847 2303
f 2216 2423 2140
f 2363 2423 2216
f 2217 2160 2304
f 2161 2160 2217
f 2217 2176 2161
f 2387 1791 2713
f 2249 2130 2307
f 2308 2177 2192
f 2194 2236 2178
f 2251 2181 2220
f 2194 2221 2252
f 2195 2221 2194
f 2251 2267 2132
f 2195 2163 2348
f 2165 1951 2222
f 1951 2132 2267
f 2163 2405 2348
f 2163 2310 2405
f 2164 2310 2163
f 2165 2222 2166
f 2182 2055 2268
f 2090 2197 2327
f 2183 2184 2271
f 2184 2256 2271
f 2296 2027 2329
f 1988 2200 1993
f 2101 2201 2237
f 2101 2237 2450
f 1883 2572 1884
f 1997 2353 2574
f 2207 2413 2238
f 2239 2318 2240
f 2319 2435 2069
f 2320 2278 2187
f 2041 2614 2677
f 2010 2359 2360
f 2677 2322 2041
f 2462 1757 2301
f 2544 1926 1758
f 2173 2189 2635
f 2362 2116 2399
f 2423 2190 2140
f 2216 2325 2363
f 2249 2307 2305
f 2401 2219 2191
f 2220 2121 2250
f 2194 2193 2236
f 2220 2250 2251
f 2195 2348 2221
f 1951 2267 2222
f 2180 2253 1726
f 1983 2443 2504
f 2272 2198 2255
f 2185 2237 2201
f 2237 2185 2272
f 2351 2256 2133
f 2225 2351 2133
f 2351 2225 2314
f 2202 2134 2378
f 2145 2167 2257
f 2104 2392 2203
f 2104 2257 2392
f 2145 2257 2104
f 2169 2393 2204
f 2146 1882 2481
f 1882 1899 2605
f 2605 1899 2606
f 2574 2135 1997
f 2241 2240 2318
f 2280 2240 2241
f 2208 2240 2280
f 2278 2277 2150
f 2187 2278 2150
f 2280 2281 2208
f 2320 2227 2259
f 2228 2170 2281
f 2243 2282 2209
f 2258 2228 2281
f 2242 2259 2227
f 2171 2211 2229
f 2287 2230 2420
f 2229 2113 2171
f 2155 2819 2615
f 2615 1976 2155
f 1942 2113 2302
f 2190 2663 1823
f 2117 2560 2799
f 2664 2384 2303
f 2217 2304 2306
f 2176 2217 2306
f 2307 2218 2366
f 2366 2218 2308
f 2265 2290 2250
f 2250 2121 2265
f 2253 2312 1831
f 2223 2390 2426
f 2254 2349 2505
f 2063 2135 2573
f 2148 2514 2332
f 2259 2242 2284
f 2286 2243 2152
f 2775 2014 2323
f 2262 1860 2261
f 2385 2386 2118
f 2081 2263 2247
f 2249 2264 2158
f 2249 2305 2264
f 2176 2343 2265
f 2236 2291 2179
f 2344 2179 2291
f 2179 2344 2192
f 2219 2401 2180
f 2251 2250 2266
f 2054 2389 2565
f 2311 2390 2223
f 2270 2313 2196
f 2183 2295 2197
f 2255 2313 2294
f 2183 2271 2295
f 2058 2296 2328
f 2375 2255 2294
f 2375 2272 2255
f 2297 2272 2375
f 2297 2273 2272
f 2272 2273 2237
f 2224 2477 2314
f 2224 2274 2477
f 2450 2352 2124
f 2168 2204 2451
f 2134 2168 2378
f 2168 2451 2378
f 2277 2278 2355
f 2320 2259 2283
f 2258 2281 2334
f 2259 2284 2283
f 2285 2283 2284
f 2286 2152 2287
f 2139 2154 2288
f 1757 2462 2614
f 2288 2358 2139
f 1963 2872 2778
f 2189 2337 2635
f 2385 2118 2246
f 2117 2157 2560
f 2384 2235 1847
f 2080 2247 2157
f 2304 2248 2495
f 2304 2364 2306
f 2176 2306 2402
f 2265 2343 2290
f 2236 2193 2291
f 2266 2370 2251
f 2407 2058 2328
f 2199 2275 2476
f 2275 2411 2476
f 2202 2378 2480
f 2433 1938 2552
f 2206 2065 2333
f 2238 2413 2354
f 2241 2318 2317
f 2355 2278 2279
f 2317 2280 2241
f 2279 2278 2320
f 2228 2258 2286
f 1729 2464 2860
f 3172 2261 1731
f 2079 2833 3237
f 1978 2386 2263
f 2191 2158 2400
f 2308 2192 2344
f 2250 2290 2309
f 2250 2309 2365
f 2291 2193 2345
f 2266 2250 2365
f 2367 2370 2266
f 2221 2348 2346
f 2311 2642 2390
f 1831 2312 2443
f 2269 2406 2143
f 2143 2408 2293
f 2428 2197 2295
f 2445 2328 2296
f 2377 2412 2167
f 2392 2330 2203
f 1900 1884 2315
f 1900 2315 2034
f 2298 2282 2515
f 2320 2415 2279
f 2458 2334 2281
f 2334 2418 2258
f 2284 2356 2285
f 2286 2258 2396
f 2286 2357 2243
f 2228 2286 2210
f 2287 2335 2286
f 2010 2299 2359
f 2173 2289 2321
f 2232 2421 2129
f 2860 2115 1729
f 2775 2662 2014
f 2598 1760 2175
f 2491 1742 1690
f 2495 2465 2304
f 2465 2364 2304
f 2307 2326 2305
f 2305 2326 2342
f 2264 2305 2342
f 2306 2364 2402
f 2176 2402 2343
f 2290 2343 2309
f 2308 2388 2366
f 2291 2345 2368
f 2369 2193 2252
f 2251 2347 2267
f 2313 2270 2427
f 2294 2409 2375
f 2295 2271 2446
f 2472 2350 2375
f 2447 2256 2376
f 2429 2329 2199
f 2376 2256 2351
f 2199 2476 2429
f 2202 2480 2411
f 2065 2316 2333
f 2317 2318 2414
f 2317 2436 2280
f 2281 2280 2436
f 2437 2281 2436
f 2283 2416 2320
f 2258 2418 2396
f 2112 2490 2284
f 2112 2215 2490
f 2526 2302 2113
f 2616 2234 2302
f 2338 2262 2463
f 1860 2262 2338
f 2325 2235 2363
f 2263 2340 2247
f 2264 2342 2341
f 2308 2344 2388
f 2266 2365 2367
f 2345 2193 2369
f 2252 2221 2369
f 2221 2346 2369
f 2251 2370 2347
f 2310 2055 2425
f 2166 2642 2311
f 2023 2254 2503
f 2426 2406 2269
f 2197 2428 2373
f 2294 2374 2409
f 2375 2350 2297
f 2391 2432 2200
f 2237 2273 2431
f 2450 2237 2431
f 1882 2605 2481
f 2147 2452 2393
f 2064 2551 2276
f 1938 2206 2552
f 2353 2238 2354
f 2515 2413 2298
f 2149 2434 2455
f 2149 2318 2239
f 2355 2279 2415
f 2320 2416 2415
f 2437 2458 2281
f 2284 2490 2523
f 2356 2284 2523
f 2286 2396 2357
f 2380 2300 2356
f 2214 2398 2820
f 2545 2232 2245
f 2383 2385 2246
f 2264 2341 2158
f 2158 2341 2400
f 2191 2400 2401
f 2307 2366 2326
f 2402 2499 2343
f 2365 2309 2343
f 2365 2343 2499
f 2291 2366 2344
f 2222 2670 2166
f 2197 2373 2327
f 2313 2427 2294
f 2293 2408 2391
f 2271 2256 2447
f 2296 2329 2410
f 2297 2350 2273
f 2376 2351 2449
f 2449 2351 2314
f 2200 2432 2377
f 2513 2412 2377
f 2167 2412 2257
f 2551 2064 2331
f 2277 2355 2456
f 2458 2418 2334
f 2283 2285 2457
f 2417 2379 2226
f 2282 2243 2357
f 2285 2356 2395
f 2300 2379 2356
f 2379 2300 2397
f 2335 2489 2286
f 2211 2524 2229
f 2212 2153 2419
f 2229 2438 2113
f 2820 2153 2214
f 2113 2438 2526
f 2231 2321 2381
f 2077 2213 2760
f 2244 2361 2821
f 2244 2821 2597
f 2360 2382 2233
f 2323 2633 2775
f 2324 2338 2559
f 1655 2339 2422
f 2492 2303 2043
f 2384 2440 2235
f 2363 2440 2423
f 2440 2363 2235
f 2341 2342 2326
f 2366 2388 2344
f 2499 2563 2365
f 2366 2291 2368
f 2563 2403 2365
f 2403 2367 2365
f 2346 2348 2404
f 2310 2588 2405
f 2310 2425 2588
f 2503 2022 2023
f 2271 2447 2446
f 2409 2472 2375
f 2314 2477 2448
f 2392 2257 2412
f 2204 2393 2451
f 2330 2571 2331
f 2277 2456 2316
f 2394 2355 2415
f 2457 2416 2283
f 2226 2379 2397
f 2379 2395 2356
f 2286 2489 2210
f 2212 2419 2213
f 2211 2460 2524
f 2544 2174 2559
f 2558 2337 1889
f 2337 2618 2635
f 2175 2662 2598
f 3120 2339 2015
f 2440 2384 2527
f 2346 2368 2345
f 2404 2368 2346
f 2367 2403 2347
f 2345 2369 2346
f 2347 2370 2367
f 2405 2404 2348
f 2166 2670 2642
f 2349 2327 2505
f 2294 2427 2374
f 2295 2446 2428
f 2391 2408 2474
f 2350 2430 2273
f 2449 2314 2448
f 2430 2431 2273
f 2392 2479 2330
f 2570 2452 2147
f 1883 2453 2572
f 2573 2135 2574
f 2575 2434 2205
f 2454 2319 2332
f 2455 2318 2149
f 2414 2318 2455
f 2454 2435 2319
f 2417 2226 2435
f 2457 2285 2395
f 2230 2381 2420
f 2398 2678 2820
f 2398 2358 2678
f 2213 2788 2760
f 2215 2439 2542
f 2360 2359 2382
f 1875 2188 2772
f 2188 2233 2557
f 2232 2545 2421
f 2338 2463 2559
f 2246 2494 2383
f 2465 2466 2364
f 2341 2326 2528
f 2364 2466 2402
f 2424 2441 2563
f 2499 2424 2563
f 2368 2404 2529
f 2468 2347 2442
f 2403 2442 2347
f 2405 2588 2404
f 2055 2182 2425
f 2642 2530 2390
f 2407 2328 2506
f 2506 2328 2445
f 2445 2296 2410
f 2474 2432 2391
f 2377 2432 2513
f 2378 2451 2393
f 2393 2480 2378
f 2034 2315 2575
f 2276 2551 2553
f 2332 2514 2454
f 2355 2394 2456
f 2414 2436 2317
f 2484 2282 2357
f 2356 2523 2380
f 2300 2380 2460
f 2460 2211 2300
f 2229 2524 2438
f 2420 2335 2287
f 1875 2795 2076
f 2322 2677 2804
f 2173 2635 2289
f 2245 2234 2545
f 2190 2423 2581
f 2423 2440 2599
f 2366 2368 2326
f 2326 2368 2500
f 2500 2368 2529
f 2401 2467 2180
f 2565 2371 2054
f 2588 2469 2404
f 2268 2444 2182
f 2530 2426 2390
f 2143 2406 2509
f 2408 2143 2509
f 2270 2471 2427
f 2470 2374 2427
f 2427 2471 2470
f 2374 2470 2409
f 2535 2373 2473
f 2475 2472 2470
f 2429 2410 2329
f 2472 2430 2350
f 2453 2352 2539
f 2539 2352 2450
f 2274 2481 2478
f 2412 2479 2392
f 2553 2514 2276
f 2276 2514 2148
f 2316 2456 2333
f 2484 2515 2282
f 2416 2485 2415
f 2483 2437 2436
f 2417 2459 2379
f 2523 2395 2380
f 2395 2460 2380
f 2395 2379 2460
f 2396 2335 2357
f 2489 2335 2396
f 2419 2788 2213
f 2381 2461 2420
f 2461 2381 2321
f 1875 2772 2795
f 2321 2289 2461
f 2761 2544 2559
f 2248 2497 2495
f 2497 2248 2387
f 2465 2498 2466
f 2528 2326 2500
f 2424 2601 2441
f 2508 2444 2407
f 2327 2603 2505
f 2506 2508 2407
f 2270 2196 2531
f 2531 2471 2270
f 2327 2373 2603
f 2471 2475 2470
f 2373 2535 2603
f 2428 2446 2373
f 2373 2446 2473
f 2470 2472 2409
f 2446 2447 2473
f 2473 2511 2535
f 2447 2376 2473
f 2475 2431 2472
f 2429 2476 2410
f 2473 2448 2511
f 2376 2448 2473
f 2376 2449 2448
f 2472 2431 2430
f 2538 2431 2475
f 2450 2431 2538
f 2448 2477 2511
f 2477 2274 2478
f 2513 2479 2412
f 2480 2393 2452
f 2147 2573 2570
f 1884 2540 2315
f 2455 2434 2482
f 2415 2456 2394
f 2482 2593 2455
f 2455 2483 2414
f 2414 2483 2436
f 2486 2333 2456
f 2454 2417 2435
f 2456 2485 2486
f 2415 2485 2456
f 2455 2488 2483
f 2593 2488 2455
f 2437 2483 2458
f 2416 2457 2485
f 2485 2523 2486
f 2488 2487 2483
f 2458 2483 2487
f 2458 2487 2418
f 2486 2523 2578
f 2457 2395 2523
f 2485 2457 2523
f 2488 2489 2487
f 2210 2489 2488
f 2418 2487 2396
f 2489 2396 2487
f 2459 2460 2379
f 2076 2795 2819
f 2438 2524 2526
f 2302 2526 2616
f 1889 2322 2558
f 2772 2188 2557
f 2647 2384 2664
f 2647 2527 2384
f 2383 2561 2385
f 2385 2561 2386
f 2440 2527 2600
f 2341 2496 2400
f 2387 2808 2497
f 2496 2341 2562
f 2562 2341 2528
f 2808 2387 2713
f 2563 2625 2403
f 2403 2625 2442
f 2442 2547 2468
f 2640 2292 2371
f 2502 2347 2468
f 2529 2404 2564
f 2371 2565 2640
f 2404 2469 2564
f 2389 2022 2503
f 2506 2445 2508
f 2509 2406 2532
f 2508 2445 2510
f 2536 2508 2510
f 2509 2532 2512
f 2408 2509 2512
f 2471 2533 2475
f 2533 2549 2475
f 2445 2410 2510
f 2408 2512 2474
f 2512 2532 2507
f 2410 2476 2510
f 2549 2538 2475
f 2510 2537 2536
f 2474 2512 2432
f 2513 2512 2507
f 2537 2510 2411
f 2510 2476 2411
f 2513 2432 2512
f 2537 2411 2480
f 2513 2569 2479
f 2537 2480 2452
f 1884 2572 2540
f 2454 2514 2541
f 2515 2516 2413
f 2354 2413 2516
f 2517 2354 2516
f 2554 2541 2608
f 2454 2541 2520
f 2519 2333 2486
f 2516 2515 2484
f 2517 2516 2521
f 2521 2518 2517
f 2519 2486 2578
f 2454 2520 2417
f 2516 2484 2522
f 2521 2516 2522
f 2593 2691 2488
f 2520 2541 2524
f 2417 2520 2459
f 2522 2484 2357
f 2556 2518 2521
f 2522 2556 2521
f 2520 2524 2459
f 2210 2488 2691
f 2459 2524 2460
f 2335 2522 2357
f 2525 2522 2335
f 2525 2556 2522
f 2210 2580 2299
f 2525 2335 2420
f 2580 2359 2299
f 2153 2982 2419
f 2525 2420 2461
f 2982 2153 2820
f 2616 2526 2524
f 2358 2728 2678
f 2728 2358 2288
f 2129 2679 2154
f 2439 2543 2542
f 2382 2359 2580
f 2233 2382 2557
f 2440 2600 2599
f 2621 2386 2561
f 2340 2157 2247
f 2499 2583 2424
f 2582 2585 2501
f 2442 2546 2547
f 2468 2547 2502
f 2444 2548 2182
f 2426 2530 2406
f 2504 2196 2372
f 2508 2548 2444
f 2531 2533 2471
f 2536 2567 2508
f 2534 2507 2532
f 2568 2567 2536
f 2537 2568 2536
f 2569 2507 2534
f 2511 2477 2604
f 2513 2507 2569
f 2538 2539 2450
f 2477 2478 2604
f 2452 2570 2537
f 2539 2572 2453
f 2479 2571 2330
f 2552 2206 2333
f 2553 2541 2514
f 2354 2517 2518
f 2541 2554 2524
f 2578 2523 2644
f 2554 2595 2524
f 2644 2490 2542
f 2490 2215 2542
f 2524 2595 2616
f 2525 2461 2289
f 2154 2679 2660
f 2322 2774 2558
f 2774 2322 2804
f 2597 2821 3051
f 2337 2558 2618
f 2600 2527 2647
f 2560 2157 2620
f 2620 2157 2340
f 2386 2621 2263
f 2495 2497 2622
f 2495 2622 2465
f 2466 2624 2402
f 2624 2499 2402
f 2499 2624 2583
f 2582 2500 2585
f 2582 2501 2638
f 2500 2529 2585
f 2638 2501 2584
f 2563 2441 2583
f 2625 2546 2442
f 2586 2529 2564
f 2292 2640 2651
f 2222 2267 2670
f 2566 2504 2443
f 2254 2505 2503
f 2196 2504 2566
f 2530 2532 2406
f 2566 2531 2196
f 2589 2505 2603
f 2548 2508 2567
f 2568 2537 2570
f 2569 2571 2479
f 2539 2550 2572
f 2552 2333 2629
f 2553 2608 2541
f 2575 2627 2434
f 2434 2627 2482
f 2482 2607 2593
f 2608 2630 2554
f 2576 2518 2577
f 2519 2578 2555
f 2518 2556 2577
f 2630 2595 2554
f 2644 2523 2490
f 2154 2660 2288
f 2543 2439 2336
f 2156 2760 2613
f 2492 1944 2798
f 2581 2423 2599
f 2622 2498 2465
f 2624 2466 2498
f 2528 2500 2562
f 2583 2601 2424
f 2713 2292 2651
f 2441 2601 2583
f 2501 2585 2584
f 2585 2529 2586
f 2267 2587 2670
f 2587 2267 2347
f 2566 2443 2312
f 2503 2505 2589
f 2589 2389 2503
f 2535 2511 2703
f 2511 2604 2703
f 2478 2590 2604
f 2331 2553 2551
f 2331 2924 2553
f 2552 2591 2433
f 2575 2315 2627
f 2629 2591 2552
f 2354 2576 2353
f 2576 2354 2518
f 2482 2627 2607
f 2577 2556 2579
f 2210 2691 2659
f 2556 2525 2579
f 2580 2210 2659
f 2525 2289 2579
f 2542 2543 2613
f 2596 2382 2580
f 2613 2543 2336
f 2382 2596 2557
f 2613 2336 2156
f 2579 2289 2635
f 2383 2619 2561
f 2561 2619 2621
f 2563 2583 2625
f 2564 2602 2586
f 2502 2587 2347
f 2530 2642 2532
f 2535 2703 2673
f 2534 2571 2569
f 2549 2718 2538
f 2538 2718 2539
f 2478 2481 2590
f 2591 2629 2628
f 2353 2576 2574
f 2553 2924 2608
f 2333 2519 2629
f 2576 2577 2592
f 2691 2676 2659
f 2609 2579 2646
f 2617 2772 2557
f 2579 2635 2646
f 2798 3284 2492
f 2622 2637 2498
f 2562 2500 2623
f 2624 2498 2637
f 2623 2500 2582
f 2650 2585 2586
f 2547 2546 2502
f 2564 2469 2602
f 2182 2548 2567
f 2642 2534 2532
f 2539 2656 2550
f 2571 2924 2331
f 2606 2591 2628
f 2315 2540 2627
f 2592 2573 2574
f 2574 2576 2592
f 2592 2577 2594
f 2593 2723 2691
f 2594 2577 2609
f 2577 2579 2609
f 2631 2595 2630
f 2659 2610 2611
f 2616 2595 2631
f 2612 2644 2542
f 2596 2659 2611
f 2580 2659 2596
f 2612 2542 2613
f 2613 2634 2612
f 2462 2773 2614
f 2679 2129 2421
f 2661 2596 2611
f 2596 2617 2557
f 2617 2596 2661
f 3259 2749 2260
f 2840 2491 2663
f 2729 2621 2619
f 2496 2562 2648
f 2624 2625 2583
f 2693 2467 2401
f 2502 2546 2625
f 2682 2586 2639
f 2586 2602 2639
f 2502 2641 2587
f 2469 2698 2602
f 2469 2683 2698
f 2588 2683 2469
f 2588 2425 2683
f 2857 2312 2253
f 2425 2182 2755
f 2642 2756 2534
f 2531 2566 2672
f 2531 2672 2533
f 2533 2643 2549
f 2603 2535 2673
f 2539 2718 2626
f 2550 2656 2674
f 2539 2626 2656
f 2590 2481 2605
f 2550 2674 2572
f 2605 2606 2721
f 2632 2594 2609
f 2609 2646 2632
f 2612 2634 2832
f 2773 2462 2301
f 2760 2634 2613
f 2558 3108 2618
f 2492 3284 2303
f 2849 2190 2750
f 2750 2190 2581
f 2263 2621 2790
f 2622 2680 2637
f 2623 2648 2562
f 2623 2582 2636
f 2624 2637 2625
f 2636 2582 2666
f 2637 2667 2625
f 2582 2638 2666
f 2584 2666 2638
f 2585 2650 2696
f 2625 2653 2502
f 2650 2586 2682
f 2669 2682 2639
f 2502 2653 2641
f 2639 2602 2669
f 2857 2253 2180
f 2670 2803 2642
f 2590 2655 2657
f 2540 2740 2627
f 2706 2593 2607
f 2578 2644 2689
f 2610 2659 2744
f 2544 2748 1926
f 2832 2634 2839
f 2661 2645 2617
f 2559 2965 2761
f 2748 2260 1926
f 2616 2796 2234
f 3172 3027 2261
f 3096 3172 1908
f 1742 2491 1908
f 2779 2665 2647
f 2665 2600 2647
f 2401 2400 2693
f 2648 2623 2636
f 2731 2648 2636
f 2694 2766 2680
f 2637 2680 2766
f 2637 2766 2667
f 2584 2681 2666
f 2649 2625 2667
f 2585 2696 2584
f 2652 2653 2649
f 2653 2625 2649
f 2467 2856 2180
f 2652 2668 2653
f 2602 2698 2669
f 2668 2641 2653
f 2312 2700 2566
f 2589 2603 2699
f 2566 2700 2672
f 2671 2603 2673
f 2643 2717 2549
f 2701 2655 2654
f 2655 2705 2654
f 2757 2568 2570
f 2657 2604 2590
f 2655 2590 2720
f 2590 2605 2720
f 2572 2674 2540
f 2721 2628 2722
f 2628 2629 2722
f 2627 2740 2686
f 2627 2686 2607
f 2594 2632 2658
f 2612 2692 2727
f 2727 2644 2612
f 2610 2661 2611
f 2631 2796 2616
f 2839 2634 2760
f 2861 2799 2560
f 2599 2600 2710
f 2711 2620 2340
f 2400 2496 2822
f 2745 2497 2808
f 2400 2822 2693
f 2650 2697 2696
f 3000 2640 2565
f 2699 2603 2671
f 2589 2699 2684
f 2684 2699 2654
f 2699 2701 2654
f 2717 2718 2549
f 2606 2628 2721
f 2685 2519 2555
f 2608 2924 2630
f 2676 2744 2659
f 2805 1976 2615
f 1976 2805 2301
f 2633 2597 3051
f 3027 2262 2261
f 1908 2491 2966
f 2779 2647 2664
f 2383 2780 2619
f 2619 2780 2729
f 2599 2710 2581
f 2600 2665 2710
f 2621 2729 2762
f 2263 2782 2340
f 2622 2497 2730
f 2497 2745 2730
f 2622 2730 2680
f 2712 2694 2680
f 2666 2681 2732
f 2697 2584 2714
f 2584 2696 2714
f 2584 2697 2681
f 2652 2649 2747
f 2681 2697 2682
f 2682 2697 2650
f 2652 2747 2668
f 2182 2567 2755
f 2533 2672 2715
f 2533 2715 2643
f 2700 2702 2672
f 2567 2568 2757
f 2656 2702 2831
f 2705 2655 2720
f 2629 2685 2722
f 2629 2519 2685
f 2771 2686 2740
f 2687 2686 2771
f 2686 2687 2707
f 2707 2687 2690
f 2687 2688 2690
f 2709 2758 2675
f 2578 2689 2725
f 2610 2690 2794
f 2617 2645 2772
f 2775 2633 2859
f 2646 2635 2848
f 2545 2234 3052
f 2635 2618 2848
f 3301 2663 2190
f 3301 2190 2849
f 2790 2621 2762
f 2263 2790 2782
f 2730 2712 2680
f 2712 2753 2694
f 2636 2666 2695
f 2714 2696 2765
f 2681 2682 2714
f 2769 2856 2467
f 2734 2641 2668
f 2670 2587 2770
f 2856 2857 2180
f 2670 2770 2803
f 2683 2425 2755
f 2715 2672 2716
f 2672 2702 2716
f 2702 2656 2716
f 2716 2656 2704
f 2703 2604 2719
f 2720 2605 2721
f 2607 2686 2706
f 2706 2723 2593
f 2708 2742 2675
f 2555 2578 2725
f 2723 2726 2691
f 2709 2727 2692
f 2644 2727 2689
f 2610 3467 2661
f 3467 2989 2661
f 2661 2989 2645
f 3084 2399 2016
f 2560 2620 2711
f 2581 2710 2750
f 2746 2712 2730
f 2694 2753 2810
f 2696 2754 2765
f 2765 2681 2714
f 2667 2813 2649
f 2697 2754 2696
f 2697 2714 2754
f 2649 2768 2747
f 2714 2682 2733
f 2312 2857 2700
f 2699 2671 2735
f 2701 2699 2735
f 2673 2703 2719
f 2684 2654 2705
f 2701 2737 2655
f 2756 2571 2534
f 2656 2831 2674
f 2655 2737 2657
f 2656 2626 2704
f 2722 2708 2724
f 2592 2594 2658
f 2708 2675 2743
f 2771 2794 2687
f 2742 2709 2675
f 2687 2794 2688
f 2743 2675 2758
f 2709 2692 2758
f 2690 2610 2744
f 2691 2726 2676
f 2419 2982 2788
f 2612 2832 2692
f 2679 2824 2660
f 2558 2774 3108
f 3108 2797 2618
f 1908 2966 3096
f 2952 2798 1944
f 2807 2383 2494
f 2711 2340 2782
f 2745 2746 2730
f 2746 2752 2712
f 2752 2753 2712
f 2695 2666 2732
f 2732 2681 2765
f 2813 2768 2649
f 2776 2641 2734
f 2776 2587 2641
f 2735 2737 2701
f 2700 2831 2702
f 2715 2716 2738
f 2643 2715 2736
f 2736 2715 2738
f 2643 2736 2717
f 2671 2673 2735
f 2673 2719 2735
f 2717 2736 2718
f 2716 2704 2738
f 2737 2735 2719
f 2736 2738 2739
f 2736 2739 2718
f 2718 2739 2626
f 2738 2704 2739
f 2626 2739 2704
f 2737 2719 2657
f 2657 2719 2604
f 2571 2756 2924
f 2540 2923 2740
f 2706 2686 2707
f 2722 2724 2721
f 2742 2685 2555
f 2685 2742 2722
f 2706 2707 2741
f 2706 2741 2723
f 2722 2742 2708
f 2708 2743 2724
f 2742 2555 2725
f 2741 2707 2690
f 2723 2741 2726
f 2742 2725 2709
f 2688 2794 2690
f 2744 2741 2690
f 2630 2796 2631
f 2725 2689 2727
f 2709 2725 2727
f 2726 2741 2676
f 2741 2744 2676
f 3169 2982 2820
f 2748 2544 2761
f 2618 2797 2848
f 3284 2664 2303
f 2383 2807 2780
f 2560 2711 2861
f 2779 2781 2665
f 2830 2389 2684
f 2389 2589 2684
f 2674 2923 2540
f 2794 3467 2610
f 2288 2660 2871
f 2692 2832 2758
f 2871 2728 2288
f 2234 2796 3052
f 2665 2781 2710
f 2746 2745 2751
f 2746 2751 2752
f 2747 2768 2734
f 2747 2734 2668
f 2682 2669 2733
f 2587 2777 2770
f 2777 2587 2776
f 2565 2830 3000
f 2803 2756 2642
f 2565 2389 2830
f 2831 2923 2674
f 2573 2592 2658
f 2630 2924 2796
f 2421 2899 2679
f 2772 2645 2759
f 2925 2362 2399
f 2710 2784 2750
f 2781 2779 2834
f 2784 2710 2781
f 2648 2731 2763
f 2695 2732 2765
f 2695 2754 2764
f 2765 2754 2695
f 2764 2754 2767
f 2734 2768 2776
f 2700 2857 2831
f 2757 2570 2870
f 2016 2799 3084
f 2927 2779 2664
f 2752 2751 2800
f 2667 2766 2813
f 2783 2776 2768
f 3132 2724 2743
f 2632 2646 2848
f 2965 2559 2463
f 1760 2598 1944
f 2494 2493 2926
f 2664 3284 2927
f 2926 2807 2494
f 2827 2745 2808
f 2636 2695 2793
f 2636 2793 2763
f 2731 2636 2763
f 2766 2694 2785
f 2813 2766 2785
f 2813 2783 2768
f 2714 2801 2754
f 2776 2783 2787
f 2669 2786 2733
f 2740 2923 2771
f 2721 2724 3132
f 2818 2760 2788
f 3118 2115 2860
f 2662 2775 2789
f 2663 3301 2840
f 2496 2791 2822
f 2745 2827 2751
f 2785 2694 2810
f 2812 2764 2767
f 2713 2651 2845
f 2845 2651 3035
f 2754 2801 2767
f 2714 2733 2801
f 2651 3000 2846
f 2640 3000 2651
f 2776 2787 2802
f 2669 2698 2786
f 2683 2817 2698
f 2633 3051 2859
f 2421 2545 2899
f 2789 2598 2662
f 2496 2648 2791
f 2648 2763 2791
f 2827 2792 2751
f 2752 2800 2753
f 2793 2695 2828
f 2695 2764 2828
f 2785 2843 2813
f 3035 2651 2846
f 2776 2802 2777
f 3132 2743 2758
f 2788 2982 2818
f 2819 2795 3170
f 2795 2772 2759
f 2545 3052 2899
f 2693 2822 2853
f 2693 2853 2467
f 2751 2792 2800
f 2808 2713 2845
f 2828 2764 2811
f 2812 2811 2764
f 2767 2801 2815
f 2567 2757 2847
f 2464 3097 2860
f 2985 2422 2339
f 3028 2399 3084
f 2826 2779 2927
f 2835 2750 2784
f 2779 2826 2834
f 2862 2711 2782
f 2784 2781 2835
f 2835 2781 2834
f 2809 2792 2827
f 2793 2828 2823
f 2791 2793 2823
f 2800 2792 2809
f 2791 2763 2793
f 2810 2843 2785
f 2813 2814 2783
f 2783 2814 2787
f 2801 2733 2815
f 2814 2816 2787
f 2733 2786 2815
f 2816 2802 2787
f 2786 2817 2815
f 2786 2698 2817
f 2857 2896 2831
f 2570 2573 2870
f 2679 2899 2983
f 2632 2848 2658
f 2339 3120 3095
f 2750 3029 2849
f 2780 2825 2729
f 2822 2791 2842
f 2791 2823 2842
f 2467 2853 2769
f 2814 2843 2854
f 2814 2813 2843
f 3027 2463 2262
f 3237 2464 1810
f 2598 2806 1944
f 2840 2984 2491
f 3029 2750 2835
f 2729 2825 2762
f 2782 2790 2900
f 2822 2842 2967
f 2827 2836 2809
f 2836 2800 2809
f 2842 2823 2828
f 2867 2842 2828
f 2767 2815 2811
f 2854 2816 2814
f 2802 2816 2829
f 2887 2815 2817
f 2683 2755 2944
f 3069 3046 2803
f 2803 3046 2756
f 2573 2658 3026
f 2679 2983 2824
f 2760 2838 2839
f 2861 2711 2862
f 2862 2782 2900
f 2877 2827 2808
f 2877 2808 2845
f 2753 2800 2851
f 2810 2753 2852
f 2767 2811 2844
f 2844 2812 2767
f 2855 2887 2837
f 2837 2887 2817
f 2891 2855 2837
f 2943 2802 2829
f 2943 2777 2802
f 2896 2897 2831
f 2870 2573 3026
f 2614 2858 2677
f 2614 2773 2858
f 2660 2824 2871
f 2760 2818 2838
f 3259 2260 2748
f 3072 2493 2422
f 2493 3072 2926
f 2807 2825 2780
f 3029 2835 2841
f 2826 2841 2834
f 2863 2762 2825
f 2835 2834 2841
f 2827 2877 2903
f 2853 2822 2967
f 2800 2836 2851
f 2836 2865 2851
f 2810 2852 2843
f 2753 2851 2852
f 2812 2844 2811
f 2815 2887 2811
f 2888 2855 2891
f 2817 2890 2837
f 2770 2777 2894
f 2770 2894 2803
f 2720 2721 3130
f 2804 2677 2898
f 2898 2774 2804
f 3094 2759 2645
f 3259 3459 2749
f 2789 2775 3477
f 2762 2863 2790
f 2842 2909 2967
f 2827 2903 2836
f 2851 2850 2957
f 2957 2938 2851
f 2938 2852 2851
f 2940 2829 2854
f 2829 2816 2854
f 2940 2942 2829
f 2837 2890 2891
f 2829 2942 2943
f 2683 2944 2817
f 2894 3069 2803
f 2755 2567 2847
f 2684 2705 3023
f 2847 2757 2870
f 2831 2897 2923
f 2871 2824 2983
f 3203 2301 2805
f 2821 2361 3117
f 2821 3117 3051
f 3029 2841 2873
f 2866 2864 2901
f 2901 2874 2866
f 2865 2836 2903
f 2850 2955 2957
f 2866 2912 2864
f 2864 2912 2883
f 2877 2845 2866
f 2868 2912 2866
f 2845 2868 2866
f 2969 2885 2912
f 2868 2969 2912
f 2958 2969 2868
f 2940 2852 2938
f 2884 2769 2853
f 2868 2869 2958
f 2845 2869 2868
f 2843 2852 2854
f 2854 2852 2940
f 2811 2887 2882
f 2845 3015 2869
f 3035 3015 2845
f 2855 2888 2887
f 2769 2884 2856
f 2891 2890 2888
f 2777 2943 2894
f 3000 2830 3155
f 2705 2720 3130
f 2990 2795 2759
f 2645 2989 3094
f 2789 2806 2598
f 2901 2928 2874
f 2928 2902 2874
f 2902 2877 2874
f 2967 2875 2853
f 2879 2853 2875
f 2876 2879 2875
f 2878 2879 2876
f 2877 2866 2874
f 2851 2881 2850
f 2865 2903 2906
f 2865 2906 2956
f 2956 2881 2865
f 2865 2881 2851
f 2909 2842 2867
f 2936 2880 2878
f 2878 2880 2879
f 2909 2867 2828
f 2889 2853 2879
f 2889 2884 2853
f 2879 2886 2889
f 2886 2879 2880
f 2828 2811 2882
f 2886 2913 2889
f 2887 2888 2939
f 2889 2892 2884
f 2892 2856 2884
f 2972 2917 2856
f 2893 2972 2856
f 2892 2893 2856
f 2856 2917 2857
f 2944 2755 2916
f 2916 2755 2847
f 2847 2870 2895
f 3023 2705 3130
f 2895 2870 2948
f 2948 2870 2919
f 2920 2921 2897
f 2897 2921 2923
f 2923 2921 3012
f 2870 3026 3071
f 2677 2858 2898
f 2774 3283 3108
f 3218 2839 2838
f 2463 3144 2965
f 2463 3027 3144
f 3097 2464 3237
f 2825 2976 2863
f 3054 2862 2900
f 2976 2991 2863
f 2953 2876 2875
f 2876 2953 2929
f 2902 2928 2931
f 2930 2902 2931
f 2954 2902 2930
f 2902 2954 2877
f 2967 2977 2875
f 2931 2928 2904
f 2875 2977 2910
f 2907 2875 2910
f 2875 2907 2934
f 2876 2929 2878
f 2931 2904 2932
f 2908 2930 3014
f 2954 2930 2908
f 2908 2905 2954
f 2907 2910 2935
f 2878 2992 2936
f 2910 2977 2971
f 2909 2828 2882
f 2910 2971 2914
f 2911 3111 2880
f 2936 2911 2880
f 2935 2910 3045
f 2880 3111 2886
f 3111 3125 2886
f 2882 2887 2939
f 2913 2915 2889
f 2888 2890 2939
f 2987 2971 2997
f 2914 2971 2987
f 2889 2915 2892
f 2941 2962 2942
f 2915 2893 2892
f 2817 2944 2890
f 2916 2847 2895
f 2857 2917 2896
f 2917 2918 2896
f 2896 2918 2897
f 2918 2920 2897
f 2919 2870 2922
f 2870 3071 2922
f 2771 3467 2794
f 2982 3169 2818
f 2924 3405 2796
f 2898 3283 2774
f 2989 3258 3094
f 2339 3095 3244
f 2985 3072 2422
f 3053 2840 3301
f 3204 2826 2927
f 3055 2873 2841
f 2903 2877 3075
f 2877 2954 3075
f 2934 2953 2875
f 2903 3075 2906
f 2954 2905 3098
f 2956 2906 2986
f 2933 2909 2970
f 2909 2882 2939
f 2970 2909 2939
f 2977 2960 2971
f 3045 2910 2968
f 2968 2910 3199
f 2869 2959 2958
f 2940 2938 2937
f 2910 2914 3199
f 2886 3034 2913
f 2942 2961 2941
f 2961 2942 2940
f 2942 2962 2963
f 2944 2916 2945
f 2916 2895 2945
f 2945 2895 2946
f 2948 2946 2895
f 2947 2946 2948
f 2975 2947 2948
f 2948 2919 2975
f 2921 2949 3012
f 2923 3161 2771
f 2819 3170 3369
f 2795 2990 3170
f 2615 2819 3194
f 2820 3337 3169
f 2820 2678 3337
f 2361 2778 2951
f 3030 2825 2807
f 2863 2991 2790
f 3075 2986 2906
f 2881 2956 2978
f 2938 3044 2993
f 2938 2993 2937
f 3125 3034 2886
f 2940 2937 2993
f 2996 2970 2939
f 2963 2962 2961
f 2917 2972 2988
f 2893 3059 2972
f 2939 2890 2999
f 2894 2943 2980
f 2963 2943 2942
f 2944 2999 2890
f 2944 2973 2999
f 2944 2945 2973
f 3026 3143 3071
f 2818 3169 3050
f 2818 3050 2950
f 2924 3411 3405
f 2361 2964 3117
f 2361 2951 2964
f 2761 2965 3041
f 3030 2976 2825
f 2841 3064 3055
f 2790 3032 2900
f 2953 3133 2929
f 2864 2883 3157
f 3122 2931 2932
f 2956 2986 3065
f 2934 2907 3136
f 3057 2960 2977
f 2940 2994 2961
f 2913 3058 2915
f 2961 2962 2941
f 2939 2999 3080
f 2943 2981 2980
f 2981 2943 2963
f 2945 2946 2974
f 2988 3004 2918
f 3004 2920 2918
f 3040 2871 2983
f 2773 2301 3203
f 2872 2115 3118
f 3054 2900 3031
f 3122 3186 2931
f 2905 2908 3098
f 2869 3015 2959
f 2993 2994 2940
f 2971 2995 2997
f 2994 2963 2961
f 2996 2939 3080
f 2972 2979 2988
f 2973 2945 2974
f 2917 2988 2918
f 2974 2946 2947
f 2919 3009 2975
f 2919 2922 3009
f 2923 3012 3013
f 2615 3194 2805
f 3107 2748 2761
f 2873 3055 3029
f 3064 2826 3204
f 2826 3064 2841
f 2790 2991 3032
f 2977 2967 3056
f 3056 3057 2977
f 2932 2904 3210
f 2932 3210 3122
f 2938 2957 3044
f 2912 3089 2883
f 2883 3089 3157
f 3034 3058 2913
f 2971 2960 2995
f 2994 2981 2963
f 2999 2973 3003
f 2894 2980 3069
f 3003 2973 2974
f 3008 3003 2974
f 2974 2947 3008
f 2947 2975 3008
f 3006 3008 3009
f 3008 2975 3009
f 2920 3007 2921
f 3007 3216 2921
f 2921 3216 2949
f 3011 2922 3071
f 2871 3040 2728
f 3107 3180 2748
f 2748 3180 3259
f 2658 2848 3181
f 3477 2775 2859
f 2966 2491 2984
f 2952 1944 2806
f 3084 2799 2861
f 3073 3084 2861
f 2861 2862 3073
f 2850 2881 2978
f 2912 2885 3089
f 2993 3044 3033
f 2994 3016 2981
f 2981 3016 2980
f 2972 3059 2979
f 2998 3080 2999
f 2998 3002 3001
f 2999 3002 2998
f 2999 3003 3002
f 3003 3037 3002
f 3003 3005 3037
f 3004 3007 2920
f 3003 3008 3005
f 3006 3024 3005
f 3005 3008 3006
f 3049 3024 3006
f 3009 3010 3006
f 3131 3010 3009
f 2922 3011 3009
f 3009 3011 3131
f 3013 3161 2923
f 2819 3369 3194
f 2983 3093 3040
f 3202 2773 3203
f 2761 3041 3107
f 2872 3118 2778
f 2985 2339 3244
f 2399 3162 2925
f 2399 3028 3162
f 3031 2900 3032
f 2935 3221 2907
f 3033 2994 2993
f 2994 3033 3016
f 2970 2996 3226
f 2987 2997 3081
f 2987 3081 3251
f 3275 2914 2987
f 2915 3058 3154
f 3018 2988 2979
f 3154 2893 2915
f 3252 2846 3000
f 3000 3155 3252
f 3018 3036 3019
f 3018 3019 3020
f 3002 3037 3082
f 3018 3020 2988
f 3019 3038 3020
f 3037 3005 3048
f 3005 3024 3048
f 3038 3021 3020
f 2988 3020 3004
f 3025 3020 3021
f 3022 3020 3025
f 3020 3022 3004
f 3004 3022 3007
f 3062 3048 3024
f 3049 3062 3024
f 3160 3039 3025
f 3025 3039 3022
f 2721 3132 3130
f 3161 3467 2771
f 2658 3181 3445
f 2862 3054 3073
f 2967 3086 3056
f 2967 2933 3086
f 2909 2933 2967
f 2850 2978 3088
f 2955 3163 2957
f 3044 2957 3163
f 3089 2885 3223
f 2885 2969 3223
f 3015 3067 2959
f 3068 2995 2960
f 3016 3099 2980
f 3059 2893 3154
f 2980 3090 3017
f 3126 2846 3252
f 2830 2684 3155
f 3021 3160 3025
f 3141 3049 3006
f 3006 3227 3141
f 3039 3007 3022
f 3216 3322 2949
f 2858 3202 3083
f 2773 3202 2858
f 2728 3457 2678
f 3457 2728 3040
f 2898 2858 3083
f 2758 2832 3042
f 2832 2839 3042
f 3042 2839 3218
f 3097 3118 2860
f 3300 2833 2362
f 3300 2362 2925
f 3063 3029 3055
f 3054 3031 3043
f 2901 3184 2928
f 2864 3184 2901
f 2928 3184 2904
f 3134 3075 2954
f 3088 2955 2850
f 2930 3186 3175
f 2931 3186 2930
f 3175 3014 2930
f 2904 3246 3210
f 2956 3065 2978
f 2970 3357 2933
f 2936 3066 2911
f 2935 3045 3137
f 3357 2970 3226
f 3067 2846 3126
f 3251 3275 2987
f 3001 3002 3082
f 3155 2684 3023
f 3037 3048 3105
f 3038 3061 3021
f 3021 3159 3160
f 3115 3049 3141
f 3227 3006 3010
f 3052 3119 2899
f 3120 2749 3095
f 3300 3237 2833
f 3064 3085 3055
f 3031 3032 3043
f 3207 2953 2934
f 3207 2934 3136
f 2992 3066 2936
f 3044 3079 3033
f 3045 2968 3178
f 3016 3033 3099
f 2914 3275 3199
f 3099 3090 2980
f 2998 3127 3080
f 3036 3018 3060
f 3001 3091 2998
f 3082 3037 3113
f 3037 3105 3113
f 3038 3047 3070
f 3038 3070 3061
f 3061 3159 3021
f 3049 3114 3062
f 3049 3115 3114
f 2949 3368 3012
f 3012 3368 3013
f 2678 3234 3337
f 2678 3457 3234
f 3085 3064 3204
f 3174 3054 3043
f 2976 3206 2991
f 3133 2953 3207
f 2954 3098 3134
f 2878 3077 2992
f 2992 3177 3066
f 3044 3163 3079
f 3033 3079 3078
f 3057 3068 2960
f 3067 3015 3035
f 3034 3152 3058
f 3067 3035 2846
f 3017 3090 3101
f 3018 2979 3102
f 3036 3060 3092
f 3001 3082 3091
f 3092 3104 3019
f 3281 3227 3010
f 3010 3131 3281
f 3322 3192 2949
f 2949 3192 3368
f 3026 2658 3193
f 2859 3051 3156
f 2983 2899 3093
f 2859 3412 3477
f 3097 3237 3572
f 3063 3055 3085
f 3032 3074 3043
f 3184 3246 2904
f 2929 3077 2878
f 3075 3076 2986
f 2908 3014 3247
f 2986 3076 3065
f 2935 3137 3221
f 3033 3078 3099
f 2969 3164 3223
f 2997 2995 3081
f 3036 3092 3019
f 3105 3048 3062
f 3217 3011 3071
f 2758 3168 3132
f 3245 2798 2952
f 3084 3585 3028
f 3301 2849 3145
f 3145 2849 3029
f 3204 3262 3085
f 3075 3134 3109
f 3109 3076 3075
f 3065 3076 3087
f 3065 3087 2978
f 3088 2978 3087
f 2955 3147 3163
f 2992 3077 3177
f 3112 2996 3080
f 2995 3158 3081
f 3059 3333 2979
f 3127 2998 3091
f 3060 3103 3092
f 3091 3082 3179
f 3082 3113 3179
f 3019 3191 3038
f 3038 3191 3047
f 3298 3007 3039
f 3169 3337 3323
f 3040 3093 3116
f 3051 3117 3156
f 3168 2758 3042
f 3030 3206 2976
f 2991 3173 3074
f 3032 2991 3074
f 3109 3134 3285
f 3076 3109 3087
f 3109 3110 3087
f 3087 3110 3088
f 3147 2955 3088
f 2908 3247 3098
f 2907 3221 3352
f 3079 3163 3222
f 3100 3101 3099
f 3101 3090 3099
f 3068 3158 2995
f 2979 3333 3102
f 3102 3060 3018
f 3092 3103 3104
f 3106 3061 3070
f 3105 3062 3114
f 3159 3061 3106
f 3026 3193 3257
f 3118 2951 2778
f 3072 2985 3489
f 3173 2991 3206
f 2929 3121 3077
f 3110 3109 3124
f 3124 3109 3123
f 3111 2911 3248
f 3078 3138 3099
f 3067 3165 2959
f 3017 3190 2980
f 3191 3019 3104
f 3013 3381 3161
f 3235 3180 3107
f 2859 3156 3488
f 3238 3206 3030
f 3073 3054 3183
f 3174 3043 3074
f 3079 3150 3078
f 3125 3152 3034
f 3151 3139 3100
f 3101 3100 3139
f 2996 3112 3226
f 3080 3127 3112
f 2980 3190 3069
f 3104 3103 3128
f 3070 3140 3106
f 3140 3159 3106
f 3467 3258 2989
f 2898 3083 3242
f 3242 3283 2898
f 3476 3041 2965
f 3404 3042 3218
f 3108 3171 3182
f 2797 3108 3182
f 2797 3182 2848
f 3063 3145 3029
f 3014 3175 3135
f 3109 3146 3123
f 3146 3148 3123
f 3100 3150 3222
f 3222 3150 3079
f 3248 3328 3111
f 2969 2958 3312
f 3111 3328 3125
f 2969 3312 3164
f 3150 3100 3099
f 3150 3099 3138
f 3125 3328 3152
f 3113 3105 3200
f 3129 3114 3280
f 3114 3115 3280
f 3142 3131 3011
f 3257 3143 3026
f 3107 3041 3235
f 3235 3041 3476
f 3507 2985 3244
f 2798 3245 3284
f 3073 3183 3084
f 2929 3133 3121
f 3210 3228 3122
f 3247 3014 3135
f 2907 3352 3136
f 3123 3148 3124
f 3150 3149 3078
f 3149 3100 3222
f 3149 3138 3151
f 3149 3150 3138
f 3149 3151 3100
f 3166 3139 3153
f 3199 3275 3229
f 3167 3139 3166
f 3139 3167 3101
f 3167 3253 3101
f 3253 3017 3101
f 3070 3047 3140
f 3232 3159 3140
f 3256 3115 3141
f 2756 3411 2924
f 3283 3171 3108
f 2796 3405 3052
f 3183 3054 3195
f 3146 3109 3285
f 3110 3208 3088
f 3208 3110 3176
f 3122 3228 3186
f 3110 3124 3176
f 3078 3149 3187
f 3187 3138 3078
f 2968 3199 3360
f 3045 3178 3137
f 2958 2959 3312
f 3151 3211 3139
f 3126 3165 3067
f 3139 3211 3153
f 3017 3253 3190
f 3091 3179 3254
f 3128 3213 3104
f 3105 3114 3200
f 3160 3159 3214
f 3141 3227 3256
f 2990 3570 3170
f 3168 3042 3514
f 2899 3119 3093
f 3027 3172 3260
f 3134 3098 3247
f 3147 3265 3163
f 3124 3148 3176
f 3149 3222 3187
f 3103 3060 3277
f 3103 3277 3128
f 3104 3213 3191
f 3140 3047 3232
f 3160 3214 3039
f 3214 3215 3039
f 3298 3216 3007
f 3131 3269 3281
f 2759 3324 2990
f 3260 3144 3027
f 3030 2807 3238
f 3195 3054 3174
f 3374 3184 2864
f 3185 3146 3285
f 3185 3148 3146
f 3185 3176 3148
f 3057 3239 3068
f 2959 3188 3312
f 2959 3165 3188
f 3166 3153 3167
f 3060 3290 3277
f 3127 3091 3254
f 2990 3324 3570
f 3202 3282 3083
f 2818 2950 2838
f 3042 3404 3514
f 3180 3430 3259
f 2848 3182 3181
f 3185 3197 3176
f 3211 3151 3224
f 3239 3158 3068
f 3211 3167 3153
f 3167 3189 3253
f 3142 3011 3217
f 3169 3323 3050
f 3117 2964 3442
f 3117 3442 3156
f 3489 2985 3433
f 3145 3063 3205
f 3219 3085 3262
f 3185 3196 3197
f 3163 3265 3222
f 2911 3273 3248
f 3066 3273 2911
f 3187 3198 3138
f 2968 3360 3353
f 3224 3151 3138
f 3165 3126 3466
f 3167 3211 3189
f 3060 3102 3290
f 3200 3114 3129
f 3233 3214 3159
f 3116 3201 3040
f 3202 3270 3282
f 4029 2805 3194
f 2805 4029 3203
f 3156 3442 3443
f 3243 3180 3235
f 3180 3243 3430
f 2749 3459 3095
f 2927 3284 3434
f 3145 3500 3301
f 3195 3174 3183
f 3085 3219 3063
f 3088 3208 3287
f 3287 3147 3088
f 2933 3209 3086
f 2864 3157 3374
f 3185 3285 3196
f 2933 3357 3209
f 3089 3327 3157
f 3222 3272 3187
f 3250 3188 3165
f 3165 3466 3250
f 3267 3112 3127
f 3252 3155 3241
f 3232 3233 3159
f 3115 3256 3280
f 3269 3131 3142
f 3013 3368 3381
f 3630 3411 2756
f 3201 3457 3040
f 3429 3116 3093
f 2859 3488 3412
f 3182 3551 3181
f 3118 3097 3236
f 3053 2984 2840
f 2807 2926 3523
f 3074 3173 3271
f 3056 3086 3220
f 3086 3346 3220
f 3056 3220 3057
f 3228 3210 3347
f 3207 3136 3350
f 3136 3352 3350
f 3222 3265 3272
f 3225 3198 3187
f 3231 3138 3198
f 3231 3249 3225
f 3138 3231 3225
f 3224 3138 3225
f 3224 3249 3231
f 3224 3189 3211
f 3059 3212 3333
f 3212 3059 3154
f 3128 3277 3213
f 3191 3213 3278
f 3191 3278 3047
f 3278 3232 3047
f 2759 3094 3324
f 3260 3172 3261
f 3415 3147 3287
f 3147 3415 3265
f 3224 3225 3187
f 3272 3224 3187
f 3231 3198 3276
f 3276 3198 3225
f 3231 3189 3224
f 3239 3289 3158
f 3231 3276 3266
f 3189 3231 3266
f 3081 3158 3314
f 3226 3112 3267
f 3230 3154 3058
f 3277 3290 3255
f 3190 3408 3069
f 3408 3046 3069
f 3292 3179 3113
f 3113 3200 3292
f 3322 3216 3298
f 3217 3071 3143
f 3130 3132 3513
f 2950 3050 3531
f 3270 3202 3203
f 3371 2951 3118
f 3430 3583 3259
f 3182 3171 3431
f 2965 3144 3476
f 3182 3431 3551
f 3172 3096 3261
f 3941 3237 3300
f 2985 3507 3433
f 3574 3300 2925
f 3434 3204 2927
f 3238 3263 3206
f 3263 3173 3206
f 3134 3345 3285
f 3285 3351 3196
f 3272 3249 3224
f 3313 3225 3249
f 3313 3276 3225
f 3158 3289 3314
f 3240 3189 3266
f 3240 3253 3189
f 3179 3292 3254
f 3023 3130 3486
f 3513 3132 3168
f 2838 2950 3444
f 3429 3382 3116
f 3488 3156 3443
f 3208 3286 3287
f 3208 3176 3286
f 3186 3228 3264
f 3228 3347 3264
f 3197 3196 3311
f 3221 3326 3352
f 3058 3152 3230
f 3267 3127 3254
f 4029 3954 3203
f 3523 3238 2807
f 3204 3434 3262
f 3183 3174 3469
f 3184 3374 3339
f 3184 3288 3246
f 3133 3207 3350
f 3345 3134 3247
f 3210 3246 3288
f 3210 3288 3347
f 3311 3196 3351
f 3178 2968 3353
f 3089 3223 3327
f 3360 3199 3229
f 3240 3304 3253
f 3466 3126 3252
f 3253 3400 3190
f 3190 3400 3408
f 3291 3213 3277
f 3268 3213 3291
f 3278 3294 3232
f 3233 3232 3279
f 3214 3233 3279
f 3039 3215 3298
f 3083 3282 3242
f 2964 3487 3442
f 2964 2951 3487
f 3487 2951 3371
f 3444 3218 2838
f 3411 3539 3405
f 3573 2806 2789
f 2952 3499 3245
f 3183 3460 3084
f 3384 3219 3262
f 3184 3339 3288
f 3186 3264 3302
f 3186 3302 3175
f 3197 3311 3176
f 3250 3466 3393
f 3253 3498 3400
f 3498 3253 3304
f 3232 3294 3279
f 3256 3297 3280
f 3227 3281 3256
f 3170 3547 3369
f 3144 3540 3476
f 3096 3446 3261
f 3500 3145 3205
f 3084 3460 3671
f 3271 3423 3074
f 3285 3309 3351
f 3220 3349 3057
f 3302 3135 3175
f 3057 3349 3239
f 3326 3221 3137
f 3250 3312 3188
f 3274 3312 3250
f 3276 3331 3240
f 3362 3331 3276
f 3304 3240 3331
f 3081 3314 3251
f 3276 3240 3266
f 3102 3333 3305
f 3255 3290 3291
f 3102 3291 3290
f 3102 3293 3291
f 3241 3155 3023
f 3255 3291 3277
f 3315 3254 3292
f 3293 3268 3291
f 3268 3278 3213
f 3293 3294 3268
f 3293 3295 3294
f 3295 3279 3294
f 3306 3295 3293
f 3279 3296 3214
f 3295 3296 3279
f 3307 3129 3297
f 3200 3129 3307
f 3215 3214 3296
f 3129 3280 3297
f 3295 3215 3296
f 3298 3215 3295
f 3298 3295 3308
f 3282 3270 3695
f 3194 3299 4029
f 3954 3270 3203
f 3072 3523 2926
f 3284 3508 3434
f 3434 3338 3262
f 3338 3384 3262
f 3219 3325 3063
f 3285 3345 3309
f 3247 3135 3310
f 3345 3247 3310
f 3374 3157 3354
f 3077 3375 3177
f 3177 3376 3066
f 3248 3273 3355
f 3157 3327 3354
f 3248 3355 3328
f 3274 3250 3393
f 3289 3239 3303
f 3313 3362 3276
f 3229 3275 3332
f 3275 3251 3332
f 3154 3230 3396
f 3399 3498 3304
f 3254 3315 3267
f 3102 3305 3293
f 3315 3292 3307
f 3306 3293 3305
f 3278 3268 3294
f 3306 3308 3295
f 3292 3200 3307
f 3298 3308 3322
f 3367 3217 3143
f 3380 3367 3143
f 3541 2789 3477
f 3446 3096 2966
f 3086 3209 3346
f 3121 3375 3077
f 3286 3176 3348
f 3311 3348 3176
f 3329 3327 3223
f 3223 3164 3329
f 3314 3289 3303
f 3333 3438 3305
f 3267 3315 3316
f 3335 3316 3319
f 3316 3315 3317
f 3319 3316 3317
f 3315 3307 3318
f 3317 3315 3318
f 3317 3318 3320
f 3319 3317 3320
f 3307 3297 3318
f 3320 3318 3321
f 3320 3336 3319
f 3318 3297 3321
f 3297 3256 3321
f 3269 3320 3321
f 3336 3320 3269
f 3256 3281 3321
f 3269 3321 3281
f 3458 3243 3235
f 3218 3444 3404
f 3259 3583 3459
f 3572 3237 3941
f 3072 3489 3523
f 3063 3325 3205
f 3219 3384 3325
f 3423 3174 3074
f 3373 3121 3133
f 3133 3350 3373
f 3121 3373 3375
f 3375 3376 3177
f 3349 3358 3239
f 3066 3376 3273
f 3312 3330 3164
f 3312 3274 3330
f 3249 3272 3359
f 3326 3137 3178
f 3239 3358 3303
f 3361 3152 3328
f 3313 3249 3362
f 3152 3361 3230
f 3363 3357 3226
f 3331 3399 3304
f 3363 3226 3267
f 3251 3314 3303
f 3251 3303 3332
f 3396 3212 3154
f 3438 3364 3305
f 3267 3316 3334
f 3335 3319 3378
f 3378 3319 3365
f 3305 3379 3306
f 3365 3319 3336
f 3308 3366 3322
f 3322 3366 3192
f 3217 3367 3142
f 3380 3143 3257
f 3370 3201 3116
f 3116 3382 3370
f 3118 3236 3371
f 3181 3551 3445
f 3708 3053 3301
f 3339 3342 3288
f 3340 3342 3339
f 3345 3340 3309
f 3220 3346 3343
f 3220 3343 3344
f 3340 3302 3342
f 3345 3302 3340
f 3220 3344 3349
f 3373 3352 3341
f 3264 3347 3342
f 3302 3264 3342
f 3353 3344 3341
f 3352 3353 3341
f 3350 3352 3373
f 3347 3288 3342
f 3310 3135 3302
f 3310 3302 3345
f 3415 3395 3265
f 3352 3326 3353
f 3391 3209 3357
f 3344 3358 3349
f 3344 3360 3358
f 3353 3360 3344
f 3326 3178 3353
f 3164 3330 3329
f 3274 3356 3330
f 3355 3361 3328
f 3360 3303 3358
f 3361 3390 3230
f 3332 3303 3360
f 3229 3332 3360
f 3230 3390 3396
f 3399 3331 3362
f 3363 3267 3334
f 3212 3396 3333
f 3241 3466 3252
f 3316 3409 3334
f 3335 3409 3316
f 3364 3379 3305
f 3379 3402 3306
f 3402 3308 3306
f 3269 3410 3336
f 2756 3046 3630
f 3476 3458 3235
f 3094 3258 3468
f 3468 3324 3094
f 3052 3432 3119
f 2952 2806 3573
f 3508 3284 3245
f 3461 3205 3325
f 3435 3469 3174
f 3339 3374 3385
f 3340 3339 3386
f 3339 3385 3386
f 3341 3344 3388
f 3388 3372 3341
f 3341 3372 3373
f 3387 3343 3346
f 3388 3344 3343
f 3375 3373 3372
f 3374 3354 3385
f 3346 3209 3387
f 3387 3209 3391
f 3311 3351 3394
f 3348 3311 3394
f 3375 3355 3273
f 3376 3375 3273
f 3272 3265 3424
f 3272 3424 3359
f 3361 3355 3390
f 3330 3356 3329
f 3274 3393 3356
f 3377 3249 3359
f 3357 3363 3391
f 3438 3333 3396
f 3399 3362 3398
f 3335 3378 3409
f 3410 3269 3142
f 3192 3421 3368
f 3170 3570 3547
f 3743 3323 3337
f 3119 3429 3093
f 2984 3053 3522
f 3183 3469 3460
f 3340 3386 3389
f 3463 3340 3389
f 3309 3413 3351
f 3392 3388 3343
f 3386 3385 3389
f 3375 3372 3390
f 3327 3385 3354
f 3413 3394 3351
f 3390 3372 3388
f 3375 3390 3355
f 3389 3385 3356
f 3393 3389 3356
f 3265 3395 3424
f 3356 3385 3327
f 3406 3391 3426
f 3356 3327 3329
f 3392 3397 3388
f 3390 3388 3396
f 3391 3363 3426
f 3396 3388 3397
f 3362 3249 3377
f 3396 3397 3438
f 3334 3417 3363
f 3399 3398 3407
f 3401 3409 3378
f 3378 3365 3401
f 3401 3365 3410
f 3365 3336 3410
f 3402 3366 3308
f 3410 3142 3367
f 3366 3421 3192
f 3380 3410 3367
f 3380 3257 3403
f 3421 3381 3368
f 3050 3323 3475
f 3050 3475 3531
f 3283 3870 3171
f 3052 3405 3432
f 3500 3708 3301
f 3205 3461 3500
f 3173 3263 3271
f 3415 3287 3414
f 3463 3309 3340
f 3287 3286 3414
f 3387 3406 3449
f 3387 3391 3406
f 3397 3392 3479
f 3362 3377 3398
f 3363 3416 3426
f 3479 3438 3397
f 3363 3417 3480
f 3480 3416 3363
f 3407 3498 3399
f 3409 3418 3334
f 3428 3364 3440
f 3409 3401 3441
f 3379 3364 3428
f 3379 3428 3402
f 3403 3257 3193
f 3381 3647 3161
f 2950 3531 3444
f 3435 3174 3423
f 3309 3463 3413
f 3414 3348 3413
f 3348 3394 3413
f 3414 3286 3348
f 3436 3406 3426
f 3426 3425 3436
f 3426 3416 3437
f 3377 3407 3398
f 3418 3417 3334
f 3409 3427 3418
f 3440 3364 3438
f 3427 3409 3441
f 3441 3401 3419
f 3401 3410 3419
f 3428 3420 3402
f 3402 3420 3366
f 3420 3456 3366
f 3366 3456 3421
f 3410 3403 3419
f 3403 3410 3380
f 2658 3445 3193
f 3161 3506 3467
f 3337 3234 3743
f 3405 3539 3432
f 3459 4307 3095
f 3499 2952 3573
f 3238 3523 3383
f 3422 3461 3325
f 3238 3383 3263
f 3338 3422 3384
f 3414 3413 3450
f 3414 3450 3424
f 3414 3424 3415
f 3415 3424 3395
f 3406 3436 3449
f 3424 3450 3359
f 3453 3359 3450
f 3359 3454 3377
f 3437 3425 3426
f 3389 3393 3466
f 3417 3418 3497
f 3418 3455 3485
f 3418 3427 3455
f 3440 3504 3428
f 3421 3456 3381
f 3171 3870 3431
f 2789 3541 3573
f 3263 3383 3447
f 3384 3422 3325
f 3263 3447 3271
f 3436 3425 3493
f 3377 3454 3407
f 3416 3480 3465
f 3454 3439 3407
f 3485 3497 3418
f 3439 3498 3407
f 3420 3473 3456
f 3381 3456 3647
f 3467 3667 3258
f 3282 3745 3242
f 3338 3462 3422
f 3422 3462 3448
f 3461 3422 3448
f 3271 3447 3524
f 3436 3493 3464
f 3451 3452 3450
f 3450 3452 3453
f 3359 3453 3454
f 3389 3466 3549
f 3437 3465 3511
f 3465 3437 3416
f 3495 3472 3453
f 3454 3453 3472
f 3454 3472 3439
f 3324 3468 3570
f 3242 3919 3283
f 3521 3144 3260
f 3572 3236 3097
f 3521 3260 3261
f 3463 3389 3470
f 3387 3449 3483
f 3436 3464 3449
f 3425 3526 3493
f 3568 3130 3513
f 3456 3473 3647
f 3161 3647 3506
f 3194 3369 3682
f 3282 3695 3745
f 3569 3168 3514
f 3144 3521 3540
f 3446 2966 2984
f 3542 3500 3461
f 3460 3469 3709
f 3423 3271 3524
f 3413 3463 3516
f 3463 3944 3516
f 3944 3463 3470
f 3343 3387 3483
f 3343 3535 3392
f 3389 3478 3470
f 3471 3451 3450
f 3453 3484 3495
f 3417 3497 3494
f 3466 3241 3549
f 3703 3441 3481
f 3441 3419 3481
f 3419 3505 3481
f 3193 3445 3704
f 3467 3506 3667
f 3475 3323 3474
f 3194 3682 3299
f 3242 3745 3919
f 3477 3412 3584
f 3671 3460 3709
f 3383 3523 3575
f 3535 3343 3483
f 3450 3413 3490
f 3464 3483 3449
f 3471 3450 3490
f 3453 3452 3484
f 3439 3472 3496
f 3496 3520 3439
f 3438 3602 3440
f 3520 3498 3439
f 3241 3023 3594
f 3468 3683 3570
f 3382 3429 3482
f 3245 4220 3508
f 3709 3469 3576
f 3576 3469 3435
f 3535 3483 3502
f 3490 3413 3516
f 3483 3464 3501
f 3492 3451 3471
f 3503 3496 3484
f 3479 3616 3438
f 3417 3494 3480
f 3455 3494 3485
f 3427 3545 3455
f 3370 3382 3482
f 3508 3615 3434
f 3084 3671 3585
f 3615 3338 3434
f 3448 3462 3515
f 3502 3483 3501
f 3525 3471 3490
f 3491 3471 3525
f 3517 3501 3464
f 3491 3492 3471
f 3389 3549 3478
f 3526 3425 3437
f 3484 3452 3544
f 3484 3544 3503
f 3519 3496 3503
f 3437 3511 3526
f 3392 3616 3479
f 3496 3495 3484
f 3496 3472 3495
f 3594 3549 3241
f 3408 3400 3677
f 3504 3420 3428
f 3505 3419 3403
f 3898 3444 3531
f 3283 3919 3870
f 3532 3488 3443
f 3488 3612 3412
f 3338 3515 3462
f 3448 3515 3548
f 3423 3524 3696
f 3502 3501 3509
f 3598 3616 3392
f 3464 3493 3517
f 3503 3451 3510
f 3480 3494 3511
f 3465 3480 3511
f 3485 3494 3497
f 3455 3512 3494
f 3455 3530 3512
f 3455 3545 3530
f 3550 3400 3498
f 3427 3441 3545
f 3168 3569 3513
f 3682 3369 3547
f 3458 3476 3727
f 3612 3584 3412
f 3431 4103 3551
f 3461 3548 3542
f 3338 3615 3515
f 3423 3696 3435
f 3490 3516 3543
f 3555 3491 3525
f 3509 3501 3517
f 3517 3493 3567
f 3554 3517 3567
f 3492 3510 3451
f 3536 3452 3451
f 3451 3503 3544
f 3451 3544 3536
f 3616 3602 3438
f 3550 3498 3520
f 3594 3023 3619
f 3046 3408 3538
f 3481 3505 3799
f 3046 3538 3630
f 3403 3193 3505
f 3431 3870 4103
f 3300 4561 3941
f 3446 2984 3522
f 3448 3548 3461
f 3490 3543 3525
f 3491 3555 3492
f 3555 3510 3492
f 3510 3536 3503
f 3503 3536 3519
f 3526 3511 3518
f 3511 3494 3512
f 3519 3520 3496
f 3545 3441 3546
f 3630 3717 3411
f 3569 3514 3533
f 3442 3487 3571
f 3442 3571 3443
f 3563 3243 3458
f 3243 3563 3430
f 3500 3759 3708
f 3383 3575 3447
f 3392 3535 3598
f 3502 3509 3578
f 3517 3554 3509
f 3525 3543 3536
f 3526 3580 3493
f 3519 3527 3529
f 3511 3512 3528
f 3519 3529 3520
f 3528 3512 3537
f 3457 3201 3838
f 3612 3488 3532
f 3468 3258 3534
f 3541 3477 3584
f 3502 3711 3535
f 3502 3578 3711
f 3516 3553 3543
f 3555 3525 3536
f 3452 3536 3543
f 3452 3543 3544
f 3536 3544 3566
f 3536 3566 3519
f 3519 3557 3527
f 3511 3528 3558
f 3527 3559 3529
f 3528 3537 3560
f 3562 3677 3400
f 3400 3550 3562
f 3691 3538 3408
f 3703 3481 3749
f 3473 3693 3647
f 3695 3270 3954
f 3443 3571 3532
f 3781 3563 3458
f 3898 3404 3444
f 3468 3534 3683
f 3614 3459 3583
f 3574 4561 3300
f 3575 3552 3447
f 3553 3565 3543
f 3536 3565 3555
f 3493 3580 3567
f 3511 3587 3518
f 3511 3558 3587
f 3537 3512 3639
f 3512 3530 3639
f 3546 3441 3703
f 3420 3595 3473
f 3201 3370 3838
f 3482 3588 3370
f 3531 3694 3898
f 3482 3596 3588
f 3482 3119 3596
f 3429 3119 3482
f 3921 3500 3542
f 3535 4056 3598
f 3579 3510 3555
f 3536 3510 3565
f 3543 3556 3544
f 3566 3581 3519
f 3581 3557 3519
f 3560 3558 3528
f 3023 3486 3619
f 3513 3569 3648
f 3119 3432 3596
f 3371 3236 3669
f 3445 3551 3670
f 3515 3672 3548
f 3516 3944 3553
f 3554 3578 3509
f 3510 3566 3565
f 3579 3566 3510
f 3544 3556 3566
f 3527 3557 3559
f 3587 3558 3674
f 3560 3582 3558
f 3582 3560 3537
f 3520 3529 3561
f 3529 3559 3561
f 3537 3639 3582
f 3520 3561 3550
f 3408 3677 3691
f 3716 3486 3130
f 3647 3693 3740
f 3665 3569 3666
f 3487 3371 3669
f 3458 3727 3781
f 3759 3500 3921
f 3615 3654 3515
f 3515 3654 3672
f 3555 3565 3586
f 3586 3579 3555
f 3554 3567 3564
f 3543 3565 3556
f 3580 3526 3518
f 3130 3568 3679
f 3569 3533 3611
f 3758 3669 3236
f 3727 3476 3540
f 3162 3574 2925
f 3535 3711 4056
f 3586 3553 3590
f 3577 3578 3554
f 3553 3586 3565
f 3556 3565 3566
f 3566 3579 3581
f 3581 3601 3557
f 3557 3561 3559
f 3561 3557 3601
f 3561 3603 3550
f 3530 3791 3639
f 3530 3545 3546
f 3404 3898 4120
f 3499 3573 4170
f 3548 3638 3542
f 3586 3590 3591
f 3711 3578 3577
f 3586 3591 3579
f 3580 3518 3617
f 3674 3558 3582
f 3582 3640 3656
f 3640 3582 3639
f 3504 3440 3658
f 3648 3569 3665
f 3370 3588 3744
f 3514 3404 4120
f 3583 3706 3614
f 3539 3707 3432
f 3522 3053 4071
f 4220 3245 3499
f 3708 4071 3053
f 3585 4627 3028
f 3589 3615 3653
f 3615 3589 3654
f 3552 3684 3447
f 3447 3684 3524
f 3524 3684 3686
f 3590 3597 3591
f 3577 3554 3564
f 3592 3564 3567
f 3567 3580 3592
f 3600 3581 3579
f 3580 3617 3592
f 3581 3600 3655
f 3478 3549 3689
f 3640 3639 3657
f 3530 3978 3791
f 3978 3530 3546
f 3562 3550 3603
f 3504 3595 3420
f 3716 3130 3679
f 3704 3445 3670
f 3569 3611 3666
f 3474 3323 3743
f 3571 3588 3532
f 3667 3725 3258
f 3487 3705 3571
f 3588 3757 3532
f 3487 3669 3705
f 3532 3757 3612
f 3432 3707 4199
f 3551 4103 3613
f 3521 3652 3540
f 3236 3572 3969
f 3871 4627 3585
f 3576 3435 3685
f 3553 3944 3597
f 3597 3590 3553
f 3577 3687 3711
f 3597 3599 3591
f 3687 3577 3564
f 3591 3599 3698
f 3698 3579 3591
f 3674 3582 3675
f 3582 3656 3675
f 3601 3593 3618
f 3601 3618 3561
f 3657 3656 3640
f 3594 3619 3768
f 3481 3799 3750
f 3505 3193 4095
f 3606 3604 3632
f 3606 3608 3604
f 3608 3609 3604
f 3609 3608 3636
f 3637 3609 3636
f 3547 3570 4247
f 3588 3726 3744
f 3234 3457 3743
f 3588 3571 3726
f 3683 3668 3570
f 3533 3514 3902
f 3514 4120 3902
f 3551 3613 3670
f 3920 3162 3028
f 3028 4627 3920
f 3542 3638 3921
f 3709 3576 3761
f 3548 3672 3638
f 3597 3944 3782
f 3674 3592 3587
f 3587 3617 3518
f 3587 3592 3617
f 3656 3676 3675
f 3562 3930 3677
f 3692 3620 3624
f 3642 3620 3692
f 3504 3660 3595
f 3621 3622 3661
f 3621 3623 3622
f 3623 3644 3622
f 3626 3659 3624
f 3625 3626 3624
f 3620 3625 3624
f 3662 3620 3642
f 3625 3620 3662
f 3643 3626 3595
f 3538 3751 3630
f 3626 3627 3595
f 3629 3626 3625
f 3645 3644 3739
f 3623 3739 3644
f 3739 3623 3628
f 3663 3625 3662
f 3627 3473 3595
f 3629 3625 3663
f 3752 3193 3720
f 3718 3633 3631
f 3604 3664 3632
f 3513 3648 3646
f 3634 3718 3631
f 3607 3634 3631
f 3607 3631 3633
f 3649 3607 3633
f 3634 3607 3605
f 3664 3604 3610
f 3650 3506 3647
f 3606 3636 3608
f 3649 3635 3607
f 3604 3609 3610
f 3665 3666 3680
f 3605 3607 3651
f 3607 3635 3651
f 3651 3721 3605
f 3682 3547 4247
f 3571 3705 3726
f 3258 3725 3534
f 3583 3430 3706
f 3521 4352 3652
f 3575 3523 3552
f 3508 3653 3615
f 3576 3685 3761
f 3687 3564 3699
f 3787 3600 3579
f 3581 3688 3601
f 3549 3594 3689
f 3748 3619 3641
f 3619 3486 3678
f 3678 3623 3621
f 3660 3643 3595
f 3659 3626 3643
f 3486 3716 3678
f 3716 3628 3678
f 3626 3629 3627
f 3633 3648 3649
f 3720 3193 3704
f 3649 3648 3665
f 3664 3650 3647
f 3634 3605 3863
f 3650 3610 3506
f 3610 3667 3506
f 3635 3681 3651
f 3610 3609 3667
f 3651 3681 3721
f 3570 3668 4247
f 3370 3744 3838
f 3539 3724 3901
f 4104 3261 3446
f 3489 3970 3523
f 3696 3685 3435
f 3597 3697 3599
f 3698 3599 3697
f 3601 3688 3593
f 3593 3690 3618
f 3676 3656 3657
f 3618 3603 3561
f 3677 3930 3691
f 3768 3619 3748
f 3661 3798 3621
f 3641 3678 3621
f 3660 3659 3643
f 3619 3678 3641
f 3623 3678 3628
f 3622 3644 3770
f 3642 3738 3662
f 3629 3663 3627
f 3630 3802 3717
f 4095 3193 3752
f 3648 3633 3646
f 3718 3634 3806
f 3664 3610 3650
f 3680 3666 3635
f 3666 3611 3681
f 3636 3864 3637
f 3411 3724 3539
f 3475 3474 3780
f 3475 3780 3531
f 3588 3596 3757
f 3686 3696 3524
f 3597 3782 3697
f 3470 3478 3945
f 3945 3478 4152
f 3785 3579 3698
f 3600 3787 3730
f 3785 3787 3579
f 3564 3592 3699
f 3581 3655 3673
f 3593 3688 3690
f 3639 3702 3657
f 3639 3791 3702
f 3660 3624 3659
f 3661 3622 3770
f 3749 3481 3750
f 3692 3852 3642
f 3852 3738 3642
f 3633 3718 3719
f 3633 3719 3646
f 3664 3754 3632
f 3665 3680 3649
f 3649 3680 3635
f 3666 3681 3635
f 3756 3667 3609
f 3681 3611 3723
f 3670 3778 3704
f 3611 3533 3723
f 4307 3459 3614
f 3521 3261 4352
f 3572 4252 3969
f 4252 3572 3941
f 4220 3499 4170
f 4220 4135 3508
f 3638 3672 3710
f 3654 3589 3710
f 3654 3710 3672
f 3600 3730 3655
f 3699 3592 3700
f 3592 3674 3700
f 3700 3674 3701
f 3581 3673 3688
f 3675 3701 3674
f 3732 3618 3690
f 3658 3737 3504
f 3624 3737 3692
f 3660 3504 3737
f 3737 3624 3660
f 3692 3769 3852
f 3715 3628 3716
f 3751 3802 3630
f 3802 4115 3717
f 3719 3513 3646
f 3755 3636 3606
f 3863 3605 3721
f 3721 3681 3722
f 3756 3725 3667
f 3457 3955 3743
f 3955 3457 3838
f 3901 3707 3539
f 3990 3584 3612
f 4306 4103 3870
f 3540 3652 3727
f 3162 4253 3574
f 3162 3920 4253
f 3728 3638 3710
f 3690 3688 3732
f 3765 3676 3657
f 3657 3702 3765
f 3603 3618 3732
f 3930 3562 3733
f 3641 3621 3798
f 3737 3769 3692
f 3662 3771 3663
f 3628 3715 3739
f 3627 3663 3771
f 3568 3513 3719
f 3647 3741 3664
f 3634 3863 3806
f 3717 3805 3411
f 3609 3637 3756
f 3531 3780 3694
f 3563 3706 3430
f 3596 3432 4168
f 3921 3638 3728
f 3711 3687 3712
f 3598 4056 3923
f 3712 3687 3729
f 3687 3699 3729
f 3598 3923 3616
f 3655 3730 3673
f 3765 3701 3675
f 3676 3765 3675
f 3603 3733 3562
f 3702 3791 3766
f 3594 3768 3907
f 3768 3748 3713
f 3703 3749 3734
f 3658 3735 3737
f 3735 3736 3737
f 3691 3845 3538
f 3736 3769 3737
f 3644 3645 3714
f 3627 3771 3772
f 3627 3772 3473
f 3772 3693 3473
f 3740 3741 3647
f 3664 3741 3754
f 3411 3805 3724
f 3722 3681 3723
f 4134 3970 3489
f 3671 3871 3585
f 3945 3944 3470
f 3698 3784 3785
f 3731 3700 3701
f 3673 3732 3688
f 3930 3843 3691
f 3734 3959 3703
f 3770 3644 3714
f 3715 3716 3679
f 3752 3720 3753
f 3718 3806 3803
f 3860 3805 3717
f 3632 3755 3606
f 3864 3779 3637
f 3756 3637 3779
f 3756 3811 3725
f 3742 3901 3724
f 3955 3939 3743
f 3990 3612 3757
f 3990 4167 3584
f 3523 3956 3552
f 3671 3709 3760
f 3760 3709 3761
f 3552 3840 3684
f 3686 3684 3922
f 3686 3922 3841
f 3731 3699 3700
f 3673 3730 3763
f 3673 3763 3788
f 3767 3701 3765
f 3746 3732 3673
f 3702 3766 3765
f 3747 3733 3603
f 3958 3440 3602
f 3958 3658 3440
f 3736 3735 3792
f 3959 3734 3793
f 3844 3845 3691
f 3818 3793 3734
f 3734 3749 3818
f 3662 3738 3771
f 3739 3855 3645
f 3715 3855 3739
f 3715 3679 3773
f 4115 4005 3717
f 3740 3775 3741
f 3717 4005 3860
f 3775 3754 3741
f 3568 3719 3803
f 3753 3720 3912
f 3719 3718 3803
f 3807 3720 3704
f 3533 3810 3723
f 3839 3868 3778
f 3778 3670 3839
f 3810 3533 3902
f 3811 3900 3725
f 4168 3432 4199
f 3523 3970 3956
f 3710 3589 3943
f 3841 3696 3686
f 3711 3712 3903
f 3711 3903 4056
f 3873 3697 3782
f 3712 3729 3783
f 3786 3783 3729
f 3729 3699 3786
f 3730 3787 3763
f 3731 3701 3699
f 3746 3789 3764
f 3673 3789 3746
f 3789 3673 3788
f 3602 3616 4137
f 3764 3789 3732
f 3764 3732 3790
f 3732 3746 3790
f 3732 3789 3747
f 3789 3790 3747
f 3478 3689 4355
f 3746 3747 3790
f 3733 3747 3746
f 3732 3747 3603
f 4137 3958 3602
f 3843 3844 3691
f 3794 3796 3795
f 3713 3748 3796
f 3796 3748 3797
f 3641 3798 3797
f 3797 3748 3641
f 3749 3750 3818
f 3661 3770 3798
f 3645 3855 3714
f 3801 3772 3771
f 3715 3773 3855
f 3829 3830 3751
f 3830 3802 3751
f 3693 3772 3801
f 3679 3568 3774
f 4061 3753 3858
f 4005 3883 3860
f 3776 3754 3775
f 3911 3754 3776
f 3777 3754 3911
f 3632 3754 3755
f 3755 3754 3777
f 3755 3864 3636
f 3807 3704 3778
f 3722 3863 3721
f 3811 3756 3866
f 3682 4247 3937
f 3682 3937 3299
f 3744 3726 3968
f 3902 3940 3810
f 3261 4104 4352
f 3708 3759 4071
f 3840 3922 3684
f 3712 3783 3762
f 3782 3872 3873
f 3873 3784 3697
f 3697 3784 3698
f 3787 3788 3763
f 3767 3765 3812
f 3764 3733 3746
f 3733 3764 3790
f 3765 3766 3812
f 3794 3713 3796
f 3736 3961 3769
f 3796 3797 3795
f 3845 3826 3538
f 3538 3826 3751
f 3826 3829 3751
f 3800 3828 3799
f 3505 3800 3799
f 3859 4004 3983
f 3568 3803 3983
f 3753 3912 3858
f 3803 3859 3983
f 3886 3859 3803
f 3912 3720 3804
f 3720 3807 3804
f 3807 3778 3808
f 3805 3809 3724
f 3724 3809 3742
f 3808 3778 3868
f 3756 3779 3866
f 3723 3810 3722
f 3742 3809 3869
f 3742 3869 3901
f 3726 3705 3968
f 3507 3244 4409
f 3574 4253 4561
f 3943 3728 3710
f 3685 3696 3841
f 3712 3762 3903
f 3782 3991 3872
f 3788 3785 3784
f 3783 3786 3904
f 3785 3788 3787
f 3786 3699 3927
f 3699 3701 3927
f 3927 3701 3812
f 3788 3947 3789
f 3701 3767 3812
f 3790 3813 3733
f 3813 3790 3789
f 3907 3689 3594
f 3813 3814 3733
f 3815 3814 3813
f 3733 3814 3930
f 3713 3794 3931
f 3794 3816 3931
f 3931 3768 3713
f 3817 3959 3793
f 3816 3794 3795
f 3818 3817 3793
f 3846 3817 3819
f 3818 3819 3817
f 3798 3877 3797
f 3819 3822 3846
f 3798 3770 3877
f 3823 3820 3876
f 3819 3818 3822
f 3822 3821 3846
f 3818 3750 3827
f 3876 3932 3823
f 3818 3827 3822
f 3820 3826 3845
f 3823 3826 3820
f 3822 3824 3821
f 3827 3824 3822
f 3932 3825 3823
f 3826 3962 3829
f 3823 3962 3826
f 3825 4040 3823
f 4040 3962 3823
f 3827 3828 3824
f 3750 3799 3827
f 3828 3856 3824
f 3827 3799 3828
f 3771 3950 3801
f 3800 4114 3828
f 3857 4114 3800
f 3679 3774 3773
f 4095 3800 3505
f 3693 3801 4041
f 3774 3568 4042
f 3740 4144 3775
f 3831 3805 3860
f 3912 3804 3832
f 3803 3806 3886
f 3831 3834 3805
f 3832 3891 3887
f 3804 3833 3832
f 3804 3808 3833
f 3806 3862 3886
f 3835 3834 3831
f 3832 3833 3891
f 3892 3891 3833
f 3862 3806 3863
f 3804 3807 3808
f 3834 3837 3805
f 3833 3836 3892
f 3808 3836 3833
f 3835 3837 3834
f 3837 3809 3805
f 3808 3896 3836
f 3808 3868 3896
f 3722 3810 4084
f 3868 3839 3899
f 3866 3938 3811
f 3745 3695 3919
f 4368 3758 3236
f 3541 4170 3573
f 3589 3653 3942
f 3762 3783 3904
f 3947 3875 3789
f 3789 3875 3813
f 3906 3812 3766
f 3907 3768 4357
f 3843 4019 3844
f 3792 4207 3736
f 3736 4207 3961
f 3820 3845 3948
f 3879 3769 3961
f 3877 3770 3849
f 3769 3879 3852
f 3852 3879 3850
f 3851 3879 3878
f 3850 3879 3851
f 3770 3714 3849
f 4021 3949 3876
f 3876 3949 3932
f 3881 3849 3714
f 3855 3881 3714
f 3851 3880 3850
f 3852 3850 3738
f 3738 3850 3909
f 3850 3880 3882
f 3824 3856 3982
f 3909 3771 3738
f 3855 3773 3933
f 3829 3910 3830
f 4095 3752 4379
f 3753 4061 3752
f 3984 3776 3775
f 3883 4006 3860
f 3777 3911 3913
f 3884 3832 3887
f 3912 3832 3884
f 3861 3755 3777
f 3888 3861 3914
f 3861 3864 3755
f 3863 3889 3862
f 3861 3888 3915
f 3722 3889 3863
f 3864 3967 3779
f 3915 3917 3967
f 3967 3917 3935
f 3835 3865 3837
f 3865 3934 3837
f 3892 3836 3918
f 3837 3934 3867
f 3837 3867 3809
f 3809 3867 4067
f 4433 3474 3743
f 3695 4069 3919
f 3899 3839 3670
f 3923 4414 3616
f 3905 3788 3784
f 3924 3927 3842
f 4414 4137 3616
f 3788 3905 3947
f 3906 3929 3812
f 3947 3874 3875
f 3875 3874 4018
f 3997 3844 4019
f 3817 3980 3959
f 3997 3948 3844
f 3980 3817 3908
f 3948 3845 3844
f 3817 3846 3908
f 3981 3998 3847
f 3998 3877 3849
f 3847 3998 3848
f 3846 3821 4022
f 3848 3998 3849
f 3848 3849 3853
f 3982 3821 3824
f 3853 3849 3854
f 3849 3881 3854
f 3850 3882 3909
f 3853 3854 4024
f 3881 3855 3933
f 3982 3856 4002
f 3950 3963 3801
f 3801 3963 4041
f 4042 3568 3983
f 3752 4061 4347
f 3859 3886 4007
f 3831 3860 4006
f 3777 3913 3861
f 3885 3886 3862
f 3885 3862 3890
f 3952 3885 3890
f 3890 3862 3889
f 3965 3952 3890
f 3861 3915 3864
f 3864 3915 3967
f 3916 3965 3893
f 3893 3894 3916
f 3965 3890 3889
f 3965 3889 3893
f 3889 3722 4084
f 3953 3889 4084
f 3893 3889 3953
f 3894 3893 3953
f 3779 3967 3866
f 3836 3896 3918
f 3895 3918 3896
f 3780 3474 4433
f 3810 4118 4084
f 3869 3809 3897
f 4053 3869 3897
f 3811 3938 3900
f 3810 3940 4118
f 3869 4053 3901
f 3899 3670 4070
f 3095 4307 3244
f 4106 3653 3508
f 3552 3956 3840
f 3589 3942 3943
f 3786 3927 3924
f 3904 3786 3924
f 3905 3926 3947
f 3927 3812 4074
f 4074 3812 3928
f 3812 3929 3928
f 3906 3766 3929
f 3875 4018 4077
f 4077 4110 3875
f 4110 3813 3875
f 3815 4390 3814
f 4110 3815 3813
f 4390 3815 4110
f 3766 3791 3977
f 3846 4022 4032
f 3825 4211 4040
f 3856 4003 4002
f 3856 3828 4003
f 4379 3752 4347
f 3858 3912 3951
f 3886 4044 4007
f 3861 4064 3914
f 3915 3966 3917
f 3809 3989 3897
f 3596 4165 3757
f 4118 3940 4101
f 3596 4168 4165
f 3727 3652 4279
f 3507 4409 4105
f 4134 3489 3433
f 3972 3761 3685
f 3903 3762 3957
f 3904 3957 3762
f 3957 3924 3992
f 3904 3924 3957
f 3873 3872 3946
f 3784 3873 3946
f 3784 3946 3905
f 3925 3924 3842
f 3994 4076 4018
f 3908 4020 3980
f 3847 3848 4037
f 3771 3909 3950
f 3910 4268 3830
f 3693 4041 3740
f 3912 3884 3951
f 3911 4146 3913
f 3914 3985 3888
f 3985 3915 3888
f 3915 3985 4116
f 3965 3986 4097
f 4116 3966 3915
f 3965 3916 3986
f 3953 4084 4066
f 3918 4013 4048
f 3895 4013 3918
f 3866 3967 4275
f 3934 3988 3867
f 4013 3895 3896
f 4067 3989 3809
f 3868 4085 3896
f 4068 3898 3694
f 3744 3968 4049
f 3757 4165 4197
f 3757 4197 3990
f 4054 3668 3683
f 4169 3781 3727
f 3901 4219 3707
f 3921 4088 3759
f 3841 3972 3685
f 3903 3957 4353
f 3976 3946 3872
f 3926 3946 3976
f 3905 3946 3926
f 3842 3927 3993
f 3929 3766 3928
f 3766 3977 3928
f 4019 3843 4314
f 3820 3948 3960
f 3948 4058 3960
f 3960 3876 3820
f 3878 3879 4143
f 3878 4143 3999
f 4035 3847 4037
f 3825 3932 4211
f 3880 4001 3882
f 3882 4001 4038
f 3909 3882 4113
f 3829 4266 3910
f 4005 3964 3883
f 4026 4061 3858
f 3883 3964 4006
f 3886 3885 4044
f 3861 3913 4146
f 3887 3891 4145
f 3835 4081 3865
f 3892 3918 4027
f 3987 3894 3953
f 3988 3934 4012
f 4133 4067 3867
f 3868 3899 4085
f 3743 3939 4613
f 3705 3669 4031
f 3683 3534 4054
f 4368 3236 3969
f 3942 4014 3943
f 3782 3944 3991
f 3842 3993 3925
f 3927 4074 3993
f 3478 4355 4152
f 4018 3874 3994
f 4357 3768 3931
f 3735 3658 3979
f 3735 3979 3792
f 3816 3795 4179
f 3960 4021 3876
f 4035 3981 3847
f 3878 3999 3851
f 3999 4036 3851
f 3848 3853 4037
f 4037 3853 4023
f 3880 3851 4000
f 4023 3853 4024
f 4211 4126 4040
f 3882 4038 4113
f 3909 4161 3950
f 4003 3828 4114
f 3950 4025 3963
f 4233 3830 4268
f 4233 3802 3830
f 4320 3800 4095
f 4026 3858 3951
f 3859 4007 4062
f 3951 3884 4043
f 3884 3887 4043
f 4190 4146 3911
f 3885 4045 4044
f 3914 4064 4008
f 4045 3885 4009
f 3892 4027 3891
f 3916 3894 3986
f 3966 4010 3917
f 3917 4010 3935
f 4011 3935 4010
f 3935 4011 3967
f 4085 4304 3896
f 4613 4433 3743
f 3838 4030 3955
f 3838 3744 4030
f 3899 4070 4050
f 4278 3870 3919
f 4169 3563 3781
f 3870 4278 4306
f 3433 3507 4105
f 4014 3942 4107
f 3956 4222 3840
f 4222 4281 3840
f 3840 4281 3922
f 3973 3872 3991
f 3957 3974 4353
f 3957 3992 3974
f 3976 3872 3973
f 3926 4017 3947
f 3947 4017 3874
f 3996 3928 3977
f 3814 4205 3930
f 4205 4565 3930
f 3908 3846 4032
f 4032 4020 3908
f 3998 3981 4078
f 3881 3933 4060
f 3881 4060 3854
f 3909 4113 4161
f 3829 3962 4266
f 3933 3773 4186
f 3831 4063 3835
f 4145 3891 4027
f 3885 3952 4009
f 3986 3894 3987
f 4012 3867 3988
f 3867 4012 4133
f 3780 4068 3694
f 3744 4049 4030
f 4051 3695 3954
f 4053 4219 3901
f 3940 3902 4249
f 4251 3541 3584
f 4331 3728 4015
f 3971 3761 4055
f 3972 4055 3761
f 4015 3728 3943
f 3841 3922 4121
f 3973 3991 3975
f 3925 4073 3924
f 3995 3928 3996
f 3958 4157 3658
f 3931 3816 4372
f 3816 4373 4372
f 4372 4357 3931
f 3658 4157 3979
f 3795 3797 4179
f 4141 3797 3877
f 3851 4036 4000
f 3821 3982 4022
f 3880 4000 4001
f 3854 4060 4024
f 3857 4320 4114
f 4266 4268 3910
f 3933 4186 4039
f 3800 4320 3857
f 4187 3802 4233
f 3859 4062 4004
f 4064 3861 4146
f 4008 3985 3914
f 4009 3952 3965
f 4097 4009 3965
f 3918 4048 4027
f 3934 3936 4012
f 4028 4067 4133
f 3896 4304 4013
f 3866 4216 3938
f 3695 4051 4069
f 4249 4101 3940
f 3919 4086 4278
f 4407 4120 3898
f 3669 3758 4031
f 3614 3706 4570
f 3652 4352 4369
f 3760 3761 3971
f 3991 4016 3975
f 3975 4016 4089
f 3992 4174 3974
f 3926 3976 4075
f 3993 4074 4057
f 3926 4075 4017
f 3874 4017 3994
f 3814 4390 4205
f 3843 4565 4314
f 3816 4179 4373
f 3948 3997 4058
f 3998 4141 3877
f 3998 4078 4141
f 4035 4078 3981
f 3933 4039 4060
f 3963 4321 4041
f 4187 4115 3802
f 4043 3887 4145
f 3865 3936 3934
f 3953 4066 3987
f 4085 3899 4050
f 3668 4054 4117
f 4086 3919 4069
f 4029 4100 3954
f 4102 3563 4169
f 3900 4198 3725
f 3563 4102 3706
f 3725 4198 3534
f 3707 4558 4199
f 4280 3970 4134
f 4106 3508 4135
f 3956 3970 4072
f 4331 3921 3728
f 4072 4222 3956
f 3841 4121 4171
f 4016 3973 4089
f 3992 3924 4073
f 3973 3975 4089
f 3925 4109 4073
f 3925 3993 4057
f 4018 4076 4077
f 3930 4565 3843
f 4143 4033 3999
f 4034 4033 4143
f 4079 4078 4035
f 4037 4079 4035
f 3999 4033 4036
f 4059 4036 4033
f 4036 4059 4000
f 4023 4079 4037
f 4001 4000 4038
f 4023 4024 4060
f 4041 4144 3740
f 3776 4190 3911
f 4006 3964 4063
f 3831 4006 4063
f 4322 4146 4190
f 4045 4046 4044
f 4009 4046 4045
f 4097 4046 4009
f 4097 3986 4131
f 3966 4116 4010
f 3987 4131 3986
f 4047 4010 4116
f 4065 4131 3987
f 4047 4011 4010
f 4012 3936 4133
f 3668 4117 4247
f 4052 4029 3299
f 4029 4052 4100
f 4219 4558 3707
f 4279 3652 4369
f 4570 4307 3614
f 3921 4331 4088
f 4106 3942 3653
f 4281 4121 3922
f 3943 4014 4150
f 4150 4015 3943
f 3991 3944 4254
f 4353 3974 4200
f 4074 3928 4153
f 3928 3995 4153
f 4204 3995 3996
f 4313 3703 3959
f 4178 3997 4019
f 4178 4058 3997
f 3962 4040 4126
f 4063 4081 3835
f 4008 4116 3985
f 4065 3987 4066
f 3780 4433 4068
f 4247 4117 4069
f 4069 4117 4148
f 4086 4148 4051
f 4247 4051 4148
f 4051 4247 4069
f 4148 4086 4069
f 3954 4100 4051
f 3705 4087 3968
f 4197 4119 3990
f 3705 4031 4087
f 4070 3670 4250
f 4106 4107 3942
f 3841 4171 3972
f 3991 4173 4016
f 3925 4057 4109
f 3976 4154 4075
f 3978 3546 4111
f 3546 3703 4258
f 4178 4019 4091
f 4034 4059 4033
f 4022 3982 4183
f 4093 4094 4038
f 4038 4094 4113
f 3950 4161 4025
f 3773 3774 4186
f 3775 4144 4127
f 3775 4127 3984
f 4063 3964 4080
f 3951 4043 4128
f 4008 4064 4129
f 4008 4129 4116
f 4129 4096 4116
f 4130 4046 4097
f 4065 4163 4131
f 4082 4163 4065
f 4116 4132 4047
f 4047 4132 4098
f 4065 4066 4082
f 4083 4011 4047
f 4083 4047 4098
f 3967 4011 4275
f 4195 4048 4013
f 4049 3968 4087
f 4249 3902 4382
f 3902 4120 4382
f 4169 3727 4477
f 3760 4917 3671
f 4056 4151 3923
f 3974 4174 4200
f 3992 4073 4174
f 4073 4109 4108
f 3994 4017 4090
f 4090 4076 3994
f 4077 4076 4090
f 4090 4110 4077
f 4314 4091 4019
f 4078 4209 4141
f 4209 4078 4122
f 4079 4122 4078
f 4123 4122 4079
f 4022 4125 4159
f 4079 4023 4092
f 4000 4093 4038
f 4092 4023 4112
f 4023 4060 4112
f 4189 3964 4005
f 4026 3951 4128
f 4004 4062 4399
f 3964 4189 4080
f 4046 4130 4044
f 4191 4130 4097
f 4191 4097 4131
f 3865 4193 3936
f 4051 4149 4086
f 4051 4100 4149
f 4119 4167 3990
f 3446 3522 4104
f 4411 3944 3945
f 4154 3976 3973
f 4074 4153 4057
f 3995 4155 4153
f 4017 4075 4090
f 3689 4139 4355
f 3977 4140 3996
f 3689 3907 4139
f 4138 4390 4110
f 3977 4177 4140
f 3791 4177 3977
f 3978 4177 3791
f 3978 4111 4177
f 4111 3546 4258
f 3959 4158 4313
f 3959 3980 4158
f 4207 4208 3961
f 3961 4181 3879
f 4181 3961 4208
f 4034 4143 4142
f 4059 4265 4000
f 4079 4124 4123
f 3932 4263 4211
f 4043 4298 4128
f 4066 4084 4099
f 3936 4193 4133
f 4013 4304 4195
f 3866 4275 4216
f 4099 4084 4118
f 4068 4589 3898
f 3900 4166 4198
f 4602 4352 4104
f 4014 4107 4150
f 3972 4171 4055
f 3944 4411 4254
f 4056 3903 4151
f 3991 4254 4173
f 3973 4016 4154
f 4075 4154 4156
f 4156 4090 4075
f 4090 4156 4110
f 4156 4138 4110
f 4258 3703 4313
f 3797 4180 4179
f 4141 4180 3797
f 4225 4020 4032
f 3879 4181 4143
f 4032 4022 4159
f 4261 4059 4034
f 4125 4022 4183
f 4092 4124 4079
f 4092 4112 4210
f 3982 4002 4183
f 4095 4379 4376
f 4061 4026 4347
f 4043 4145 4298
f 4146 4162 4064
f 4064 4162 4129
f 4063 4297 4081
f 4130 4191 4192
f 4192 4191 4131
f 4027 4048 4213
f 4132 4243 4098
f 4098 4245 4083
f 4082 4066 4147
f 4099 4118 4366
f 3989 4276 3897
f 3897 4276 4053
f 4276 4248 4053
f 3939 4675 4613
f 3955 4543 3939
f 3939 4543 4675
f 4543 3955 4030
f 4070 4305 4050
f 4166 3900 3938
f 4136 4150 4107
f 4154 4016 4173
f 4073 4108 4174
f 4174 4108 4201
f 4153 4201 4108
f 4153 4108 4057
f 4108 4109 4057
f 4140 4204 3996
f 4337 4091 4314
f 4178 4206 4058
f 4143 4181 4182
f 4228 4209 4122
f 4021 4259 3949
f 4259 4230 3949
f 4034 4142 4261
f 4059 4261 4265
f 4123 4124 4160
f 3949 4230 3932
f 4093 4000 4265
f 4271 4187 4233
f 3983 4004 4401
f 4004 4399 4401
f 4346 4042 3983
f 4401 4346 3983
f 4239 4116 4096
f 4214 4116 4239
f 4213 4048 4194
f 4011 4083 4245
f 4195 4274 4048
f 4085 4050 4196
f 4164 4118 4101
f 4053 4248 4219
f 3670 3613 4250
f 4251 4170 3541
f 4107 4106 4308
f 4221 4331 4015
f 4150 4221 4015
f 4136 4107 4308
f 3903 4353 4151
f 4153 4155 4202
f 4155 3995 4204
f 4156 4176 4138
f 4143 4182 4142
f 4265 4184 4093
f 4093 4184 4094
f 4210 4112 4185
f 4060 4039 4212
f 4060 4212 4112
f 3984 4235 3776
f 4026 4295 4347
f 4026 4128 4295
f 4297 4063 4080
f 4145 4296 4298
f 4146 4322 4162
f 4130 4236 4044
f 4130 4237 4236
f 4130 4192 4237
f 4129 4238 4096
f 4238 4239 4096
f 4214 4132 4116
f 4132 4214 4243
f 4192 4082 4147
f 4011 4245 4275
f 4048 4273 4194
f 4048 4274 4273
f 4215 4028 4133
f 4085 4196 4304
f 3938 4216 4166
f 4070 4250 4351
f 4102 4647 3706
f 4199 4558 4559
f 3613 4103 4250
f 4167 4251 3584
f 4561 4447 3941
f 4519 4220 4170
f 4561 4253 4410
f 3970 4594 4072
f 4106 4496 4308
f 4497 4222 4072
f 4172 4173 4254
f 4172 4175 4173
f 3923 4151 4414
f 4154 4173 4175
f 4201 4153 4311
f 4153 4202 4311
f 4355 4139 4224
f 4058 4206 3960
f 4141 4209 4226
f 4228 4122 4160
f 4122 4123 4160
f 4124 4092 4210
f 4112 4212 4185
f 4113 4094 4184
f 4113 4184 4232
f 4113 4232 4161
f 3962 4267 4266
f 4114 4320 4344
f 3774 4042 4188
f 3776 4235 4190
f 4128 4298 4323
f 4044 4236 4007
f 4145 4027 4213
f 4192 4131 4163
f 4299 3865 4081
f 4163 4082 4192
f 4066 4099 4147
f 4215 4133 4193
f 4068 4433 4816
f 4816 4589 4068
f 4196 4050 4305
f 4366 4118 4164
f 4049 4087 4277
f 4305 4070 4351
f 4407 3898 4589
f 4087 4031 4217
f 4434 4306 4278
f 4103 4306 4408
f 4447 4252 3941
f 4134 3433 4105
f 4562 4135 4220
f 4172 4283 4175
f 4174 4201 4200
f 4283 4285 4175
f 4312 4154 4175
f 4156 4154 4312
f 4312 4176 4156
f 4155 4140 4202
f 4204 4140 4155
f 4203 4138 4176
f 3958 4418 4157
f 4338 4178 4091
f 4206 4178 4338
f 4141 4226 4180
f 4259 4021 3960
f 4230 4263 3932
f 3962 4126 4267
f 4344 4003 4114
f 4344 4320 4270
f 4187 4400 4115
f 4115 4400 4234
f 4005 4115 4234
f 4005 4234 4189
f 4129 4162 4238
f 4243 4245 4098
f 4275 4245 4244
f 4195 4304 4274
f 4278 4086 4149
f 4101 4249 4164
f 4168 4218 4165
f 4570 3706 4647
f 4199 4559 4168
f 4103 4408 4250
f 4383 3522 4071
f 4631 4106 4135
f 3671 4917 3871
f 4171 4121 4309
f 4151 4353 4607
f 4353 4200 4201
f 3945 4152 4563
f 4257 4312 4285
f 4285 4312 4175
f 4202 4140 4291
f 4203 4223 4290
f 4176 4223 4203
f 4387 4140 4177
f 4387 4291 4140
f 4177 4111 4387
f 4358 4158 3980
f 3980 4020 4358
f 4226 4209 4228
f 4142 4182 4227
f 4231 4226 4228
f 4227 4261 4142
f 4032 4159 4225
f 4260 4229 4226
f 4264 4262 4341
f 4231 4160 4124
f 4124 4210 4231
f 4125 4183 4002
f 4185 4212 4260
f 4232 4262 4264
f 4211 4263 4126
f 4262 4232 4265
f 3774 4188 4186
f 4376 4320 4095
f 4188 4042 4346
f 4295 4128 4323
f 4237 4192 4236
f 4213 4296 4145
f 4236 4192 4240
f 4162 4241 4238
f 4214 4239 4242
f 4241 4242 4238
f 4192 4147 4240
f 4147 4246 4240
f 4242 4243 4214
f 4299 4193 3865
f 4241 4244 4242
f 4242 4244 4243
f 4244 4245 4243
f 4147 4099 4246
f 4330 4246 4099
f 4244 4272 4275
f 4216 4275 4349
f 4117 4054 4580
f 4382 4120 4407
f 3970 4280 4594
f 4497 4281 4222
f 4332 4121 4281
f 4201 4311 4256
f 4335 4311 4286
f 4311 4202 4286
f 4137 4418 3958
f 4336 4111 4258
f 4337 4338 4091
f 4229 4180 4226
f 4182 4181 4227
f 4340 4227 4181
f 4341 4227 4340
f 4228 4160 4231
f 4227 4341 4262
f 4227 4262 4261
f 4225 4159 4125
f 4226 4231 4260
f 4231 4185 4260
f 4210 4185 4231
f 4262 4265 4261
f 4345 4232 4264
f 4265 4232 4184
f 4232 4345 4161
f 4212 4039 4361
f 4271 4400 4187
f 4322 4241 4162
f 4364 4241 4322
f 4240 4429 4236
f 4300 4429 4240
f 4239 4238 4242
f 4328 4241 4364
f 4240 4246 4300
f 4241 4272 4244
f 4272 4241 4328
f 4099 4303 4330
f 4215 4193 4028
f 4274 4304 4273
f 4099 4366 4303
f 4067 4028 3989
f 4148 3937 4247
f 4049 4277 4464
f 4165 4350 4197
f 3534 4198 4478
f 4478 4054 3534
f 4279 4477 3727
f 4280 4652 4594
f 4631 4496 4106
f 4121 4332 4309
f 4353 4201 4255
f 4254 4282 4172
f 4283 4172 4282
f 4201 4256 4255
f 4286 4287 4335
f 4286 4202 4288
f 4288 4202 4291
f 4176 4370 4223
f 4176 4416 4370
f 4289 4288 4291
f 4289 4291 4371
f 4336 4258 4440
f 4020 4292 4358
f 4180 4374 4179
f 4020 4225 4292
f 4396 4395 4229
f 4396 4229 4260
f 4259 3960 4230
f 4342 4396 4260
f 4292 4225 4293
f 4339 4292 4293
f 4225 4125 4293
f 4230 4294 4263
f 4339 4293 4318
f 4293 4125 4002
f 4263 4319 4126
f 4293 4002 4003
f 4318 4293 4003
f 4260 4361 4342
f 4260 4212 4361
f 4361 4039 4186
f 4126 4319 4267
f 4025 4161 4345
f 4233 4268 4269
f 4080 4189 4325
f 4325 4297 4080
f 4324 4007 4236
f 4323 4298 4327
f 4236 4429 4324
f 4326 4297 4325
f 4298 4296 4302
f 4296 4213 4302
f 4327 4298 4302
f 4081 4297 4326
f 4213 4194 4302
f 4330 4300 4246
f 4301 4327 4302
f 4273 4302 4194
f 4301 4302 4273
f 4028 4193 4329
f 4304 4301 4273
f 4028 4329 3989
f 4329 4276 3989
f 4049 4464 4030
f 4276 4405 4248
f 4165 4218 4350
f 4693 4102 4169
f 4166 4546 4198
f 4198 4546 4478
f 4031 3758 4646
f 4136 4308 4522
f 4150 4136 4221
f 4353 4435 4607
f 4254 4310 4282
f 4563 4152 4333
f 4255 4256 4412
f 4152 4355 4333
f 4257 4285 4284
f 4334 4285 4283
f 4451 4312 4257
f 4335 4287 4523
f 4356 4138 4203
f 4138 4356 4390
f 4111 4336 4387
f 4258 4313 4440
f 4206 4338 4359
f 4229 4374 4180
f 4206 4315 3960
f 4315 4316 4317
f 3960 4315 4317
f 3960 4317 4230
f 4317 4294 4230
f 4294 4317 4263
f 4263 4317 4319
f 4317 4316 4319
f 4531 4345 4264
f 4319 4316 4343
f 4343 4267 4319
f 4318 4003 4344
f 4269 4266 4267
f 4268 4266 4269
f 4269 4271 4233
f 4144 4426 4127
f 4348 4381 4327
f 4325 4549 4326
f 4326 4299 4081
f 4299 4326 4329
f 4272 4328 4516
f 4301 4348 4327
f 4299 4329 4193
f 4301 4304 4196
f 4275 4272 4349
f 4276 4329 4405
f 4148 4117 4612
f 4406 4164 4249
f 4278 4493 4434
f 4493 4278 4149
f 4557 4149 4100
f 4248 4405 4219
f 4277 4087 4217
f 4405 4558 4219
f 4170 4251 4519
f 4221 4466 4331
f 4281 4520 4332
f 4136 4522 4498
f 4254 4411 4310
f 4354 4151 4607
f 4285 4334 4284
f 4257 4284 4451
f 4415 4312 4451
f 4290 4223 4370
f 4371 4291 4417
f 4418 4137 4414
f 4291 4387 4417
f 3792 3979 4207
f 4391 4158 4358
f 4374 4229 4395
f 4375 4292 4339
f 4206 4359 4315
f 4315 4359 4316
f 4359 4343 4316
f 4339 4318 4394
f 4344 4270 4394
f 4394 4318 4344
f 4320 4376 4270
f 4400 4402 4234
f 4189 4234 4402
f 4295 4380 4347
f 4189 4402 4325
f 4190 4428 4322
f 4007 4324 4486
f 4322 4428 4364
f 4323 4327 4381
f 4166 4216 4367
f 4166 4367 4546
f 4718 4102 4693
f 4102 4718 4647
f 3522 4518 4104
f 3522 4383 4518
f 4072 4594 4615
f 4522 4308 4496
f 4256 4311 4413
f 4311 4335 4413
f 4415 4176 4312
f 4176 4415 4416
f 4289 4371 4482
f 4290 4370 4386
f 4203 4290 4386
f 4386 4356 4203
f 4387 4336 4388
f 4391 4313 4158
f 4374 4420 4179
f 4181 4208 4360
f 4181 4360 4393
f 4360 4457 4393
f 4393 4340 4181
f 4395 4396 4423
f 4359 4442 4343
f 4442 4362 4343
f 4341 4398 4264
f 4396 4342 4474
f 4375 4339 4394
f 4264 4398 4531
f 4269 4343 4362
f 4267 4343 4269
f 4376 4394 4270
f 4345 4377 4025
f 4378 4361 4186
f 4377 4321 4025
f 4025 4321 3963
f 4188 4346 4378
f 4380 4379 4347
f 4062 4007 4363
f 4363 4007 4486
f 4196 4305 4351
f 4197 4545 4119
f 4119 4581 4167
f 4168 4559 4218
f 4519 4251 4648
f 4409 3244 4720
f 4220 4519 4562
f 4497 4520 4281
f 4309 4448 4171
f 4353 4255 4435
f 4435 4255 4412
f 4151 4354 4414
f 4287 4286 4385
f 4385 4523 4287
f 4289 4482 4288
f 4288 4482 4438
f 4205 4454 4565
f 4205 4390 4454
f 4388 4484 4387
f 3907 4357 4389
f 4338 4392 4359
f 4358 4292 4422
f 4292 4375 4422
f 4360 4208 4421
f 4342 4361 4474
f 4460 4361 4378
f 4186 4188 4378
f 4144 4041 4426
f 4235 3984 4127
f 4380 4295 4381
f 4235 4463 4190
f 4428 4190 4463
f 4295 4323 4381
f 4325 4402 4549
f 4549 4578 4326
f 4365 4446 4303
f 4348 4301 4403
f 4303 4366 4365
f 4196 4403 4301
f 4404 4349 4272
f 4030 4538 4543
f 4030 4464 4538
f 4196 4351 4403
f 4117 4580 4612
f 4197 4350 4495
f 4197 4495 4545
f 4580 4054 4478
f 4592 4352 4602
f 4966 3969 4252
f 4466 4088 4331
f 4282 4384 4283
f 4283 4384 4334
f 4384 4437 4334
f 4335 4523 4413
f 4286 4501 4385
f 4371 4439 4482
f 4386 4416 4356
f 4417 4387 4469
f 4390 4356 4455
f 4373 4420 4372
f 4373 4179 4420
f 4337 4392 4338
f 4391 4358 4422
f 4395 4441 4374
f 4392 4442 4359
f 4422 4375 4394
f 4340 4505 4341
f 4549 4402 4400
f 4463 4127 4426
f 4463 4235 4127
f 4399 4062 4363
f 4401 4399 4427
f 4427 4399 4363
f 4428 4509 4364
f 4364 4509 4328
f 4578 4329 4326
f 4272 4516 4432
f 4348 4403 4431
f 4272 4476 4404
f 4272 4432 4476
f 4216 4349 4367
f 4366 4164 4406
f 4217 4031 4646
f 4169 4477 4693
f 4351 4250 4740
f 4695 3920 4741
f 4465 4088 4466
f 4384 4282 4310
f 4333 4355 4224
f 4286 4288 4501
f 4370 4416 4386
f 4371 4417 4439
f 4662 4418 4414
f 4469 4387 4484
f 4454 4390 4455
f 4418 4419 4157
f 4357 4372 4470
f 4313 4391 4440
f 4440 4391 4422
f 3979 4157 4419
f 4372 4420 4470
f 4337 4314 4392
f 4207 3979 4419
f 4421 4207 4419
f 4208 4207 4421
f 4470 4420 4374
f 4374 4441 4470
f 4471 4393 4457
f 4422 4394 4673
f 4456 4395 4423
f 4425 4472 4443
f 4397 4473 4424
f 4377 4345 4459
f 4460 4378 4644
f 4362 4271 4269
f 4346 4401 4427
f 4324 4429 4487
f 4490 4330 4303
f 4365 4366 4406
f 4406 4446 4365
f 4349 4404 4367
f 4403 4351 4431
f 4406 4249 4446
f 4446 4249 4382
f 4408 4306 4569
f 4167 4581 4251
f 3759 4541 4071
f 4541 3759 4582
f 3920 4627 4741
f 3945 4563 4411
f 4310 4436 4384
f 4468 4412 4256
f 4256 4413 4468
f 4334 4437 4284
f 4288 4438 4501
f 4415 4453 4416
f 4417 4469 4439
f 4416 4453 4356
f 4731 4418 4662
f 4336 4440 4687
f 4389 4357 4470
f 4360 4421 4457
f 4458 4457 4421
f 4393 4505 4340
f 4460 4644 4425
f 4474 4361 4508
f 4459 4532 4377
f 4377 4532 4321
f 4321 4426 4041
f 4381 4567 4380
f 4463 4461 4428
f 4429 4300 4475
f 4462 4444 4445
f 4328 4509 4514
f 4514 4516 4328
f 4300 4330 4475
f 4330 4490 4475
f 4446 4536 4445
f 4491 4303 4446
f 4404 4476 4537
f 4476 4432 4492
f 4431 4351 4740
f 4592 4369 4352
f 4720 3244 4307
f 4694 4134 4105
f 4136 4498 4221
f 4221 4498 4466
f 4171 4448 4055
f 4436 4310 4449
f 4412 4450 4435
f 4468 4450 4412
f 4284 4525 4451
f 4354 4662 4414
f 4501 4438 4524
f 4453 4415 4451
f 4453 4451 4452
f 4139 4389 4556
f 3907 4389 4139
f 4453 4455 4356
f 4389 4470 4780
f 4440 4422 4687
f 4395 4456 4441
f 4457 4458 4526
f 4441 4504 4443
f 4458 4542 4397
f 4542 4485 4397
f 4505 4398 4341
f 4397 4485 4473
f 4443 4506 4425
f 4472 4425 4644
f 4425 4506 4460
f 4361 4460 4508
f 4271 4735 4400
f 4378 4346 4861
f 4363 4486 4533
f 4509 4428 4461
f 4427 4363 4462
f 4463 4430 4510
f 4363 4533 4444
f 4363 4444 4462
f 4489 4491 4445
f 4445 4491 4446
f 4303 4491 4490
f 3937 4612 4645
f 4612 3937 4148
f 4600 3299 3937
f 4600 4052 3299
f 4464 4277 4494
f 4217 4494 4277
f 4545 4581 4119
f 3920 4695 4253
f 4072 4615 4497
f 3760 4721 4917
f 4479 3971 4055
f 4435 4450 4607
f 4310 4467 4449
f 4384 4436 4437
f 4421 4542 4458
f 4393 4471 4505
f 4458 4397 4526
f 4504 4506 4443
f 4526 4397 4424
f 4506 4507 4460
f 4362 4442 4271
f 4460 4507 4508
f 4532 4426 4321
f 4486 4324 4487
f 4463 4534 4430
f 4462 4445 4513
f 4430 4488 4510
f 4510 4488 4535
f 4430 4515 4488
f 4404 4546 4367
f 4495 4494 4217
f 4434 4569 4306
f 4279 4369 4540
f 3759 4088 4582
f 4563 4467 4411
f 4310 4411 4467
f 4467 4480 4449
f 4480 4284 4449
f 4284 4437 4449
f 4437 4481 4449
f 4481 4436 4449
f 4523 4547 4413
f 4451 4525 4452
f 4439 4469 4502
f 4483 4455 4453
f 4504 4441 4456
f 4457 4527 4471
f 4443 4472 4833
f 4474 4423 4396
f 4345 4531 4459
f 4735 4549 4400
f 4379 4380 4567
f 4346 4427 4462
f 4463 4510 4461
f 4429 4475 4487
f 4444 4489 4445
f 4515 4476 4488
f 4445 4536 4513
f 4578 4405 4329
f 4488 4476 4492
f 4490 4491 4517
f 4350 4494 4495
f 4494 4350 4544
f 4250 4408 4740
f 3758 4368 4571
f 4251 5403 4648
f 3760 3971 4479
f 4552 4499 4468
f 4450 4468 4499
f 4500 4436 4480
f 4500 4553 4436
f 4480 4481 4284
f 4436 4481 4480
f 4436 4553 4437
f 4468 4413 4552
f 4552 4413 4547
f 4481 4554 4284
f 4437 4554 4481
f 4385 4501 4576
f 4525 4555 4452
f 4453 4452 4483
f 4452 4555 4483
f 4469 4484 4502
f 4502 4484 4503
f 4418 4731 4419
f 4527 4457 4526
f 4423 4474 4528
f 4485 4459 4473
f 4398 4529 4531
f 4508 4528 4474
f 4424 4473 4530
f 4473 4459 4530
f 4644 4378 4861
f 4861 4346 4462
f 4426 4534 4463
f 4486 4487 4533
f 4533 4487 4511
f 4511 4487 4512
f 4381 4348 4567
f 4487 4475 4512
f 4461 4514 4509
f 4488 4492 4535
f 4475 4490 4512
f 4512 4490 4517
f 4537 4546 4404
f 4557 4493 4149
f 4495 4217 4544
f 4495 4544 4545
f 4100 6030 4557
f 4407 4589 4719
f 5403 4251 4581
f 4368 3969 4571
f 4104 4518 4602
f 4650 4652 4280
f 4521 4466 4498
f 4480 4467 4584
f 4480 4584 4500
f 4499 4607 4450
f 4354 4825 4662
f 4576 4501 4524
f 4524 4438 4502
f 4482 4439 4548
f 4439 4502 4548
f 4484 4388 4503
f 4470 4441 4780
f 4443 4833 4441
f 4471 4527 4505
f 4504 4456 4528
f 4456 4423 4528
f 4504 4528 4506
f 4527 4526 4424
f 4505 4527 4529
f 4505 4529 4398
f 4527 4424 4529
f 4529 4424 4530
f 4506 4528 4507
f 4485 4532 4459
f 4507 4528 4508
f 4529 4530 4531
f 4459 4531 4530
f 4533 4511 4444
f 4444 4511 4489
f 4489 4511 4512
f 4461 4510 4535
f 4534 4515 4430
f 4514 4535 4516
f 4461 4535 4514
f 4516 4535 4432
f 4515 4537 4476
f 4489 4517 4491
f 4512 4517 4489
f 4535 4492 4432
f 4464 4539 4538
f 4494 4539 4464
f 5097 4493 4557
f 4738 4052 4600
f 4544 4539 4494
f 4493 5097 4434
f 4052 4738 4100
f 4217 4539 4544
f 4431 4740 4767
f 4646 3758 4770
f 4071 4541 4383
f 4582 4088 4614
f 4088 4465 4614
f 4497 4551 4520
f 4309 4596 4448
f 4467 4563 4584
f 4584 4573 4500
f 4573 4553 4500
f 4607 4499 4552
f 4284 4554 4525
f 4438 4548 4502
f 4503 4524 4502
f 4388 4336 4706
f 4421 4731 4542
f 4711 4376 4566
f 4540 4369 4592
f 4134 4694 4280
f 4466 4521 4465
f 4744 4497 4615
f 4572 4497 4744
f 4497 4572 4551
f 4055 4606 4479
f 4607 4552 4574
f 4586 4547 4523
f 4586 4523 4385
f 4525 4554 4610
f 4482 4548 4438
f 4687 4422 4673
f 4419 4731 4421
f 4542 4783 4485
f 4783 4532 4485
f 4566 4376 4379
f 4534 4763 4515
f 4550 4350 4218
f 4408 4560 4740
f 4571 3969 4966
f 4593 4562 4519
f 4721 3760 4479
f 4551 4332 4520
f 4522 4496 4583
f 4498 4522 4583
f 4583 4521 4498
f 4596 4309 4332
f 4620 4607 4574
f 4608 4437 4553
f 4575 4586 4385
f 4224 4139 4556
f 4525 4610 4555
f 4576 4524 4588
f 4524 4503 4588
f 4388 4704 4503
f 4388 4706 4704
f 4706 4336 4687
f 4705 4622 4314
f 4394 4376 4711
f 4426 4838 4534
f 4462 4513 4898
f 4567 4348 4431
f 4645 4600 3937
f 4539 4590 4538
f 4538 4590 4579
f 4537 4790 4546
f 4579 4543 4538
f 4350 4550 4544
f 4446 4382 4536
f 4546 4790 4478
f 4408 4569 4560
f 4694 4604 4280
f 4917 4627 3871
f 4552 4585 4574
f 4608 4553 4573
f 4552 4547 4585
f 4437 4608 4554
f 4547 4564 4585
f 4333 4224 4597
f 4385 4576 4575
f 4587 4555 4610
f 4587 4483 4555
f 4587 4599 4483
f 4599 4455 4483
f 4454 4705 4565
f 4565 4705 4314
f 4314 4622 4392
f 4674 4790 4537
f 4590 4568 4579
f 4539 4217 5098
f 4217 4646 5098
f 4601 4581 4545
f 4477 4279 4769
f 4604 4650 4280
f 4055 4448 4606
f 4596 4633 4448
f 4584 4657 4573
f 4333 4597 4563
f 4608 4609 4554
f 4547 4586 4564
f 4576 4577 4598
f 4576 4588 4577
f 4780 4441 4833
f 4578 4874 4405
f 4768 4612 4580
f 4544 4550 4591
f 4544 4591 4545
f 4591 4601 4545
f 3758 4571 4770
f 4720 4307 4570
f 4562 4631 4135
f 4496 4595 4583
f 4551 4794 4332
f 5424 4354 4607
f 4620 4574 4585
f 4554 4609 4610
f 4611 4575 4576
f 4576 4598 4611
f 4577 4588 4642
f 4454 4455 4705
f 4643 4394 4756
f 4833 4472 4804
f 4392 4805 4442
f 4689 4567 4736
f 4534 4838 4763
f 4567 4431 4715
f 4543 5096 4675
f 5096 4543 4579
f 4539 5098 4590
f 4719 4589 4692
f 4405 4961 4558
f 4409 4624 4105
f 4605 4541 4582
f 4793 4465 4521
f 4583 4679 4521
f 4448 4633 4606
f 4585 4638 4620
f 4564 4586 4575
f 4587 4610 4621
f 4575 4611 4564
f 4597 4224 4556
f 4587 4621 4599
f 4598 4577 4641
f 4455 4671 4705
f 4542 4731 4783
f 4713 4578 4549
f 4736 4567 4737
f 4763 4537 4515
f 4477 5568 4693
f 4624 4409 4720
f 4605 4603 4541
f 4721 4479 4722
f 4496 4677 4595
f 4479 4606 4722
f 4722 4606 4633
f 4617 4616 4618
f 4573 4657 4608
f 4659 4585 4564
f 4609 4608 4621
f 4621 4610 4609
f 4671 4455 4599
f 4394 4643 4673
f 4472 4644 4804
f 4783 4733 4532
f 4532 4733 4426
f 4271 4734 4735
f 4644 4861 4837
f 4566 4379 4689
f 4379 4567 4689
f 4426 4733 4838
f 4550 4590 4591
f 4594 4652 4629
f 4582 4614 4605
f 4615 4594 4629
f 4677 4496 4631
f 4698 4572 4744
f 4572 4698 4551
f 4521 4679 4793
f 4583 4595 4679
f 4619 4618 4616
f 4636 4619 4616
f 4653 4619 4636
f 4618 4637 4617
f 4654 4619 4653
f 4618 4655 4637
f 4655 4618 4619
f 4702 4655 4619
f 4654 4702 4619
f 4607 4620 4883
f 4607 4883 5424
f 4657 4669 4608
f 4638 4585 4659
f 4621 4608 4639
f 4564 4611 4640
f 4611 4598 4640
f 4577 4642 4641
f 4642 4588 4672
f 4588 4503 4672
f 4394 4711 4756
f 4578 4714 4874
f 4663 4433 4613
f 5095 5097 4557
f 4589 4816 4692
f 5095 4557 6030
f 4591 4590 5098
f 4570 6129 4720
f 4625 4626 4603
f 4605 4625 4603
f 4625 4651 4626
f 4664 4652 4650
f 4651 4625 4628
f 4605 4628 4625
f 4630 4629 4652
f 4614 4742 4628
f 4605 4614 4628
f 4615 4629 4632
f 4630 4632 4629
f 4615 4632 4723
f 4744 4615 4723
f 4630 4635 4632
f 4635 4634 4632
f 4635 4636 4634
f 4617 4680 4634
f 4634 4616 4617
f 4636 4616 4634
f 4702 4656 4655
f 4620 4658 4883
f 4638 4658 4620
f 4669 4639 4608
f 5424 4825 4354
f 4621 4639 4660
f 4659 4564 4668
f 4564 4640 4668
f 4598 4641 4640
f 4556 4389 4829
f 4673 4707 4687
f 4392 4732 4805
f 4566 4689 4688
f 4549 4735 4712
f 4578 4713 4714
f 4717 4591 5098
f 4591 4717 4601
f 4218 5277 4550
f 4790 5399 4478
f 5399 4580 4478
f 6043 4570 4647
f 4410 4253 4695
f 4649 4562 4593
f 4696 4603 4626
f 4604 4791 4650
f 4626 4651 4696
f 4628 4697 4651
f 4665 4696 4651
f 4697 4628 4742
f 4665 4651 4697
f 4652 4664 4630
f 4846 4742 4614
f 4846 4614 4465
f 4793 4920 4465
f 4635 4630 4676
f 4678 4793 4679
f 4595 4677 4679
f 4700 4723 4632
f 4700 4632 4634
f 4681 4635 4676
f 4636 4635 4681
f 4681 4653 4636
f 4655 4656 4726
f 4563 4703 4584
f 4657 4703 4669
f 4659 4683 4638
f 4658 4638 4683
f 4660 4639 4669
f 4660 4670 4621
f 4668 4640 4661
f 4661 4640 4641
f 4641 4672 4661
f 4641 4642 4672
f 4392 4622 4709
f 4756 4711 4710
f 4549 4712 4713
f 4462 4898 4861
f 4567 4715 4690
f 4874 4961 4405
f 4513 4536 4876
f 4537 4763 4674
f 4536 4382 4876
f 4876 4382 4739
f 4613 4675 4663
f 4647 4623 6043
f 4559 5783 4218
f 4561 4410 4447
f 4818 4383 4541
f 4791 4664 4650
f 4630 4664 4743
f 4630 4743 4676
f 4697 4666 4665
f 4742 4846 4822
f 4332 4794 4596
f 4634 4680 4700
f 4680 4617 4921
f 4637 4655 4667
f 4657 4584 4703
f 4683 4659 4668
f 4660 4669 4685
f 4668 4661 4686
f 4686 4661 4729
f 4621 4670 4599
f 4503 4704 4672
f 4706 4687 4777
f 4442 4806 4271
f 5277 4218 5783
f 4843 4580 5399
f 6239 4592 4602
f 4541 4603 4818
f 4742 4822 4697
f 4697 4771 4666
f 4771 4845 4666
f 4676 4795 4681
f 4679 4677 4678
f 4656 4772 4726
f 4656 4702 4682
f 4728 4658 4683
f 4597 4703 4563
f 4684 4728 4683
f 4684 4683 4668
f 4670 4660 4685
f 4686 4729 4747
f 4661 4672 4750
f 4662 5087 4731
f 4829 4389 4780
f 4709 4732 4392
f 4271 4806 4734
f 4737 4567 4690
f 6184 4612 4768
f 4675 4691 4663
f 4675 5096 4691
f 4550 4568 4590
f 4434 5097 4569
f 5099 4646 4770
f 4769 5568 4477
f 6228 4540 4592
f 4821 4631 4562
f 4465 5585 4846
f 4617 4922 4921
f 4726 4772 4724
f 4724 4772 4725
f 4701 4772 4656
f 4682 4701 4656
f 4727 4701 4682
f 4703 4685 4669
f 4670 4685 4796
f 4686 4885 4668
f 4825 5087 4662
f 4671 4889 4705
f 4777 4687 4707
f 4707 4673 4708
f 4708 4673 4752
f 4442 4805 4806
f 4804 4644 4837
f 4690 4789 4765
f 4715 4789 4690
f 4513 4876 4898
f 4716 4431 4767
f 4718 4623 4647
f 4279 4540 5579
f 5579 4769 4279
f 4519 4648 6195
f 4603 4696 4819
f 4914 4791 4604
f 4697 4822 4771
f 5112 4723 4880
f 4631 4699 4677
f 4699 4678 4677
f 4700 4680 4923
f 4653 4773 4654
f 4746 4726 4724
f 4655 4726 4667
f 4702 4925 4682
f 4796 4685 4703
f 4703 4597 5117
f 4668 4927 4684
f 4670 4775 4599
f 4750 4672 4888
f 4775 4671 4599
f 4704 4706 4672
f 4705 4830 4622
f 4777 4708 4779
f 4708 4751 4779
f 4777 4707 4708
f 4752 4673 4643
f 4643 4756 4754
f 4756 4710 4835
f 4783 4858 4733
f 4712 4784 4713
f 4784 4759 4713
f 4758 4689 4736
f 4713 4761 4714
f 4761 4762 4714
f 4736 4737 4786
f 4764 4690 4765
f 4714 4788 4874
f 4814 4789 4715
f 4715 4431 4716
f 4612 6184 4645
f 4738 6030 4100
f 4768 4580 4843
f 5568 4718 4693
f 4382 4407 4739
f 4739 4407 4719
f 4961 5576 4558
f 4105 4844 4694
f 4696 4792 4819
f 4879 4792 4696
f 4723 5112 4744
f 4880 4723 4700
f 4726 4746 4882
f 4653 4881 4773
f 4727 4682 4823
f 4773 4702 4654
f 4658 4728 5126
f 4684 4797 4728
f 4684 4927 4797
f 4796 4774 4670
f 4774 4749 4670
f 4729 4661 4748
f 4748 4661 4750
f 4670 4749 4775
f 4750 4888 4933
f 4556 4829 4798
f 4706 4776 4672
f 4889 4830 4705
f 4830 4778 4622
f 4781 4779 4751
f 4622 4782 4709
f 4782 4855 4709
f 4751 4752 4800
f 4708 4752 4751
f 4855 4753 4709
f 4709 4753 4732
f 4753 4803 4732
f 4803 4755 4732
f 4892 4754 4756
f 4732 4755 4805
f 4951 4806 4805
f 4711 4566 4807
f 4566 4688 4860
f 4758 4760 4757
f 4736 4760 4758
f 4761 4759 4866
f 4761 4713 4759
f 4812 4788 4714
f 4765 4789 4839
f 4814 4715 4716
f 6218 4433 4663
f 4816 4766 4692
f 4550 5277 4568
f 5789 4581 4601
f 5098 4646 5099
f 4769 5579 6040
f 4743 4664 4915
f 4822 4846 4976
f 4743 4795 4676
f 4920 5585 4465
f 4744 5112 4698
f 4847 4794 4551
f 4681 4795 4653
f 4727 4745 4701
f 4745 4772 4701
f 4658 5420 4883
f 4848 4796 4703
f 4848 4884 4774
f 4668 4885 4927
f 4886 4686 4747
f 4748 4849 4729
f 4597 4556 4798
f 4730 4827 4750
f 4827 4730 4828
f 4775 4749 4852
f 4730 4750 4933
f 4776 4706 4777
f 4622 4778 4854
f 4622 4854 4782
f 4781 4751 4800
f 4801 4802 4753
f 4855 4801 4753
f 4753 4832 4803
f 4802 4832 4753
f 4755 4834 4805
f 4951 5088 4806
f 4808 4735 4734
f 4735 4809 4712
f 4712 4809 4784
f 4757 4760 4785
f 4784 4810 4759
f 4787 4761 4866
f 4737 4690 4811
f 4762 4897 4714
f 4873 4764 4765
f 4839 4873 4765
f 4874 4813 4961
f 4877 4716 4767
f 4767 4790 4674
f 4767 4817 4790
f 4767 4740 4817
f 5403 4581 5789
f 4624 4720 6297
f 4519 6195 4593
f 5824 4105 4624
f 4819 4818 4603
f 4604 4694 4844
f 4844 4914 4604
f 4562 4649 4820
f 4791 4915 4664
f 4820 4821 4562
f 4845 4665 4666
f 4678 4699 5200
f 4700 4923 4880
f 4923 4680 4921
f 4727 4823 4745
f 4746 4724 4882
f 4725 4772 4824
f 4745 4824 4772
f 4726 4882 4667
f 4682 4924 4823
f 4682 4925 4924
f 4925 4702 4773
f 4848 4703 5118
f 5126 5420 4658
f 4796 4848 4774
f 4686 4886 4885
f 4747 4729 4850
f 4750 4827 4748
f 4671 4799 4889
f 4672 4776 4888
f 4777 4779 4853
f 4779 4781 5321
f 4831 4781 4800
f 4801 4855 4856
f 4800 4752 5167
f 4752 4643 4891
f 4643 4754 4891
f 4834 4755 4803
f 4892 4756 4835
f 4951 4805 5347
f 4710 4894 4893
f 4894 4710 4711
f 4807 4894 4711
f 4895 4808 4734
f 4735 4808 4836
f 4735 4836 4809
f 4784 4809 4810
f 4863 4757 4785
f 4785 4760 4868
f 4786 4760 4736
f 4787 4762 4761
f 4690 4764 4811
f 4788 5089 4874
f 4789 4814 4840
f 4961 4813 4815
f 5190 4716 4877
f 4877 4767 4842
f 4767 4674 4842
f 6221 4738 4600
f 4738 6221 6030
f 4842 4790 4817
f 5783 4559 6042
f 4695 5411 4410
f 4696 4665 4879
f 4665 4845 4879
f 5199 4627 4917
f 4551 4698 4847
f 4678 5839 4793
f 4678 5200 5839
f 4596 6392 4633
f 4823 4824 4745
f 4928 4884 4848
f 4826 4774 4884
f 4747 4850 4886
f 4729 4849 4850
f 4826 4749 4774
f 4749 4851 4852
f 4775 4852 4671
f 4852 4799 4671
f 4776 4777 4853
f 4831 4800 5167
f 4807 4566 5521
f 4808 5713 4836
f 4952 5713 4808
f 4757 4863 5359
f 4757 5359 4758
f 5359 4689 4758
f 4810 4865 4759
f 4759 4865 4866
f 4867 4870 4869
f 4873 4959 4764
f 4812 4872 4788
f 4875 4815 4813
f 4814 4716 4840
f 4716 4841 4840
f 5093 4840 4841
f 5565 4600 4645
f 5565 6221 4600
f 4569 4901 4560
f 4518 6058 4602
f 6130 4447 4410
f 4695 4741 5411
f 4791 4973 4915
f 4743 4915 4916
f 4627 5107 4741
f 4722 4633 6380
f 4653 4795 4881
f 4724 4725 4824
f 4823 4924 4824
f 4728 4797 5126
f 4887 4850 4827
f 4749 4826 4851
f 4827 4828 4887
f 4779 5321 4853
f 4854 5320 4782
f 4801 4856 4802
f 4857 4856 4890
f 4856 4857 4802
f 4857 4832 4802
f 4803 4832 5674
f 4754 4892 4891
f 4803 5674 4834
f 4893 4835 4710
f 4734 4806 4859
f 4895 4734 4859
f 4809 4862 4810
f 4864 4863 4785
f 4864 4785 4955
f 4870 4867 4866
f 4868 4760 4786
f 4866 5178 4787
f 4867 5178 4866
f 4871 4868 4786
f 4786 4737 4871
f 4737 4811 4871
f 5262 4762 4956
f 5262 4897 4762
f 4714 4897 4812
f 4764 4871 4811
f 4875 4899 4815
f 4816 4433 6218
f 5097 5191 4569
f 4876 4739 6017
f 4601 4717 5789
f 4739 4719 4900
f 5568 4769 6124
f 4558 5576 4559
f 4518 4383 6067
f 4818 4819 4912
f 4819 4792 4878
f 4791 4914 4973
f 4792 4879 4878
f 4879 4771 4878
f 4743 4916 4977
f 4879 4845 4771
f 4743 4977 4795
f 5200 6275 5839
f 4617 4637 4922
f 4637 4667 4922
f 4667 4882 5202
f 4724 4982 4882
f 4824 4982 4724
f 4824 4924 4982
f 5118 4928 4848
f 4850 4849 4930
f 4850 4887 4886
f 4930 4748 4827
f 4930 4827 4850
f 4828 4730 5154
f 4731 5864 4783
f 5491 4833 4804
f 5507 4894 4807
f 5088 4859 4806
f 4688 4689 4953
f 4836 4862 4809
f 4864 4954 4863
f 4954 4864 4955
f 5257 4870 4866
f 5178 4869 4787
f 4869 5178 4896
f 4869 4896 4867
f 4787 4956 4762
f 4869 4956 4787
f 4764 4959 4871
f 4788 4872 5089
f 5089 5384 4874
f 4813 5090 4875
f 5091 4899 4875
f 4840 5093 5185
f 4763 5391 4674
f 4716 5273 4841
f 5273 4716 5190
f 5094 5190 4877
f 4817 4877 4842
f 4900 4719 4692
f 5274 5576 5189
f 6017 4739 6031
f 4817 4740 5278
f 5189 5576 4961
f 4739 4900 6031
f 4559 5576 6042
f 4740 4560 5100
f 4902 5103 4904
f 4904 4903 4902
f 5194 5280 5193
f 4962 5194 4964
f 4904 5103 4905
f 5194 4906 4964
f 4410 6131 6130
f 4967 4972 5195
f 4969 4908 4907
f 5196 4972 4967
f 5104 4971 4970
f 4909 5104 4970
f 4878 4913 4912
f 4878 4912 4819
f 4974 4913 4878
f 4878 4771 4974
f 4771 4822 4974
f 4976 4974 4822
f 4627 5199 5107
f 5585 4976 4846
f 5110 4919 5109
f 4919 4918 5109
f 4979 5112 4880
f 4919 5113 4918
f 4920 4793 5839
f 6276 4794 4847
f 4977 4981 4795
f 4923 4979 4880
f 4795 4981 5116
f 4795 5116 4881
f 4883 5420 5926
f 5126 4927 4990
f 4988 5134 5016
f 5017 5134 4988
f 4797 4927 5126
f 4884 4928 5138
f 4927 4885 4929
f 4885 5216 4929
f 4885 4886 5216
f 5035 5049 4995
f 5216 4849 5214
f 4849 5216 4930
f 4887 4930 4886
f 5054 5214 4748
f 5214 4849 4748
f 4748 4930 5057
f 5057 4930 4828
f 4828 4930 4887
f 4748 5057 4933
f 5220 5234 5049
f 4933 4888 5077
f 4852 5309 4799
f 5309 5234 4799
f 5157 4936 5074
f 4936 5158 4938
f 5158 4939 4938
f 4939 5155 4938
f 4938 5159 4940
f 5068 4937 4934
f 5235 5069 5055
f 5236 5070 5071
f 4935 5228 4942
f 4943 4946 4932
f 5063 4944 5234
f 4946 4942 5228
f 4829 5861 4798
f 5645 4947 4830
f 4830 4947 4778
f 4855 4782 5166
f 4855 5166 4948
f 4948 4856 4855
f 4831 5167 4949
f 4752 4891 5168
f 4891 4892 5493
f 4835 4950 4892
f 4835 4893 4950
f 4951 5250 5088
f 4952 4808 4895
f 4860 5256 5521
f 4566 4860 5521
f 4860 4953 5256
f 4688 4953 4860
f 4810 4862 5527
f 4810 5175 4865
f 4954 4955 5365
f 4733 5364 4838
f 5175 5176 4865
f 4785 4868 5177
f 4867 4896 4957
f 4896 4956 4957
f 4896 5178 4956
f 4957 4956 4869
f 4870 5179 4869
f 4873 5267 4959
f 4873 4839 5267
f 4840 5185 4789
f 4813 4874 5090
f 5090 5091 4875
f 5186 5185 5093
f 5092 5187 5186
f 5558 4815 4899
f 5273 5093 4841
f 4877 5278 5094
f 4674 5555 4842
f 4877 4817 5278
f 4569 5191 4901
f 6223 4843 5399
f 4570 6043 6129
f 4903 5101 4902
f 4965 5101 4903
f 5796 5103 4902
f 4965 4903 5803
f 4963 5194 4962
f 5194 4963 5280
f 4964 4906 5802
f 4518 5815 6058
f 4969 4968 4970
f 5195 4972 5409
f 4970 4971 4969
f 4969 4971 4908
f 4911 5583 4910
f 4974 5198 4913
f 4912 4913 5198
f 4973 5105 4915
f 4975 5198 4974
f 5105 5106 4916
f 4915 5105 4916
f 4976 4975 4974
f 4916 5106 4977
f 4977 5106 4980
f 4980 5106 5108
f 4980 5108 4979
f 5199 4917 4721
f 4919 5110 4978
f 5108 5112 4979
f 6273 4698 5112
f 6380 4633 6392
f 4980 4979 5114
f 4977 4980 4981
f 4981 4980 5114
f 5114 4979 4923
f 4923 4921 4922
f 4881 5116 4773
f 4773 5201 4925
f 4882 4982 5202
f 5120 5206 4992
f 4995 5119 5602
f 4991 5120 4992
f 5016 5203 4988
f 4995 5124 5119
f 4992 5412 4986
f 4926 4999 5014
f 4994 5130 4985
f 4990 4927 4929
f 5006 5125 4983
f 4992 5132 4991
f 4986 5008 4992
f 5009 5008 4986
f 5123 5135 5010
f 5286 5135 5123
f 5011 5135 5286
f 5011 5286 5128
f 5121 4997 4996
f 5129 4998 5121
f 4998 4997 5121
f 5024 5416 5013
f 4988 4993 5017
f 5000 5017 4993
f 4994 4989 5003
f 4989 5004 5003
f 5122 5004 4989
f 5117 4597 6084
f 5124 4995 4928
f 5005 4995 5602
f 5602 5127 5005
f 4991 5007 5006
f 5132 5007 4991
f 5008 5132 4992
f 5009 5018 5008
f 5010 5018 5009
f 5012 5011 5128
f 5133 5012 5128
f 4996 5133 5128
f 4997 5133 4996
f 5024 4998 5129
f 5015 4999 4987
f 5016 5015 4987
f 5001 5017 5000
f 5001 5021 5017
f 4994 5003 5130
f 5138 4928 4995
f 5139 5027 5125
f 5006 5139 5125
f 5007 5139 5006
f 5010 5038 5018
f 5135 5038 5010
f 5013 5213 5024
f 5014 5137 5013
f 4999 5019 5014
f 5437 5019 4999
f 5015 5437 4999
f 5016 5020 5015
f 5025 5016 5134
f 5134 5017 5026
f 5021 5026 5017
f 5002 5043 5021
f 5130 5044 5002
f 5022 5130 5003
f 5004 5023 5003
f 4597 4798 6084
f 5037 5008 5018
f 5029 5133 4997
f 5024 5136 4998
f 5213 5013 5297
f 5297 5013 5137
f 5137 5014 5019
f 5042 5015 5020
f 5043 5033 5021
f 5044 5043 5002
f 5044 5130 5022
f 5294 5141 5004
f 5141 5023 5004
f 5214 5048 4929
f 5216 5214 4929
f 4884 5138 4826
f 4826 5138 5142
f 5005 5035 4995
f 5125 5027 5005
f 5143 5139 5217
f 5036 5028 5008
f 5038 5296 5050
f 5135 5050 5296
f 5039 5218 5012
f 5137 5041 5213
f 5137 5030 5041
f 5031 5030 5137
f 5140 5031 5019
f 5032 5026 5053
f 4930 5216 4886
f 5027 5035 5005
f 5217 5028 5059
f 5028 5036 5059
f 5221 5036 5008
f 5037 5221 5008
f 5295 5038 5037
f 5029 5040 5039
f 4997 5040 5029
f 5041 5040 5136
f 5136 5213 5041
f 5437 5042 5140
f 5026 5033 5053
f 5022 5046 5045
f 5034 5046 5022
f 5047 5046 5034
f 5023 5047 5034
f 5141 5226 5023
f 5226 5047 5023
f 5056 5226 5141
f 5056 5141 5048
f 5220 5049 5035
f 5450 5221 5037
f 5038 5450 5037
f 5149 5038 5050
f 5218 5150 5050
f 5306 5150 5218
f 5306 5218 5039
f 5144 5306 5039
f 5040 5144 5039
f 5144 5040 5302
f 5051 5302 5040
f 5299 5040 5041
f 5052 5299 5041
f 5222 5041 5030
f 5067 5030 5031
f 5140 5067 5031
f 5042 5146 5140
f 5060 5146 5042
f 5020 5060 5042
f 5046 4935 5045
f 5214 5054 5048
f 5027 4931 5035
f 5143 5217 5151
f 5059 5305 5217
f 5450 4939 5221
f 5038 5159 5450
f 5159 5038 5149
f 5066 5144 5302
f 4945 5051 5040
f 5153 4945 5040
f 5153 5040 5299
f 5030 5313 5222
f 5020 5147 5060
f 5061 5033 5043
f 5226 4932 5047
f 5054 4748 4933
f 4851 4826 5058
f 5027 5064 4931
f 5143 5064 5027
f 5305 5151 5217
f 5052 4941 5153
f 5313 5082 5222
f 5140 5068 5067
f 5147 4934 5060
f 5043 5072 5061
f 5046 5228 4935
f 5048 5224 5056
f 5057 5154 4933
f 5063 5220 4931
f 5305 4936 5157
f 5305 5059 4936
f 5059 5158 4936
f 5075 5150 5306
f 4941 5052 5041
f 5067 5068 5162
f 5068 5140 5146
f 4934 4937 5060
f 5163 4934 5147
f 5053 5636 5055
f 5071 5070 5061
f 5072 5071 5061
f 5226 5062 4932
f 5062 5056 4943
f 5056 5224 4943
f 5064 5063 4931
f 5064 5157 5074
f 5149 5160 5159
f 5161 4940 5160
f 4940 5161 5075
f 5080 5075 5306
f 5080 5306 5065
f 5066 5076 5065
f 5081 5051 4945
f 5070 5236 5053
f 4942 5072 5078
f 4935 4942 5078
f 4946 5228 5073
f 4932 4946 5073
f 4943 4932 5062
f 5054 5077 5224
f 4933 5077 5054
f 5074 5063 5064
f 5159 4938 5155
f 5160 4940 5159
f 5076 5080 5065
f 4941 4945 5153
f 5162 5082 5313
f 4934 5163 5069
f 4942 5071 5072
f 5234 4944 4799
f 4944 5063 5164
f 5074 5164 5063
f 5074 5079 5164
f 4936 5079 5074
f 4938 5079 4936
f 4940 5079 4938
f 4940 5315 5079
f 5075 5315 4940
f 5080 5315 5075
f 5068 5082 5162
f 5083 5082 5068
f 4934 5083 5068
f 4934 5084 5083
f 5069 5084 4934
f 5235 5084 5069
f 5236 5084 5235
f 5236 5085 5084
f 5071 5085 5236
f 4942 5085 5071
f 5077 4943 5224
f 5086 4942 4946
f 4943 5086 4946
f 4888 4776 5862
f 5087 5930 4731
f 4889 5645 4830
f 5325 4890 4856
f 5167 4752 5168
f 4857 5487 4832
f 4832 5487 5674
f 5676 4858 4783
f 5347 5250 4951
f 4894 5507 4893
f 5507 4807 5254
f 4836 5723 4862
f 4863 4954 5362
f 4785 5177 5367
f 4785 5367 4955
f 4866 4865 5257
f 4861 4898 5883
f 5180 5177 4868
f 5178 5371 4956
f 5257 5374 4870
f 4956 5371 5373
f 4869 5179 4957
f 5374 5179 4870
f 4868 4871 5180
f 4897 4872 4812
f 5182 4958 4959
f 4839 4789 5756
f 5090 4874 5384
f 4899 5091 4960
f 5188 5092 5186
f 5188 5186 5093
f 4579 4568 6122
f 4842 5571 4790
f 4790 5571 5399
f 4560 5279 5100
f 4540 6228 5579
f 5404 5103 5796
f 4962 4964 5102
f 5102 4963 4962
f 4903 5281 5803
f 4592 6232 6228
f 4903 4904 5281
f 4592 6239 6232
f 5805 4904 4905
f 5406 5805 4905
f 4906 5194 5807
f 6130 4252 4447
f 4907 4908 5407
f 5407 4908 5408
f 4908 4971 5831
f 5830 4818 4912
f 5198 5830 4912
f 4973 4914 5105
f 5585 4920 6269
f 4631 4821 4699
f 4923 4922 5115
f 5114 4923 5115
f 5116 5114 5115
f 4981 5114 5116
f 4922 4667 5202
f 5202 5115 4922
f 4982 4925 5202
f 4924 4925 4982
f 4703 5117 5118
f 4926 5596 4999
f 4983 5125 5422
f 5120 4991 5855
f 4984 5128 5288
f 5416 5419 5013
f 5127 5422 5125
f 5129 5121 5204
f 5013 5419 5014
f 5131 5138 4995
f 5012 5426 5605
f 5133 5606 5427
f 5016 5609 5020
f 5025 5134 5428
f 5003 5610 5022
f 5431 4995 5049
f 5139 5215 5027
f 5132 5211 5028
f 5012 5218 5219
f 5133 5029 5606
f 5437 5015 5608
f 5429 5021 5033
f 5022 5613 5044
f 5611 5125 5005
f 5139 5143 5215
f 5135 5439 5050
f 5039 5012 5605
f 5029 5039 5860
f 5024 5607 5136
f 5137 5213 5297
f 5430 5023 5034
f 4929 5048 5292
f 5141 5292 5048
f 5036 5447 5059
f 5036 5619 5447
f 5145 5302 5051
f 5222 5443 5041
f 5032 5053 5148
f 5033 5626 5053
f 5223 5045 4935
f 5142 5058 4826
f 5441 5149 5050
f 5145 5144 5066
f 5030 5300 5313
f 5069 5622 5055
f 5053 5055 5148
f 5043 5232 5072
f 5154 5057 4828
f 5220 5445 4931
f 4931 5445 5156
f 4939 5449 5155
f 5052 5153 5225
f 5147 5634 5163
f 5072 5232 5078
f 5223 4935 5078
f 5063 5156 5220
f 5220 5156 5456
f 5632 5064 5143
f 5059 5447 5158
f 5447 5459 5158
f 5041 5443 4941
f 5453 5067 5162
f 5311 5636 5053
f 5062 5226 5233
f 4730 4933 5154
f 5220 5456 5234
f 5230 5075 5161
f 5068 5227 4937
f 5053 5236 5311
f 5311 5236 5461
f 5076 5307 5081
f 4943 5463 5233
f 4889 4799 5645
f 5080 5316 5315
f 5076 5316 5080
f 5076 5081 5651
f 5082 5083 5466
f 5084 5468 5083
f 5085 5468 5084
f 5085 5165 5237
f 4942 5165 5085
f 5077 5648 4943
f 5642 4944 5164
f 4829 4780 5861
f 4778 4947 4854
f 4831 5322 4781
f 4780 5476 5861
f 5320 5166 4782
f 4780 4833 5476
f 4856 4948 5325
f 5168 4891 5337
f 4891 5493 5337
f 5170 5171 5249
f 5248 5171 5170
f 4950 5500 4892
f 4834 5685 4805
f 5088 5250 5696
f 5879 4804 4837
f 4807 5521 5254
f 4952 5173 5713
f 4837 4861 5357
f 5359 4863 5362
f 5365 4955 5367
f 4865 5176 5257
f 5180 4871 5382
f 4956 5373 5262
f 4958 5549 4959
f 5388 5091 5090
f 5388 5269 5091
f 5091 5269 4960
f 4899 4960 5557
f 5093 5273 5188
f 4898 4876 6017
f 4815 5189 4961
f 5189 4815 5558
f 4816 6218 4766
f 6122 5096 4579
f 4692 4766 4900
f 5555 5571 4842
f 5278 4740 5100
f 4901 5279 4560
f 4902 5101 5192
f 5192 5796 4902
f 5193 5280 5899
f 4904 5805 5281
f 5103 5801 4905
f 5801 5804 4905
f 5804 5406 4905
f 4969 4907 5814
f 5582 4969 5814
f 5829 4967 5819
f 5582 4968 4969
f 4968 5823 4970
f 4910 5583 5197
f 4972 5196 5828
f 5197 4911 4910
f 4821 4820 6263
f 5109 4918 5838
f 5111 4978 5110
f 4919 4978 5920
f 5919 4721 4722
f 5839 6270 4920
f 5116 5115 5201
f 5116 5201 4773
f 5201 5202 4925
f 5117 5283 5118
f 5284 5118 5283
f 5119 5205 5840
f 5120 5595 5206
f 5118 5284 4928
f 5119 5124 5205
f 5119 5840 5602
f 4983 5422 5852
f 5596 4926 5590
f 5122 4989 5414
f 5412 4992 5207
f 5123 5010 5415
f 4984 5423 5128
f 5121 4996 5413
f 4926 5014 5590
f 5203 5291 4988
f 5414 4989 5208
f 5127 5594 5422
f 4992 5206 5207
f 5009 5293 5598
f 5010 5009 5598
f 5128 5286 5288
f 4996 5128 5423
f 5129 5204 5599
f 5129 5599 5024
f 5416 5024 5289
f 5002 5021 5854
f 5130 5002 5287
f 4994 5421 4989
f 5606 4996 5427
f 5014 5419 5590
f 4995 5431 5131
f 5132 5209 5007
f 5209 5132 5028
f 5011 5612 5425
f 5012 5612 5011
f 5139 5007 5615
f 5209 5028 5858
f 5037 5018 5432
f 5011 5425 5439
f 5135 5011 5439
f 5012 5219 5612
f 5606 5029 5860
f 5433 4998 5136
f 5137 5019 5434
f 5015 5042 5608
f 5428 5438 5025
f 5134 5026 5210
f 5139 5615 5217
f 5435 5028 5211
f 5028 5435 5008
f 5039 5605 5860
f 5031 5137 5434
f 5140 5436 5437
f 5608 5042 5437
f 5033 5026 5429
f 5022 5045 5613
f 5034 5022 5610
f 5294 5614 5141
f 5138 5131 5142
f 5143 5027 5215
f 5036 5211 5619
f 5211 5036 5435
f 5037 5432 5295
f 5040 4997 5212
f 5040 5212 5136
f 5136 5607 5213
f 5614 5292 5141
f 5221 5440 5036
f 5050 5150 5441
f 5144 5451 5306
f 5145 5442 5144
f 5145 5051 5442
f 5060 5625 5146
f 5609 5147 5020
f 5033 5308 5626
f 5043 5044 5637
f 5047 5629 5046
f 5444 5226 5056
f 5035 4931 5298
f 4939 5450 5449
f 5145 5310 5302
f 5066 5310 5145
f 5299 5457 5153
f 5033 5061 5308
f 5047 4932 5629
f 5054 5455 5048
f 5156 5298 4931
f 5623 5632 5143
f 5151 5305 5446
f 5222 5082 5303
f 5621 5060 4937
f 5070 5308 5061
f 5056 5062 5233
f 5049 5234 5309
f 5304 5049 5309
f 5305 5157 5628
f 5066 5065 5310
f 5153 5457 5225
f 5146 5227 5068
f 5226 5630 5233
f 4852 4851 5309
f 5156 5063 5460
f 5157 5064 5628
f 4939 5158 5459
f 5159 5155 5624
f 5160 5149 5152
f 5051 5081 5452
f 5466 5303 5082
f 5231 5162 5313
f 5078 5232 5165
f 5234 5456 5229
f 5063 5234 5460
f 5069 5163 5635
f 5232 5314 5237
f 5165 5232 5237
f 4799 5641 5645
f 4799 4944 5641
f 5164 5464 5642
f 4945 5633 5081
f 4945 4941 5633
f 4942 5469 5165
f 4943 5648 5463
f 4888 5862 5077
f 4776 4853 5862
f 4781 5322 5321
f 5323 5324 4949
f 4949 5238 4831
f 4949 5328 5323
f 5329 4949 5167
f 5169 5330 5240
f 5239 5169 5243
f 5169 5240 5242
f 5327 5244 5241
f 5167 5168 5329
f 5242 5170 5169
f 5484 4857 4890
f 5242 5248 5170
f 4857 5484 5487
f 5244 5245 5241
f 5249 5246 5243
f 5169 5249 5243
f 5242 5247 5248
f 5247 5242 5335
f 5337 5493 5673
f 5169 5170 5249
f 5253 5246 5249
f 4805 5685 5347
f 5255 5246 5253
f 5249 5171 5253
f 4950 4893 5502
f 5692 5502 4893
f 5696 4859 5088
f 5505 5696 5250
f 5508 5505 5250
f 5351 5697 5172
f 5248 5252 5171
f 5252 5248 5247
f 4893 5507 5692
f 5171 5352 5253
f 5352 5171 5252
f 4858 5516 4733
f 4859 5699 4895
f 5352 5255 5253
f 5247 5352 5252
f 5699 5706 4895
f 4895 5706 4952
f 4952 5355 5173
f 5174 5356 5354
f 5256 5174 5521
f 5256 5356 5174
f 4953 4689 5358
f 5358 4689 5359
f 4862 5723 5527
f 4810 5527 5175
f 5538 5367 5177
f 4867 4957 5178
f 5371 5178 4957
f 5258 5264 5260
f 5371 4957 5373
f 5258 5261 5264
f 5181 5266 5263
f 5883 4898 5183
f 5260 5266 5181
f 5265 5259 5263
f 5263 5266 5265
f 4871 4959 5382
f 4872 4897 5262
f 5260 5264 5266
f 5381 5385 5383
f 5748 5182 4959
f 5261 5271 5264
f 5385 5381 5751
f 5264 5271 5266
f 5389 5265 5266
f 5756 4789 5185
f 5265 5389 5372
f 5271 5389 5266
f 5185 5186 5184
f 4960 5269 5557
f 5261 5272 5271
f 5557 5558 4899
f 5271 5275 5389
f 5389 5276 5270
f 5272 5275 5271
f 5275 5276 5389
f 4571 6241 4770
f 4965 5900 5101
f 5194 5193 5405
f 4906 5807 5808
f 4967 5195 5581
f 4967 5581 5819
f 4907 5407 5820
f 5820 5814 4907
f 5195 5409 5581
f 5582 5823 4968
f 4967 5829 5196
f 5829 5825 5196
f 5196 5825 5828
f 4971 5104 5831
f 4909 5410 5104
f 6201 5830 5198
f 6201 5198 4975
f 5108 5106 6304
f 5109 5282 5110
f 5111 5110 5282
f 5109 5838 5282
f 4918 5113 5587
f 5921 5113 4919
f 4794 6381 4596
f 5201 5115 5202
f 5117 6083 5283
f 5595 5120 5855
f 5595 5207 5206
f 5415 5286 5123
f 5413 5204 5121
f 5417 5001 5000
f 4985 5130 5285
f 4985 5285 4994
f 4983 5597 5006
f 4986 5412 5009
f 5412 5293 5009
f 5413 4996 5606
f 5016 5601 5203
f 5000 4993 5856
f 5417 5603 5001
f 5130 5287 5285
f 5285 5421 4994
f 5420 5126 5604
f 4928 5284 5124
f 4991 5006 5597
f 5286 5418 5288
f 5024 5599 5289
f 4999 5290 4987
f 4993 4988 5291
f 4993 5291 5856
f 5854 5021 5603
f 4989 5421 5208
f 5004 5591 5294
f 5117 6084 6083
f 5427 4996 5423
f 5021 5001 5603
f 5005 5127 5611
f 5127 5125 5611
f 5023 5610 5003
f 5023 5430 5610
f 5018 5038 5432
f 5609 5016 5025
f 5021 5429 5026
f 5008 5435 5859
f 5434 5019 5031
f 5019 5436 5140
f 5025 5438 5609
f 5032 5148 5210
f 5032 5210 5026
f 5610 5430 5034
f 5217 5615 5858
f 5028 5217 5858
f 5440 5435 5036
f 5218 5050 5439
f 5218 5439 5219
f 5131 5058 5142
f 5035 5445 5220
f 5150 5620 5441
f 5144 5442 5451
f 5051 5452 5442
f 5030 5453 5300
f 5030 5067 5453
f 5060 5621 5625
f 5143 5151 5623
f 5151 5446 5632
f 5221 5448 5440
f 5634 5147 5609
f 5055 5622 5148
f 5444 5056 5458
f 5048 5455 5224
f 5058 5304 5309
f 5623 5151 5632
f 5450 5159 5624
f 5150 5075 5620
f 5307 5066 5302
f 5070 5626 5308
f 5301 5228 5046
f 5056 5233 5458
f 5455 5054 5631
f 5309 4851 5058
f 5221 4939 5448
f 5069 5635 5622
f 4932 5073 5629
f 5073 5627 5629
f 5054 5224 5631
f 5064 5632 5628
f 4939 5459 5448
f 5152 5161 5160
f 5066 5307 5076
f 5313 5300 5231
f 5055 5636 5235
f 5070 5311 5461
f 5073 5312 5627
f 5228 5312 5073
f 5233 5630 5086
f 5234 5229 5460
f 5307 5452 5081
f 5634 5635 5163
f 5236 5235 5461
f 5078 5165 5223
f 4943 5233 5086
f 4825 5638 5087
f 5079 5315 5639
f 5315 5316 5649
f 5076 5651 5316
f 5083 5467 5466
f 5083 5468 5467
f 5468 5085 5462
f 5077 5862 5648
f 5317 4854 4947
f 5652 5470 5317
f 5318 5654 5319
f 5654 5321 5319
f 5317 5470 5662
f 5319 5323 5318
f 5326 5662 5470
f 5470 5666 5326
f 5323 5328 5327
f 4949 5324 5238
f 5326 5325 4948
f 4949 5329 5328
f 5665 5484 5325
f 5169 5239 5474
f 5169 5474 5330
f 5484 4890 5325
f 5666 5333 5326
f 5327 5328 5244
f 5864 5676 4783
f 5331 5243 5695
f 5243 5246 5695
f 5328 5671 5244
f 5244 5671 5245
f 5486 5245 5671
f 5484 5336 5487
f 5338 5336 5333
f 5492 5334 5342
f 5241 5245 5670
f 5245 5486 5337
f 5336 5488 5487
f 5336 5338 5488
f 5337 5673 5245
f 5492 5342 5343
f 5482 5481 5345
f 5340 5482 5345
f 5497 5482 5340
f 5342 5334 5339
f 5676 5963 4858
f 5340 5345 5497
f 4892 5500 5493
f 5345 5346 5497
f 5343 5497 5348
f 5246 5255 5695
f 5349 5346 5345
f 5504 5508 5250
f 5504 5250 5172
f 5696 5505 5694
f 5697 5504 5172
f 5509 5350 5348
f 5343 5348 5350
f 5335 5702 5247
f 5172 5689 5351
f 5349 5345 5513
f 5496 5251 5515
f 5701 5343 5350
f 5247 5353 5352
f 5174 5525 5521
f 5356 5256 5526
f 4953 5358 5256
f 4836 5713 5723
f 5360 5721 5362
f 5721 5359 5362
f 5722 5729 5361
f 5362 5528 5360
f 5360 5363 5726
f 5729 5370 5361
f 4954 5365 5529
f 5528 5369 5360
f 5263 5366 5181
f 5181 5366 5260
f 5260 5366 5533
f 5369 5367 5538
f 5533 5258 5260
f 5370 5729 5376
f 5538 5177 5737
f 5377 5363 5360
f 5177 5180 5737
f 5375 5370 5376
f 5885 5539 5540
f 5537 5540 5548
f 5369 5377 5360
f 5375 5179 5374
f 5258 5535 5261
f 4957 5179 5373
f 5753 5368 5372
f 5540 5539 5380
f 5378 5373 5179
f 5262 5373 5378
f 5259 5265 5379
f 5548 5540 5547
f 5262 5378 4872
f 5381 5383 5378
f 5380 5550 5540
f 5383 4872 5378
f 4959 5267 5748
f 5380 5379 5546
f 5265 5551 5379
f 5182 5268 4958
f 5267 4839 5756
f 5388 5090 5384
f 5385 5552 5388
f 5552 5385 5751
f 5183 4898 6017
f 5753 5372 5270
f 5389 5270 5372
f 5186 5762 5184
f 5187 5762 5186
f 5394 5388 5552
f 5761 5386 5546
f 5388 5557 5269
f 5390 5387 5393
f 5261 5392 5272
f 5554 5762 5092
f 5762 5187 5092
f 5391 5555 4674
f 5392 5772 5272
f 5092 5188 5554
f 5559 5386 5761
f 5393 5387 5559
f 5189 5558 5274
f 5273 5190 5770
f 5270 5276 5771
f 5276 5774 5771
f 5275 5774 5276
f 5275 5272 5561
f 5274 5394 5396
f 5779 5770 5400
f 5400 5770 5094
f 5770 5190 5094
f 6122 4568 5277
f 5397 5400 5094
f 5278 5397 5094
f 5278 5398 5397
f 5191 5097 5095
f 5401 5397 5398
f 5401 5797 5400
f 5397 5401 5400
f 5279 4901 5579
f 5101 5281 5192
f 5103 5404 5801
f 4571 4966 6241
f 5807 5194 5405
f 5808 5802 4906
f 4252 6130 4966
f 4518 6067 5815
f 5411 6131 4410
f 4908 5831 5408
f 4972 5828 5409
f 5912 5197 5583
f 5830 4383 4818
f 5105 4914 4844
f 5838 4918 5587
f 4721 5919 5199
f 5113 5921 5587
f 5921 4919 5920
f 4596 6381 6392
f 5597 4983 5852
f 5414 5591 5122
f 4883 5926 5424
f 5417 5000 5856
f 5591 5004 5122
f 5286 5415 5418
f 4929 5292 5592
f 4990 4929 5592
f 4990 5592 5604
f 5602 5594 5127
f 4991 5597 5855
f 5010 5598 5415
f 5596 5290 4999
f 4987 5290 5600
f 5600 5601 4987
f 5016 4987 5601
f 5002 5854 5287
f 5126 4990 5604
f 5007 5209 5615
f 5008 5211 5132
f 5211 5008 5859
f 5133 5427 5012
f 5012 5427 5426
f 5019 5437 5436
f 5134 5210 5428
f 5432 5038 5295
f 5135 5296 5038
f 4998 5433 4997
f 4997 5433 5212
f 5607 5024 5213
f 5614 5294 5591
f 5044 5613 5637
f 5049 5304 5431
f 5613 5045 5223
f 5035 5298 5445
f 5222 5453 5443
f 5222 5300 5453
f 5053 5626 5454
f 5046 5629 5301
f 5302 5310 5442
f 5299 5052 5225
f 5300 5222 5303
f 5231 5300 5303
f 5232 5043 5637
f 5156 5445 5456
f 5230 5161 5152
f 5053 5454 5070
f 5301 5312 5228
f 5226 5444 5630
f 5620 5075 5230
f 5065 5306 5451
f 5065 5451 5310
f 5443 5633 4941
f 5453 5162 5231
f 5146 5625 5227
f 5311 5454 5636
f 5454 5311 5070
f 5626 5070 5461
f 5237 5314 5462
f 5232 5637 5314
f 5155 5449 5624
f 5233 5463 5458
f 5469 5223 5165
f 5164 5465 5464
f 5079 5465 5164
f 5079 5639 5465
f 5315 5649 5639
f 5237 5462 5085
f 4942 5086 5469
f 4944 5642 5641
f 5317 4947 5650
f 5652 5317 5650
f 5321 5654 4853
f 5652 5657 5470
f 4854 5661 5320
f 5317 5661 4854
f 5321 5863 5319
f 5317 5662 5661
f 5470 5657 5666
f 5659 5656 5471
f 5656 5660 5471
f 5660 5472 5471
f 5866 5473 5659
f 5319 5324 5323
f 5326 4948 5662
f 4948 5166 5662
f 5477 5475 5472
f 5323 5327 5658
f 5326 5665 5325
f 5326 5483 5665
f 5330 5475 5240
f 5477 5472 5478
f 5327 5241 5658
f 5331 5473 5867
f 5239 5243 5331
f 5668 5656 5473
f 5668 5473 5331
f 5477 5478 5240
f 5476 4833 5491
f 5666 5338 5333
f 5479 5656 5668
f 5869 5482 5332
f 5658 5241 5670
f 5482 5869 5481
f 5339 5332 5482
f 5480 5339 5334
f 5492 5480 5334
f 5492 5489 5480
f 5326 5333 5483
f 5483 5333 5485
f 5668 5490 5479
f 5336 5484 5485
f 5333 5336 5485
f 5673 5670 5245
f 5339 5482 5497
f 5492 5693 5489
f 5674 5685 4834
f 5490 5498 5479
f 5345 5481 5501
f 5492 5343 5693
f 5341 5682 5493
f 5339 5497 5342
f 5495 5682 5341
f 5341 5344 5495
f 5344 5341 5493
f 5497 5343 5342
f 5682 5691 5496
f 5172 5686 5494
f 5500 4950 5687
f 5687 4950 5688
f 5494 5677 5172
f 5680 5682 5496
f 5499 5688 4950
f 5687 5499 5500
f 5502 5683 5500
f 5347 5686 5250
f 5497 5346 5509
f 5499 4950 5502
f 5500 5499 5502
f 5172 5250 5686
f 5677 5689 5172
f 5513 5345 5501
f 5691 5251 5496
f 5503 5694 5505
f 5497 5509 5348
f 5343 5701 5693
f 5503 5505 5698
f 5698 5506 5503
f 5503 5506 5504
f 5504 5506 5508
f 5696 5699 4859
f 5698 5505 5508
f 5490 5510 5498
f 5496 5515 5680
f 5510 5490 5511
f 5509 5346 5349
f 5351 5355 5697
f 5697 5355 5512
f 5350 5514 5701
f 5518 5251 5691
f 5349 5513 5703
f 5514 5350 5509
f 5251 5518 5515
f 5351 5881 5355
f 5708 5880 5511
f 5255 5517 5708
f 5352 5517 5255
f 5353 5517 5352
f 5247 5702 5353
f 5354 5520 5515
f 5515 5518 5354
f 5518 5524 5354
f 5354 5356 5520
f 4952 5706 5355
f 5712 5715 5523
f 5353 5712 5523
f 5174 5354 5524
f 5174 5524 5525
f 5526 5520 5356
f 5256 5358 5526
f 5516 5364 4733
f 5527 5882 5361
f 5360 5726 5717
f 5721 5360 5717
f 5361 5727 5527
f 5362 5529 5528
f 4954 5529 5362
f 5361 5370 5530
f 5734 5733 5732
f 5365 5367 5532
f 5531 5263 5368
f 5263 5531 5366
f 5258 5533 5536
f 5367 5369 5532
f 5534 5531 5739
f 5531 5368 5739
f 5258 5743 5535
f 5258 5536 5743
f 5369 5538 5542
f 5368 5263 5259
f 5530 5370 5541
f 5538 5737 5744
f 5257 5541 5374
f 5370 5375 5541
f 5744 5542 5538
f 5374 5541 5375
f 5737 5180 5382
f 5375 5376 5543
f 5539 5259 5379
f 5539 5379 5380
f 5548 5544 5537
f 5542 5377 5369
f 5375 5889 5179
f 5375 5543 5889
f 5377 5542 5745
f 5179 5889 5378
f 5535 5392 5261
f 5378 5746 5381
f 4959 5549 5382
f 5540 5550 5547
f 4872 5545 5089
f 5383 5545 4872
f 5546 5550 5380
f 5550 5390 5547
f 5390 5544 5548
f 5746 5751 5381
f 5372 6007 5265
f 5379 5551 5546
f 5548 5547 5390
f 5549 4958 5758
f 4763 4838 5391
f 5545 5383 5892
f 5265 6007 5551
f 6007 5752 5551
f 5182 5755 5268
f 5550 5546 5386
f 5383 5385 5892
f 5390 5550 5387
f 4958 5268 5758
f 5550 5386 5559
f 5268 5755 5184
f 5388 5384 5892
f 5892 5385 5388
f 5553 5544 5390
f 5184 5758 5268
f 5756 5185 5184
f 5553 5390 5764
f 5558 5557 5388
f 5752 5556 5551
f 5550 5559 5387
f 5390 5393 5764
f 5388 5394 5558
f 5546 5551 5761
f 5761 5551 5556
f 5766 5554 5188
f 5270 5771 5753
f 5764 5393 5768
f 5188 5773 5766
f 5770 5188 5273
f 5773 5779 5766
f 5895 5559 5761
f 5768 5393 5559
f 5274 5558 5394
f 5774 5275 5561
f 5772 5754 5272
f 5272 5564 5563
f 5754 5564 5272
f 5564 5754 5759
f 5569 5560 5781
f 5563 5564 5782
f 5400 5567 5779
f 6222 4663 4691
f 5096 6222 4691
f 4900 4766 6217
f 5274 5396 5784
f 5780 5566 5396
f 5570 5781 5562
f 5563 5782 5562
f 5278 5575 5398
f 5395 5095 6030
f 5574 5564 5759
f 5577 5566 5780
f 5400 5797 5567
f 5398 5787 5401
f 6224 4718 5568
f 4717 6185 5789
f 5784 5576 5274
f 5569 5570 5573
f 5573 5786 5574
f 5570 5786 5573
f 5278 5100 5575
f 4718 6224 4623
f 6224 6294 4623
f 5569 5573 5788
f 5578 5573 5574
f 4901 5191 6125
f 4623 6294 6043
f 5577 5402 5791
f 5402 5577 5572
f 5100 5279 5897
f 5402 5795 5791
f 5787 5797 5401
f 5280 5799 5899
f 5900 6046 5101
f 6046 5580 5101
f 5281 5101 5803
f 5803 5101 5580
f 4964 5802 5102
f 4963 5799 5280
f 5193 6053 5405
f 4966 6130 6241
f 4844 4105 5824
f 4909 4970 5823
f 4649 4593 6132
f 5823 5410 4909
f 5104 6069 5831
f 6069 5104 5410
f 4649 6258 4820
f 4975 4976 5585
f 5108 6304 5112
f 5111 5282 5586
f 5586 4978 5111
f 6275 6274 5839
f 5597 5852 5841
f 5852 5922 5841
f 5589 5416 5289
f 5203 5601 5847
f 5420 5593 5926
f 5852 5422 5594
f 5841 5855 5597
f 5855 5841 5595
f 5595 5842 5207
f 5415 5598 5853
f 5853 5418 5415
f 4984 5288 5588
f 4984 5844 5423
f 5847 5291 5203
f 5287 5849 5285
f 5285 5850 5421
f 5604 5592 5593
f 5416 5589 5419
f 5124 5284 5205
f 5427 5423 5857
f 5426 5427 5605
f 5857 5605 5427
f 5424 5927 4825
f 5439 5425 5616
f 5612 5616 5425
f 5292 5614 5591
f 5435 5619 5859
f 5439 5616 5219
f 5612 5219 5616
f 5212 5433 5136
f 5148 5438 5428
f 5210 5148 5428
f 5435 5440 5619
f 5613 5617 5637
f 5131 5431 5058
f 5304 5058 5431
f 5445 5298 5618
f 5438 5635 5609
f 5613 5223 5617
f 5440 5448 5619
f 5449 5450 5624
f 5230 5441 5620
f 5307 5302 5442
f 5452 5307 5442
f 5299 5225 5457
f 5453 5303 5443
f 5231 5303 5453
f 5634 5609 5635
f 5438 5622 5635
f 5438 5148 5622
f 5629 5627 5301
f 5631 5224 5455
f 5456 5445 5618
f 5156 5618 5298
f 5632 5446 5628
f 5446 5305 5628
f 5619 5459 5447
f 5152 5441 5230
f 5303 5633 5443
f 5301 5627 5312
f 5456 5618 5229
f 5618 5156 5229
f 5619 5448 5459
f 5441 5152 5149
f 5227 5625 5621
f 5636 5454 5461
f 5626 5461 5454
f 5617 5314 5637
f 5460 5229 5156
f 5466 5633 5303
f 5621 4937 5227
f 5636 5461 5235
f 5653 5314 5617
f 5223 5469 5617
f 5617 5469 5653
f 5630 5463 5086
f 5458 5463 5630
f 5316 5651 5649
f 5467 5468 5640
f 5468 5462 5640
f 5646 5642 5464
f 5465 5646 5464
f 5639 5646 5465
f 5649 5646 5639
f 5081 5643 5651
f 5633 5643 5081
f 5466 5643 5633
f 5644 5643 5466
f 5467 5644 5466
f 5640 5644 5467
f 5462 5653 5640
f 5314 5653 5462
f 5086 5647 5469
f 5647 5653 5469
f 5463 5647 5086
f 5087 5638 5930
f 5640 5660 5644
f 5663 5642 5646
f 5649 5663 5646
f 5660 5643 5644
f 5647 5655 5653
f 5648 5655 5463
f 5652 5650 5641
f 5642 5652 5641
f 5478 5660 5640
f 5653 5478 5640
f 5654 5655 5648
f 5862 5654 5648
f 5643 5656 5651
f 5660 5656 5643
f 5862 4853 5654
f 5657 5652 5642
f 5642 5663 5657
f 5463 5655 5647
f 5651 5656 5649
f 5655 5667 5653
f 5930 5864 4731
f 5645 5650 4947
f 5667 5478 5653
f 5654 5318 5655
f 5863 5321 5322
f 5318 5323 5658
f 5655 5318 5658
f 4831 5238 5322
f 5663 5666 5657
f 5656 5659 5473
f 5662 5166 5661
f 5471 5865 5659
f 5471 5664 5865
f 5475 5471 5472
f 5660 5478 5472
f 5658 5667 5655
f 5319 5863 5324
f 5471 5475 5664
f 5649 5656 5663
f 5866 5239 5867
f 5865 5474 5239
f 5667 5876 5478
f 5867 5239 5331
f 5477 5240 5475
f 5675 5663 5656
f 5656 5479 5675
f 5480 5332 5339
f 5478 5669 5240
f 5483 5485 5665
f 5240 5669 5242
f 5658 5670 5667
f 5328 5329 5671
f 5663 5338 5666
f 5679 5338 5663
f 5675 5679 5663
f 5331 5672 5668
f 5501 5481 5869
f 5242 5669 5335
f 5478 5684 5669
f 5331 5695 5672
f 5669 5681 5335
f 5684 5681 5669
f 5667 5872 5876
f 5668 5870 5490
f 5672 5870 5668
f 5478 5876 5684
f 5168 5486 5671
f 5486 5168 5337
f 5674 5487 5488
f 5489 5693 5873
f 5338 5677 5488
f 5670 5680 5667
f 5673 5682 5670
f 5679 5677 5338
f 5675 5690 5679
f 5493 5682 5673
f 5678 5674 5488
f 5677 5678 5488
f 5675 5479 5690
f 5680 5872 5667
f 5703 5501 5869
f 5682 5680 5670
f 5677 5494 5678
f 5479 5498 5690
f 5674 5678 5685
f 5344 5493 5683
f 5493 5500 5683
f 5690 5714 5679
f 5875 5876 5871
f 5680 5707 5872
f 5691 5682 5495
f 5494 5686 5678
f 5679 5689 5677
f 5686 5685 5678
f 5707 5705 5872
f 5687 5495 5344
f 5692 5495 5687
f 5683 5687 5344
f 5499 5687 5683
f 5499 5683 5688
f 5683 5502 5688
f 5686 5347 5685
f 5679 5718 5689
f 5687 5688 5692
f 5513 5501 5703
f 5701 5873 5693
f 5688 5502 5692
f 5698 5696 5694
f 5503 5504 5697
f 5694 5503 5697
f 5695 5255 5672
f 5506 5698 5694
f 5506 5694 5697
f 5702 5335 5681
f 5684 5704 5681
f 5875 5704 5684
f 4804 5879 5491
f 5698 5699 5696
f 5698 5508 5699
f 5508 5506 5699
f 5699 5506 5697
f 5700 5707 5680
f 5498 5510 5690
f 5672 5255 5708
f 5515 5700 5680
f 5254 5692 5507
f 5697 5512 5699
f 5679 5714 5718
f 5690 5510 5714
f 5703 5968 5349
f 5509 5349 5968
f 5875 5716 5704
f 5878 5716 5875
f 5689 5881 5351
f 5510 5720 5714
f 5705 5707 5878
f 5720 5510 5511
f 5704 5710 5702
f 5716 5710 5704
f 5519 5880 5708
f 5522 5519 5708
f 5517 5522 5708
f 5353 5523 5517
f 5523 5522 5517
f 5707 5716 5878
f 5515 5520 5700
f 5512 5355 5706
f 5718 5881 5689
f 5511 5709 5720
f 5511 5880 5709
f 5702 5710 5353
f 5521 5525 5254
f 5879 4837 5357
f 5519 5711 5880
f 5519 5522 5711
f 5711 5522 5523
f 5353 5710 5712
f 5711 5709 5880
f 5715 5711 5523
f 5355 5881 5173
f 5173 5881 5713
f 5719 5720 5709
f 5711 5719 5709
f 5715 5719 5711
f 5716 5715 5712
f 5724 5715 5716
f 5707 5724 5716
f 5520 5717 5700
f 5526 5717 5520
f 5720 5718 5714
f 5882 5723 5713
f 5715 5728 5719
f 5358 5721 5526
f 5718 5722 5881
f 5721 5717 5526
f 5719 5728 5720
f 5720 5738 5718
f 5742 5707 5700
f 5717 5725 5700
f 5358 5359 5721
f 5881 5722 5882
f 5715 5724 5728
f 5882 5527 5723
f 5728 5730 5720
f 5717 5726 5725
f 5175 5527 5727
f 5722 5361 5882
f 5730 5738 5720
f 5530 5727 5361
f 5726 5363 5725
f 5731 5730 5728
f 5732 5731 5728
f 5724 5732 5728
f 5734 5732 5724
f 5730 5741 5738
f 5731 5884 5730
f 5724 5886 5734
f 5357 4861 5883
f 5722 5376 5729
f 5731 5732 5733
f 5734 5536 5733
f 5735 5724 5707
f 5529 5365 5532
f 5730 5531 5534
f 5531 5730 5884
f 5366 5531 5884
f 5733 5366 5884
f 5533 5366 5733
f 5536 5533 5733
f 5724 5887 5886
f 5725 5742 5700
f 5738 5736 5722
f 5718 5738 5722
f 5534 5741 5730
f 5886 5536 5734
f 5541 5257 5176
f 5722 5736 5376
f 5536 5890 5743
f 5886 5890 5536
f 5742 5735 5707
f 5725 5363 5742
f 5368 5259 5740
f 5539 5740 5259
f 5885 5740 5539
f 5990 5885 5540
f 5537 5990 5540
f 5363 5745 5742
f 5376 5736 5543
f 5368 5740 5372
f 5363 5377 5745
f 5534 5747 5741
f 5724 5735 5887
f 5793 5735 5742
f 5534 5749 5747
f 5739 5749 5534
f 5537 5544 5990
f 5743 5392 5535
f 5889 5543 5736
f 5368 5753 5739
f 5753 5760 5739
f 5736 5746 5889
f 5738 5746 5736
f 5739 5760 5749
f 5746 5378 5889
f 5372 5740 6007
f 5735 5998 5887
f 5743 5763 5392
f 5890 5893 5743
f 5893 5763 5743
f 5542 5549 5745
f 5744 5549 5542
f 5382 5549 5744
f 5746 5738 5751
f 5757 5893 5890
f 5735 6006 5998
f 5741 5750 5738
f 5758 5742 5745
f 5549 5758 5745
f 5182 5748 5755
f 5545 5384 5089
f 5794 5751 5738
f 5741 5747 5750
f 5756 5748 5267
f 5793 5775 5735
f 5756 5755 5748
f 5754 5893 5757
f 5775 6006 5735
f 5756 5184 5755
f 5750 5794 5738
f 5759 5754 5757
f 5794 5780 5751
f 5742 5567 5793
f 5758 5567 5742
f 5758 5184 5762
f 5747 5785 5750
f 5760 5776 5749
f 6007 5761 5752
f 5762 5554 5758
f 5751 5394 5552
f 5780 5394 5751
f 5749 5560 5747
f 5560 5785 5747
f 5776 5560 5749
f 5760 5771 5776
f 5753 5771 5760
f 5752 5761 5556
f 5763 5769 5392
f 5754 5769 5893
f 5775 5765 6006
f 5769 5772 5392
f 5554 5766 5758
f 5767 5553 5764
f 5765 5775 5759
f 5766 5567 5758
f 5768 5767 5764
f 5766 5779 5567
f 5773 5188 5770
f 5559 5895 5768
f 5754 5772 5769
f 5771 5774 5776
f 5770 5779 5773
f 5396 5394 5780
f 5798 5572 5780
f 5774 5777 5781
f 5561 5777 5774
f 5777 5561 5778
f 5561 5272 5563
f 5778 5561 5563
f 5800 5775 5793
f 6218 4663 6222
f 5794 5798 5780
f 5560 5569 5785
f 5560 5776 5781
f 5776 5774 5781
f 5562 5781 5777
f 5778 5562 5777
f 5563 5562 5778
f 5095 5395 5191
f 5784 5396 5566
f 5785 5788 5750
f 5782 5786 5562
f 5786 5570 5562
f 5564 5574 5786
f 5782 5564 5786
f 5780 5572 5577
f 5759 5578 5574
f 5784 5792 5576
f 5791 5792 5784
f 5566 5791 5784
f 5577 5791 5566
f 5785 5569 5788
f 5775 5578 5759
f 6031 4900 5790
f 5750 5801 5794
f 5788 5573 5578
f 5575 5787 5398
f 5897 5787 5575
f 6040 6124 4769
f 5799 5793 5567
f 5797 5799 5567
f 5575 5100 5897
f 5793 5802 5800
f 5792 6042 5576
f 5775 5800 5811
f 5793 5102 5802
f 5799 5102 5793
f 5279 6045 5897
f 5579 4901 6045
f 5579 6045 6040
f 5791 6029 5792
f 5791 5795 6029
f 5572 5795 5402
f 5794 5796 5798
f 5788 5813 5750
f 5795 5572 5580
f 5798 5580 5572
f 5404 5796 5794
f 5775 5811 5578
f 5899 5799 5797
f 5801 5404 5794
f 5798 5192 5803
f 5580 5798 5803
f 5796 5192 5798
f 4963 5102 5799
f 5803 5192 6048
f 5193 5899 6053
f 5192 5281 6048
f 6048 5281 6054
f 5750 5817 5801
f 5902 5405 6053
f 5900 4965 5803
f 5281 5805 6054
f 5801 5817 5804
f 5805 5406 5806
f 5802 5809 5800
f 5808 5809 5802
f 5903 5807 5405
f 5804 5806 5406
f 5813 5817 5750
f 5807 5809 5808
f 5817 5810 5804
f 5804 5810 5806
f 5817 5905 5810
f 5811 5407 5578
f 5788 5819 5813
f 5813 5821 5817
f 5788 5835 5829
f 5820 5407 5811
f 5812 5800 5809
f 5788 5829 5819
f 5811 5814 5820
f 5905 5817 5816
f 5813 5818 5821
f 5819 5581 5813
f 5582 5814 5811
f 5826 5582 5811
f 5800 5812 5811
f 5822 5905 5816
f 5581 5818 5813
f 5578 5835 5788
f 5407 5835 5578
f 5821 5822 5816
f 5818 5827 5821
f 5582 5826 5823
f 5812 5826 5811
f 5818 5581 5409
f 5408 5835 5407
f 5409 5911 5818
f 5822 5821 5827
f 5826 5410 5823
f 5818 5197 5827
f 5911 5197 5818
f 6069 5410 5826
f 5197 5912 5827
f 5911 5409 5828
f 5829 5833 5825
f 5408 5832 5835
f 5583 5914 5912
f 5831 5832 5408
f 4911 5914 5583
f 5825 5833 5828
f 5831 5915 5832
f 5832 5834 5835
f 5835 5836 5829
f 5829 5836 5833
f 5835 5584 5836
f 5586 5584 5835
f 5835 5837 5586
f 5834 5837 5835
f 5584 5838 5836
f 5282 5584 5586
f 5838 5916 5836
f 5584 5282 5838
f 6273 5112 6304
f 4699 6134 5200
f 4698 6273 4847
f 5283 5840 5205
f 5840 5922 5594
f 5594 5922 5852
f 5841 5922 5595
f 5595 5922 5842
f 5922 5843 5842
f 5842 5843 5412
f 5412 5843 5293
f 5293 5843 5853
f 5853 5843 5588
f 5588 5923 5844
f 5844 5923 5845
f 5845 5923 5589
f 5923 5846 5589
f 5847 5848 5417
f 5848 5925 5849
f 5849 5925 5285
f 5285 5925 5850
f 5925 5851 5850
f 5850 5851 5414
f 5592 5851 5593
f 5205 5284 5283
f 5844 4984 5588
f 5590 5589 5846
f 5596 5590 5846
f 5847 5600 5846
f 5601 5600 5847
f 5854 5417 5848
f 5849 5854 5848
f 5591 5414 5851
f 5592 5591 5851
f 5424 5926 5927
f 5594 5602 5840
f 5412 5207 5842
f 5588 5418 5853
f 5845 5857 5844
f 5857 5423 5844
f 5413 5857 5845
f 5599 5204 5413
f 5599 5413 5845
f 5589 5289 5845
f 5289 5599 5845
f 5846 5290 5596
f 5856 5291 5847
f 5417 5856 5847
f 5592 5292 5591
f 5593 5420 5604
f 5293 5853 5598
f 5288 5418 5588
f 5590 5419 5589
f 5600 5290 5846
f 5417 5854 5603
f 5287 5854 5849
f 5414 5208 5850
f 5208 5421 5850
f 5413 5606 5857
f 5605 5857 5860
f 5857 5606 5860
f 5615 5209 5858
f 5859 5619 5211
f 5451 5442 5310
f 5861 6084 4798
f 5444 5458 5630
f 5641 5650 5645
f 5861 5476 5933
f 5320 5661 5166
f 5933 5476 5868
f 5322 5238 5863
f 5238 5324 5863
f 5659 5239 5866
f 5865 5239 5659
f 5474 5865 5664
f 5330 5474 5664
f 5664 5475 5330
f 5473 5866 5867
f 5476 5491 5868
f 5869 5332 6152
f 6152 5332 5948
f 5332 5480 5948
f 5480 5489 5948
f 5485 5484 5665
f 5948 5489 5873
f 5329 5168 5671
f 5876 5872 5871
f 5875 5871 5965
f 5874 5871 5872
f 5872 5705 5874
f 5684 5876 5875
f 5692 5691 5495
f 5874 5705 5965
f 5490 5870 5511
f 5878 5875 5965
f 5491 5879 5868
f 5873 5701 5877
f 5965 5705 5878
f 5692 5518 5691
f 5254 5518 5692
f 5870 5672 5511
f 5681 5704 5702
f 4858 5963 5516
f 5511 5672 5708
f 5509 5968 5514
f 5877 5701 5514
f 5254 5525 5518
f 5512 5706 5699
f 5525 5524 5518
f 5716 5712 5710
f 5713 5881 5882
f 5530 5541 5727
f 5727 5176 5175
f 5541 5176 5727
f 5529 5532 5528
f 5884 5731 5733
f 5528 5532 5369
f 5364 5996 4838
f 5887 5993 5886
f 5886 5888 5890
f 5888 5886 5993
f 5887 5995 5993
f 5996 5391 4838
f 5998 5888 5887
f 5888 5995 5887
f 5888 5891 5890
f 5737 5382 5744
f 5883 5183 5997
f 5990 5544 6115
f 5891 5757 5890
f 6008 5998 6006
f 5545 5892 5384
f 5891 6010 5757
f 6115 5544 5553
f 5893 5769 5763
f 6010 5759 5757
f 5765 6018 6014
f 5765 6014 6006
f 5765 6116 6018
f 5391 5894 5555
f 6007 6118 5761
f 5765 5759 6010
f 5761 6024 5895
f 5895 6025 5768
f 5894 5571 5555
f 4768 4843 6184
f 5781 5570 5569
f 5277 5896 6122
f 5896 5277 5783
f 6191 5783 6042
f 5792 6038 6042
f 5897 5898 5787
f 6125 6045 4901
f 6029 6038 5792
f 5797 5898 6032
f 5787 5898 5797
f 5797 6032 5899
f 5279 5579 6228
f 5580 6046 5795
f 5803 6048 5900
f 6054 5805 5901
f 5902 5903 5405
f 5805 5806 5901
f 6297 4720 6129
f 5807 5903 6061
f 5807 6061 5809
f 5806 5810 6057
f 6061 5812 5809
f 5907 5812 6061
f 6062 6057 5905
f 5905 6057 5810
f 5906 4593 6195
f 5817 5904 5816
f 5817 5821 5904
f 5816 5904 5908
f 5821 5816 5908
f 5821 5908 5910
f 5821 5910 5904
f 5908 5905 5822
f 6132 4593 5906
f 5910 5908 5822
f 5812 5907 5909
f 5822 5827 5910
f 5909 5826 5812
f 5912 5910 5827
f 5909 6069 5826
f 6198 4383 5830
f 5197 5911 5913
f 6132 6258 4649
f 5197 5913 5914
f 6072 5911 5828
f 5914 4911 5197
f 5828 5833 6072
f 5832 5915 6073
f 6073 5834 5832
f 6200 5106 5105
f 5836 6074 5833
f 6073 5837 5834
f 5917 5837 6073
f 4975 6265 6201
f 5836 6075 6074
f 6075 5836 5916
f 5838 6076 5916
f 5917 5586 5837
f 5918 5586 5917
f 4821 6266 4699
f 5918 4978 5586
f 6076 5838 5587
f 5200 6134 6275
f 5839 6274 6270
f 6276 6381 4794
f 5588 5843 6078
f 5846 5923 6082
f 5846 6082 5924
f 5847 5846 5924
f 5847 5924 6080
f 5848 5847 6080
f 5925 5848 6080
f 5593 5851 5926
f 5923 5588 6136
f 5927 5638 4825
f 6143 5932 6149
f 5861 5931 6147
f 5931 5929 6146
f 5929 5932 6143
f 5932 6085 6149
f 5932 5929 5935
f 5928 6085 5937
f 5930 5928 5934
f 5864 5930 5934
f 5931 5861 5933
f 5929 5931 5935
f 6085 5932 5936
f 5931 5933 5941
f 5934 5928 5937
f 6087 5941 5933
f 5864 5934 5943
f 5943 5934 5938
f 5932 5935 5936
f 5936 5935 5939
f 5940 5936 5939
f 5945 5936 5940
f 5937 6085 5951
f 5955 5941 5942
f 6085 5936 5954
f 5938 5934 5937
f 5946 5933 5868
f 5931 5941 5955
f 5954 5936 6091
f 5935 5931 5944
f 5939 5935 5944
f 6091 5936 5945
f 5946 5942 6087
f 5943 5938 5937
f 5944 5931 5949
f 5951 6085 5954
f 6090 5947 5944
f 6094 5869 6152
f 6091 5945 6155
f 5943 5937 5960
f 5960 5937 5951
f 5942 5946 5953
f 5955 5942 5953
f 5944 5949 6090
f 6090 5949 5956
f 5864 5943 5676
f 5950 5954 6091
f 5676 5943 5960
f 5953 5946 5952
f 5946 5868 5952
f 5955 5953 5958
f 5949 5931 5959
f 5931 5955 5959
f 5676 5960 5963
f 5957 5954 5950
f 5951 5954 5964
f 5962 5951 5961
f 5960 5951 5962
f 5958 5953 5952
f 5955 5958 5980
f 5956 5949 5959
f 5954 5957 5964
f 5959 5955 5980
f 5956 5959 6097
f 5871 5874 5965
f 5980 5958 5967
f 5958 5952 5967
f 5961 5951 5964
f 5962 5961 5975
f 5952 5868 5879
f 5963 5960 5962
f 5963 5962 5516
f 5966 6097 5959
f 5952 5879 5969
f 5971 5966 5959
f 5964 5957 5970
f 5952 5969 5967
f 5962 5975 5516
f 6101 5966 5971
f 5969 5879 6102
f 5976 5967 5969
f 5979 5964 5970
f 5970 6163 5979
f 5879 5357 6103
f 5980 5967 5976
f 5959 5980 5999
f 5973 6101 5971
f 5979 6167 5974
f 6167 5979 6163
f 5976 5969 5972
f 5973 5971 5983
f 5983 5977 5973
f 5973 5977 5974
f 5979 5974 5977
f 5971 5959 5999
f 5961 5964 5979
f 5980 5976 5994
f 5989 5976 5972
f 5994 5976 5989
f 5983 5971 5984
f 5516 5975 5982
f 5978 5357 5883
f 5985 5977 5983
f 5984 5971 5999
f 5979 5977 5985
f 5982 5975 5961
f 5516 5982 5364
f 5978 5883 5981
f 5972 5978 5981
f 5989 5972 5981
f 5980 5994 5999
f 5982 5961 5986
f 5961 5979 5986
f 5985 5983 5984
f 5981 5883 5997
f 5979 5985 5988
f 5364 5982 5996
f 5985 5984 5987
f 6105 5985 5987
f 5985 6105 5988
f 6107 5987 5984
f 6107 5984 5999
f 5979 5988 5991
f 5979 5991 6001
f 5982 5986 6009
f 5986 5979 6001
f 5989 5981 5997
f 5991 5988 6109
f 5996 5982 6003
f 5989 5997 6002
f 5994 5989 6002
f 5885 5990 6108
f 6005 6107 5999
f 5992 6174 5740
f 5995 5991 5993
f 6001 5991 5995
f 5888 5993 6111
f 5982 6009 6003
f 6175 5990 6115
f 6009 5986 6001
f 5391 5996 6012
f 5740 6174 6007
f 5888 6111 5995
f 5995 6111 6000
f 6001 5995 6000
f 6002 5997 5183
f 5998 5891 5888
f 5999 5994 6013
f 5998 6000 6111
f 5998 6111 5891
f 5998 6008 6000
f 6012 5996 6003
f 6111 6004 5891
f 6000 6008 5891
f 6004 6000 5891
f 6001 6000 6004
f 5994 6002 6013
f 6008 6004 6111
f 6011 6001 6004
f 6006 6004 6008
f 6002 5183 6013
f 6004 6006 6011
f 6016 6003 6009
f 6005 5999 6019
f 6111 6113 6008
f 6003 6016 6012
f 6008 6010 5891
f 6113 6010 6008
f 6113 6006 6010
f 6009 6001 6011
f 5391 6012 5894
f 6013 5183 6015
f 6052 5999 6013
f 6113 6011 6006
f 6006 6014 6010
f 6014 6011 6113
f 6014 6018 6011
f 5183 6017 6015
f 6113 6116 6014
f 6014 6116 6010
f 6019 5999 6052
f 6005 6019 6180
f 6027 6016 6009
f 6116 6022 6018
f 6009 6011 6020
f 6010 6116 5765
f 5553 5767 6115
f 6011 6018 6020
f 6012 6016 5894
f 6052 6013 6126
f 6018 6022 6020
f 6009 6020 6027
f 6029 6013 6015
f 6025 5767 5768
f 6013 6044 6126
f 6024 5761 6118
f 6020 6022 6026
f 5895 6024 6121
f 5895 6121 6025
f 6026 6022 6119
f 6016 6027 5894
f 6044 6013 6029
f 6023 6021 6028
f 6180 6019 6034
f 6021 6180 6028
f 6028 6180 6034
f 6187 6023 6028
f 6027 6020 6050
f 6222 5096 6122
f 6029 6015 6017
f 6028 6034 6036
f 6027 6050 6032
f 5894 6027 6037
f 5571 5894 6037
f 4717 5098 6185
f 6124 6224 5568
f 6017 6031 6038
f 6038 6031 5790
f 6029 6017 6038
f 5571 6037 5399
f 6034 6035 6036
f 6036 6035 6033
f 6035 6039 6033
f 6026 6033 6039
f 5898 6027 6032
f 6037 6027 5898
f 6019 6052 6034
f 6035 6034 6041
f 6037 5898 6125
f 6191 6042 6038
f 6034 6052 6059
f 6020 6026 6039
f 6125 5898 5897
f 6045 6125 5897
f 5789 6192 5403
f 4770 6241 5099
f 6029 5795 6044
f 6126 6044 6047
f 6039 6035 6041
f 6020 6128 6050
f 6228 6045 5279
f 6044 5795 6046
f 6126 6049 6052
f 6051 5902 6050
f 6032 6050 5902
f 6048 6047 6044
f 6053 6032 5902
f 6052 6049 6127
f 5907 6020 6039
f 5900 6048 6233
f 6059 6052 6127
f 6192 4648 5403
f 6034 6059 6041
f 6054 5901 6055
f 6128 6020 5907
f 6056 6128 5903
f 6057 6055 5901
f 6127 6055 6057
f 5903 6128 6061
f 6127 6057 6059
f 6039 6041 6060
f 5907 6039 6064
f 6057 5901 5806
f 6041 6059 6060
f 6128 5907 6061
f 6039 6060 6064
f 6059 6057 6062
f 6070 6064 6060
f 5904 6059 6062
f 6059 5904 6068
f 6060 6059 6066
f 6065 6064 6070
f 6066 6059 6068
f 6060 6066 6300
f 5907 6064 5909
f 5905 5904 6062
f 6197 6060 6300
f 6064 6065 6299
f 6299 6063 6064
f 5909 6064 6063
f 5904 5905 5908
f 5910 6068 5904
f 6196 6066 6068
f 6196 6068 5913
f 6074 6060 6197
f 6067 4383 6198
f 5912 6068 5910
f 5913 6068 5912
f 5915 5831 6251
f 5831 6069 6251
f 6063 6251 6069
f 5909 6063 6069
f 5913 5912 5914
f 6070 6060 6073
f 5915 6070 6073
f 6197 6072 6074
f 6060 6074 6071
f 6073 6060 6071
f 6072 5833 6074
f 6200 5105 4844
f 6071 6074 6075
f 5917 6073 6071
f 5917 6071 5918
f 5918 6071 6133
f 5106 6200 6304
f 6071 6075 5916
f 6133 6071 6076
f 6071 5916 6076
f 6265 4975 5585
f 4821 6264 6266
f 4978 5918 6268
f 5587 6202 6076
f 6272 4978 6268
f 6202 5587 6271
f 4978 6272 5920
f 5587 5921 6271
f 5920 6271 5921
f 6380 5919 4722
f 6273 6305 4847
f 4847 6305 6276
f 5283 6083 5840
f 5840 6083 5922
f 6083 6077 5922
f 5922 6135 5843
f 6077 6135 5922
f 5843 6135 6078
f 6078 6136 5588
f 5923 6136 6082
f 5925 6081 5851
f 5851 6081 5926
f 6136 6078 6135
f 6081 6080 6079
f 6080 6081 5925
f 5927 5926 6081
f 6141 6082 6136
f 5924 6082 6141
f 6079 6080 5924
f 6084 5861 6147
f 6086 6147 5931
f 6143 6146 5929
f 6148 6149 6085
f 6145 6148 5928
f 6146 6086 5931
f 5928 6148 6085
f 5638 6145 5930
f 5930 6145 5928
f 6087 5933 5946
f 5939 6088 6089
f 5940 5939 6089
f 5940 6089 6150
f 6150 5945 5940
f 5941 6087 5942
f 5939 5944 6151
f 6151 5944 5947
f 5948 6153 6152
f 5948 6155 6153
f 6155 5945 6154
f 6091 6155 6157
f 5956 6092 6156
f 6090 5956 6156
f 5950 6091 6158
f 5948 5873 6159
f 6159 6155 5948
f 6093 5950 6158
f 6093 5957 5950
f 5956 6097 6092
f 6094 6095 5869
f 5869 6095 5703
f 6097 6096 6092
f 6098 5957 6093
f 6097 6099 6096
f 6097 5966 6099
f 6098 5970 5957
f 5703 6095 6209
f 5703 6209 5968
f 6101 6099 5966
f 5968 5877 5514
f 6098 6210 5970
f 6100 6101 6164
f 5879 6103 6102
f 5972 5969 6102
f 5973 6164 6101
f 5973 6104 6164
f 5974 6104 5973
f 5974 6166 6104
f 5974 6167 6166
f 5357 5978 6103
f 5987 6169 6168
f 6105 5987 6168
f 5987 6107 6169
f 5740 5885 5992
f 5885 6108 5992
f 6108 5990 6172
f 5991 6171 6110
f 6109 6171 5991
f 6110 5993 5991
f 6107 6005 6106
f 6106 6005 6112
f 6172 5990 6175
f 6110 6111 5993
f 6007 6174 6177
f 6110 6113 6111
f 6005 6114 6112
f 6181 6113 6110
f 6005 6117 6114
f 6181 6116 6113
f 6117 6005 6180
f 6177 6118 6007
f 6116 6181 6022
f 6117 6216 6114
f 6178 6214 5767
f 6025 6178 5767
f 6181 6120 6022
f 6021 6118 6180
f 6025 6119 6178
f 6022 6178 6119
f 6022 6120 6178
f 6023 6121 6118
f 6023 6118 6021
f 6024 6118 6121
f 6025 6121 6119
f 6218 6291 4766
f 5098 6293 6185
f 6026 6123 6033
f 6028 6036 6186
f 5098 5099 6293
f 6038 5790 6189
f 6189 6191 6038
f 6190 6037 6125
f 6044 6193 6048
f 6032 6231 5899
f 6054 6234 6048
f 6231 6053 5899
f 6227 6046 5900
f 5903 5902 6056
f 6192 6195 4648
f 4602 6058 6239
f 6297 5824 4624
f 6070 6352 6065
f 5913 5911 6254
f 5830 6255 6198
f 6263 6264 4821
f 6268 5918 6133
f 6265 5585 6269
f 5920 6272 6271
f 6269 4920 6270
f 6077 6139 6135
f 6140 6136 6135
f 6142 5924 6141
f 6142 6079 5924
f 6138 6081 6079
f 6077 6083 6137
f 6140 6135 6139
f 6141 6136 6140
f 6139 6077 6137
f 5927 6081 6138
f 6083 6084 6147
f 6137 6083 6147
f 6138 6079 6144
f 6086 6137 6147
f 6139 6137 6086
f 6146 6139 6086
f 6079 6142 6148
f 6144 6079 6148
f 5638 5927 6138
f 6140 6139 6146
f 6141 6140 6143
f 6142 6141 6143
f 6149 6142 6143
f 6145 6138 6144
f 6143 6140 6146
f 6148 6142 6149
f 6145 6144 6148
f 6138 6145 5638
f 6088 5939 6151
f 6150 6154 5945
f 6094 6151 5947
f 6094 6152 6151
f 6152 6153 6151
f 6091 6157 6158
f 6157 6155 6159
f 6156 6092 6160
f 6094 5947 6205
f 6205 6095 6094
f 6093 6161 6098
f 6092 6096 6160
f 6095 6207 6209
f 6159 5873 6206
f 5873 5877 6206
f 6096 6099 6160
f 6160 6099 6283
f 5877 6208 6206
f 6209 6162 5968
f 5968 6162 5877
f 6162 6208 5877
f 6099 6100 6283
f 6101 6100 6099
f 6209 6100 6162
f 6282 6208 6163
f 5970 6210 6163
f 6161 6210 6098
f 6162 6100 6164
f 6208 6162 6167
f 6165 6162 6164
f 6167 6162 6165
f 6163 6208 6167
f 6102 6103 5972
f 6165 6164 6104
f 6166 6165 6104
f 6167 6165 6166
f 5972 6103 5978
f 6168 6170 6105
f 6168 6169 6170
f 6170 5988 6105
f 5988 6170 6109
f 6170 6285 6109
f 6169 6107 6211
f 6211 6107 6212
f 5992 6108 6211
f 6106 6112 6173
f 6107 6106 6212
f 6212 5992 6211
f 6174 6213 6177
f 6110 6171 6181
f 6173 6112 6176
f 6171 6179 6181
f 6112 6114 6176
f 6175 6115 6214
f 6114 6216 6176
f 6118 6177 6216
f 6115 5767 6214
f 6182 6181 6179
f 6180 6216 6117
f 6118 6216 6180
f 6181 6182 6120
f 6187 6121 6023
f 6121 6183 6119
f 6119 6183 6123
f 6119 6123 6026
f 6183 6121 6187
f 4900 6217 5790
f 6183 6187 6186
f 6188 6183 6186
f 6123 6183 6188
f 6187 6028 6186
f 6191 5896 5783
f 6188 6186 6036
f 6033 6188 6036
f 6123 6188 6033
f 6037 6190 6223
f 5399 6037 6223
f 6125 5191 6190
f 6040 6045 6190
f 6045 6228 6190
f 6126 6047 6229
f 6126 6229 6049
f 6323 6051 6050
f 6044 6046 6193
f 6046 6227 6193
f 6048 6230 6047
f 6032 6296 6231
f 6230 6048 6234
f 6050 6128 6323
f 6053 6296 6032
f 6227 5900 6233
f 6193 6233 6048
f 6127 6235 6055
f 6128 6056 6194
f 5902 6051 6056
f 6053 6231 6051
f 6234 6054 6235
f 6235 6054 6055
f 6066 6313 6300
f 6299 6251 6063
f 6196 5913 6254
f 6254 5911 6072
f 6301 6072 6197
f 5915 6199 6070
f 6199 5915 6251
f 6260 6255 5830
f 6260 5830 6201
f 6133 6267 6268
f 6133 6076 6267
f 6267 6076 6202
f 4699 6266 6134
f 6089 6154 6150
f 6088 6151 6089
f 6151 6154 6089
f 6154 6151 6153
f 6155 6154 6153
f 6090 6156 6277
f 6277 5947 6090
f 6158 6157 6203
f 6204 6158 6203
f 6205 5947 6277
f 6278 6157 6159
f 6156 6160 6280
f 6158 6204 6093
f 6204 6161 6093
f 6095 6205 6207
f 6278 6159 6206
f 6160 6283 6280
f 6282 6206 6208
f 6283 6100 6209
f 6163 6210 6282
f 6170 6169 6211
f 6108 6170 6211
f 6285 6170 6108
f 6106 6173 6212
f 6285 6108 6172
f 5992 6212 6213
f 6285 6172 6175
f 5992 6213 6174
f 6213 6212 6284
f 6285 6175 6288
f 6288 6175 6215
f 6177 6213 6290
f 6175 6214 6215
f 6214 6178 6120
f 6120 6182 6214
f 4766 6219 6217
f 4766 6291 6219
f 6291 6122 5896
f 6220 5790 6217
f 6189 5790 6220
f 6184 4843 6317
f 6220 6227 6189
f 4843 6223 6317
f 6185 6293 6291
f 6291 5896 6185
f 6317 6223 6226
f 5395 6124 5191
f 6124 6040 5191
f 6295 6293 5099
f 5789 6185 5896
f 6225 5789 5896
f 6223 6190 6226
f 5191 6040 6190
f 6191 6225 5896
f 6189 6227 6225
f 6190 6228 6226
f 6191 6189 6225
f 6226 6228 6296
f 6321 6043 6294
f 5789 6225 6192
f 5099 6241 6341
f 6230 6193 6319
f 6193 6227 6319
f 6232 6231 6296
f 6228 6232 6296
f 6227 6238 6225
f 6227 6233 6238
f 6053 6051 6296
f 6307 6129 6043
f 6230 6234 6193
f 6235 6127 6325
f 6238 6192 6225
f 6233 6193 6234
f 6231 6056 6051
f 6232 6239 6231
f 6236 6233 6234
f 6236 6234 6235
f 6194 6056 6243
f 6239 6058 6056
f 6231 6239 6056
f 6192 6238 6195
f 6240 6236 6235
f 6056 6058 6243
f 6236 6242 6233
f 6242 6238 6233
f 6130 6326 6241
f 6247 6242 6236
f 6195 6238 6242
f 6058 5815 6243
f 6240 6247 6236
f 6243 5815 6244
f 6195 6242 5906
f 6067 6245 6244
f 5815 6067 6244
f 6067 6248 6245
f 6246 5906 6242
f 6247 6246 6242
f 6245 6248 6249
f 5824 6297 6298
f 6327 6130 6131
f 6250 6247 6240
f 6313 6066 6196
f 6065 6352 6299
f 6067 6198 6248
f 5906 6246 6132
f 6250 6256 6247
f 6249 6251 6299
f 6248 6255 6249
f 6196 6254 6250
f 6255 6251 6249
f 6198 6253 6248
f 6250 6254 6256
f 6253 6255 6248
f 6256 6246 6247
f 6252 6131 5411
f 6132 6246 6258
f 6256 6257 6246
f 6257 6258 6246
f 6251 6255 6199
f 6253 6198 6255
f 6072 6301 6254
f 6255 6260 6199
f 6301 6256 6254
f 6301 6259 6256
f 6366 5411 4741
f 6260 6201 6199
f 6256 6262 6257
f 6262 6258 6257
f 6201 6261 6199
f 4820 6258 6262
f 6389 6200 4844
f 6259 6262 6256
f 6201 6265 6261
f 6263 4820 6262
f 6261 6265 6302
f 6259 6264 6262
f 6263 6262 6264
f 6266 6264 6259
f 6267 6266 6259
f 6302 6268 6267
f 6265 6269 6302
f 6267 6202 6266
f 6302 6269 6268
f 6272 6268 6269
f 6266 6202 6134
f 6269 6270 6272
f 5919 6379 5199
f 6271 6134 6202
f 6272 6274 6271
f 6379 5919 6380
f 6275 6134 6274
f 6271 6274 6134
f 6270 6274 6272
f 6203 6157 6278
f 6156 6280 6277
f 6277 6279 6205
f 6279 6277 6280
f 6203 6278 6281
f 6203 6281 6204
f 6205 6279 6207
f 6204 6281 6161
f 6281 6278 6206
f 6279 6280 6207
f 6281 6206 6282
f 6161 6281 6210
f 6207 6280 6283
f 6209 6207 6283
f 6210 6281 6282
f 6284 6212 6173
f 6109 6285 6171
f 6285 6286 6171
f 6286 6285 6288
f 6284 6173 6287
f 6213 6284 6287
f 6171 6286 6179
f 6173 6176 6287
f 6213 6287 6290
f 6286 6288 6215
f 6289 6286 6215
f 6286 6289 6179
f 6287 6176 6290
f 6214 6289 6215
f 6290 6176 6216
f 6177 6290 6216
f 6289 6214 6182
f 6289 6182 6179
f 6317 4645 6184
f 6218 6222 6291
f 6292 6221 5565
f 6291 6222 6122
f 6292 6124 5395
f 6030 6221 6292
f 6293 6295 6291
f 6318 6317 6226
f 6030 6292 5395
f 6124 6292 6224
f 6227 6220 6306
f 6224 6292 6294
f 5099 6341 6295
f 6320 6226 6296
f 6324 6051 6323
f 6311 6235 6237
f 6310 6297 6129
f 6311 6240 6235
f 6309 6243 6244
f 6245 6309 6244
f 6312 6250 6240
f 6329 6245 6249
f 6356 6329 6249
f 6196 6328 6313
f 6196 6250 6328
f 6299 6356 6249
f 6197 6355 6301
f 5411 6366 6252
f 6314 4844 5824
f 6332 6199 6261
f 6370 6261 6302
f 6200 6389 6304
f 6259 6315 6316
f 6267 6259 6316
f 6371 5107 5199
f 6377 6371 5199
f 6267 6303 6302
f 6267 6316 6303
f 6217 6219 6338
f 6220 6217 6338
f 6336 5565 4645
f 5565 6336 6292
f 6226 6320 6318
f 6227 6306 6319
f 6296 6324 6320
f 6049 6229 6322
f 6047 6230 6229
f 6296 6051 6324
f 6049 6322 6127
f 6325 6237 6235
f 6243 6308 6194
f 6129 6307 6310
f 6241 6326 6344
f 6309 6308 6243
f 6245 6329 6309
f 6327 6326 6130
f 6312 6240 6311
f 6328 6250 6312
f 6331 5824 6298
f 6197 6300 6355
f 6252 6353 6131
f 6352 6070 6199
f 6314 5824 6331
f 6332 6261 6370
f 4844 6314 6389
f 6302 6303 6370
f 6304 6372 6273
f 6372 6305 6273
f 6276 6305 6335
f 6276 6335 6381
f 6295 6219 6291
f 6336 4645 6317
f 6317 6318 6336
f 6340 6292 6336
f 6220 6338 6306
f 6306 6337 6319
f 6343 6229 6230
f 6043 6321 6307
f 6322 6325 6127
f 6241 6344 6341
f 6311 6237 6351
f 6351 6312 6311
f 6297 6310 6298
f 6312 6351 6330
f 6328 6312 6330
f 6360 6328 6330
f 6360 6313 6328
f 6356 6299 6352
f 6131 6353 6327
f 6313 6355 6300
f 6387 6301 6355
f 6199 6361 6352
f 6363 6301 6387
f 6361 6199 6332
f 6301 6363 6333
f 6301 6333 6259
f 6315 6259 6333
f 4741 5107 6366
f 6304 6389 6372
f 6303 6316 6334
f 5199 6379 6377
f 6337 6219 6295
f 6338 6219 6337
f 6340 6336 6318
f 6292 6340 6294
f 6306 6338 6337
f 6340 6318 6339
f 6337 6295 6341
f 6294 6340 6321
f 6339 6318 6320
f 6321 6339 6382
f 6337 6342 6319
f 6229 6383 6322
f 6229 6343 6383
f 6339 6320 6345
f 6321 6382 6307
f 6319 6342 6343
f 6230 6319 6343
f 6322 6383 6325
f 6345 6320 6324
f 6346 6383 6343
f 6323 6128 6194
f 6384 6307 6382
f 6323 6194 6308
f 6308 6345 6324
f 6346 6343 6342
f 6325 6346 6237
f 6310 6384 6349
f 6310 6307 6384
f 6385 6344 6326
f 6345 6308 6348
f 6342 6385 6346
f 6346 6385 6347
f 6349 6345 6348
f 6347 6237 6346
f 6308 6309 6348
f 6348 6309 6350
f 6385 6386 6347
f 6351 6237 6347
f 6385 6326 6386
f 6329 6350 6309
f 6327 6386 6326
f 6354 6347 6386
f 6348 6350 6358
f 6349 6298 6310
f 6353 6354 6386
f 6351 6347 6354
f 6327 6353 6386
f 6353 6359 6354
f 6351 6354 6330
f 6350 6329 6357
f 6358 6331 6298
f 6355 6313 6387
f 6387 6313 6360
f 6356 6357 6329
f 6362 6356 6361
f 6252 6359 6353
f 6357 6356 6362
f 6330 6354 6363
f 6365 6357 6362
f 6360 6330 6363
f 6387 6360 6363
f 6331 6365 6314
f 6252 6366 6359
f 6364 6354 6359
f 6363 6354 6364
f 6362 6361 6369
f 6369 6361 6332
f 6367 6365 6362
f 6333 6363 6364
f 6367 6314 6365
f 6369 6367 6362
f 6368 6364 6359
f 6388 6367 6369
f 6367 6388 6314
f 6388 6389 6314
f 6333 6364 6368
f 6369 6332 6370
f 6315 6333 6368
f 6315 6368 6334
f 6369 6370 6373
f 6374 6369 6373
f 6388 6369 6374
f 6334 6368 6390
f 6389 6374 6372
f 6373 6370 6303
f 6315 6334 6316
f 6376 6303 6334
f 6334 6390 6376
f 6303 6376 6373
f 6376 6390 6375
f 6391 6374 6373
f 6373 6376 6378
f 6391 6373 6378
f 6376 6375 6378
f 6375 6391 6378
f 6372 6391 6305
f 6379 6380 6375
f 6380 6392 6375
f 6381 6375 6392
f 6321 6340 6339
f 6341 6344 6337
f 6344 6342 6337
f 6324 6323 6308
f 6345 6384 6339
f 6339 6384 6382
f 6325 6383 6346
f 6384 6345 6349
f 6385 6342 6344
f 6349 6348 6298
f 6298 6348 6358
f 6352 6361 6356
f 6357 6358 6350
f 6358 6357 6331
f 6331 6357 6365
f 6366 6368 6359
f 6366 5107 6368
f 6371 6368 5107
f 6368 6371 6390
f 6374 6389 6388
f 6371 6377 6390
f 6377 6379 6390
f 6372 6374 6391
f 6390 6379 6375
f 6391 6375 6335
f 6381 6335 6375
f 6391 6335 6305

