# https://github.com/mikedh/trimesh
v -0.37523882 -0.07711350 0.34080164
v -0.37715169 -0.03624619 0.33829684
v -0.35829787 -0.04718204 0.32106394
v -0.37374494 -0.05008699 0.37288066
v -0.32776556 -0.03895540 0.37707538
v -0.34987124 -0.02188215 0.33389797
v -0.34434107 -0.02337914 0.35447013
v -0.35013372 -0.07819178 0.35860292
v -0.34739542 -0.05680352 0.31828229
v -0.34990358 -0.04172438 0.30956721
v -0.32744810 -0.02016592 0.34789695
v -0.34941249 -0.07831414 0.33386485
v -0.32596809 -0.07551194 0.33351050
v -0.33850187 -0.04494626 0.32049231
v -0.32751173 -0.07711633 0.36618015
v -0.31866387 -0.26514600 0.33489267
v -0.31900532 -0.24765506 0.25904855
v -0.32584320 -0.24255353 0.26631321
v -0.32642714 -0.25513515 0.32146289
v -0.32594065 -0.24915288 0.40996309
v -0.32194253 -0.22370407 0.34406953
v -0.32265710 -0.21786226 0.40372522
v -0.31939890 -0.21858158 0.32265799
v -0.32549510 -0.21931839 0.22948089
v -0.32096061 -0.21458509 0.38679836
v -0.32281921 -0.19190467 0.44744346
v -0.31915600 -0.20772264 0.49031777
v -0.32498794 -0.23209241 0.45356361
v -0.32522119 -0.18405745 0.19860431
v -0.32003893 -0.19919214 0.41894057
v -0.31654390 -0.18784063 0.44387236
v -0.31908028 -0.17163136 0.18147149
v -0.32258852 -0.15459494 0.47789986
v -0.32491657 -0.13084719 0.53067469
v -0.32376233 -0.17840977 0.51205482
v -0.30612560 -0.16323865 0.23349345
v -0.32046655 -0.13776371 0.53570180
v -0.32478435 -0.14940715 0.17804590
v -0.32191765 -0.15000225 0.22046844
v -0.31845970 -0.11924481 0.15925122
v -0.32517444 -0.11728994 0.17018704
v -0.32336584 -0.10843830 0.50422388
v -0.30909086 -0.11638340 0.35083744
v -0.32238919 -0.07942763 0.20237563
v -0.32106226 -0.09287371 0.32067222
v -0.32181957 -0.12166692 0.49382889
v -0.31985799 -0.09724354 0.54709958
v -0.32012990 -0.05599269 0.50546893
v -0.31729204 -0.05151555 0.55329144
v -0.32086653 -0.05688767 0.14921795
v -0.32309043 -0.03822216 0.31715520
v -0.31510968 -0.04717729 0.49896401
v -0.32529079 -0.02416837 0.15674912
v -0.31572652 -0.00951439 0.31088788
v -0.32300526 -0.03694394 0.51100792
v -0.32472087 -0.03742378 0.54667259
v -0.32014646 -0.00024543 0.33810124
v -0.32141598 -0.01742567 0.38245457
v -0.32296039 -0.01022959 0.20377470
v -0.32133394 -0.01833053 0.49819247
v -0.32518093 0.00456515 0.53471119
v -0.32554425 0.04085696 0.17460537
v -0.32144497 0.00613210 0.54240147
v -0.31865031 0.01602391 0.15823386
v -0.31276256 0.02732920 0.25433578
v -0.32251272 0.03060149 0.21884853
v -0.31362223 0.04937632 0.23596161
v -0.32169365 0.04277660 0.47788946
v -0.32384463 0.07544336 0.51091191
v -0.32374329 0.04742121 0.52645204
v -0.32584389 0.09493523 0.20967009
v -0.32278829 0.06008874 0.23256498
v -0.32135917 0.08217011 0.26123741
v -0.32086923 0.06330190 0.45853310
v -0.32477155 0.08770435 0.49405158
v -0.32091318 0.09314333 0.27900957
v -0.32177110 0.10989022 0.35639655
v -0.32223565 0.10555981 0.31617020
v -0.32126963 0.09867094 0.41107921
v -0.32481091 0.11048732 0.47073285
v -0.31876515 0.13406534 0.44639540
v -0.32546084 0.13070375 0.43564521
v -0.32618742 0.13939544 0.27558396
v -0.32540470 0.14872964 0.35114530
v -0.32183525 0.15719136 0.36807263
v -0.32030685 0.15029270 0.40894707
v -0.31809170 0.15132516 0.29023746
v -0.31897677 -0.25665372 0.40666116
v -0.32154281 -0.20485731 0.27509436
v -0.31067558 -0.21399986 0.32709926
v -0.29658709 -0.19756214 0.27745714
v -0.31348180 -0.20406092 0.41218185
v -0.31433784 -0.17576558 0.28421312
v -0.32098957 -0.18751751 0.25400043
v -0.31982374 -0.18890913 0.43415386
v -0.31710378 -0.14291151 0.40098368
v -0.30803013 -0.14750554 0.41590416
v -0.31476688 -0.14555678 0.28026321
v -0.31138830 -0.15688335 0.38997272
v -0.31055567 -0.11686734 0.33754770
v -0.32088028 -0.12678087 0.21459593
v -0.31340209 -0.12107339 0.26914164
v -0.30661300 -0.11761901 0.36696543
v -0.31791889 -0.13163561 0.48037083
v -0.31162659 -0.10227963 0.32025352
v -0.32193146 -0.09953990 0.37358621
v -0.30512394 -0.10687802 0.46495476
v -0.31465192 -0.08574035 0.40738972
v -0.31232082 -0.09504949 0.20722788
v -0.31219593 -0.08869615 0.28037089
v -0.31782968 -0.07542777 0.39720752
v -0.31323479 -0.06847913 0.28627169
v -0.29521659 -0.06796835 0.41840309
v -0.32134806 -0.06171630 0.19973160
v -0.31064637 -0.06236478 0.21348100
v -0.31210828 -0.04516272 0.40974622
v -0.31632764 -0.02602004 0.21252814
v -0.31103779 -0.03095125 0.43615521
v -0.31198640 -0.01631179 0.40050520
v -0.29668791 0.02121080 0.21816300
v -0.30827920 0.00511097 0.24666382
v -0.30706836 0.02229599 0.27982837
v -0.31969424 0.03508657 0.46085678
v -0.31190376 0.01626549 0.34556530
v -0.31806181 0.08533673 0.40394219
v -0.31570844 0.10008999 0.33399820
v -0.28225745 0.10721796 0.48498637
v -0.31902849 0.08535377 0.19306871
v -0.30340290 0.10453362 0.32603239
v -0.30259956 0.10573918 0.36442563
v -0.31891928 0.13104359 0.24598087
v -0.31759053 -0.21155977 0.21262803
v -0.31564207 -0.21686507 0.35418874
v -0.30403744 -0.17245869 0.39543620
v -0.29932220 -0.20659729 0.35765150
v -0.27913708 -0.16944125 0.18050077
v -0.29823967 -0.17877393 0.25195415
v -0.30497409 -0.14471830 0.46465884
v -0.31588692 -0.11632097 0.44068738
v -0.29958786 -0.13077570 0.31715137
v -0.29359961 -0.12166687 0.27814078
v -0.29588606 -0.09538179 0.39762150
v -0.29887781 -0.11761632 0.28707832
v -0.29884945 -0.08623776 0.26657508
v -0.28528912 -0.05953276 0.50543224
v -0.30431326 -0.05062750 0.27800868
v -0.30157433 -0.05483612 0.43141052
v -0.29907663 -0.03166387 0.20297770
v -0.30560139 -0.02114608 0.28377467
v -0.30437769 -0.00534121 0.38155757
v -0.31088381 0.00236579 0.30204119
v -0.30933490 0.00640160 0.36031762
v -0.31206271 0.03086037 0.42804081
v -0.30167085 0.02166753 0.32974831
v -0.30966348 0.02592899 0.37395899
v -0.31116815 0.04239191 0.40205307
v -0.31608714 0.06247550 0.24650353
v -0.31995977 0.11266813 0.47874201
v -0.28176056 -0.22209788 0.33015229
v -0.28472956 -0.21571349 0.37945605
v -0.29053248 -0.20552437 0.41177022
v -0.29666597 -0.12701961 0.32807729
v -0.28651512 -0.16924663 0.39663768
v -0.29807932 -0.13067588 0.35857817
v -0.29189988 -0.12391002 0.43641427
v -0.29682183 -0.12866209 0.22197554
v -0.28754598 -0.12907038 0.48801717
v -0.30585884 -0.10018046 0.39356174
v -0.28689967 -0.08697966 0.20844752
v -0.27970679 -0.06064396 0.19314086
v -0.29552599 -0.05060269 0.26265843
v -0.28703329 -0.04302584 0.50159694
v -0.28690486 -0.06330247 0.14869246
v -0.29494901 -0.01428480 0.27988214
v -0.30047511 -0.02313915 0.41516657
v -0.29831643 -0.00304165 0.21520624
v -0.31268384 0.00366470 0.27537797
v -0.28783311 0.00035347 0.15370326
v -0.29767960 0.00542547 0.31978582
v -0.31631561 -0.00331299 0.21115205
v -0.29520501 0.00909997 0.39567518
v -0.29277681 0.02339210 0.27443365
v -0.29368525 0.04745650 0.23429677
v -0.30227718 0.03323347 0.47634117
v -0.28633300 0.03632388 0.16560612
v -0.29700032 0.06053494 0.45553084
v -0.28893718 0.01638698 0.39469606
v -0.28075473 0.07396023 0.44913509
v -0.28427077 0.08426651 0.19365759
v -0.28408857 0.10398585 0.30976650
v -0.28507100 -0.24896029 0.42703025
v -0.28880461 -0.21347141 0.33542570
v -0.29209612 -0.21649907 0.36067740
v -0.27775211 -0.22336753 0.46982217
v -0.28923818 -0.21277163 0.34949574
v -0.28240767 -0.21434430 0.29642309
v -0.27821626 -0.18524033 0.50920566
v -0.28290602 -0.19317051 0.25803049
v -0.28755902 -0.13926709 0.53568101
v -0.28510789 -0.14532526 0.21782103
v -0.28501731 -0.13923966 0.47604438
v -0.28207681 -0.09968514 0.38669047
v -0.28602707 -0.11521603 0.21007247
v -0.28693378 -0.12062828 0.36871884
v -0.28002613 -0.07127259 0.27154704
v -0.28642036 -0.06734545 0.20039683
v -0.28158993 -0.08666431 0.54943619
v -0.28039797 -0.03749870 0.25952776
v -0.28552384 -0.01460000 0.20184665
v -0.28799768 -0.01850992 0.45547159
v -0.28350840 -0.01931617 0.49577597
v -0.28772350 0.02634547 0.53694466
v -0.28561658 0.01133151 0.24437206
v -0.28591935 -0.01565358 0.40904290
v -0.28415557 0.03451149 0.22145792
v -0.27923316 0.00834882 0.33483953
v -0.30591970 0.03830451 0.29760568
v -0.28448148 0.06308656 0.33888969
v -0.29500370 0.02539453 0.36165475
v -0.28672765 0.06999736 0.51577077
v -0.30352105 0.08316209 0.27526064
v -0.29160871 0.08831081 0.42670648
v -0.28336763 0.10837185 0.35474915
v -0.28415115 0.10711203 0.33817539
v -0.27735426 0.12546751 0.23921026
v -0.28621279 0.14751200 0.41973307
v -0.28887088 0.15876301 0.35539502
v -0.28709527 -0.26599044 0.34707606
v -0.27703138 -0.25357186 0.27870081
v -0.27996282 -0.22536469 0.36487436
v -0.28028173 -0.21594898 0.40750428
v -0.28103094 -0.19354558 0.43942491
v -0.28219260 -0.15536413 0.47524165
v -0.27856298 -0.12008672 0.34728143
v -0.28378683 -0.16620704 0.22967950
v -0.28411501 -0.15810582 0.41095449
v -0.27866185 -0.15514987 0.19650854
v -0.27154689 -0.14493108 0.17595120
v -0.28242399 -0.15421841 0.27846446
v -0.28622862 -0.13114991 0.16303433
v -0.28385431 -0.11185658 0.32562803
v -0.28284729 -0.10581367 0.27361253
v -0.28236859 -0.09820065 0.29961120
v -0.28133498 -0.10347736 0.43083262
v -0.28489967 -0.10023466 0.44926244
v -0.28191712 -0.07655517 0.41715668
v -0.28057556 -0.11154886 0.50512722
v -0.28022080 -0.03969532 0.51467458
v -0.28008818 -0.05124110 0.40888549
v -0.27505523 -0.03312213 0.19337987
v -0.28511022 -0.02568758 0.40966920
v -0.28098118 -0.02029822 0.25371076
v -0.28262992 -0.02088444 0.29732069
v -0.28128145 -0.02896615 0.55020239
v -0.28321666 -0.00005853 0.28129682
v -0.28435541 -0.00464541 0.38087610
v -0.28169688 0.00209978 0.31442517
v -0.28185696 0.01650329 0.42092634
v -0.28118291 0.00904965 0.20524921
v -0.28553485 0.02037183 0.36660981
v -0.27699688 0.04525011 0.17574559
v -0.28204347 0.02132446 0.48693295
v -0.28113250 0.03325847 0.28557209
v -0.28075357 0.06013553 0.39983434
v -0.28077764 0.07724180 0.24064696
v -0.28591002 0.05639580 0.46287750
v -0.28216928 0.00532334 0.35320269
v -0.28317151 0.04570781 0.47442984
v -0.28768619 0.06883874 0.24886475
v -0.28771462 0.09446674 0.39769839
v -0.27664064 0.14250211 0.27224453
v -0.28184928 0.09501484 0.27758981
v -0.28207503 0.10580214 0.38575820
v -0.27872059 0.12242698 0.31130192
v -0.28094239 0.09768052 0.42811976
v -0.27646484 -0.23866340 0.43721940
v -0.27576466 -0.25836811 0.35044358
v -0.27674854 -0.23222646 0.23474305
v -0.26753240 -0.09104467 0.33862613
v -0.27378162 -0.11364447 0.36579250
v -0.27748850 -0.13484087 0.53111722
v -0.27259342 -0.07186133 0.39223024
v -0.27763169 -0.11728997 0.16684112
v -0.27832223 -0.03135584 0.17118003
v -0.27442020 -0.05708311 0.29305102
v -0.27555027 -0.03068561 0.27913968
v -0.27764017 -0.02453372 0.15395106
v -0.27068716 -0.03163060 0.18437562
v -0.27786711 0.01361647 0.53487144
v -0.27076833 0.05041534 0.33281589
v -0.27672881 0.06856195 0.51109878
v -0.27560200 0.06577067 0.32231670
v -0.27449345 0.10220473 0.30917901
v -0.27262448 0.10527692 0.31854097
v -0.27710390 0.12023975 0.45945741
v -0.27503962 0.14085263 0.29923801
v -0.27629606 0.14281307 0.41733993
v -0.27857695 0.15402230 0.31875360
v -0.27606476 0.15153803 0.37000811
v -0.24977870 -0.10078187 0.37452080
v -0.25842928 -0.03839837 0.17926496
v -0.27979527 -0.01864118 0.38996552
v -0.26326907 -0.02419190 0.31674049
v -0.25214029 -0.01855106 0.34316582
v -0.26218102 -0.00680582 0.35673442
v -0.27197777 0.01033760 0.32350240
v -0.26705848 0.12062803 0.30187176
v -0.26182449 0.15478739 0.28878612
v -0.26944066 0.12643501 0.31171366
v -0.26163317 0.20131805 0.28888361
v -0.26765156 0.15265400 0.30305198
v -0.25685581 -0.08984711 0.38401480
v -0.27107696 -0.08172106 0.17415906
v -0.25697781 -0.00333470 0.32365980
v -0.25690939 -0.02412469 0.35209033
v -0.26198526 0.11934217 0.31755602
v -0.25346964 0.22499175 0.26419957
v -0.26293153 0.20993460 0.27613345
v -0.26046605 0.27234571 0.24926027
v -0.27075685 -0.14906357 0.19276416
v -0.24860698 -0.10503921 0.34161024
v -0.25671877 -0.07345422 0.32614543
v -0.25335307 -0.02364023 0.38374325
v -0.26038361 0.25183225 0.26881347
v -0.25675292 0.28911356 0.24584808
v -0.23903365 0.30094194 0.24756867
v -0.24562029 -0.09077792 0.35047965
v -0.23888009 -0.08377567 0.37564817
v -0.23806585 -0.09271789 0.39182331
v -0.24280753 -0.07378691 0.41342696
v -0.23612572 -0.02758625 0.37657819
v -0.21720560 -0.07528717 0.39307768
v -0.23298127 -0.06379826 0.19385074
v -0.23831199 -0.03387861 0.40313842
v -0.22314107 -0.01733428 0.39436739
v -0.23893464 -0.02077174 0.42524067
v -0.25288862 0.09167595 0.30759149
v -0.25317297 0.20295781 0.29070503
v -0.23682936 0.23071338 0.27957137
v -0.24319173 0.29450052 0.25398826
v -0.22836654 -0.06743633 0.16219375
v -0.21123612 -0.02322309 0.38021999
v -0.21982027 -0.01767065 0.42942497
v -0.21900676 0.23651311 0.25902455
v -0.26922708 -0.15536411 0.18121844
v -0.22391604 -0.08773207 0.17418245
v -0.21477048 -0.02399598 0.38701730
v -0.22651630 0.22151427 0.25971904
v -0.22565456 0.22517305 0.28779471
v -0.20712033 0.23076077 0.27955663
v -0.21532137 -0.08824899 0.42659506
v -0.19346933 -0.05972908 0.38004521
v -0.21364395 0.01910940 0.39586958
v -0.20373375 0.02978676 0.37598963
v -0.27166439 0.04866248 0.31684744
v -0.12140957 -0.15027002 0.17670251
v -0.19822676 -0.09490879 0.39490380
v -0.23824212 -0.08566590 0.33188156
v -0.19441055 -0.08417332 0.37203591
v -0.20649227 -0.00218125 0.41786377
v -0.19756641 0.01758565 0.40818917
v -0.17030629 0.16160041 0.30360596
v -0.19685817 -0.08999485 0.42393758
v -0.17884109 -0.08188617 0.38183400
v -0.18927301 -0.05336084 0.44560714
v -0.22904387 -0.03684443 0.17642138
v -0.18695153 -0.02991692 0.43311760
v -0.20432446 0.00104719 0.39295603
v -0.18897908 0.00436721 0.40099394
v -0.18579327 -0.10711358 0.39060484
v -0.19431933 -0.04418070 0.42812391
v -0.18227466 -0.02486160 0.38475077
v -0.17952749 -0.01787528 0.44696831
v -0.18108912 -0.00442086 0.42994326
v -0.18074806 -0.10770175 0.43371086
v -0.16859391 -0.11974229 0.19304344
v -0.16819913 -0.06181779 0.19459155
v -0.18071451 -0.10232942 0.44133429
v -0.17142922 -0.04958840 0.43609265
v -0.16440306 -0.02491685 0.34249600
v -0.17169144 0.00251233 0.39786518
v -0.16917812 0.00134966 0.42380161
v -0.22482159 0.20576133 0.27124929
v -0.16491864 -0.09278168 0.42501362
v -0.15460129 0.01571507 0.33613552
v -0.16834631 0.09621576 0.38629560
v -0.16110101 0.07734602 0.40381021
v -0.16023638 0.11361266 0.38832958
v -0.15536190 -0.11522418 0.20177212
v -0.16083283 -0.06746558 0.17633585
v -0.17260335 -0.08553649 0.33298753
v -0.17650670 -0.07352491 0.32859628
v -0.15541506 -0.06585318 0.21282416
v -0.14632378 -0.03021314 0.32433777
v -0.13863702 0.05842416 0.31519974
v -0.15469995 0.09477232 0.39654440
v -0.15673965 0.06706144 0.39143785
v -0.15350998 0.16095048 0.32003846
v -0.10037699 0.29475008 0.25278547
v -0.15851733 -0.09537721 0.20456865
v -0.14682092 -0.08392213 0.19571449
v -0.14667063 -0.08737031 0.37242740
v -0.14911595 -0.03088081 0.19462552
v -0.15740707 -0.02430213 0.38519739
v -0.16098360 -0.01824048 0.42477715
v -0.14364450 0.08345314 0.33121082
v -0.13883356 0.09020871 0.37208536
v -0.14764363 0.10093336 0.37341154
v -0.21420192 0.11582611 0.30141376
v -0.15052367 0.14322552 0.31030418
v -0.14557207 0.17099828 0.28346808
v -0.13682315 -0.08859249 0.19822358
v -0.14001469 -0.08487514 0.20926753
v -0.16057789 -0.09472808 0.39574172
v -0.14098305 -0.08483740 0.38152938
v -0.13726941 -0.08236661 0.32669369
v -0.14392982 -0.05227499 0.21056075
v -0.14861780 -0.03602327 0.17756025
v -0.14104748 -0.04073297 0.19749863
v -0.13381249 -0.02262583 0.37102796
v -0.14955968 -0.01647822 0.34030323
v -0.16178778 -0.01646900 0.39560621
v -0.11901845 0.01718400 0.32067510
v -0.13820625 0.07027577 0.32891795
v -0.13675178 0.09955965 0.40040097
v -0.13750665 0.11307966 0.35608055
v -0.13456334 0.11515050 0.38462066
v -0.14108329 0.16850633 0.30248231
v -0.12717136 -0.10933228 0.31118846
v -0.13231025 -0.11361657 0.21539665
v -0.13223529 -0.10433033 0.31862527
v -0.13015625 -0.10270284 0.35848904
v -0.13641327 -0.08834050 0.33483105
v -0.13275232 -0.04635662 0.23341830
v -0.13282311 -0.06357102 0.29450078
v -0.13461256 -0.03496365 0.31903843
v -0.12910916 -0.02598821 0.31645043
v -0.13699158 -0.03043102 0.34041378
v -0.12034255 -0.01265824 0.19424144
v -0.15149859 -0.02678413 0.18436157
v -0.13201498 -0.00298903 0.39928452
v -0.13119794 0.02593568 0.33545956
v -0.13241842 0.07423190 0.39732816
v -0.13541414 0.08367994 0.38610942
v -0.13164393 0.10243916 0.38577781
v -0.24691388 0.28717956 0.24005506
v -0.12877771 -0.03575087 0.22090980
v -0.12733855 -0.02001326 0.32313683
v -0.12880341 -0.00627235 0.34152250
v -0.12670110 -0.01150717 0.38651070
v -0.13264551 0.01779957 0.37490111
v -0.12005172 0.03120131 0.34137267
v -0.11790093 0.05387523 0.31520854
v -0.12765145 0.07253285 0.33201531
v -0.12535094 0.08804534 0.33758354
v -0.11763170 -0.30060550 -0.82821587
v -0.13989968 -0.12983192 0.19320960
v -0.13700773 -0.06919013 0.17982130
v -0.13130502 -0.09663992 0.38750250
v -0.09544772 -0.03625243 0.19897737
v -0.12948674 -0.02394778 0.38726701
v -0.11735796 -0.01543098 0.36038119
v -0.11414504 -0.01662257 0.40241980
v -0.10687155 -0.01960530 0.42671444
v -0.12307943 0.02380674 0.39976700
v -0.11830295 0.03158283 0.36595733
v -0.10185215 0.06316281 0.28947606
v -0.10639873 0.05773785 0.35249772
v -0.10487974 0.06676036 0.39616012
v -0.12050862 0.09717974 0.40235063
v -0.11470857 0.09388228 0.32484428
v -0.10817585 0.08972846 0.38772213
v -0.09086162 0.17187263 0.30237694
v -0.09863197 0.28658224 0.23915464
v -0.24069264 0.29630624 0.23814384
v -0.10618770 -0.29642931 -0.84160236
v -0.12402023 -0.15525747 0.18725528
v -0.10682070 -0.14878740 0.19352925
v -0.10598348 -0.09882903 -0.00945868
v -0.10668600 -0.01885257 0.33048204
v -0.11899796 -0.01996398 0.33545824
v -0.10329489 -0.02237942 0.34545345
v -0.10978265 -0.02242847 0.38666438
v -0.10133825 -0.01112827 0.41908968
v -0.10929186 -0.00897451 0.38411280
v -0.10935543 0.00070817 0.40538162
v -0.10945866 0.02780556 0.30666551
v -0.10964733 0.03568654 0.29947419
v -0.10188172 0.04337746 0.30613508
v -0.12001910 0.04796043 0.33273388
v -0.10603881 0.07718977 0.33248488
v -0.10928151 0.08050476 0.40734429
v -0.09524644 0.18163935 0.34711215
v -0.05353036 0.22033308 0.26726568
v -0.11066707 0.29999539 0.24756080
v -0.10270251 -0.11342109 0.13196032
v -0.09586101 -0.11545176 0.15697351
v -0.08329355 -0.12069774 0.20063410
v -0.10356414 -0.10737525 0.01087306
v -0.10480243 -0.10292160 0.17916043
v -0.12264730 -0.12130027 0.20152873
v -0.09443281 -0.09832662 0.13786921
v -0.07358524 -0.09640727 0.38171393
v -0.10396249 -0.06623654 0.17572209
v -0.08489073 -0.01849470 0.37861393
v -0.09956367 0.00681083 0.32080332
v -0.10441675 0.02967462 0.37060311
v -0.10260591 0.06742592 0.37190219
v -0.10373882 0.09133567 0.39658701
v -0.09420942 0.11738005 0.31915477
v -0.10435034 0.11278720 0.33777401
v -0.10058800 0.10924949 0.38394394
v -0.10454085 0.17009182 0.37757047
v -0.10804232 0.16900699 0.33673115
v -0.02563043 0.19924796 0.29467575
v -0.11589893 -0.30566472 -0.81217645
v -0.10040152 -0.28469992 -0.82805515
v -0.09945932 -0.28669843 -0.81017843
v -0.08754923 -0.11539365 0.17464322
v -0.08897158 -0.09327873 0.01271418
v -0.09772036 -0.10282980 0.09931499
v -0.08826263 -0.08963211 0.09690192
v -0.08420664 -0.09445604 0.16223235
v -0.10026628 -0.09230892 0.16698842
v -0.07617203 -0.03316556 0.22146606
v -0.11057053 -0.01364685 0.18042180
v -0.10287636 0.01892862 0.41296852
v -0.09360856 0.02943864 0.30345149
v -0.08848820 0.06967273 0.31336875
v -0.09743196 0.06525205 0.41226855
v -0.09627038 0.08814210 0.41986743
v -0.11689855 0.08493250 0.31080001
v -0.08596783 0.26407746 0.25632530
v -0.08984556 0.29332344 0.24554025
v -0.08993069 -0.27156598 -0.85272494
v -0.07698332 -0.14106721 0.17477494
v -0.08085826 -0.11187637 0.12420204
v -0.08966517 -0.10993987 -0.00485920
v -0.08005267 -0.11372706 0.09221809
v -0.07687403 -0.10756204 0.31989393
v -0.07944452 -0.08392890 0.16447599
v -0.09256002 -0.06759382 0.42569416
v -0.07917311 -0.03606290 0.17866022
v -0.07840929 -0.01693192 0.21590131
v -0.08064602 -0.02040997 0.32465729
v -0.08794177 -0.01898983 0.32658642
v -0.08176206 -0.00882977 0.31299577
v -0.09074149 -0.00327052 0.18993136
v -0.07957832 0.01440766 0.29947991
v -0.05977691 0.03274097 0.31400476
v -0.08700503 0.08089014 0.42184747
v -0.09113183 0.16734251 0.32439900
v -0.06510113 0.17826786 0.36456587
v -0.08549544 0.24991180 0.25395425
v -0.07850356 0.25687048 0.26441132
v -0.08313453 -0.26154870 -0.84301762
v -0.08315881 -0.17715169 0.00862529
v -0.08135854 -0.16649462 0.04486468
v -0.07142596 -0.15253308 0.18448900
v -0.07149776 -0.14215465 0.13631702
v -0.07953301 -0.15319205 0.08523530
v -0.07521572 -0.12254461 0.12270941
v -0.06890948 -0.13039949 0.19483353
v -0.07664516 -0.14396761 0.05306015
v -0.08187959 -0.10637343 0.15685245
v -0.07358155 -0.11368430 0.00573166
v -0.07607627 -0.09393915 0.14583386
v -0.07782575 -0.10263762 0.04741708
v -0.07234900 -0.08702198 0.04498429
v -0.08105259 -0.10189322 0.12685070
v -0.07680378 -0.07528467 0.10809258
v -0.07500226 -0.05058203 0.15720350
v -0.07795798 0.00826028 0.17884114
v -0.06440104 0.08564372 0.41157452
v -0.07586757 0.08827772 0.40989576
v -0.08541208 0.12701595 0.19930298
v -0.06718432 0.16047556 0.37870711
v -0.06912231 -0.29255000 -0.81187613
v -0.06969554 -0.27750989 -0.82330568
v -0.06720394 -0.27323100 -0.80359005
v -0.06628192 -0.26221108 -0.83961485
v -0.06223756 -0.26265429 -0.80718702
v -0.07161883 -0.20032983 -0.71131130
v -0.05934095 -0.16831205 -0.71532679
v -0.07364498 -0.14799395 0.00528322
v -0.07170763 -0.11264216 0.25108063
v -0.06999755 -0.11227347 0.19485388
v -0.07141626 -0.10625212 0.31215521
v -0.06999667 -0.07244806 0.20776451
v -0.05983235 -0.08440791 0.38118664
v -0.07230052 -0.07253701 0.43078653
v -0.05012717 -0.06862881 0.09202366
v -0.06630297 -0.04653000 0.20707681
v -0.06844402 -0.03613337 0.24906135
v -0.06827243 -0.02706090 0.31640376
v -0.06895793 -0.04541278 0.33209095
v -0.08129828 -0.02582756 0.31405118
v -0.07320896 -0.01979275 0.31605745
v -0.06876011 -0.00330894 0.20128881
v -0.07181513 -0.00883320 0.24342353
v -0.07593061 0.00848420 0.25116718
v -0.06356894 0.02219928 0.32717110
v -0.07346720 0.00858736 0.34217967
v -0.07510009 0.01656064 0.19743149
v -0.06383940 0.02770540 0.41167267
v -0.07909763 0.11368582 0.18782366
v -0.07747865 0.16429392 0.28816505
v -0.06383157 0.17107784 0.28325242
v -0.06584295 -0.25497056 -0.86567230
v -0.04909351 -0.24998672 -0.87303219
v -0.05874114 -0.24261229 -0.86058471
v -0.06591841 -0.23789299 -0.70653082
v -0.06581964 -0.20224345 -0.71890359
v -0.05997865 -0.21040478 -0.69932103
v -0.05349470 -0.19687943 -0.72943803
v -0.06754340 -0.17407506 -0.67093757
v -0.06507076 -0.18926859 -0.72797175
v -0.05461195 -0.18637733 -0.01507433
v -0.05847703 -0.17844399 -0.74680229
v -0.07450373 -0.16421322 0.07909129
v -0.06055930 -0.10713931 -0.03491572
v -0.07084533 -0.09710993 -0.00676042
v -0.08366767 -0.07832613 0.07480363
v -0.06512877 -0.08751175 0.33507335
v -0.05215137 -0.04165975 0.24061462
v -0.05999141 -0.02052499 0.30951341
v -0.05514895 -0.01514979 0.31830989
v -0.06394314 -0.01117212 0.38210128
v -0.06107969 -0.01490797 0.42006950
v -0.05741277 0.03582238 0.29079614
v -0.06708337 0.04287678 0.33345771
v -0.05652226 0.05434614 0.35712398
v -0.06078977 0.07402537 0.31237569
v -0.06036327 0.09256779 0.33199128
v -0.05876002 0.09511807 0.39559154
v -0.06172745 0.10802026 0.43310250
v -0.05850041 0.10805651 0.49205369
v -0.04259858 0.12210897 0.17899142
v -0.05923332 0.13003886 0.21998962
v -0.06165240 0.13895580 0.33342304
v -0.06770144 0.16257304 0.27476512
v -0.05904592 0.16893782 0.26274975
v -0.06527295 0.17186699 0.32518326
v -0.05738828 0.17520666 0.26999564
v -0.04484182 -0.26687242 -0.85810748
v -0.04582941 -0.24953232 -0.72099420
v -0.05979631 -0.24257790 -0.72417876
v -0.04377708 -0.24406375 -0.70915913
v -0.05877113 -0.23358690 -0.43356294
v -0.04818669 -0.21191206 -0.72601702
v -0.05475820 -0.20365561 -0.40754795
v -0.06073506 -0.19565656 -0.68261795
v -0.04788765 -0.21511917 -0.66203669
v -0.04963179 -0.20208014 -0.71628814
v -0.05256360 -0.20289269 -0.15276286
v -0.05409240 -0.19586065 -0.07229837
v -0.05496101 -0.18888185 -0.04876016
v -0.06304643 -0.17973817 -0.40388130
v -0.05137234 -0.16816758 -0.09697044
v -0.06957459 -0.18359027 0.00910229
v -0.06779892 -0.14470560 0.16901262
v -0.05283201 -0.12556821 -0.10785648
v -0.05264876 -0.11535565 -0.06563237
v -0.05737321 -0.09030675 0.34237785
v -0.06364386 -0.09238131 0.38870150
v -0.06808439 -0.03340519 0.42637307
v -0.05692970 -0.02408031 0.38070198
v -0.04216541 -0.00068976 0.30631572
v -0.05737065 0.00986922 0.37084584
v -0.05707673 0.02474951 0.17634157
v -0.06054677 0.03475336 0.19472756
v -0.04733559 0.03483824 0.19291739
v -0.05884541 0.04564225 0.38185047
v -0.05099618 0.04812304 0.31848583
v -0.05032472 0.03193670 0.39612392
v -0.04940273 0.07567678 0.34230178
v -0.05201807 0.07394517 0.31938942
v -0.06264803 0.10634599 0.38359396
v -0.04232674 0.10148283 0.30702204
v -0.04756724 0.09225794 0.22771613
v -0.04270449 0.11007385 0.32504485
v -0.05289857 0.11619583 0.40542354
v -0.04428627 0.11305818 0.30233796
v -0.04000224 0.11064566 0.55047935
v -0.05134430 0.12676354 0.46959609
v -0.05827262 0.12622962 0.54370482
v -0.05454954 0.14210214 0.25772872
v -0.05921004 0.12461570 0.50858013
v -0.04415285 0.15262599 0.27815330
v -0.05952179 0.16576455 0.28759605
v -0.04546484 0.17133030 0.27964996
v -0.09425250 0.24576250 0.27320813
v -0.03685156 -0.28087662 -0.82457447
v -0.03926501 -0.28077609 -0.83175742
v -0.04154438 -0.23798728 -0.73097757
v -0.04171321 -0.23021235 -0.44743826
v -0.04233096 -0.21776547 -0.77356764
v -0.04639983 -0.22365996 -0.31625378
v -0.05130621 -0.22623254 -0.75042757
v -0.04659190 -0.22839249 -0.38732420
v -0.04459820 -0.21960171 -0.25024903
v -0.04761512 -0.19249537 -0.25714778
v -0.04264085 -0.21024811 -0.16612183
v -0.04112182 -0.19214238 -0.75737001
v -0.04963973 -0.21118609 -0.24776876
v -0.05376069 -0.18301001 -0.95360255
v -0.04497380 -0.19538582 -0.90621419
v -0.04284635 -0.19932579 -0.72899819
v -0.04394001 -0.17611384 -0.67915461
v -0.04068314 -0.19392752 -0.47593397
v -0.04367988 -0.16676694 -0.42290848
v -0.04651923 -0.19767582 -0.38103050
v -0.04941564 -0.17520697 -0.91930810
v -0.04179325 -0.17769536 -0.73119788
v -0.05054018 -0.18408843 -0.43846927
v -0.03902976 -0.17574032 -0.45818050
v -0.04859373 -0.17349603 -0.38177040
v -0.04753703 -0.15144950 -0.29160924
v -0.04364767 -0.16250444 -0.41340030
v -0.04899291 -0.13986310 -0.22630734
v -0.05058595 -0.13275685 -0.16890222
v -0.04322831 -0.12819152 -0.17781938
v -0.04470803 -0.10787611 -0.07895250
v -0.03493386 -0.00218316 0.31177791
v -0.05080109 -0.01740516 0.39508411
v -0.04209440 0.08171089 0.18756417
v -0.05041482 0.08584881 0.40428443
v -0.04760572 0.09017905 0.42634377
v -0.03564263 0.12226756 0.56512902
v -0.05470385 0.14928015 0.20256442
v -0.04952055 0.13290058 0.25490879
v -0.05198535 0.15409300 0.22251513
v -0.05044257 0.14673428 0.32819899
v -0.04840083 0.15367943 0.29249590
v -0.04022911 0.15572062 0.25861845
v -0.03389501 0.17206538 0.29593634
v -0.03637899 0.16891277 0.31635617
v -0.04625842 0.17234617 0.30468535
v -0.03676869 -0.25934734 -0.80250836
v -0.03692417 -0.25558672 -0.73837302
v -0.03569256 -0.24664288 -0.85911885
v -0.03737538 -0.24657578 -0.63367368
v -0.03558670 -0.24210780 -0.49757437
v -0.04104551 -0.23597301 -0.52000955
v -0.05632251 -0.23499171 -0.41047669
v -0.03907426 -0.21981537 -0.70896829
v -0.03573817 -0.22225015 -0.67041427
v -0.03321227 -0.23346273 -0.37927791
v -0.03038516 -0.22980519 -0.84963075
v -0.03858799 -0.24344558 -0.81647129
v -0.03561018 -0.22188364 -0.65032283
v -0.03436630 -0.20075755 -0.72936077
v -0.03332719 -0.19608839 -0.64640849
v -0.03589853 -0.19821663 -0.79118425
v -0.02894813 -0.18911745 -0.75813947
v -0.03467276 -0.20402992 -0.67731833
v -0.03576434 -0.18907703 -0.58191683
v -0.03650248 -0.17610327 -0.49989487
v -0.04157652 -0.14878400 -0.32818901
v -0.06170030 -0.15089470 0.18171731
v -0.04559918 -0.09225801 0.42431338
v -0.04186672 -0.05001921 0.20784962
v -0.04897726 -0.02708372 0.19136038
v -0.04181214 0.04371850 0.06610659
v -0.02909145 0.03680493 0.31771222
v -0.03201923 0.04254787 0.13340064
v -0.04171018 0.06402477 0.16957206
v -0.04154944 0.05570644 0.21782260
v -0.03815863 0.07134383 0.13184662
v -0.04289343 0.07642526 0.26435070
v -0.03885537 0.06246187 0.31187772
v -0.04185959 0.05449173 0.37834283
v -0.04129695 0.09789733 0.59864819
v -0.03183920 0.09134499 0.43288694
v -0.02762346 0.10597711 0.16667412
v -0.03313449 0.10394960 0.49879589
v -0.03058254 0.13036833 0.61123790
v -0.03860475 0.12211462 0.39737329
v -0.03930888 0.12607293 0.41660358
v -0.03516264 0.13627152 0.46893655
v -0.03673567 0.16157927 0.40717604
v -0.03449395 0.14458757 0.51785069
v -0.04362336 0.15358654 0.37373988
v -0.03164565 0.16823455 0.24309772
v -0.03247221 0.16551893 0.27817224
v -0.03311396 0.17853150 0.25598648
v -0.03286807 -0.27227544 -0.82865477
v -0.02737937 -0.25286728 -0.66444907
v -0.03560228 -0.25335347 -0.83279873
v -0.03472096 -0.24837757 -0.70439208
v -0.03269487 -0.23872894 -0.44222150
v -0.02714696 -0.20041814 -0.88603800
v -0.03727172 -0.20022312 -0.86359916
v -0.03156987 -0.19461355 -0.73652392
v -0.04421524 -0.19985726 -0.65305602
v -0.03782932 -0.19222484 -0.98028122
v -0.02702285 -0.18590453 -0.60825807
v -0.02121071 -0.17614961 -0.89464425
v -0.00523681 -0.17324481 -0.44918866
v -0.04123676 -0.11974809 -0.11237454
v -0.03752671 -0.10866602 -0.09257530
v 0.06040837 -0.09043284 0.34236677
v -0.05869529 -0.08937916 0.37338527
v -0.03356879 -0.04284415 0.22581113
v -0.03466839 -0.03919420 0.26358078
v -0.04219161 -0.03980383 0.16461495
v 0.00315093 -0.02887934 0.17419945
v -0.02125455 -0.03413959 0.17991784
v -0.04433164 -0.03935152 0.32876314
v -0.03404049 -0.01994498 0.27740545
v -0.03197333 -0.01005300 0.20059277
v -0.03785233 -0.00969972 0.23579027
v -0.03320108 0.02517496 0.29230021
v -0.03364922 -0.00060506 0.32327144
v -0.03415177 0.01472700 0.23742339
v -0.02953156 0.01822748 0.29794661
v -0.02159688 0.01098264 0.34929204
v -0.02719729 0.02616481 0.17507798
v -0.03834609 0.04854835 0.08714700
v -0.02390413 0.02916518 0.15638082
v -0.01559180 0.02396654 0.28216945
v -0.02979519 0.03309324 0.29521989
v -0.00395200 0.01640667 0.31724584
v -0.02339948 0.04136618 0.18833539
v -0.03606287 0.05216684 0.18509509
v -0.02917594 0.08081548 0.05610469
v -0.03115433 0.08619947 0.38838919
v -0.03101030 0.07905940 0.08289613
v -0.02823312 0.07702925 0.50340702
v -0.03250246 0.08769078 0.52425151
v -0.02349182 0.09775755 0.16310963
v -0.02939182 0.08960025 0.40933900
v -0.03704235 0.08766328 0.17900750
v -0.03144433 0.09945541 0.26366308
v -0.03125546 0.08893705 0.28140656
v -0.02887614 0.10155999 0.36444394
v -0.03373469 0.13107878 0.18356321
v -0.01828849 0.13964895 0.58533708
v -0.02726796 0.15184513 0.18795023
v -0.03506230 0.14665738 0.55146341
v -0.03398162 0.16479639 0.50768216
v -0.02620601 0.17116871 0.56595388
v -0.01404891 0.17923096 0.39876853
v -0.04292342 0.19398718 0.27972392
v -0.02911356 0.19732934 0.81372228
v -0.03090672 0.22563920 0.95604327
v -0.02188140 0.23605958 0.98664676
v -0.01598402 0.24539637 0.95799506
v -0.01893863 -0.21738163 -0.90026303
v -0.01558885 -0.22173524 -0.85462101
v -0.03060111 -0.19891704 -0.83621496
v -0.02073058 -0.19332246 -0.92064910
v -0.02177463 -0.18418820 -0.85473874
v -0.01803409 -0.18614070 -0.78527729
v -0.02719170 -0.17333881 -0.91061703
v -0.03494139 -0.16085429 -0.96472495
v -0.01883270 -0.17202732 -0.41275443
v -0.02990708 -0.17302122 -0.99591287
v -0.00812681 -0.15920317 -0.40577505
v 0.03487606 -0.13840428 -0.24990971
v -0.01436876 -0.11415640 -0.08514606
v -0.01303709 -0.10165564 -0.05212904
v -0.01952959 -0.10169874 -0.02907398
v -0.02428702 -0.08767855 0.02461927
v 0.05491855 -0.07957696 0.33622239
v -0.01640076 -0.06010913 0.20902906
v -0.02336567 -0.05407055 0.25101024
v -0.01492159 -0.05835362 0.42598479
v 0.01030040 -0.04271572 0.14850451
v -0.04491465 -0.00320777 0.37168761
v -0.02635504 0.01033742 0.20899418
v -0.03055700 0.00387509 0.36682035
v -0.00731970 0.02744288 0.14488836
v -0.03649328 0.05610015 0.34687350
v -0.00311846 0.02748662 0.33275607
v -0.02537532 0.02781749 0.38811602
v -0.01168970 0.04613122 0.05587233
v -0.02454663 0.05065872 0.39361068
v -0.02307088 0.06153164 0.41830101
v -0.02281689 0.07259997 0.60050332
v -0.00608851 0.10487566 0.06603673
v -0.02092737 0.09176515 0.33132966
v -0.01933250 0.10169563 0.39907730
v -0.01803468 0.13091333 0.16175860
v -0.00702367 0.14429565 0.17300565
v -0.02250392 0.15044877 0.59090474
v -0.02691152 0.16784838 0.65148165
v -0.02124103 0.17214658 0.75157484
v -0.03071533 0.17793446 0.54872985
v -0.02408460 0.18797343 0.63909382
v -0.01841642 0.18998114 0.90766290
v -0.02122019 0.21405545 0.80286149
v -0.02836632 0.18587003 0.72254815
v -0.01484448 0.19430774 0.96297713
v -0.02663203 0.20635056 0.93229418
v -0.02413647 0.22828829 0.93584806
v -0.01900940 -0.25985615 -0.72425923
v 0.03133774 -0.20189668 -0.08573959
v -0.00574323 -0.19004119 -0.84332120
v -0.01104467 -0.16227396 -0.80442917
v -0.00195391 -0.14495959 0.16512871
v -0.00993272 -0.10072049 -0.10512406
v 0.01847086 -0.09702574 0.19899745
v -0.01335433 -0.08199745 -0.03287883
v -0.06222940 -0.09541988 0.40150232
v -0.00710033 -0.07273568 0.03925159
v 0.05994857 -0.03677400 0.32722701
v -0.02778375 -0.02517750 0.25600213
v -0.02536519 -0.02071339 0.20516550
v 0.00274333 -0.02798270 0.23197127
v 0.03729787 -0.02188845 0.38964770
v -0.01932261 0.00080013 0.17511176
v -0.02197054 0.01567998 0.18957516
v -0.01536093 0.00379798 0.33110026
v -0.00425944 0.00380133 0.40697105
v -0.01609169 0.01262012 0.04890300
v -0.01004929 0.02331992 0.10492802
v -0.01272234 0.02736649 0.03184499
v -0.02342896 0.05412502 0.03273606
v -0.00384466 0.06558823 0.50403951
v -0.01764245 0.08217630 0.61505037
v -0.02592826 0.07975870 0.57664138
v -0.01233771 0.10861183 0.17921028
v -0.00415881 0.15948361 0.72378451
v -0.01587563 0.17336293 0.43425797
v -0.01704942 0.17899931 0.51436072
v -0.00396900 0.18556626 0.56459320
v -0.00683464 0.17259001 0.82121133
v -0.00339536 0.19671055 0.62443936
v -0.00799659 0.21210543 0.73189845
v -0.10581909 -0.30829959 -0.82937254
v -0.02704886 -0.26642357 -0.79936073
v 0.00645438 -0.22842406 -0.88365802
v 0.00272505 -0.20592757 -0.91983985
v -0.00255970 -0.17347280 -0.90717263
v -0.00079199 -0.16775447 -0.88291285
v -0.01060162 -0.17618641 -0.75091335
v -0.06204872 -0.14963812 0.13253233
v -0.00249767 -0.09676091 -0.08916011
v -0.01389741 -0.07722592 0.00119356
v -0.00425010 -0.05460655 0.44870446
v -0.02298572 -0.05258527 0.12715226
v 0.02250553 -0.02631053 0.19993289
v 0.05004228 -0.01659256 0.42198965
v -0.01474840 -0.00400500 0.29537177
v -0.00872807 -0.01259129 0.30783974
v -0.00736426 0.03312577 0.18730190
v 0.00313959 0.00170606 0.37268963
v 0.01935169 0.03005332 0.15499952
v -0.01300391 0.02125987 0.08520891
v 0.00392621 0.06306183 0.05449197
v -0.01417947 0.07124538 0.52348769
v -0.00413383 0.07882231 0.58595137
v -0.00705798 0.09705906 0.12609539
v -0.00480068 0.11894723 0.60043844
v 0.00055180 0.14287643 0.59494624
v 0.00971956 0.17432941 0.43381258
v 0.00584415 0.18155783 0.51439395
v -0.00813934 0.23869364 0.93285251
v 0.01338886 0.23945383 0.98600990
v 0.01771435 -0.28135962 -0.80600684
v 0.02002178 -0.26681107 -0.79755084
v -0.01299041 -0.18350908 -0.97236214
v 0.01966928 -0.18439932 -0.59290404
v 0.00549350 -0.17512694 -0.76496213
v 0.00961052 -0.17594662 -1.00087580
v 0.02166047 -0.16170418 -0.96330511
v 0.00223424 -0.16731264 -0.41819264
v -0.00147799 -0.11671788 -0.10112485
v 0.00308623 -0.05015708 0.44084812
v 0.00432495 -0.03666362 0.42629950
v 0.00067289 -0.00388005 0.36512038
v 0.00849539 0.00138479 0.35566889
v -0.00255447 0.00486518 0.35805926
v 0.00731472 0.00164868 0.36918821
v 0.01472883 0.00367422 0.39638900
v 0.00465050 -0.00262510 0.16112666
v 0.00751169 0.01955259 0.27656697
v 0.00498494 0.01859134 0.25198264
v -0.00101380 0.03439617 0.05851355
v 0.00970324 0.02913446 0.23236497
v 0.00613178 0.03311567 0.03769628
v 0.00288869 0.05126456 0.02527630
v 0.00880137 0.06110911 0.03681832
v -0.00472511 0.04949288 0.40864008
v -0.00239771 0.09490201 0.08860139
v 0.00067050 0.18608409 0.90996521
v -0.03065945 0.18954785 0.28731706
v 0.02154418 0.19898326 0.29513271
v -0.02074061 0.20817240 0.98927746
v 0.00412074 0.21103737 0.73460551
v -0.00239427 -0.30082845 -0.83782784
v 0.00976301 -0.26719072 -0.85549782
v 0.00705975 -0.22445906 -0.85703757
v 0.01315463 -0.19395304 -0.98356070
v 0.01224435 -0.18054848 -0.95369721
v 0.01730971 -0.19708165 -0.88380885
v 0.00893624 -0.18834527 -0.76885106
v 0.01685059 -0.19468622 -0.73752121
v -0.02513423 -0.19160484 -0.67659787
v 0.01770555 -0.17636754 -0.89980501
v 0.00374112 -0.16644261 -0.81541802
v 0.00251649 -0.16165227 -0.97982494
v 0.06031204 -0.15365612 0.11796232
v 0.00261412 -0.09908498 -0.03028073
v 0.00077059 -0.08894645 0.02683106
v 0.05037612 -0.08400392 0.38118945
v -0.00266382 -0.05138078 0.08341030
v 0.01110862 -0.06090847 0.21654603
v 0.02144620 -0.03339854 0.21269324
v 0.02145940 -0.01065027 0.15994990
v 0.00693179 -0.01734216 0.37535468
v 0.04260164 -0.01596950 0.39894512
v 0.01124212 -0.00684621 0.29493069
v 0.01541272 -0.00363407 0.31692324
v 0.00326600 0.00986598 0.03469658
v 0.01498072 -0.00162317 0.27084208
v 0.00070977 0.01641597 0.05913867
v 0.01239735 0.01982475 0.07206824
v 0.01941286 0.03920433 0.18950509
v 0.02226196 0.06228120 0.39875168
v 0.00231875 0.07244900 0.54854051
v 0.00702972 0.07893534 0.61416709
v 0.01180814 0.08611140 0.05508321
v 0.01925081 0.09159405 0.13405045
v 0.01420161 0.10460696 0.17489738
v 0.00736389 0.17060138 0.78453834
v -0.00376273 0.17700426 0.29309856
v 0.01432504 0.18371095 0.84711954
v 0.00608449 0.18736621 0.55320081
v 0.01452859 0.19675077 0.68353594
v 0.01516754 0.21067684 0.79054232
v 0.01165635 0.20409686 0.98868988
v 0.01002229 0.22725251 0.87721166
v 0.09679620 -0.30864283 -0.82958692
v -0.10176484 -0.30990957 -0.82096544
v 0.09374514 -0.29576537 -0.84267023
v 0.02736155 -0.24388626 -0.85676760
v 0.02456818 -0.23728921 -0.42262655
v 0.01967439 -0.23510132 -0.39500651
v 0.02541789 -0.20712251 -0.86147284
v 0.01136256 -0.19514492 -0.92341850
v -0.00644840 -0.19952477 -0.06056378
v 0.01205185 -0.18190162 -0.86296687
v 0.02193058 -0.17473424 -0.49094120
v 0.03305901 -0.16405662 -0.41852784
v -0.00088808 -0.11264406 -0.08310525
v 0.00433375 -0.06991324 0.42603257
v 0.00137734 -0.04380324 0.25173734
v 0.04560998 -0.04245482 0.26123157
v 0.02625813 0.03889833 0.09329355
v 0.01914831 0.01738288 0.22289061
v 0.01892189 0.06306567 0.43033461
v 0.02279398 0.07902624 0.50894915
v 0.02724821 0.07624229 0.06005507
v 0.02205594 0.08037805 0.58769363
v 0.01659819 0.09081640 0.32531506
v 0.03478655 0.11199791 0.60317844
v 0.01709080 0.09605872 0.40569033
v 0.01647788 0.09966612 0.38574037
v 0.00776376 0.14068002 0.58422050
v 0.00167416 0.17430311 0.21619192
v -0.00414873 0.17456584 0.25496353
v 0.02604165 0.15825863 0.43827049
v 0.01453161 0.16588825 0.70138463
v 0.01979781 0.17941104 0.72804210
v 0.01440650 0.17707682 0.56446253
v 0.00369896 0.19220071 0.94700246
v 0.01924474 0.21924407 0.93468623
v 0.01220678 0.24230559 0.95521929
v -0.06083473 -0.30529287 -0.81111129
v 0.03812648 -0.28019372 -0.82823734
v 0.02033676 -0.26308873 -0.74513161
v 0.01789720 -0.25648779 -0.70932293
v 0.02748595 -0.24555642 -0.71707787
v 0.02686765 -0.24543925 -0.55252002
v 0.02187839 -0.22761847 -0.84552733
v 0.02719934 -0.22484717 -0.66288015
v 0.03454234 -0.20766940 -0.65612755
v 0.02529717 -0.20745637 -0.83773542
v 0.02770124 -0.21904730 -0.70778633
v 0.02251937 -0.19301665 -0.69571154
v 0.02700626 -0.20685794 -0.67828586
v 0.02447284 -0.19552572 -0.65194254
v 0.02758877 -0.19489734 -0.85665158
v 0.01971479 -0.18868633 -0.81199101
v 0.02533683 -0.19856271 -0.66063273
v 0.01995475 -0.19271514 -0.66222083
v 0.02832479 -0.17716370 -0.45632003
v 0.03783771 -0.17193898 -0.44786682
v 0.02238376 -0.15969382 -0.40503045
v 0.03320944 -0.11526264 -0.08800956
v 0.05757465 -0.06124617 0.09362808
v -0.02165000 -0.02866491 0.30977241
v 0.01881718 0.01037831 0.18811176
v 0.04707468 -0.00997020 0.28532964
v 0.02656792 0.01584616 0.31162689
v 0.02400266 0.09270748 0.42542446
v 0.03292792 0.10463534 0.28823101
v 0.02568750 0.10671900 0.50177708
v 0.01831310 0.09956657 0.34964622
v 0.02958327 0.12032352 0.40423519
v 0.00748821 0.13280652 0.17453413
v 0.02675095 0.13044275 0.43209977
v 0.02269883 0.13410921 0.56948672
v 0.02638958 0.17067590 0.54112988
v 0.02657145 0.17506094 0.23784949
v 0.02840487 0.16510826 0.49594943
v 0.02011906 0.16240596 0.61503347
v 0.01991281 0.18579336 0.64658905
v 0.03133327 0.19561224 0.27859700
v 0.02136065 0.19609649 0.82359467
v 0.01628640 0.20239485 0.94087908
v 0.02440003 0.21393081 0.96621873
v 0.06604520 0.25077590 0.25397202
v 0.03298320 -0.25591410 -0.83575452
v 0.03222804 -0.25545000 -0.80444006
v 0.02619236 -0.25666097 -0.77161228
v 0.02860085 -0.23633982 -0.75523957
v 0.03133109 -0.24016915 -0.58196613
v 0.03575824 -0.23430418 -0.50273117
v 0.03492695 -0.25136685 -0.72344136
v 0.03136569 -0.23019562 -0.78718617
v 0.02862753 -0.24598707 -0.65404216
v 0.03837210 -0.23008836 -0.39020518
v 0.03550738 -0.22490051 -0.75679653
v 0.03505165 -0.21684323 -0.22560692
v 0.03011053 -0.20297494 -0.72682608
v 0.03630587 -0.21149998 -0.45315731
v 0.03350860 -0.20146745 -0.91923925
v 0.04255131 -0.18182839 -0.91271133
v 0.02776916 -0.19529327 -0.76147198
v 0.02773458 -0.18762382 -0.56384402
v 0.03115153 -0.19226844 -0.48623109
v 0.03716939 -0.18573387 -0.45934498
v 0.03996093 -0.18919714 -0.02282205
v 0.03503623 -0.12688988 -0.16774510
v 0.03757056 -0.08437667 0.02994108
v 0.02382056 -0.03534783 0.17161744
v 0.04140651 0.00374108 0.25002084
v 0.04535343 0.00852389 0.19345142
v 0.03286284 0.00821673 0.37058228
v 0.02733834 0.01057530 0.34932471
v 0.04002008 0.03476709 0.29984344
v 0.02689871 0.04150569 0.19042041
v 0.02583812 0.03676025 0.27619187
v 0.02946378 0.05105869 0.19552458
v 0.03190856 0.04347732 0.06779722
v 0.03602230 0.06238764 0.16478318
v 0.02882008 0.05130755 0.23432846
v 0.03040912 0.05203536 0.32205077
v 0.02623615 0.07797161 0.08903640
v 0.03077401 0.05380120 0.13525956
v 0.03383897 0.06535403 0.27116261
v 0.03294940 0.08199205 0.31301779
v 0.03425407 0.07413358 0.35311202
v 0.03321358 0.08009918 0.17871068
v 0.03821281 0.07563724 0.37179890
v 0.02713107 0.09231029 0.30427409
v 0.03113630 0.09211165 0.37300155
v 0.02416537 0.09782744 0.26810927
v 0.04259264 0.09642486 0.43007208
v 0.03502811 0.12568765 0.25420673
v 0.02937813 0.11106729 0.55586351
v 0.04001055 0.11230852 0.18167038
v 0.02513986 0.14108253 0.51810028
v 0.05061020 0.13646967 0.19882523
v 0.02513844 0.15347740 0.55072697
v 0.04018405 0.15452148 0.20907095
v 0.03396943 0.15020451 0.40404696
v 0.01663375 0.17480437 0.39928633
v 0.03613102 0.16019726 0.23090465
v 0.02560065 0.18730252 0.29177837
v 0.02796603 0.16995855 0.30233510
v 0.02944772 0.18800740 0.26575787
v 0.03757213 -0.25098432 -0.87275467
v 0.03948396 -0.22341546 -0.29133507
v 0.03844024 -0.23148846 -0.44544088
v 0.04895542 -0.21714356 -0.70249045
v 0.04626970 -0.21697594 -0.67021670
v 0.03752276 -0.20318562 -0.44880248
v 0.04070600 -0.20898141 -0.21958250
v 0.05020460 -0.23203403 -0.42416266
v 0.04124684 -0.20536483 -0.15005117
v 0.05301193 -0.19453377 -0.68788766
v 0.03751722 -0.17631495 -0.98319418
v 0.05067257 -0.18438252 -0.74630801
v 0.04020824 -0.19273913 -0.67530777
v 0.02853994 -0.18497705 -0.74465964
v 0.03493146 -0.18506129 -0.69740224
v 0.03705376 -0.17591230 -0.67141944
v 0.04239279 -0.18497118 -0.42247047
v 0.03725136 -0.15938751 -0.37695093
v 0.03909166 -0.15612340 -0.34823823
v 0.04024027 -0.14784712 -0.26764359
v 0.04228433 -0.13531689 -0.18115392
v 0.04532097 -0.12246620 -0.09471474
v 0.04032595 -0.09665885 -0.01278818
v 0.06194742 -0.09572054 0.39232014
v 0.02961421 -0.09649687 0.39952741
v 0.05665434 -0.08962705 0.37376451
v 0.05310425 0.00063012 0.18369409
v 0.03963829 -0.00876169 0.31386762
v 0.02599158 0.00185678 0.37091851
v 0.02495547 0.00984230 0.17432292
v 0.03530942 0.00428381 0.33872553
v 0.05151519 0.00371839 0.33244811
v 0.04282496 0.03305510 0.22941228
v 0.03815359 0.05255173 0.31051733
v 0.04757040 0.07734363 0.30865017
v 0.04053797 0.09398457 0.22959572
v 0.04162029 0.08433938 0.40885227
v 0.04150767 0.08891653 0.19758187
v 0.03859161 0.09216720 0.25853677
v 0.03790558 0.10498645 0.31116618
v 0.04363868 0.11518061 0.23051668
v 0.04059595 0.12267559 0.33096198
v 0.03228220 0.14366789 0.24108480
v 0.03183170 0.15934736 0.28729241
v 0.02700266 0.16591270 0.26863988
v 0.04418560 0.13893185 0.29773937
v 0.04479439 0.14750381 0.21032293
v 0.03730263 0.16433368 0.32279330
v 0.03566207 0.17505590 0.28345609
v 0.04405413 0.16953214 0.25383494
v 0.04412297 0.18261803 0.27998194
v 0.05499941 -0.25916953 -0.82621701
v 0.04636574 -0.21036228 -0.73632587
v 0.05239442 -0.22781274 -0.40955754
v 0.05223179 -0.21618669 -0.43623829
v 0.03984113 -0.20526668 -0.38812408
v 0.05070289 -0.19478980 -0.40203044
v 0.04810911 -0.17918575 -0.66260869
v 0.05141062 -0.17647297 -0.40607021
v 0.04536855 -0.18365459 -0.38200276
v 0.04567685 -0.16934847 -0.02738876
v 0.02911912 -0.17601793 0.04280862
v 0.04785471 -0.16958336 -0.72418478
v 0.04312846 -0.17871304 -0.10543126
v 0.04471603 -0.11574831 -0.06857597
v 0.04663139 -0.19144994 -0.05491794
v 0.06498810 -0.14598679 0.19338980
v 0.05010229 -0.11351971 -0.02318085
v 0.04114677 -0.03354077 0.25665365
v 0.05174218 -0.01519729 0.39667096
v 0.05318816 0.00596628 0.27605058
v 0.05504569 0.02972262 0.41033215
v 0.04353767 0.01972677 0.38772731
v 0.04845503 0.01715667 0.27676339
v 0.05591536 0.03436901 0.31233124
v 0.05123553 0.01120070 0.36070509
v 0.04957659 0.06101951 0.38615219
v 0.05173096 0.08075532 0.32633940
v 0.04958848 0.08078998 0.33565965
v 0.04682470 0.09169553 0.35386502
v 0.04918216 0.10739571 0.50598125
v 0.04758700 0.11571015 0.54963999
v 0.03336792 0.13850524 0.49599297
v 0.04826305 0.13175043 0.54596103
v 0.08267698 0.17540037 0.30241208
v 0.05668973 0.25187923 0.27177140
v 0.06124742 -0.29686496 -0.81214659
v 0.06403789 -0.28304364 -0.82912714
v 0.05020246 -0.26742744 -0.79795847
v 0.05966265 -0.24879400 -0.85710074
v 0.06091988 -0.23089131 -0.70850116
v 0.05638761 -0.20674175 -0.66267387
v 0.06490804 -0.18018818 -0.67909216
v 0.04137387 -0.15012836 0.18444700
v 0.07165526 -0.12973539 0.19411034
v 0.04033153 -0.07390857 0.42491557
v 0.05313548 -0.06560688 0.22881059
v 0.05701703 -0.04039983 0.21973084
v 0.05442609 -0.04117419 0.16159417
v 0.08537367 -0.03131015 0.17753889
v 0.06414974 -0.02899448 0.31388225
v 0.06893680 -0.00531602 0.30174554
v 0.06006046 0.01376362 0.30087823
v 0.03793291 0.06741169 0.35829870
v 0.06044231 0.04980264 0.33850010
v 0.05575113 0.10439530 0.40292302
v 0.05564752 0.11287366 0.33578365
v 0.05238805 0.09366230 0.39432864
v 0.05612251 0.11276986 0.35996674
v 0.05324546 0.11527757 0.44833188
v 0.05134870 0.12295168 0.49165353
v 0.05541671 0.14045048 0.33824219
v 0.06195748 0.17876521 0.34313636
v 0.06147495 -0.26667211 -0.83754908
v 0.05881139 -0.26304949 -0.86141570
v 0.06376888 -0.20514603 -0.71195802
v 0.06293476 -0.17793601 -0.70635783
v 0.05021334 -0.17470920 0.01258206
v 0.05794790 -0.13209479 -0.02385454
v 0.06388717 -0.10960988 0.25976025
v 0.05942241 -0.09732718 0.02931311
v 0.06255717 -0.08138758 0.05271144
v 0.06565045 -0.09427347 0.20242952
v 0.05614309 -0.09387004 0.42257073
v 0.06498516 -0.08447086 0.31597843
v 0.06485313 -0.07197972 0.23365086
v 0.06457490 -0.03058958 0.29687145
v 0.06417457 -0.03637447 0.22725753
v 0.04956525 -0.02651997 0.38126242
v 0.05302484 -0.01142122 0.41660454
v 0.06433001 0.01722520 0.32416395
v 0.06217278 0.09590125 0.32894692
v 0.06861324 0.10409796 0.38634507
v 0.07163171 0.12432787 0.20850128
v 0.07430341 0.15904031 0.38376395
v 0.05940602 0.17507250 0.37205454
v 0.06929280 -0.16420177 -0.00859046
v 0.07178860 -0.13669158 0.13886868
v 0.06587489 -0.14213038 0.17084102
v 0.07400528 -0.11160605 0.28964827
v 0.06658256 -0.11494457 0.19587550
v 0.07541671 -0.11242250 0.12874130
v 0.08800147 -0.09556155 0.04813473
v 0.08100806 -0.08913990 0.42516911
v 0.06494933 -0.05875185 0.14175191
v 0.06478837 -0.03571572 0.20013853
v 0.06349923 -0.00508879 0.37726159
v 0.06857561 -0.01804812 0.31150483
v 0.06145389 0.07919023 0.41222291
v 0.07231527 0.11749320 0.18625161
v 0.06996999 0.25882853 0.26139925
v 0.07852830 -0.28384314 -0.80899870
v 0.08231273 -0.26692103 -0.84093920
v 0.10419496 -0.15132286 -0.00489975
v 0.09146975 -0.12218992 0.09605613
v 0.07519387 -0.12101403 0.20113408
v 0.06831096 -0.10404066 0.33680285
v 0.08344495 -0.09057250 0.14695904
v 0.07192435 -0.09393483 0.17310241
v 0.08677775 -0.08388758 0.09295309
v 0.07795249 -0.08029945 0.16569540
v 0.11775186 -0.01835329 0.17837656
v 0.09563233 -0.02077243 0.32474513
v 0.08114241 -0.02257767 0.33420796
v 0.07573845 -0.01954463 0.37632700
v 0.08605105 -0.01223384 0.19572564
v 0.08750971 -0.01690341 0.33285291
v 0.07997909 -0.02026980 0.34469153
v 0.08526142 0.00173652 0.32388427
v 0.07796729 -0.00113902 0.29027029
v 0.07750532 0.01245748 0.28869169
v 0.09447853 0.06965096 0.41159552
v 0.06649799 0.10694686 0.20930021
v 0.06172881 0.22166955 0.26601675
v 0.08096587 0.26385701 0.24813586
v 0.07677264 0.28130229 0.24929084
v 0.10696981 -0.30809933 -0.81777958
v 0.10009646 -0.14731475 0.02241636
v 0.07150874 -0.15539152 0.18275363
v 0.09220691 -0.13542066 0.08342477
v 0.09117742 -0.10263202 -0.00132704
v 0.08187795 -0.02437014 0.42772491
v 0.08667522 0.01159747 0.31448956
v 0.08824844 0.08783012 0.42346739
v 0.09070293 0.14064910 0.31880541
v 0.07181257 0.17247465 0.32896914
v 0.08405829 0.29206753 0.25423927
v 0.09582654 -0.10699907 0.05198672
v 0.10199453 -0.10509402 -0.00031166
v 0.11392316 -0.09647187 0.40168016
v 0.07510961 -0.06453845 0.42708834
v 0.11991368 -0.02404301 0.34788955
v 0.09473333 -0.02548674 0.38435840
v 0.09636105 -0.01992576 0.33135876
v 0.09897638 -0.01899224 0.34667307
v 0.11125731 -0.01448630 0.37607480
v 0.08484540 -0.01753937 0.38133493
v 0.09371460 -0.01079712 0.41487555
v 0.09285290 0.00835324 0.41427627
v 0.09634451 0.03881749 0.36434733
v 0.09506321 0.07255235 0.36279786
v 0.09464469 0.09606004 0.38467159
v 0.09891503 0.12068073 0.31852837
v 0.09186401 0.13461742 0.37786993
v 0.09584547 0.08914953 0.32556011
v 0.09476922 0.12734323 0.32808684
v 0.10073190 0.17424709 0.37010617
v 0.13532942 0.19600663 0.29305790
v 0.10615273 -0.11214141 -0.00275694
v 0.09155161 -0.08987934 0.17657577
v 0.15572749 -0.07859383 0.42531716
v 0.12405699 -0.07451961 0.17617499
v 0.10973687 -0.01720855 0.39675086
v 0.10272996 -0.00271475 0.31773013
v 0.10246264 -0.01323643 0.39399447
v 0.10618367 0.04950658 0.33333666
v 0.10896397 0.07868555 0.38602677
v 0.10210039 0.16319469 0.33572163
v 0.09763252 0.17886824 0.34487741
v 0.10419616 -0.29071811 -0.83585535
v 0.11323330 -0.02625841 0.31703031
v 0.12195153 -0.01439911 0.35526301
v 0.10598098 0.07267709 0.34276431
v 0.12732689 0.16176446 0.30498167
v 0.14383643 -0.12651539 0.19324831
v 0.11403286 -0.12148681 0.20167257
v 0.11381762 -0.11035493 0.30505750
v 0.12374361 -0.10575801 0.31177306
v 0.11175822 -0.02027289 0.42472111
v 0.11179423 0.00162221 0.40902364
v 0.10257093 0.03139323 0.40169447
v 0.11347880 0.05089212 0.35800329
v 0.12925018 -0.11520534 0.19451953
v 0.12514575 -0.09656717 0.38710383
v 0.12258971 -0.11401819 0.22184182
v 0.12286337 -0.08862152 0.31839331
v 0.12949386 -0.08840758 0.33450061
v 0.17415724 -0.09420501 0.42305601
v 0.12933485 -0.08148742 0.32653823
v 0.13127752 -0.08444656 0.20292701
v 0.12584897 -0.06104440 0.30372862
v 0.12456549 -0.05005599 0.23704827
v 0.12580918 -0.02944515 0.31715715
v 0.12389907 -0.03256033 0.28385181
v 0.11781489 -0.01561378 0.32449537
v 0.13050803 -0.02326056 0.33901355
v 0.12406778 0.00675290 0.37521641
v 0.13112701 0.00732164 0.39323560
v 0.12938260 0.02620142 0.36801178
v 0.11795870 0.03773141 0.38002057
v 0.12635788 0.10549327 0.34781457
v 0.12898051 0.11926775 0.31807516
v 0.12754666 0.10383267 0.32167644
v 0.12525836 0.13319853 0.34453934
v 0.08194097 0.26798915 0.26355546
v 0.08412108 0.28668552 0.23959309
v 0.16929952 -0.09600649 0.39341550
v 0.13761812 -0.05757438 0.20651600
v 0.12961994 -0.03547291 0.19946076
v 0.12671494 -0.03681344 0.22023891
v 0.13313456 -0.04397058 0.32559430
v 0.13286295 -0.01780622 0.19141293
v 0.12578024 0.00450066 0.34050456
v 0.12713496 0.01411154 0.36359837
v 0.13633403 0.09655267 0.37157536
v 0.12927029 0.07270642 0.38571213
v 0.12694717 0.15954438 0.32503516
v 0.14171179 0.19887873 0.32608730
v 0.13854251 -0.03552581 0.17803360
v 0.13996185 -0.03330084 0.19444226
v 0.14775790 -0.03117757 0.18482151
v 0.13819181 -0.00994965 0.35864630
v 0.13959267 0.02163648 0.34428514
v 0.14099068 0.05249910 0.35373031
v 0.13062430 0.09489388 0.30816853
v 0.09280699 0.16856826 0.28568612
v 0.14028185 0.15548385 0.34230576
v 0.13955576 0.19284617 0.30808471
v 0.16336517 0.22902143 0.28011954
v 0.09668995 -0.14712179 0.17611226
v 0.14869955 -0.10870212 0.21008156
v 0.14036319 0.00630299 0.31953356
v 0.22297704 -0.01866998 0.42162204
v 0.15149745 0.02813703 0.36757455
v 0.16139448 0.04326225 0.33505712
v 0.13866218 0.07512496 0.35555496
v 0.14762248 0.09954966 0.36546899
v 0.14490443 0.11211331 0.38879623
v 0.15120373 0.17343273 0.30443739
v 0.15580111 0.19078775 0.32007020
v 0.16646099 -0.11567376 0.19399266
v 0.13183839 -0.08483028 0.38093197
v 0.16082372 -0.06491317 0.42828590
v 0.16768716 -0.06237992 0.44622901
v 0.15754490 -0.04411146 0.42694717
v 0.13255459 -0.02807784 0.38310480
v 0.15166591 -0.02360186 0.34129833
v 0.15193908 0.00001946 0.34175161
v 0.15513754 0.00123555 0.36248751
v 0.16256279 0.02552374 0.38309297
v 0.14666140 0.05902238 0.39391284
v 0.16174254 0.05830309 0.34490906
v 0.15997645 0.06123775 0.37603810
v 0.16194239 0.09485543 0.38287433
v 0.16115825 0.08200967 0.33038480
v 0.15504908 0.11868225 0.37455908
v 0.15555784 0.12822843 0.34507634
v 0.14730723 0.18194442 0.27899323
v 0.15405840 0.14745618 0.31658325
v 0.16406436 0.11520641 0.32033706
v 0.15537968 0.18551740 0.29601987
v 0.14962560 -0.08613864 0.19399922
v 0.17425277 -0.03971867 0.42734045
v 0.15333167 -0.02730061 0.37411763
v 0.15915262 0.02563325 0.33969783
v 0.16920201 0.03743466 0.38419008
v 0.16576034 0.04373718 0.37821578
v 0.16695174 0.05193639 0.35239904
v 0.17218663 0.08143584 0.36643592
v 0.16630085 0.08432729 0.35098503
v 0.16981790 0.13102389 0.31364351
v 0.13668591 -0.15075688 0.19261067
v 0.16815865 -0.07195523 0.42680291
v 0.17046119 -0.04755607 0.44738912
v 0.17506157 0.00482802 0.36113964
v 0.17544145 0.00734490 0.34073141
v 0.17496892 0.03445231 0.37624669
v 0.18572538 0.03724666 0.37976321
v 0.16787456 0.05897786 0.34370184
v 0.22046886 0.10523753 0.30453071
v 0.18576229 0.07658412 0.34706261
v 0.18104456 0.10455496 0.36995073
v 0.17972434 0.12628891 0.35516113
v 0.18199464 0.12105571 0.38850879
v 0.21512222 0.15362986 0.30698246
v 0.19729035 -0.08297823 0.38206693
v 0.17815098 -0.06041175 0.42591125
v 0.22429365 -0.02731229 0.42479733
v 0.19327905 0.05089646 0.37167142
v 0.19416752 0.07859373 0.32794685
v 0.18317767 0.07244418 0.38492571
v 0.18179315 0.09250949 0.36412392
v 0.17600759 0.10253588 0.33738312
v 0.21186984 0.12930454 0.29629139
v 0.14795951 0.29485885 0.25367275
v 0.22408417 -0.08104232 0.32518849
v 0.20078472 -0.06245126 0.17549041
v 0.19041659 0.04972002 0.39169727
v 0.18088835 0.06287530 0.36601652
v 0.19144575 0.07318294 0.37372223
v 0.15714297 0.05023127 0.31494408
v 0.19498949 0.08038753 0.35281715
v 0.19306897 0.12533281 0.31729851
v 0.18621366 0.12025437 0.36560179
v 0.16977170 0.12848522 0.38069996
v 0.19200463 0.13752137 0.36342882
v 0.19733490 0.12261918 0.37192494
v 0.18504622 0.14755689 0.34494316
v 0.19278328 0.19391622 0.35492372
v 0.24623934 0.20700914 0.28885110
v 0.09093131 0.29475320 0.23931410
v 0.09197037 0.29993967 0.24776268
v 0.22404020 -0.09079948 0.42495736
v 0.21714925 -0.03988891 0.17578341
v 0.19645517 0.04374773 0.33916749
v 0.20347475 0.11289800 0.33953555
v 0.20531357 0.18286010 0.34683907
v 0.20396737 0.18779115 0.35999156
v 0.21389345 0.22483282 0.28719128
v 0.24531867 0.23069805 0.27984393
v 0.22318618 -0.09826093 0.42005475
v 0.19909811 -0.05049647 0.19461691
v 0.24603979 -0.02678877 0.34484586
v 0.20998484 0.06084656 0.36069197
v 0.21230646 0.08659598 0.38657381
v 0.20112149 0.09484885 0.33787590
v 0.20161618 0.09727841 0.35837850
v 0.21384163 0.09780411 0.32588846
v 0.20128319 0.12693573 0.38398128
v 0.19209043 0.21394699 0.26827921
v 0.22194413 0.23400474 0.25979220
v 0.22192205 -0.09437454 0.39266881
v 0.21923646 -0.06742207 0.16157279
v 0.22578613 -0.07585671 0.19378660
v 0.20690799 -0.06818996 0.38736841
v 0.22365706 -0.02897901 0.38696698
v 0.21110643 0.04271115 0.33527703
v 0.22425211 0.08067866 0.35295817
v 0.21705551 0.09898197 0.34456142
v 0.21803569 0.15394696 0.34270811
v 0.23306130 -0.08765185 0.33457037
v 0.22242568 -0.05084803 0.19852829
v 0.25551506 0.00250092 0.34142243
v 0.22041602 -0.01892226 0.39619900
v 0.21201955 0.08478467 0.33311013
v 0.22117314 0.06519125 0.38157921
v 0.22050235 0.07697852 0.36974349
v 0.22131521 0.12905809 0.31740813
v 0.20729215 0.11315358 0.35226675
v 0.22800142 0.15500146 0.31822883
v 0.21321666 0.21166304 0.26880460
v 0.23577939 0.29410226 0.23752983
v 0.22958738 0.30078016 0.24760269
v 0.15925346 -0.10085041 0.17681372
v 0.23237236 -0.09065345 0.42136907
v 0.23454672 -0.02121472 0.42036716
v 0.22812646 0.09352723 0.32623891
v 0.22538197 0.09858576 0.37710484
v 0.22806378 0.11556480 0.36251641
v 0.24574276 0.29073120 0.25567233
v 0.24619346 -0.10427561 0.38358118
v 0.23439916 -0.09264165 0.40266405
v 0.23328082 -0.07766707 0.38383934
v 0.23545462 -0.03267754 0.38302902
v 0.23097340 -0.03213876 0.39986538
v 0.26478217 0.01158201 0.32381835
v 0.23044372 0.11776489 0.27713373
v 0.24347385 0.14666944 0.31475521
v 0.25930525 0.16096307 0.30283360
v 0.23952620 -0.09466172 0.36186018
v 0.25406523 -0.07815325 0.38532550
v 0.23018667 -0.07721786 0.17444009
v 0.25047843 -0.02978634 0.32476476
v 0.24722228 -0.02547223 0.36956180
v 0.25377522 0.12000677 0.31941760
v 0.24802723 0.15207258 0.34618449
v 0.24744957 0.17583853 0.28321905
v 0.24831354 -0.11499150 0.33540006
v 0.25368078 -0.08472492 0.32689902
v 0.26207121 -0.11183252 0.33231144
v 0.24470453 0.12238904 0.32628194
v 0.25648975 0.19968624 0.28313907
v 0.25249593 0.22494943 0.26687183
v 0.25237817 0.25921222 0.25213579
v 0.24735974 0.29394236 0.24413877
v 0.26709303 -0.15572931 0.18155758
v 0.26330052 -0.14622166 0.17641691
v 0.27439307 -0.09411346 0.39261661
v 0.27036813 -0.08221673 0.40268695
v 0.26294563 -0.04250365 0.17627241
v 0.26263669 -0.03425918 0.18410917
v 0.25342423 -0.03519381 0.19440451
v 0.25065331 -0.01805084 0.38523621
v 0.27213369 -0.00896042 0.36044717
v 0.26426386 0.05639422 0.33210541
v 0.26264874 0.07136259 0.31565400
v 0.25413414 0.12498907 0.30141433
v 0.26947867 -0.25818130 0.35222968
v 0.26957062 -0.25285304 0.28930166
v 0.26963845 -0.24236600 0.42573198
v 0.27038895 -0.23805488 0.24703052
v 0.27198170 -0.21222837 0.21238716
v 0.27038029 -0.20916084 0.48196830
v 0.26245538 -0.15035489 0.19319152
v 0.27854683 -0.14438146 0.16697714
v 0.27108486 -0.06969779 0.19432537
v 0.26113842 -0.10651824 0.36575378
v 0.26968734 -0.11484330 0.31205912
v 0.27132032 -0.12350517 0.16758980
v 0.26783389 -0.05197106 0.40896685
v 0.26826358 -0.03530929 0.40667687
v 0.26894781 -0.01703941 0.31975668
v 0.27309091 -0.02430271 0.19306162
v 0.27258348 0.01326644 0.33378107
v 0.27203488 0.00449545 0.54237897
v 0.26980460 0.03321665 0.16860159
v 0.26981284 0.10823016 0.22100123
v 0.26522356 0.12203955 0.31184404
v 0.26951557 0.11661609 0.46518980
v 0.27136212 0.12730715 0.30973189
v 0.26812949 0.14527831 0.28898497
v 0.26916634 0.14545668 0.31964577
v 0.26898547 0.14338463 0.41236226
v 0.27508256 0.15208793 0.29992823
v 0.27723773 -0.26541686 0.34067243
v 0.27946417 -0.25935389 0.39884357
v 0.27360956 -0.22564273 0.36476578
v 0.27778680 -0.21713751 0.47932826
v 0.27470447 -0.21647409 0.29768644
v 0.28260115 -0.21675967 0.36874630
v 0.27258054 -0.21451384 0.41079232
v 0.27980184 -0.19136959 0.43409871
v 0.27268730 -0.18541879 0.18990287
v 0.27858383 -0.18490019 0.51136999
v 0.28088290 -0.16289560 0.29939169
v 0.27154742 -0.12329955 0.34110312
v 0.28158684 -0.20520614 0.33418179
v 0.28088779 -0.20434868 0.35019252
v 0.27313531 -0.18136647 0.45915901
v 0.27616544 -0.17999511 0.24068639
v 0.27145212 -0.15295817 0.52819119
v 0.27777250 -0.16382118 0.39502259
v 0.27509187 -0.14368494 0.19858506
v 0.27777328 -0.14799636 0.21855842
v 0.27772551 -0.13321621 0.25752649
v 0.27665689 -0.15702809 0.27852360
v 0.27893519 -0.12097876 0.32737743
v 0.27086630 -0.11930448 0.37286918
v 0.27542766 -0.12199068 0.39886622
v 0.27437812 -0.13100528 0.49396409
v 0.27352578 -0.11208272 0.50062818
v 0.27943362 -0.10951569 0.25612072
v 0.27512845 -0.10435127 0.41546947
v 0.27276349 -0.11821723 0.54205011
v 0.27113805 -0.09423119 0.29673204
v 0.27044185 -0.05662362 0.54696328
v 0.27552935 -0.06635218 0.24361528
v 0.26891295 -0.06754213 0.27036492
v 0.27947527 -0.05616403 0.46040466
v 0.27056227 -0.02559085 0.15532348
v 0.26904800 -0.04297288 0.28730721
v 0.27150018 -0.03378242 0.17035182
v 0.28001475 -0.04378198 0.49902609
v 0.27506015 -0.04660676 0.51050448
v 0.27179232 -0.03371308 0.45887903
v 0.27988489 -0.05283174 0.55396151
v 0.27304501 -0.02622322 0.27909656
v 0.28555903 -0.00937804 0.27220877
v 0.27737919 -0.00390846 0.21140039
v 0.27464806 -0.01170212 0.38108376
v 0.27379187 -0.01648519 0.40734922
v 0.28360430 0.01798926 0.32856712
v 0.28184885 0.00728594 0.39674589
v 0.27881621 0.01608153 0.15702426
v 0.27384601 0.01183750 0.30182498
v 0.27256110 0.00363096 0.32142862
v 0.28001407 0.01358593 0.36182802
v 0.27322273 0.02091069 0.20630178
v 0.27456099 0.01032480 0.26989905
v 0.27513942 0.04132052 0.22000367
v 0.29033524 0.04705980 0.37875874
v 0.27173611 0.02292673 0.38341595
v 0.27364656 0.04078879 0.29458049
v 0.27551386 0.05986452 0.34881563
v 0.28114161 0.04098739 0.47714184
v 0.27323389 0.04336773 0.48386200
v 0.27063545 0.06070732 0.51407568
v 0.27505427 0.06160840 0.23228987
v 0.27626112 0.08466180 0.26209100
v 0.29179968 0.08047093 0.28027725
v 0.27604553 0.06033071 0.39175256
v 0.27334632 0.07536094 0.45624191
v 0.27463106 0.09496588 0.27209515
v 0.27495873 0.10983727 0.33964559
v 0.27438437 0.10793935 0.32609731
v 0.27451497 0.10311786 0.39902528
v 0.27800923 0.12786533 0.23956114
v 0.27821096 0.11558468 0.47391191
v 0.27445797 0.15756576 0.35821586
v 0.27655151 0.14666220 0.42118291
v 0.31058062 -0.25985883 0.39413054
v 0.27878761 -0.25489276 0.27752304
v 0.27976253 -0.24216007 0.44224311
v 0.27610486 -0.22064664 0.33639762
v 0.29148342 -0.21571636 0.32622560
v 0.28668802 -0.20496343 0.40959869
v 0.27617334 -0.20310578 0.26761883
v 0.28542046 -0.16572390 0.42064538
v 0.28907395 -0.18106336 0.25774010
v 0.27928551 -0.15433339 0.47484616
v 0.27743894 -0.12275457 0.35654415
v 0.29260174 -0.12422236 0.32248771
v 0.27480348 -0.11832765 0.44491488
v 0.27841657 -0.13188783 0.47867437
v 0.28612797 -0.12906143 0.27327023
v 0.29274813 -0.13374229 0.22017956
v 0.28021790 -0.09450839 0.20656377
v 0.28328635 -0.09152180 0.27476420
v 0.27913639 -0.08642809 0.21789381
v 0.28079636 -0.08451570 0.27016806
v 0.27857566 -0.10665366 0.45157114
v 0.28033668 -0.06866867 0.41349887
v 0.27736073 -0.08854286 0.15149546
v 0.28861006 -0.06910011 0.20220782
v 0.30290638 -0.02502478 0.19863632
v 0.29057552 -0.04353473 0.26340514
v 0.28505505 -0.02395310 0.49365073
v 0.28446576 -0.02020013 0.20359435
v 0.29113506 0.01810097 0.36334784
v 0.27620903 0.02453579 0.41982695
v 0.29237117 0.01370851 0.31970208
v 0.28375026 0.10245307 0.35827586
v 0.28350886 0.02674780 0.40056246
v 0.28218077 0.03545590 0.27495651
v 0.28142251 0.07141037 0.41522288
v 0.28073812 0.05713985 0.46499740
v 0.28039483 0.07901899 0.18807096
v 0.27925140 0.06404715 0.51931997
v 0.28885661 0.09033120 0.39738378
v 0.27521514 0.09219851 0.42688846
v 0.27988498 0.09244691 0.41352171
v 0.31147550 -0.23419448 0.45579943
v 0.28935224 -0.21051174 0.35947400
v 0.31256677 -0.16889051 0.17901576
v 0.30694370 -0.18372921 0.25616753
v 0.31390087 -0.15579150 0.47585259
v 0.29010433 -0.16055977 0.23284575
v 0.30560425 -0.14010811 0.38327876
v 0.28681907 -0.12402576 0.36356114
v 0.28989737 -0.09861751 0.39371211
v 0.30033806 -0.12633697 0.49060226
v 0.28538148 -0.11961300 0.28799132
v 0.29059819 -0.10802829 0.46170705
v 0.31489282 -0.06927261 0.19754900
v 0.29125454 -0.05178241 0.27345881
v 0.28992365 -0.05961182 0.42277696
v 0.29942191 -0.05844732 0.50573917
v 0.27901358 -0.03156591 0.14944447
v 0.28421549 -0.02793907 0.41243365
v 0.29463822 -0.01236805 0.28235027
v 0.27486160 -0.00576820 0.49540882
v 0.29038779 -0.00499037 0.24561021
v 0.30003525 -0.00085578 0.39851384
v 0.29829069 0.02294239 0.22382503
v 0.29602300 0.01759456 0.28248253
v 0.29427607 0.00970748 0.39095174
v 0.29128510 0.05159530 0.23761477
v 0.29491629 0.03757690 0.43156613
v 0.29812583 0.07251408 0.24851578
v 0.30578761 0.08707996 0.42965573
v 0.31120161 -0.26605995 0.34675137
v 0.31674531 -0.24694594 0.26605889
v 0.31676148 -0.23128010 0.23714693
v 0.28937875 -0.12902836 0.32773560
v 0.30257938 -0.16713661 0.39037759
v 0.30126725 -0.20848215 0.35956522
v 0.29195315 -0.14606699 0.46191816
v 0.30157380 -0.12213076 0.35019169
v 0.30615077 -0.14983498 0.47253214
v 0.30113885 -0.13144385 0.26907286
v 0.30259780 -0.12059448 0.30028756
v 0.30977424 -0.10565803 0.32321835
v 0.30088532 -0.08510267 0.30008694
v 0.29463613 -0.10994282 0.29378102
v 0.30159439 -0.08286468 0.39180157
v 0.31045167 -0.07913984 0.55262724
v 0.30020758 -0.05052742 0.40765020
v 0.29759762 -0.00770533 0.26711213
v 0.30633793 -0.02069115 0.39311181
v 0.29058939 -0.02458560 0.40708930
v 0.29756778 0.00789574 0.28720972
v 0.30896532 0.00794477 0.26514420
v 0.30650148 0.04314517 0.29276004
v 0.30277864 -0.00010134 0.37046052
v 0.30074296 -0.00312359 0.42295017
v 0.31057167 0.01055999 0.21096087
v 0.29697517 0.02203376 0.46295150
v 0.30247622 0.02561213 0.39153402
v 0.30229236 0.10228283 0.36087327
v 0.30848868 0.08760333 0.40091983
v 0.29902571 0.09512562 0.32807231
v 0.31419270 0.10555193 0.32798290
v 0.30972986 -0.25969595 0.29519254
v 0.31115094 -0.21023475 0.28565422
v 0.30830556 -0.20714199 0.40846730
v 0.30681771 -0.19806278 0.27876577
v 0.31162018 -0.19744381 0.50149331
v 0.31032518 -0.20116717 0.33953436
v 0.31058350 -0.21723887 0.35083427
v 0.31034661 -0.16827525 0.40298802
v 0.30592484 -0.14130454 0.30393867
v 0.30554001 -0.14010640 0.40329901
v 0.31133768 -0.13643838 0.16438013
v 0.31093016 -0.15126876 0.53102131
v 0.31163550 -0.14851456 0.22600005
v 0.30469358 -0.10656925 0.26528901
v 0.31101995 -0.13606136 0.48359579
v 0.30676834 -0.11943819 0.43717369
v 0.30230551 -0.11774111 0.33743503
v 0.30612031 -0.10732686 0.45111979
v 0.31202378 -0.10718435 0.50083708
v 0.30701773 -0.11119130 0.36755412
v 0.30995195 -0.08083537 0.15041938
v 0.30650898 -0.09277235 0.22033791
v 0.30655559 -0.06934901 0.20861331
v 0.30099024 -0.07082398 0.28602938
v 0.29814799 -0.06785879 0.40601607
v 0.30614578 -0.03662064 0.28882916
v 0.30727265 -0.05987798 0.30044031
v 0.31130562 -0.05308766 0.50493826
v 0.31209134 -0.01875795 0.15100348
v 0.30256119 -0.03113465 0.23851624
v 0.30889563 -0.02388965 0.49405878
v 0.30753784 -0.01370994 0.24040402
v 0.30269376 0.00654369 0.33587966
v 0.30837556 0.03374040 0.24882780
v 0.30987093 0.02553987 0.21349808
v 0.30285989 0.01276085 0.34719795
v 0.31134232 0.02612046 0.16108982
v 0.30499888 0.05911211 0.23490269
v 0.29878654 0.02277564 0.33273298
v 0.31187550 0.04590453 0.52855626
v 0.31168265 0.08059523 0.19085276
v 0.30757244 0.04947701 0.27332855
v 0.30725917 0.05598372 0.39257980
v 0.31042879 0.08730684 0.27141517
v 0.30995553 0.08709437 0.42382223
v 0.31117565 0.08287004 0.50634095
v 0.31314612 0.10542589 0.38347313
v 0.31207457 0.15853623 0.36178048
v 0.31242187 0.14402384 0.42580039
v 0.31782346 -0.25291848 0.39518020
v 0.31826741 -0.25505698 0.31348674
v 0.31443295 -0.24671759 0.42568218
v 0.31502965 -0.21929216 0.29587502
v 0.31796577 -0.22962407 0.44965743
v 0.31340856 -0.22126755 0.33158858
v 0.31480581 -0.21919675 0.39665288
v 0.31539881 -0.20557346 0.26968330
v 0.31558059 -0.20104710 0.43831396
v 0.31710766 -0.18848032 0.50217291
v 0.31221979 -0.19396713 0.42231766
v 0.30804551 -0.18987878 0.44034115
v 0.31599079 -0.19200948 0.19579095
v 0.31356444 -0.17701112 0.24027321
v 0.31812425 -0.16804537 0.19281830
v 0.31728374 -0.14031477 0.52800127
v 0.31484790 -0.12839303 0.50051883
v 0.31306150 -0.09834398 0.20500969
v 0.31750642 -0.12398063 0.16641935
v 0.31784536 -0.05424562 0.15557177
v 0.32188827 -0.07912094 0.35554374
v 0.31865220 -0.07172170 0.33131735
v 0.31730628 -0.09753865 0.54276693
v 0.31117116 -0.06718578 0.39309675
v 0.31480998 -0.03616379 0.49941957
v 0.31704686 -0.04140676 0.52692152
v 0.31420332 -0.01732763 0.54906491
v 0.30410550 -0.01457272 0.30584657
v 0.31653190 -0.00103977 0.35260096
v 0.31609397 -0.01220361 0.19330455
v 0.31792552 0.00423329 0.16226813
v 0.31470575 -0.01627916 0.50092590
v 0.31389219 0.02443861 0.48641668
v 0.31137773 0.00771687 0.54351301
v 0.31565631 0.01675331 0.20100286
v 0.31706570 0.01721800 0.53240404
v 0.31352982 0.04288463 0.47151075
v 0.31721202 0.06684302 0.51088050
v 0.31789091 0.06093727 0.18297376
v 0.31459686 0.05034191 0.21992432
v 0.31049157 0.05657682 0.46241004
v 0.31338803 0.09312708 0.26911908
v 0.31513058 0.09239013 0.43573723
v 0.31674465 0.09989297 0.48837468
v 0.31383627 0.10436842 0.34132372
v 0.31418198 0.10146749 0.40382279
v 0.31723718 0.12186312 0.23471998
v 0.31654187 0.12768425 0.45450480
v 0.31652163 0.14538069 0.27558336
v 0.31757891 0.14654378 0.31544880
v 0.31836609 0.14205888 0.40796653
v 0.31071103 0.15509616 0.31395949
v 0.31796524 0.15147320 0.35079675
v 0.32235626 -0.03985583 0.32193734
v 0.31868331 -0.05889742 0.37672544
v 0.32093603 -0.02507123 0.36113083
v 0.34227672 -0.07854438 0.36172127
v 0.34091052 -0.05374998 0.31937900
v 0.36370208 -0.04629535 0.37246320
v 0.36925623 -0.07136703 0.36092014
v 0.33979915 -0.02491352 0.35908149
v 0.35393006 -0.02963255 0.33337838
v 0.35525223 -0.07853773 0.33925752
v 0.36907908 -0.05084921 0.32995806
f 4 2 1
f 4 7 2
f 1 12 8
f 1 3 12
f 4 1 8
f 2 3 1
f 12 3 9
f 6 10 3
f 2 6 3
f 2 7 6
f 15 4 8
f 3 10 9
f 14 9 10
f 10 6 14
f 11 14 6
f 4 5 7
f 6 7 11
f 8 12 15
f 12 13 15
f 12 9 13
f 14 13 9
f 4 15 5
f 51 14 11
f 14 45 13
f 45 14 51
f 5 11 7
f 17 16 19
f 88 20 16
f 20 19 16
f 19 18 17
f 19 89 18
f 20 22 19
f 22 21 19
f 88 28 20
f 24 132 17
f 18 24 17
f 89 24 18
f 19 23 89
f 21 23 19
f 25 21 22
f 28 22 20
f 90 23 21
f 25 133 21
f 28 26 22
f 22 92 25
f 92 22 30
f 35 28 27
f 24 89 94
f 30 22 95
f 26 95 22
f 132 24 29
f 24 94 29
f 132 29 32
f 94 39 29
f 31 95 26
f 35 26 28
f 95 97 30
f 29 38 32
f 94 36 39
f 30 97 96
f 26 33 31
f 35 34 26
f 34 33 26
f 29 39 38
f 39 41 38
f 37 34 35
f 38 40 32
f 33 46 104
f 34 46 33
f 42 46 34
f 38 41 40
f 101 41 39
f 101 109 41
f 109 44 41
f 106 45 43
f 47 34 37
f 53 40 41
f 44 53 41
f 34 55 42
f 40 53 50
f 106 13 45
f 15 13 106
f 48 46 42
f 114 53 44
f 111 15 106
f 55 48 42
f 47 56 34
f 56 47 49
f 111 116 15
f 114 59 53
f 51 112 45
f 116 5 15
f 56 61 34
f 48 55 52
f 114 148 59
f 51 54 112
f 52 55 118
f 34 61 55
f 51 11 54
f 116 58 5
f 118 55 60
f 11 5 58
f 56 63 61
f 61 60 55
f 63 56 49
f 64 50 53
f 11 57 54
f 58 57 11
f 59 62 53
f 152 57 58
f 62 64 53
f 61 70 60
f 66 62 59
f 65 66 121
f 70 61 63
f 64 62 128
f 60 69 68
f 70 69 60
f 67 72 66
f 74 123 68
f 71 128 62
f 69 75 68
f 66 72 62
f 73 72 157
f 68 80 74
f 75 80 68
f 72 71 62
f 80 79 74
f 72 73 71
f 69 158 75
f 76 71 73
f 80 82 79
f 75 158 80
f 78 84 76
f 77 78 126
f 71 131 128
f 76 83 71
f 79 84 77
f 71 83 131
f 84 83 76
f 77 84 78
f 79 82 84
f 81 80 158
f 81 82 80
f 87 131 83
f 82 86 84
f 86 82 81
f 83 84 87
f 86 85 84
f 85 87 84
f 88 16 228
f 194 27 28
f 133 25 193
f 92 161 25
f 89 91 93
f 94 137 36
f 89 93 94
f 21 100 90
f 99 92 30
f 30 96 99
f 93 98 94
f 133 43 21
f 43 100 21
f 33 233 31
f 105 98 93
f 104 138 33
f 138 233 33
f 32 40 240
f 36 102 39
f 104 139 138
f 102 110 39
f 103 99 96
f 106 103 96
f 168 106 96
f 107 139 104
f 43 45 100
f 106 43 103
f 100 45 105
f 106 168 111
f 107 108 139
f 46 48 145
f 109 112 44
f 114 44 115
f 113 111 108
f 112 115 44
f 112 146 115
f 116 111 113
f 146 112 149
f 112 54 149
f 116 147 118
f 52 118 147
f 117 59 148
f 149 180 117
f 116 119 58
f 117 180 59
f 58 119 150
f 50 64 178
f 179 54 57
f 152 58 150
f 60 68 211
f 59 180 66
f 180 120 66
f 121 177 65
f 152 124 57
f 150 155 152
f 217 122 151
f 155 150 156
f 123 153 119
f 63 212 70
f 123 184 68
f 65 67 66
f 155 156 125
f 185 64 128
f 122 73 157
f 217 73 122
f 153 74 186
f 153 123 74
f 67 157 72
f 73 221 76
f 124 126 154
f 125 222 79
f 74 79 222
f 77 126 124
f 127 158 69
f 78 76 129
f 129 126 78
f 130 79 77
f 131 225 128
f 85 227 87
f 16 17 229
f 16 229 228
f 17 278 229
f 28 88 191
f 90 196 23
f 23 196 89
f 133 193 135
f 161 92 134
f 32 136 132
f 197 35 27
f 36 137 235
f 91 140 93
f 133 135 43
f 92 99 134
f 95 232 97
f 31 232 95
f 90 100 162
f 135 164 43
f 35 197 37
f 32 240 136
f 137 94 98
f 140 105 93
f 102 36 141
f 139 165 138
f 39 166 101
f 39 110 166
f 103 134 99
f 105 143 98
f 141 143 102
f 162 105 140
f 100 105 162
f 103 43 204
f 165 139 142
f 240 40 173
f 102 143 110
f 97 168 96
f 37 199 47
f 199 207 47
f 40 50 173
f 105 110 143
f 142 139 108
f 105 112 110
f 45 112 105
f 142 111 168
f 108 111 142
f 113 108 107
f 47 207 49
f 144 112 109
f 110 112 144
f 48 52 145
f 207 254 49
f 146 117 171
f 117 146 149
f 171 117 148
f 116 118 175
f 54 174 149
f 116 175 119
f 118 210 175
f 210 118 60
f 50 178 173
f 49 254 63
f 176 180 149
f 174 151 177
f 54 151 174
f 119 153 150
f 119 175 184
f 211 210 60
f 177 151 122
f 151 54 179
f 124 154 57
f 154 179 57
f 119 184 123
f 121 66 120
f 177 122 65
f 179 217 151
f 124 152 219
f 150 181 156
f 64 185 178
f 68 184 262
f 182 157 269
f 122 157 182
f 153 186 181
f 212 220 70
f 221 73 217
f 124 219 130
f 70 220 69
f 125 270 155
f 74 188 186
f 124 130 77
f 222 125 156
f 270 125 79
f 188 74 222
f 127 69 220
f 79 130 273
f 273 270 79
f 271 225 131
f 131 87 271
f 81 226 86
f 194 28 191
f 132 278 17
f 90 159 196
f 25 160 193
f 25 161 160
f 31 233 232
f 163 161 134
f 137 98 143
f 103 163 134
f 101 166 203
f 43 164 204
f 204 163 103
f 104 46 167
f 101 203 109
f 104 167 107
f 110 144 166
f 109 203 169
f 167 46 145
f 109 169 144
f 206 114 115
f 115 171 206
f 114 206 170
f 146 171 115
f 116 113 147
f 145 52 172
f 114 170 148
f 52 147 172
f 175 210 251
f 149 174 176
f 177 121 174
f 181 150 153
f 262 211 68
f 213 121 120
f 152 155 219
f 122 182 65
f 260 219 155
f 156 181 187
f 183 65 182
f 183 67 65
f 189 185 128
f 67 183 157
f 155 270 260
f 156 187 222
f 221 272 76
f 154 126 129
f 76 190 129
f 189 128 225
f 87 227 298
f 226 85 86
f 88 228 191
f 230 195 193
f 159 90 192
f 135 193 195
f 132 136 278
f 196 91 89
f 90 162 192
f 194 197 27
f 198 235 137
f 137 239 198
f 97 232 236
f 37 197 199
f 200 36 235
f 241 140 91
f 234 135 195
f 233 138 201
f 192 162 241
f 138 165 201
f 166 200 203
f 239 137 143
f 164 135 234
f 97 236 202
f 200 166 144
f 239 143 243
f 162 140 241
f 164 234 204
f 141 242 143
f 167 245 107
f 242 243 143
f 202 168 97
f 168 202 142
f 282 142 202
f 245 113 107
f 169 205 144
f 205 242 144
f 246 113 245
f 206 205 169
f 171 205 206
f 205 171 285
f 113 249 147
f 171 208 285
f 172 147 249
f 148 208 171
f 208 148 209
f 214 175 251
f 252 176 174
f 286 252 174
f 174 253 286
f 252 209 176
f 174 121 255
f 184 175 214
f 259 176 209
f 259 180 176
f 255 121 213
f 63 254 212
f 259 120 180
f 179 216 257
f 179 154 216
f 120 215 213
f 255 182 263
f 179 257 263
f 260 267 219
f 184 214 268
f 179 263 217
f 266 258 181
f 262 184 268
f 182 215 183
f 186 266 181
f 182 269 263
f 218 216 154
f 269 157 183
f 263 269 221
f 263 221 217
f 218 154 129
f 219 223 130
f 224 218 129
f 222 187 264
f 221 269 272
f 270 222 264
f 190 76 272
f 222 270 275
f 130 223 273
f 129 190 224
f 127 81 158
f 81 127 226
f 298 271 87
f 227 85 226
f 277 228 229
f 191 228 277
f 196 277 229
f 277 196 159
f 191 276 194
f 196 229 198
f 192 230 159
f 230 192 195
f 160 230 193
f 231 230 160
f 231 160 161
f 232 231 161
f 196 198 91
f 192 234 195
f 161 236 232
f 136 235 278
f 198 278 235
f 236 161 163
f 198 239 91
f 233 194 232
f 235 237 200
f 91 239 241
f 197 281 199
f 136 240 345
f 345 240 238
f 36 200 141
f 197 233 247
f 141 200 242
f 234 192 241
f 163 204 236
f 241 239 243
f 233 201 167
f 247 233 167
f 207 199 281
f 203 200 237
f 236 204 202
f 165 244 201
f 204 234 280
f 202 204 280
f 201 244 245
f 167 201 245
f 144 242 200
f 240 173 283
f 203 237 169
f 142 244 165
f 237 206 169
f 142 282 244
f 245 244 246
f 167 145 247
f 170 206 237
f 243 242 205
f 282 246 244
f 287 283 173
f 285 243 205
f 282 249 246
f 113 246 249
f 247 145 248
f 248 289 247
f 145 172 248
f 170 250 148
f 211 172 249
f 209 148 250
f 249 251 210
f 211 249 210
f 248 172 211
f 289 248 211
f 209 252 208
f 251 302 214
f 173 178 287
f 174 255 253
f 259 284 287
f 209 284 259
f 255 257 253
f 214 302 258
f 187 258 256
f 302 256 258
f 256 267 260
f 181 258 187
f 212 254 289
f 287 178 185
f 120 259 215
f 255 213 182
f 257 255 263
f 211 262 289
f 215 259 261
f 182 213 215
f 256 260 264
f 214 258 268
f 256 264 187
f 212 289 291
f 215 261 265
f 215 265 183
f 267 216 218
f 266 268 258
f 220 212 291
f 189 261 185
f 183 265 269
f 261 225 265
f 219 267 223
f 260 270 264
f 266 186 188
f 188 268 266
f 267 218 224
f 188 291 268
f 267 224 223
f 295 291 188
f 269 265 272
f 222 275 188
f 265 225 271
f 272 265 271
f 188 275 295
f 190 272 274
f 274 272 271
f 270 273 275
f 224 190 274
f 273 223 299
f 299 224 274
f 223 224 299
f 275 273 299
f 226 295 297
f 295 226 127
f 299 226 297
f 227 299 298
f 226 299 227
f 191 277 276
f 231 276 277
f 230 277 159
f 231 277 230
f 229 278 198
f 276 231 232
f 194 276 232
f 235 136 237
f 197 194 233
f 345 320 136
f 136 320 237
f 281 197 247
f 283 238 240
f 320 170 237
f 241 243 279
f 241 279 234
f 234 279 280
f 313 238 283
f 280 282 202
f 284 313 283
f 281 247 289
f 207 281 254
f 254 281 289
f 284 283 287
f 301 313 284
f 208 286 285
f 286 303 285
f 170 333 250
f 251 249 282
f 302 251 282
f 284 209 288
f 284 288 301
f 209 250 288
f 286 208 252
f 303 286 253
f 253 257 303
f 305 256 302
f 216 306 257
f 267 305 216
f 305 267 256
f 259 287 261
f 287 185 261
f 216 290 306
f 355 306 292
f 290 292 306
f 289 262 291
f 292 293 355
f 262 268 291
f 225 261 189
f 220 291 127
f 292 294 293
f 294 292 290
f 127 291 295
f 309 293 294
f 307 293 274
f 274 293 309
f 297 295 275
f 271 296 274
f 296 307 274
f 307 296 309
f 298 309 296
f 274 309 298
f 299 297 275
f 299 274 298
f 296 271 298
f 320 333 170
f 321 280 279
f 280 300 312
f 312 282 280
f 322 279 243
f 285 322 243
f 323 282 312
f 303 322 285
f 302 282 323
f 305 315 304
f 304 216 305
f 216 304 290
f 355 293 337
f 337 293 307
f 290 316 294
f 309 294 316
f 307 311 308
f 311 307 309
f 318 308 310
f 311 310 308
f 280 321 300
f 250 403 288
f 303 314 322
f 314 303 306
f 302 323 315
f 303 257 306
f 302 315 305
f 385 290 304
f 316 338 309
f 309 338 311
f 311 338 310
f 317 318 324
f 310 324 318
f 317 324 319
f 279 358 321
f 279 322 358
f 358 322 392
f 346 313 301
f 314 306 355
f 308 318 383
f 318 317 383
f 339 324 310
f 319 325 446
f 319 324 340
f 475 446 325
f 319 340 325
f 325 326 475
f 327 300 321
f 327 321 358
f 300 327 328
f 328 312 300
f 328 323 312
f 331 323 328
f 301 288 366
f 323 331 315
f 385 442 290
f 409 337 307
f 409 307 308
f 316 362 338
f 338 339 310
f 344 317 319
f 344 319 446
f 324 339 340
f 340 326 325
f 313 346 238
f 329 351 330
f 328 327 358
f 328 358 359
f 358 392 391
f 330 332 329
f 346 301 341
f 334 332 330
f 341 301 366
f 322 314 392
f 351 336 330
f 333 403 250
f 334 330 336
f 331 342 315
f 336 335 334
f 290 442 316
f 317 348 383
f 339 338 349
f 317 344 348
f 477 320 345
f 345 238 356
f 328 352 331
f 332 334 347
f 334 335 347
f 336 343 335
f 350 339 349
f 320 376 333
f 390 238 346
f 351 329 357
f 329 332 357
f 341 366 346
f 336 351 343
f 315 380 304
f 315 342 380
f 357 363 351
f 346 366 390
f 352 332 347
f 342 331 352
f 352 347 342
f 342 372 380
f 335 343 360
f 335 368 347
f 353 368 335
f 360 353 335
f 314 355 423
f 410 362 316
f 362 428 338
f 383 348 344
f 350 349 338
f 328 359 352
f 363 371 351
f 351 371 343
f 372 342 347
f 304 380 385
f 354 368 353
f 353 360 361
f 353 361 354
f 409 308 383
f 356 238 390
f 363 357 370
f 376 377 333
f 359 364 352
f 365 371 363
f 377 403 333
f 314 423 394
f 367 343 371
f 343 367 360
f 347 368 372
f 360 374 361
f 368 354 369
f 423 355 395
f 338 428 350
f 363 370 375
f 363 375 378
f 357 364 370
f 358 391 359
f 357 332 364
f 379 363 378
f 352 364 332
f 365 363 379
f 374 367 373
f 372 368 369
f 360 367 374
f 374 382 361
f 369 382 381
f 369 361 382
f 354 361 369
f 355 337 395
f 442 424 316
f 339 350 399
f 399 340 339
f 399 326 340
f 345 356 477
f 359 391 433
f 364 359 402
f 392 314 394
f 379 371 365
f 366 418 390
f 366 440 418
f 288 440 366
f 288 403 440
f 371 379 367
f 369 381 372
f 326 495 475
f 495 326 399
f 414 370 364
f 384 378 375
f 359 433 402
f 364 402 415
f 377 419 403
f 379 373 367
f 372 404 380
f 404 372 422
f 422 372 381
f 337 409 395
f 316 424 410
f 320 477 478
f 320 478 376
f 478 457 376
f 389 400 376
f 370 414 375
f 414 384 375
f 376 400 377
f 414 364 415
f 377 400 393
f 378 384 379
f 379 384 405
f 379 405 373
f 405 422 381
f 382 405 381
f 373 405 382
f 374 373 382
f 387 386 397
f 388 386 396
f 387 396 386
f 344 411 383
f 457 389 376
f 391 416 433
f 391 392 416
f 377 393 419
f 421 380 404
f 380 421 385
f 424 442 490
f 386 408 397
f 388 408 386
f 409 383 411
f 410 398 362
f 428 362 398
f 446 475 474
f 389 401 400
f 400 401 413
f 413 393 400
f 390 418 458
f 461 404 422
f 423 395 453
f 406 407 426
f 406 471 424
f 407 408 426
f 444 397 408
f 426 408 388
f 425 427 396
f 410 471 510
f 471 410 424
f 388 427 426
f 427 388 396
f 409 411 607
f 428 398 410
f 457 412 389
f 389 412 401
f 402 433 415
f 413 401 412
f 413 417 393
f 392 394 416
f 419 393 417
f 416 394 436
f 384 542 405
f 418 440 526
f 421 420 438
f 461 420 404
f 439 440 403
f 420 421 404
f 443 397 444
f 387 397 443
f 387 443 396
f 406 424 407
f 396 443 425
f 444 408 407
f 411 344 607
f 356 390 500
f 501 412 457
f 501 430 412
f 430 429 431
f 430 413 412
f 432 433 431
f 431 435 430
f 415 433 432
f 459 415 432
f 415 459 414
f 414 459 384
f 435 434 430
f 433 416 431
f 430 434 413
f 434 417 413
f 431 436 435
f 431 416 436
f 435 436 434
f 417 447 419
f 434 447 417
f 436 447 434
f 437 447 436
f 436 394 437
f 461 483 420
f 419 439 403
f 437 394 448
f 422 450 461
f 394 423 448
f 421 449 385
f 441 451 450
f 449 442 385
f 451 441 465
f 490 454 424
f 424 454 407
f 406 455 471
f 406 426 455
f 407 445 444
f 425 445 427
f 470 445 425
f 344 446 554
f 429 430 501
f 432 431 429
f 384 459 503
f 460 419 447
f 419 460 439
f 482 481 438
f 438 481 421
f 438 420 482
f 462 449 481
f 481 449 421
f 463 486 450
f 422 463 450
f 405 464 422
f 422 464 463
f 440 439 526
f 462 451 449
f 450 451 462
f 450 486 441
f 448 423 506
f 449 452 442
f 451 452 449
f 466 452 451
f 490 442 452
f 454 490 468
f 453 395 532
f 443 444 469
f 455 454 491
f 492 443 469
f 471 455 491
f 470 425 492
f 492 425 443
f 395 409 532
f 445 454 455
f 407 454 445
f 472 445 470
f 472 444 445
f 445 455 427
f 427 455 426
f 410 510 428
f 510 473 428
f 429 540 432
f 384 503 905
f 458 418 504
f 542 464 405
f 420 483 482
f 485 450 462
f 461 450 485
f 463 461 485
f 486 463 485
f 480 448 506
f 441 486 465
f 453 487 423
f 465 466 451
f 466 465 527
f 466 490 452
f 467 453 532
f 532 409 607
f 428 473 350
f 554 446 474
f 456 476 931
f 516 456 1036
f 456 931 1036
f 517 476 456
f 456 518 517
f 518 456 516
f 498 501 457
f 500 390 458
f 503 459 432
f 500 458 504
f 543 504 418
f 543 418 526
f 447 525 460
f 447 597 525
f 448 480 437
f 461 463 483
f 463 464 484
f 483 463 484
f 485 483 486
f 486 483 484
f 486 527 465
f 527 507 466
f 488 487 489
f 487 453 489
f 468 490 466
f 507 468 466
f 453 467 489
f 454 468 491
f 469 444 508
f 467 532 529
f 508 444 472
f 509 470 492
f 511 471 491
f 509 472 470
f 511 510 471
f 514 513 493
f 607 344 494
f 350 473 515
f 344 554 494
f 692 399 350
f 475 495 474
f 476 517 535
f 517 556 535
f 356 500 536
f 478 563 457
f 498 457 563
f 501 498 540
f 479 538 499
f 524 496 497
f 429 501 540
f 502 522 496
f 524 502 496
f 500 524 497
f 432 540 503
f 384 761 542
f 504 524 500
f 437 597 447
f 437 480 597
f 462 481 505
f 485 505 483
f 486 484 527
f 487 488 528
f 488 489 528
f 469 527 530
f 468 507 508
f 469 507 527
f 469 508 507
f 491 468 508
f 492 530 531
f 469 530 492
f 508 511 491
f 472 512 508
f 512 511 508
f 492 531 509
f 509 512 472
f 512 513 511
f 532 607 734
f 514 510 511
f 513 514 511
f 514 552 510
f 350 515 692
f 474 495 534
f 534 495 399
f 516 1071 518
f 539 537 496
f 497 496 537
f 539 496 521
f 500 497 519
f 538 479 622
f 522 539 521
f 496 522 521
f 520 479 499
f 524 523 502
f 384 905 761
f 480 545 597
f 481 482 480
f 483 505 482
f 460 548 439
f 506 546 480
f 481 480 546
f 505 481 546
f 485 462 505
f 439 548 526
f 506 547 546
f 506 423 487
f 528 506 487
f 467 529 489
f 530 551 531
f 552 473 510
f 554 474 533
f 533 474 534
f 399 533 534
f 399 692 533
f 518 580 517
f 356 559 477
f 559 478 477
f 559 356 536
f 536 500 519
f 566 499 538
f 497 537 523
f 523 537 570
f 565 497 523
f 565 519 497
f 566 520 499
f 520 566 568
f 502 523 570
f 569 520 568
f 502 570 522
f 571 623 522
f 523 524 541
f 761 591 542
f 524 504 541
f 543 541 504
f 460 525 544
f 480 505 545
f 480 482 505
f 546 547 545
f 545 505 546
f 548 573 526
f 573 543 526
f 573 548 604
f 549 547 506
f 506 550 549
f 528 550 506
f 527 574 530
f 528 489 550
f 489 529 550
f 531 551 575
f 531 575 509
f 513 512 577
f 577 512 678
f 552 514 493
f 513 553 493
f 555 554 533
f 533 692 555
f 516 1036 1071
f 580 579 517
f 518 578 580
f 556 517 581
f 660 558 557
f 557 564 585
f 558 564 557
f 620 561 558
f 560 561 620
f 561 564 558
f 559 536 661
f 568 585 564
f 560 562 561
f 565 560 536
f 661 536 560
f 568 566 585
f 561 539 564
f 562 539 561
f 560 537 562
f 565 537 560
f 536 519 565
f 563 587 498
f 562 537 539
f 498 587 586
f 540 498 586
f 538 622 566
f 564 539 568
f 565 570 537
f 540 586 588
f 623 568 539
f 565 567 570
f 565 523 567
f 479 520 622
f 539 522 623
f 523 541 567
f 569 568 623
f 570 571 522
f 572 571 567
f 541 572 567
f 567 571 570
f 541 543 572
f 542 666 464
f 547 600 597
f 547 597 598
f 599 460 544
f 547 598 545
f 460 599 548
f 547 601 600
f 484 629 527
f 547 549 601
f 629 605 527
f 548 599 604
f 604 670 573
f 527 605 574
f 551 530 574
f 575 551 574
f 529 679 633
f 575 574 635
f 529 532 679
f 635 509 575
f 509 635 678
f 512 509 678
f 552 643 473
f 513 577 553
f 607 494 608
f 515 473 738
f 692 1261 555
f 1071 578 518
f 517 694 581
f 579 694 517
f 582 579 580
f 535 556 609
f 579 582 581
f 583 647 612
f 613 647 583
f 614 652 583
f 613 583 617
f 584 617 583
f 652 616 583
f 616 584 583
f 584 619 617
f 585 618 557
f 620 558 660
f 560 620 938
f 661 760 559
f 563 478 559
f 938 661 560
f 586 587 589
f 540 588 624
f 588 586 589
f 503 540 624
f 665 503 590
f 503 665 905
f 624 588 596
f 623 571 592
f 588 589 594
f 542 591 666
f 543 806 572
f 594 589 593
f 596 588 595
f 588 594 595
f 594 626 595
f 763 543 573
f 597 600 525
f 600 544 525
f 598 595 626
f 597 595 598
f 595 597 545
f 595 545 627
f 666 629 464
f 627 545 598
f 629 484 464
f 600 599 544
f 600 601 599
f 601 604 599
f 670 604 671
f 630 604 601
f 631 603 602
f 680 576 606
f 576 680 639
f 576 730 606
f 639 730 576
f 473 643 738
f 493 553 643
f 493 643 552
f 844 608 494
f 581 694 787
f 476 535 645
f 645 535 609
f 609 611 610
f 609 556 611
f 581 611 556
f 614 612 648
f 612 614 583
f 652 653 616
f 613 617 615
f 618 660 557
f 618 585 657
f 621 657 585
f 585 566 621
f 566 622 621
f 503 624 664
f 503 664 803
f 503 803 590
f 623 592 569
f 571 572 592
f 591 761 666
f 543 763 806
f 593 625 594
f 595 809 596
f 809 595 1094
f 595 627 1094
f 598 626 627
f 870 628 667
f 669 628 870
f 629 628 605
f 630 601 549
f 603 632 669
f 630 671 604
f 550 630 549
f 632 603 631
f 669 632 673
f 550 529 674
f 674 529 633
f 726 680 606
f 682 635 574
f 636 682 574
f 678 634 577
f 734 683 532
f 685 636 637
f 730 638 606
f 577 634 640
f 553 577 640
f 642 687 641
f 643 640 733
f 644 642 641
f 608 690 607
f 608 641 690
f 690 734 607
f 640 643 553
f 608 644 641
f 554 1115 494
f 554 555 1115
f 787 579 581
f 610 645 609
f 611 581 789
f 789 581 582
f 646 612 647
f 646 648 612
f 650 647 613
f 745 651 649
f 745 700 651
f 654 650 613
f 654 614 746
f 616 653 795
f 651 700 712
f 704 615 617
f 654 613 615
f 652 654 709
f 652 614 654
f 658 651 712
f 704 617 619
f 713 706 707
f 655 656 659
f 584 714 619
f 709 616 795
f 658 717 719
f 663 659 656
f 584 616 709
f 760 563 559
f 656 657 663
f 659 662 721
f 663 662 659
f 621 663 657
f 663 723 662
f 520 569 622
f 589 762 593
f 572 942 592
f 593 762 625
f 625 805 594
f 626 594 805
f 668 627 626
f 628 725 667
f 629 725 628
f 628 669 675
f 628 675 605
f 671 672 670
f 675 669 673
f 630 672 671
f 602 674 631
f 631 674 676
f 631 676 632
f 675 727 605
f 676 674 677
f 727 675 673
f 635 673 632
f 727 673 635
f 574 605 727
f 632 676 678
f 635 632 678
f 679 677 633
f 634 677 681
f 676 677 634
f 678 676 634
f 574 727 728
f 574 728 636
f 606 638 833
f 726 606 833
f 728 637 636
f 679 532 683
f 634 681 640
f 685 779 636
f 636 779 682
f 637 688 685
f 684 688 637
f 688 684 686
f 684 729 686
f 731 639 680
f 731 732 639
f 681 733 640
f 782 688 686
f 730 639 732
f 687 731 689
f 687 689 641
f 689 690 641
f 643 733 737
f 608 691 644
f 608 844 691
f 555 1261 1326
f 693 694 579
f 693 579 787
f 580 739 582
f 582 739 789
f 610 611 741
f 789 741 611
f 695 646 647
f 699 695 650
f 647 650 695
f 746 614 648
f 715 696 649
f 698 701 705
f 697 699 704
f 650 704 699
f 756 653 652
f 698 712 700
f 702 712 698
f 705 702 698
f 703 705 701
f 705 703 655
f 650 615 704
f 708 615 650
f 650 654 708
f 654 752 708
f 654 746 752
f 715 649 651
f 655 703 656
f 796 707 706
f 708 714 615
f 615 714 654
f 655 702 705
f 654 714 709
f 709 756 652
f 651 711 715
f 702 718 712
f 702 655 659
f 619 714 704
f 714 584 709
f 715 716 710
f 658 719 711
f 651 658 711
f 712 717 658
f 858 706 856
f 706 713 856
f 711 716 715
f 659 720 702
f 718 717 712
f 759 719 717
f 718 759 717
f 720 718 702
f 720 759 718
f 659 721 720
f 721 722 720
f 662 722 721
f 800 722 662
f 800 662 801
f 801 662 723
f 621 723 663
f 622 863 621
f 569 864 622
f 624 865 664
f 590 803 1007
f 1007 665 590
f 624 596 865
f 589 866 762
f 808 806 763
f 625 762 804
f 626 805 810
f 1094 627 724
f 668 626 810
f 668 724 627
f 669 870 872
f 603 814 602
f 630 813 672
f 765 550 674
f 674 602 765
f 633 677 674
f 726 768 680
f 834 680 770
f 679 681 677
f 727 635 682
f 728 776 637
f 684 637 776
f 834 731 680
f 681 778 733
f 689 731 683
f 734 689 683
f 783 733 778
f 685 688 780
f 782 686 840
f 729 840 686
f 687 735 731
f 687 642 735
f 689 691 690
f 734 690 736
f 642 786 735
f 644 786 642
f 691 736 690
f 643 737 738
f 691 786 644
f 932 580 578
f 580 932 739
f 645 610 741
f 789 739 750
f 740 897 646
f 646 897 790
f 789 749 741
f 740 697 739
f 695 697 740
f 695 740 646
f 646 790 648
f 742 743 744
f 739 697 750
f 695 699 697
f 751 790 742
f 791 696 743
f 696 744 743
f 696 791 649
f 649 791 745
f 700 745 748
f 790 751 747
f 744 751 742
f 696 757 744
f 698 700 748
f 698 748 701
f 750 851 749
f 653 747 751
f 696 710 757
f 851 750 754
f 653 756 747
f 795 653 753
f 753 653 751
f 744 757 751
f 697 704 755
f 708 752 794
f 751 757 753
f 710 758 757
f 715 710 696
f 798 707 792
f 795 756 709
f 707 798 713
f 716 758 710
f 858 796 706
f 855 856 713
f 722 759 720
f 563 903 587
f 621 863 723
f 863 622 864
f 592 864 569
f 572 869 942
f 572 806 869
f 625 804 805
f 909 811 812
f 725 629 1013
f 763 573 670
f 812 871 815
f 816 724 668
f 669 817 603
f 603 817 814
f 669 872 817
f 913 912 670
f 670 672 913
f 815 871 672
f 813 815 672
f 550 822 630
f 630 822 813
f 822 550 765
f 819 766 769
f 766 818 767
f 818 825 767
f 767 769 766
f 822 771 768
f 771 770 768
f 828 764 819
f 825 726 767
f 768 726 825
f 767 833 769
f 770 680 768
f 771 835 770
f 769 828 819
f 726 833 767
f 827 836 772
f 727 832 728
f 830 776 829
f 773 922 880
f 728 832 774
f 776 728 774
f 729 684 922
f 922 773 729
f 731 834 683
f 833 638 775
f 681 836 778
f 773 777 729
f 682 779 778
f 685 780 779
f 638 730 837
f 778 781 783
f 779 781 778
f 688 782 780
f 782 841 780
f 732 837 730
f 784 837 732
f 732 731 784
f 784 731 735
f 785 689 734
f 781 779 780
f 689 785 691
f 785 734 736
f 783 737 733
f 735 786 784
f 738 737 736
f 691 785 786
f 736 691 988
f 691 844 988
f 555 1326 1115
f 693 787 694
f 932 897 740
f 740 739 932
f 897 788 790
f 742 790 788
f 742 788 743
f 745 791 748
f 789 750 749
f 648 790 746
f 790 756 746
f 747 756 790
f 851 793 749
f 750 697 754
f 756 752 746
f 701 898 703
f 852 707 796
f 707 852 792
f 796 995 963
f 796 963 852
f 754 697 755
f 1000 752 756
f 795 1000 756
f 656 1043 657
f 851 853 793
f 854 851 754
f 714 755 704
f 794 714 708
f 755 714 794
f 753 1000 795
f 757 797 753
f 757 758 797
f 660 618 1237
f 660 1237 620
f 798 855 713
f 799 716 711
f 711 719 857
f 722 860 759
f 722 1137 860
f 722 969 1137
f 722 800 969
f 589 587 903
f 664 865 802
f 864 592 906
f 596 809 865
f 761 868 666
f 804 762 866
f 805 804 867
f 868 971 666
f 806 808 807
f 805 908 810
f 667 1304 1012
f 725 911 667
f 667 911 1304
f 908 909 812
f 812 810 908
f 667 1012 870
f 629 944 1013
f 763 670 912
f 811 871 812
f 810 813 668
f 810 812 815
f 813 810 815
f 668 813 816
f 872 874 817
f 913 672 871
f 816 813 822
f 814 823 602
f 872 772 874
f 872 876 772
f 602 823 765
f 818 766 820
f 768 825 824
f 821 768 824
f 822 768 821
f 765 771 822
f 875 874 765
f 878 772 876
f 765 882 771
f 874 882 765
f 878 827 772
f 832 827 878
f 764 828 826
f 774 832 878
f 769 833 831
f 836 882 874
f 772 836 874
f 882 835 771
f 829 776 774
f 922 830 952
f 770 835 834
f 683 834 835
f 679 683 835
f 832 727 883
f 922 684 830
f 833 775 831
f 727 682 883
f 684 776 830
f 775 638 837
f 682 778 883
f 838 729 777
f 884 837 839
f 840 729 838
f 837 784 839
f 783 781 843
f 841 781 780
f 782 889 841
f 840 889 782
f 737 783 843
f 842 889 840
f 887 842 886
f 887 890 842
f 890 887 893
f 988 515 736
f 736 515 738
f 895 896 845
f 846 990 847
f 896 895 846
f 847 848 846
f 476 645 992
f 992 645 993
f 645 741 993
f 788 897 1074
f 741 749 850
f 743 788 1076
f 788 1074 1076
f 792 849 850
f 792 850 793
f 850 749 793
f 849 792 852
f 703 1043 656
f 1000 794 752
f 1043 618 657
f 792 793 798
f 793 853 798
f 900 851 854
f 755 854 754
f 937 755 794
f 753 797 1000
f 852 855 798
f 852 963 856
f 855 852 856
f 711 857 799
f 719 859 857
f 759 859 719
f 759 860 859
f 661 938 901
f 800 861 969
f 801 861 800
f 862 861 801
f 723 862 801
f 903 866 589
f 863 940 904
f 592 1008 906
f 592 942 1008
f 866 867 804
f 807 869 806
f 805 1049 908
f 1094 724 946
f 666 971 629
f 971 944 629
f 912 808 763
f 871 811 913
f 724 816 945
f 817 914 814
f 872 915 876
f 912 913 818
f 818 820 912
f 824 818 913
f 822 821 816
f 764 950 819
f 950 917 819
f 766 819 917
f 766 917 873
f 873 820 766
f 874 875 817
f 980 764 877
f 825 818 824
f 919 918 877
f 875 765 823
f 877 764 826
f 878 879 774
f 829 774 879
f 830 829 952
f 880 921 773
f 828 881 826
f 828 986 881
f 828 769 954
f 954 769 831
f 954 986 828
f 882 679 835
f 679 882 681
f 883 836 827
f 827 832 883
f 836 681 882
f 883 778 836
f 773 921 777
f 775 837 923
f 923 837 884
f 885 884 839
f 838 886 840
f 840 886 842
f 786 1063 784
f 736 1028 785
f 737 1028 736
f 925 843 781
f 841 925 781
f 841 926 925
f 841 889 926
f 888 893 887
f 785 1063 786
f 845 893 888
f 888 891 845
f 895 845 891
f 891 894 895
f 494 1111 844
f 893 892 890
f 845 892 893
f 894 846 895
f 845 896 892
f 894 990 846
f 846 848 896
f 791 743 1039
f 791 1040 748
f 849 933 850
f 701 748 1177
f 858 995 796
f 1082 794 1000
f 966 995 858
f 851 899 853
f 937 854 755
f 852 798 935
f 853 936 798
f 900 899 851
f 856 963 1003
f 937 900 854
f 716 799 758
f 858 1003 966
f 1003 858 856
f 857 859 968
f 760 901 1269
f 1269 563 760
f 1242 563 1269
f 901 760 661
f 862 1047 861
f 863 862 723
f 939 902 861
f 863 904 862
f 864 940 863
f 940 864 906
f 803 664 1201
f 803 1201 1007
f 1299 1048 761
f 761 1048 868
f 867 866 1009
f 865 809 907
f 805 867 1049
f 868 970 971
f 809 1094 907
f 811 909 913
f 908 910 909
f 725 1013 911
f 870 1012 972
f 870 972 948
f 872 870 948
f 872 948 915
f 1016 916 918
f 912 820 977
f 914 823 814
f 945 816 821
f 764 980 1019
f 1019 950 764
f 913 947 824
f 985 876 915
f 916 877 918
f 979 821 824
f 876 985 878
f 981 824 947
f 951 919 877
f 878 985 879
f 951 984 919
f 826 951 877
f 879 985 920
f 879 920 829
f 829 920 952
f 952 1022 922
f 922 953 880
f 881 1024 826
f 775 923 831
f 777 921 955
f 1062 839 784
f 886 924 887
f 888 887 924
f 784 1063 1062
f 785 1028 1063
f 888 924 928
f 843 1028 737
f 927 889 842
f 890 927 842
f 928 891 888
f 890 929 927
f 890 930 929
f 890 892 930
f 891 1068 894
f 892 959 930
f 896 959 892
f 848 959 896
f 476 992 931
f 961 932 578
f 741 850 994
f 791 1039 1040
f 850 933 994
f 849 934 933
f 852 934 849
f 934 852 935
f 794 999 937
f 900 1002 899
f 798 936 935
f 968 799 857
f 969 861 902
f 1047 939 861
f 905 665 1200
f 905 1200 761
f 941 868 1048
f 868 941 970
f 910 908 1049
f 909 910 1010
f 909 943 913
f 943 947 913
f 945 946 724
f 916 1016 1018
f 945 821 978
f 977 820 949
f 1018 980 916
f 949 820 873
f 916 980 877
f 824 981 979
f 919 983 918
f 919 984 983
f 1023 880 953
f 1023 921 880
f 922 1022 953
f 831 1026 954
f 831 923 1026
f 1103 923 884
f 955 838 777
f 838 1061 956
f 886 838 956
f 924 886 956
f 1062 885 839
f 843 925 957
f 925 958 957
f 926 958 925
f 926 1030 958
f 889 1030 926
f 927 1030 889
f 891 928 987
f 1111 988 844
f 891 987 1068
f 848 1070 959
f 847 960 848
f 848 960 1070
f 931 992 1035
f 931 1035 1036
f 961 962 932
f 897 932 962
f 897 962 1073
f 741 1038 993
f 897 1073 1074
f 741 994 1038
f 748 1040 1177
f 898 701 1127
f 794 1082 999
f 1044 853 899
f 1044 936 853
f 965 937 999
f 1003 963 967
f 758 799 1045
f 900 965 1002
f 965 900 937
f 1004 938 620
f 968 859 1091
f 563 1242 903
f 1047 969 939
f 939 969 902
f 1005 862 904
f 1005 904 1006
f 904 940 1006
f 906 1006 940
f 941 1048 970
f 867 1009 1049
f 942 869 1008
f 869 807 1139
f 909 1010 943
f 807 808 912
f 912 977 807
f 946 945 1014
f 1014 945 978
f 974 948 972
f 974 972 973
f 915 948 976
f 943 1095 947
f 914 1015 823
f 1015 914 1206
f 1143 914 817
f 975 948 974
f 817 875 1143
f 1016 918 982
f 980 1018 982
f 821 979 978
f 1020 981 947
f 918 983 982
f 915 1021 985
f 920 985 1053
f 951 826 1024
f 952 920 1022
f 955 921 1023
f 923 1103 1026
f 1061 838 955
f 884 885 1103
f 928 924 1027
f 1062 1063 1107
f 1171 843 957
f 928 1027 987
f 1173 988 1111
f 988 989 515
f 894 1068 1033
f 894 1033 990
f 930 991 929
f 515 989 692
f 930 1034 991
f 959 1034 930
f 990 1033 847
f 1033 960 847
f 959 1070 1034
f 1262 578 1071
f 1262 961 578
f 1038 994 1077
f 701 1177 1127
f 933 934 997
f 618 1043 1136
f 963 995 996
f 934 935 1042
f 899 1002 1086
f 797 964 1000
f 935 1001 1042
f 997 1001 936
f 1044 997 936
f 998 1086 1002
f 998 965 999
f 797 758 964
f 996 967 963
f 936 1001 935
f 965 998 1002
f 1046 968 1091
f 620 1237 1004
f 938 1004 901
f 859 860 1091
f 1047 862 1092
f 1006 1198 1005
f 1006 1138 1198
f 903 1009 866
f 1006 906 1138
f 970 1048 971
f 807 1011 1139
f 807 977 1011
f 1017 1014 978
f 972 975 973
f 948 975 976
f 1206 914 1143
f 974 973 1143
f 975 974 1143
f 978 979 1017
f 1018 1016 982
f 917 950 1051
f 917 1051 873
f 1095 1020 947
f 1021 915 976
f 984 980 982
f 983 984 982
f 980 984 951
f 985 1021 1053
f 1053 1054 920
f 1056 1023 953
f 953 1022 1056
f 986 1024 881
f 1025 954 1026
f 955 1058 1061
f 924 956 1109
f 924 1109 1065
f 1027 924 1065
f 1030 927 1067
f 987 1027 1029
f 1173 989 988
f 927 929 1067
f 987 1029 1113
f 987 1113 1068
f 1110 1067 929
f 929 1031 1110
f 991 1031 929
f 1031 991 1032
f 1032 991 1034
f 1037 992 993
f 743 1076 1039
f 1077 994 1041
f 1077 1041 1080
f 994 933 997
f 934 1042 1130
f 997 934 1130
f 994 997 1041
f 703 898 1043
f 1044 899 1085
f 899 1086 1085
f 999 1082 1128
f 995 966 1186
f 1042 996 995
f 1085 997 1044
f 998 1132 1086
f 998 1189 1132
f 1000 1088 1082
f 964 1088 1000
f 1136 1237 618
f 1042 1001 996
f 997 1131 1001
f 998 999 1189
f 758 1045 964
f 967 996 1001
f 968 1089 799
f 966 1003 1186
f 1003 967 1186
f 1242 1316 903
f 862 1005 1092
f 906 1093 1138
f 906 1008 1093
f 1049 1009 1050
f 1049 1050 910
f 911 1245 1304
f 946 1203 1094
f 972 1012 1204
f 1011 977 1205
f 975 972 1204
f 976 975 1204
f 979 1052 1017
f 1052 979 981
f 1097 875 823
f 1151 875 1097
f 950 1019 1051
f 949 873 1051
f 981 1020 1052
f 976 1142 1021
f 1019 980 1148
f 1148 980 951
f 951 1024 1055
f 1022 920 1054
f 1022 1054 1056
f 1055 1024 986
f 1152 1055 986
f 1023 1056 1058
f 954 1152 986
f 1025 1152 954
f 1023 1058 955
f 1059 1060 1102
f 1058 1105 1061
f 1105 1168 1061
f 885 1169 1103
f 1061 1109 956
f 885 1062 1169
f 1168 1109 1061
f 1063 1028 1220
f 1220 1028 1219
f 1220 1107 1063
f 1174 1219 1028
f 1028 1223 1174
f 1028 1171 1223
f 1064 1171 957
f 957 958 1108
f 958 1106 1108
f 1168 1106 1067
f 1065 1109 1110
f 1027 1065 1066
f 1066 1029 1027
f 843 1171 1028
f 958 1030 1106
f 1031 1112 1066
f 1112 1029 1066
f 1032 1112 1031
f 1029 1112 1113
f 1114 1033 1068
f 1032 1069 1112
f 1114 960 1033
f 1069 1032 1034
f 1070 1069 1034
f 1290 1037 993
f 961 1264 962
f 993 1176 1290
f 1117 962 1264
f 1038 1176 993
f 1118 962 1117
f 1118 1073 962
f 1073 1118 1122
f 1074 1073 1122
f 1075 1124 1074
f 1074 1124 1076
f 1116 1038 1077
f 1117 1116 1077
f 1124 1075 1078
f 1117 1077 1080
f 1078 1075 1081
f 1083 1078 1081
f 1083 1081 1082
f 1078 1079 1124
f 1082 1081 1128
f 1084 1124 1079
f 1085 1041 997
f 1080 1041 1085
f 1080 1086 1123
f 1123 1086 1132
f 1124 1084 1120
f 1042 995 1130
f 1131 997 1130
f 1080 1085 1086
f 1083 1082 1088
f 1083 1088 1087
f 1084 1087 1088
f 1120 1084 1133
f 964 1084 1088
f 1133 1084 964
f 1045 1133 964
f 799 1089 1045
f 968 1090 1089
f 1046 1090 968
f 901 1004 1314
f 1047 1092 969
f 969 1092 1137
f 1005 1198 1092
f 665 1199 1200
f 1199 665 1007
f 1048 1271 971
f 1008 869 1093
f 1050 1244 910
f 910 1244 1010
f 1017 1096 1014
f 946 1014 1203
f 1017 1140 1096
f 1052 1140 1017
f 1015 1097 823
f 1143 1142 975
f 1206 975 1142
f 975 1206 973
f 1143 973 1206
f 976 1204 1142
f 1140 1052 1020
f 949 1205 977
f 1205 1145 1095
f 1095 1145 1020
f 1148 1051 1019
f 1051 1153 949
f 875 1279 1143
f 1148 951 1055
f 1209 1146 1154
f 875 1151 1279
f 1057 1156 1151
f 1098 1053 1021
f 1157 1149 1025
f 1025 1026 1157
f 1155 1159 1057
f 1060 1158 1160
f 1059 1021 1060
f 1021 1059 1098
f 1054 1053 1100
f 1099 1159 1161
f 1060 1160 1101
f 1101 1160 1057
f 1053 1098 1100
f 1057 1159 1101
f 1054 1100 1164
f 1026 1103 1165
f 1099 1161 1163
f 1060 1101 1102
f 1058 1164 1105
f 1169 1062 1107
f 1168 1166 1106
f 957 1108 1064
f 1107 1220 1175
f 1064 1170 1171
f 1109 1168 1067
f 1110 1066 1065
f 1067 1106 1030
f 1109 1067 1110
f 1066 1110 1031
f 1113 1114 1068
f 1349 1111 494
f 1113 1112 1069
f 1069 1114 1113
f 1069 1070 1114
f 960 1114 1070
f 1122 1118 1119
f 1122 1075 1074
f 1119 1118 1123
f 1123 1118 1117
f 1124 1120 1076
f 1120 1121 1076
f 1122 1119 1126
f 1039 1076 1121
f 1178 1039 1121
f 1039 1178 1183
f 1040 1039 1125
f 1119 1123 1126
f 1134 1121 1120
f 1040 1125 1177
f 1117 1080 1123
f 1121 1134 1129
f 1123 1132 1126
f 1083 1188 1180
f 1078 1083 1180
f 1180 1079 1078
f 898 1127 1184
f 1084 1079 1087
f 999 1128 1189
f 1083 1087 1188
f 1087 1233 1188
f 1233 1087 1079
f 1134 1120 1133
f 1134 1135 1129
f 1043 898 1136
f 1130 995 1186
f 1187 1132 1189
f 1190 1189 1128
f 1089 1133 1045
f 1134 1133 1089
f 1135 1134 1089
f 1135 1089 1090
f 1237 1136 1293
f 967 1131 1186
f 1131 967 1001
f 1046 1091 1193
f 1091 1194 1193
f 1091 860 1194
f 761 1200 1299
f 903 1298 1009
f 1299 1271 1048
f 1272 1050 1009
f 869 1139 1274
f 1010 1244 943
f 1139 1011 1202
f 1205 1202 1011
f 1014 1096 1277
f 1014 1277 1203
f 1095 943 1141
f 1207 1015 1206
f 1141 1205 1095
f 949 1145 1205
f 1142 1143 1279
f 1153 1149 949
f 1145 949 1149
f 1209 1144 1146
f 1142 1279 1158
f 1147 1145 1149
f 1146 1208 1150
f 1142 1158 1021
f 1146 1150 1154
f 1279 1151 1156
f 1051 1148 1152
f 1152 1148 1055
f 1153 1051 1152
f 1147 1149 1157
f 1150 1147 1157
f 1154 1150 1214
f 1209 1154 1155
f 1153 1152 1025
f 1149 1153 1025
f 1150 1157 1213
f 1214 1150 1211
f 1159 1155 1154
f 1151 1155 1057
f 1021 1158 1060
f 1154 1214 1161
f 1161 1159 1154
f 1156 1160 1158
f 1026 1165 1157
f 1057 1160 1156
f 1059 1102 1212
f 1098 1059 1212
f 1098 1212 1162
f 1100 1098 1162
f 1159 1215 1101
f 1100 1162 1256
f 1056 1054 1164
f 1058 1056 1164
f 1215 1159 1099
f 1215 1217 1101
f 1164 1100 1257
f 1102 1101 1217
f 1104 1102 1170
f 1105 1259 1168
f 1103 1167 1165
f 1104 1170 1064
f 1258 1104 1064
f 1168 1259 1166
f 1167 1103 1169
f 1258 1064 1108
f 1166 1258 1108
f 1225 1218 1172
f 1218 1225 1220
f 1166 1108 1106
f 1107 1172 1169
f 1220 1225 1226
f 1219 1174 1224
f 1226 1224 1220
f 1224 1174 1173
f 1107 1175 1225
f 1224 1175 1220
f 1175 1224 1111
f 1173 1111 1224
f 1174 989 1173
f 1349 494 1115
f 1038 1265 1176
f 1038 1116 1265
f 1266 1075 1122
f 1179 1075 1266
f 1229 1039 1183
f 1125 1039 1229
f 1179 1081 1075
f 1178 1121 1129
f 1081 1179 1128
f 1178 1129 1181
f 1125 1231 1194
f 1177 1125 1194
f 1127 1177 1182
f 1182 1184 1127
f 1228 1126 1187
f 1128 1179 1190
f 1181 1129 1135
f 1182 1177 1194
f 898 1184 1241
f 1126 1132 1187
f 1191 1188 1233
f 1181 1135 1090
f 1192 1181 1090
f 1192 1232 1183
f 1136 898 1241
f 1131 1130 1186
f 1185 1188 1190
f 1194 1231 1235
f 1195 1182 1194
f 1187 1189 1238
f 1191 1190 1188
f 1239 1182 1195
f 1190 1238 1189
f 1191 1238 1190
f 1046 1192 1090
f 1234 1192 1046
f 1194 1235 1193
f 1239 1195 1196
f 1193 1234 1046
f 1193 1235 1234
f 1004 1237 1293
f 1195 1194 860
f 901 1314 1269
f 1196 1195 860
f 1137 1196 860
f 1196 1137 1197
f 1137 1092 1197
f 1092 1240 1197
f 1092 1198 1240
f 903 1316 1298
f 1009 1298 1272
f 869 1274 1093
f 1271 1357 971
f 943 1273 1321
f 1244 1273 943
f 1094 1276 907
f 1276 1094 1203
f 971 1357 944
f 1015 1207 1097
f 1142 1251 1206
f 1140 1020 1208
f 1097 1207 1151
f 1144 1249 1146
f 1020 1145 1208
f 1147 1208 1145
f 1146 1249 1208
f 1147 1150 1208
f 1210 1209 1155
f 1151 1306 1155
f 1306 1253 1155
f 1156 1254 1279
f 1150 1213 1211
f 1255 1156 1158
f 1157 1165 1213
f 1214 1211 1216
f 1102 1283 1212
f 1161 1214 1216
f 1161 1216 1163
f 1099 1221 1215
f 1102 1281 1283
f 1100 1256 1257
f 1163 1216 1218
f 1102 1285 1281
f 1102 1104 1285
f 1164 1257 1105
f 1099 1163 1219
f 1221 1099 1219
f 1217 1170 1102
f 1258 1285 1104
f 1286 1285 1258
f 1166 1259 1258
f 1216 1222 1218
f 1218 1220 1163
f 1219 1163 1220
f 1218 1222 1172
f 1170 1217 1223
f 1169 1172 1222
f 1219 1224 1221
f 1171 1170 1223
f 1225 1172 1107
f 1174 1223 1260
f 1225 1175 1226
f 1175 1111 1226
f 1174 1260 989
f 1264 961 1262
f 1116 1227 1289
f 1117 1227 1116
f 1117 1264 1227
f 1126 1266 1122
f 1183 1178 1230
f 1125 1229 1231
f 1079 1180 1267
f 1230 1178 1181
f 1232 1229 1183
f 1179 1185 1190
f 1229 1232 1231
f 1185 1180 1188
f 1079 1267 1233
f 1181 1192 1230
f 1183 1230 1192
f 1231 1232 1235
f 1184 1182 1239
f 1241 1184 1239
f 1235 1232 1234
f 1236 1136 1241
f 1136 1236 1293
f 1240 1241 1239
f 1236 1312 1293
f 1238 1191 1233
f 1236 1241 1243
f 1239 1196 1197
f 1240 1239 1197
f 1243 1294 1236
f 1243 1241 1240
f 1198 1243 1240
f 1198 1296 1243
f 1198 1138 1296
f 1200 1199 1299
f 1138 1093 1297
f 1273 1244 1050
f 1321 1341 943
f 1013 1245 911
f 1013 1305 1245
f 1013 944 1305
f 1322 1204 1012
f 1140 1246 1096
f 1204 1322 1142
f 1205 1141 1202
f 1206 1251 1207
f 1322 1251 1142
f 1322 1248 1251
f 1322 1247 1248
f 1208 1249 1140
f 1246 1140 1249
f 1207 1306 1151
f 1248 1252 1251
f 1144 1209 1250
f 1252 1279 1251
f 1248 1212 1252
f 1247 1212 1248
f 1324 1212 1247
f 1158 1279 1252
f 1252 1283 1158
f 1252 1212 1283
f 1255 1254 1156
f 1283 1255 1158
f 1162 1212 1324
f 1213 1165 1325
f 1211 1213 1348
f 1155 1215 1210
f 1155 1307 1215
f 1155 1253 1307
f 1211 1348 1216
f 1210 1215 1221
f 1215 1282 1217
f 1282 1287 1217
f 1217 1287 1223
f 1258 1259 1286
f 1257 1259 1105
f 1167 1222 1309
f 1309 1222 1216
f 1167 1169 1222
f 1221 1224 1451
f 1226 1451 1224
f 1223 1361 1260
f 1226 1111 1349
f 1035 992 1037
f 1289 1072 1263
f 1264 1327 1227
f 1290 1176 1265
f 1265 1116 1289
f 1126 1228 1266
f 1179 1266 1291
f 1291 1185 1179
f 1185 1267 1180
f 1267 1185 1268
f 1267 1268 1233
f 1292 1228 1187
f 1268 1185 1292
f 1232 1192 1234
f 1187 1238 1292
f 1238 1268 1292
f 1233 1268 1238
f 1236 1294 1312
f 1242 1270 1316
f 1297 1296 1138
f 1201 664 802
f 1299 1366 1271
f 1274 1320 1093
f 1272 1273 1050
f 1366 1357 1271
f 1139 1202 1275
f 1276 1203 1323
f 1012 1304 1340
f 1245 1372 1304
f 1340 1322 1012
f 1322 1372 1245
f 1341 1141 943
f 1345 1096 1246
f 1096 1345 1277
f 1323 1203 1277
f 1245 1247 1322
f 1247 1245 1305
f 1278 1246 1249
f 1278 1249 1250
f 1250 1249 1144
f 1279 1280 1251
f 1306 1280 1253
f 1280 1254 1253
f 1280 1279 1254
f 1254 1307 1253
f 1307 1254 1255
f 1324 1281 1162
f 1307 1255 1284
f 1348 1213 1325
f 1215 1307 1282
f 1307 1284 1282
f 1281 1285 1162
f 1283 1284 1255
f 1285 1256 1162
f 1348 1309 1216
f 1308 1284 1283
f 1286 1256 1285
f 1257 1256 1286
f 1325 1165 1167
f 1311 1282 1284
f 1257 1286 1259
f 1287 1288 1361
f 1223 1287 1361
f 1282 1311 1287
f 1311 1288 1287
f 692 989 1261
f 1036 1035 1352
f 1071 1036 1352
f 1352 1262 1071
f 1327 1264 1262
f 1263 1072 1227
f 1263 1227 1327
f 1289 1227 1072
f 1266 1228 1291
f 1291 1228 1292
f 1185 1291 1292
f 1353 1293 1312
f 1004 1313 1314
f 1243 1296 1356
f 1332 802 1295
f 802 1332 1201
f 1332 1199 1201
f 1295 1301 1298
f 802 1300 1295
f 1301 1272 1298
f 1201 1199 1007
f 802 865 1300
f 1320 1274 1336
f 1300 1302 1295
f 1295 1302 1301
f 1301 1303 1273
f 1272 1301 1273
f 1300 1276 1302
f 865 907 1300
f 907 1276 1300
f 1301 1302 1303
f 1273 1303 1321
f 1139 1275 1274
f 1373 1305 944
f 1246 1346 1345
f 1246 1278 1346
f 1306 1207 1251
f 1251 1280 1306
f 1247 1347 1324
f 1281 1324 1308
f 1308 1283 1281
f 1284 1308 1311
f 1167 1309 1325
f 1310 1311 1308
f 989 1454 1261
f 1327 1262 1352
f 1289 1263 1328
f 1290 1265 1328
f 1312 1294 1329
f 1354 1269 1314
f 1455 1354 1314
f 1269 1354 1242
f 1334 1313 1317
f 1314 1313 1334
f 1270 1331 1316
f 1294 1243 1384
f 1316 1331 1295
f 1331 1315 1295
f 1332 1295 1315
f 1295 1298 1316
f 1296 1318 1356
f 1299 1199 1365
f 1299 1319 1366
f 1297 1093 1335
f 1333 1320 1336
f 1093 1320 1335
f 1275 1336 1274
f 1276 1323 1302
f 1343 1339 1342
f 1341 1202 1141
f 1278 1358 1346
f 1305 1374 1247
f 1278 1250 1358
f 1374 1347 1247
f 1308 1379 1310
f 1394 1361 1288
f 1226 1349 1451
f 1037 1290 1328
f 1037 1328 1395
f 1289 1328 1265
f 1293 1353 1004
f 1004 1353 1355
f 1004 1355 1313
f 1329 1294 1384
f 1313 1330 1317
f 1243 1356 1384
f 1314 1334 1455
f 1320 1333 1317
f 1317 1333 1334
f 1318 1296 1297
f 1335 1318 1297
f 1330 1335 1317
f 1317 1335 1320
f 1334 1333 1336
f 1275 1202 1337
f 1323 1338 1302
f 1340 1304 1368
f 1368 1304 1372
f 1322 1340 1372
f 1357 1373 944
f 1202 1341 1337
f 1323 1277 1344
f 1373 1374 1305
f 1347 1359 1324
f 1450 1210 1221
f 1359 1308 1324
f 1359 1377 1308
f 1309 1348 1325
f 1310 1382 1311
f 1260 1383 989
f 1115 1326 1350
f 1261 1430 1326
f 1431 1350 1351
f 1326 1351 1350
f 1326 1430 1351
f 1362 1351 1430
f 1536 1431 1351
f 1537 1351 1362
f 1351 1537 1536
f 1328 1263 1395
f 1263 1327 1395
f 1353 1312 1329
f 1313 1355 1330
f 1315 1331 1401
f 1384 1356 1364
f 1455 1334 1385
f 1199 1332 1365
f 1334 1336 1385
f 1336 1275 1385
f 1303 1396 1321
f 1302 1396 1303
f 1396 1302 1338
f 1342 1339 1369
f 1339 1343 1369
f 1340 1368 1370
f 1323 1344 1338
f 1343 1342 1370
f 1277 1345 1344
f 1250 1209 1450
f 1210 1450 1209
f 1308 1377 1379
f 1361 1393 1360
f 1361 1360 1260
f 1311 1382 1288
f 1288 1382 1394
f 1350 1349 1115
f 1354 1497 1242
f 1242 1497 1270
f 1331 1270 1401
f 1384 1363 1353
f 1355 1353 1363
f 1330 1355 1363
f 1384 1364 1363
f 1315 1402 1332
f 1364 1356 1318
f 1318 1363 1364
f 1335 1363 1318
f 1330 1363 1335
f 1321 1396 1435
f 1366 1404 1357
f 1343 1367 1369
f 1367 1343 1370
f 1370 1368 1367
f 1342 1369 1370
f 1370 1371 1340
f 1372 1340 1371
f 1368 1372 1390
f 1373 1357 1404
f 1346 1389 1345
f 1345 1389 1344
f 1344 1389 1338
f 1358 1389 1346
f 1406 1374 1405
f 1374 1406 1347
f 1250 1450 1358
f 1406 1375 1347
f 1347 1375 1376
f 1377 1376 1380
f 1347 1392 1359
f 1359 1392 1377
f 1381 1380 1378
f 1379 1377 1380
f 1379 1380 1381
f 1381 1378 1360
f 1381 1393 1379
f 1381 1360 1393
f 1382 1310 1379
f 1360 1399 1260
f 1393 1361 1394
f 1383 1260 1399
f 1383 1454 989
f 1454 1430 1261
f 1395 1035 1037
f 1035 1395 1352
f 1353 1329 1384
f 1497 1400 1270
f 1270 1400 1401
f 1332 1402 1365
f 1385 1275 1387
f 1319 1386 1366
f 1387 1275 1337
f 1321 1437 1341
f 1420 1396 1338
f 1421 1369 1367
f 1338 1389 1420
f 1421 1370 1369
f 1370 1397 1371
f 1388 1368 1390
f 1390 1373 1388
f 1373 1404 1388
f 1405 1373 1390
f 1405 1374 1373
f 1375 1406 1425
f 1358 1450 1457
f 1391 1375 1407
f 1398 1376 1391
f 1391 1376 1375
f 1347 1376 1392
f 1376 1398 1380
f 1376 1377 1392
f 1380 1428 1378
f 1427 1360 1378
f 1427 1399 1360
f 1393 1382 1379
f 1382 1393 1394
f 1327 1352 1395
f 1402 1315 1401
f 1368 1471 1367
f 1370 1421 1397
f 1371 1390 1372
f 1389 1358 1457
f 1375 1424 1407
f 1425 1424 1375
f 1391 1407 1398
f 1380 1398 1428
f 1398 1426 1428
f 1431 1555 1350
f 1430 1520 1362
f 1520 1537 1362
f 1408 1401 1400
f 1401 1408 1410
f 1402 1401 1410
f 1402 1410 1403
f 1402 1403 1409
f 1365 1402 1409
f 1579 1385 1387
f 1413 1319 1299
f 1319 1413 1386
f 1387 1337 1444
f 1321 1434 1437
f 1435 1434 1321
f 1419 1396 1418
f 1418 1396 1420
f 1368 1388 1471
f 1341 1437 1337
f 1438 1397 1421
f 1390 1371 1423
f 1405 1390 1423
f 1389 1457 1420
f 1425 1406 1423
f 1406 1405 1423
f 1461 1398 1407
f 1428 1427 1378
f 1349 1483 1451
f 1349 1350 1555
f 1455 1385 1579
f 1410 1408 1415
f 1411 1409 1403
f 1416 1403 1410
f 1409 1411 1412
f 1467 1409 1412
f 1411 1403 1416
f 1414 1412 1411
f 1416 1410 1417
f 1415 1417 1410
f 1411 1416 1418
f 1418 1414 1411
f 1436 1414 1418
f 1435 1417 1433
f 1419 1417 1435
f 1416 1417 1419
f 1418 1416 1419
f 1419 1435 1396
f 1367 1471 1421
f 1397 1422 1371
f 1422 1423 1371
f 1397 1438 1439
f 1397 1439 1422
f 1424 1422 1439
f 1423 1422 1424
f 1424 1425 1423
f 1424 1449 1407
f 1457 1450 1526
f 1461 1407 1449
f 1398 1461 1426
f 1461 1462 1426
f 1429 1427 1428
f 1429 1428 1426
f 1429 1442 1427
f 1399 1427 1442
f 1365 1409 1432
f 1432 1409 1467
f 1415 1433 1417
f 1435 1433 1434
f 1444 1337 1437
f 1437 1434 1445
f 1421 1471 1447
f 1447 1438 1421
f 1420 1457 1418
f 1447 1473 1438
f 1438 1473 1448
f 1439 1438 1448
f 1424 1439 1448
f 1463 1440 1441
f 1426 1462 1429
f 1463 1481 1440
f 1221 1451 1450
f 1429 1452 1442
f 1399 1442 1453
f 1443 1442 1452
f 1453 1442 1443
f 1454 1520 1430
f 1400 1456 1408
f 1456 1487 1415
f 1408 1456 1415
f 1467 1412 1511
f 1415 1487 1433
f 1487 1445 1433
f 1433 1445 1434
f 1386 1404 1366
f 1446 1444 1437
f 1437 1445 1446
f 1404 1458 1388
f 1472 1473 1447
f 1448 1473 1490
f 1460 1448 1490
f 1449 1448 1460
f 1448 1449 1424
f 1441 1440 1478
f 1462 1482 1429
f 1429 1482 1452
f 1464 1399 1453
f 1464 1383 1399
f 1466 1456 1400
f 1299 1365 1413
f 1413 1498 1386
f 1387 1444 1522
f 1386 1470 1404
f 1436 1418 1457
f 1472 1447 1489
f 1447 1471 1489
f 1490 1473 1459
f 1474 1459 1473
f 1475 1459 1474
f 1449 1460 1477
f 1449 1477 1461
f 1461 1477 1480
f 1476 1479 1441
f 1441 1479 1463
f 1530 1481 1463
f 1450 1451 1483
f 1452 1482 1465
f 1465 1484 1464
f 1453 1465 1464
f 1452 1465 1443
f 1486 1383 1464
f 1453 1443 1465
f 1483 1349 1555
f 1487 1456 1466
f 1412 1521 1566
f 1414 1521 1412
f 1521 1414 1436
f 1498 1468 1386
f 1386 1468 1470
f 1469 1470 1468
f 1469 1499 1470
f 1470 1488 1404
f 1569 1471 1388
f 1404 1488 1458
f 1441 1492 1476
f 1441 1478 1492
f 1478 1440 1479
f 1478 1479 1476
f 1461 1480 1462
f 1479 1440 1481
f 1479 1509 1463
f 1480 1485 1482
f 1463 1509 1530
f 1496 1484 1485
f 1484 1496 1464
f 1482 1485 1484
f 1484 1465 1482
f 1579 1387 1522
f 1468 1498 1469
f 1499 1488 1470
f 1472 1489 1548
f 1436 1457 1598
f 1472 1501 1473
f 1473 1501 1500
f 1474 1473 1500
f 1475 1474 1500
f 1459 1502 1490
f 1475 1491 1459
f 1459 1492 1502
f 1459 1491 1492
f 1491 1476 1492
f 1491 1523 1476
f 1504 1460 1480
f 1460 1493 1477
f 1493 1460 1504
f 1477 1504 1480
f 1477 1495 1504
f 1495 1477 1493
f 1523 1514 1478
f 1523 1478 1476
f 1494 1493 1524
f 1495 1493 1494
f 1479 1494 1516
f 1524 1516 1494
f 1494 1479 1507
f 1507 1479 1481
f 1480 1482 1462
f 1496 1510 1464
f 1510 1486 1464
f 1383 1486 1454
f 1555 1431 1556
f 1497 1466 1400
f 1466 1547 1487
f 1412 1566 1511
f 1432 1467 1511
f 1512 1469 1498
f 1469 1512 1499
f 1499 1512 1488
f 1487 1547 1445
f 1445 1547 1617
f 1488 1513 1458
f 1500 1502 1475
f 1500 1501 1502
f 1502 1501 1490
f 1501 1540 1490
f 1475 1502 1491
f 1490 1540 1460
f 1503 1491 1502
f 1503 1502 1492
f 1491 1503 1523
f 1492 1478 1514
f 1504 1495 1506
f 1526 1450 1505
f 1518 1506 1495
f 1494 1517 1495
f 1495 1508 1518
f 1495 1517 1508
f 1519 1450 1483
f 1485 1528 1496
f 1612 1354 1455
f 1497 1629 1466
f 1413 1538 1498
f 1498 1538 1512
f 1436 1598 1521
f 1515 1460 1540
f 1503 1492 1514
f 1493 1504 1506
f 1524 1493 1506
f 1514 1523 1516
f 1460 1515 1480
f 1516 1524 1525
f 1480 1515 1485
f 1515 1528 1485
f 1494 1507 1517
f 1516 1509 1479
f 1517 1529 1508
f 1518 1508 1533
f 1507 1481 1529
f 1481 1530 1529
f 1530 1509 1554
f 1510 1496 1528
f 1454 1486 1544
f 1544 1486 1535
f 1454 1545 1520
f 1611 1497 1354
f 1611 1354 1612
f 1455 1579 1612
f 1629 1559 1466
f 1444 1539 1522
f 1488 1512 1513
f 1561 1471 1569
f 1472 1548 1501
f 1548 1568 1501
f 1598 1457 1526
f 1524 1506 1527
f 1516 1525 1514
f 1524 1527 1517
f 1524 1517 1525
f 1518 1551 1506
f 1551 1527 1506
f 1516 1550 1509
f 1551 1518 1541
f 1527 1552 1517
f 1517 1552 1529
f 1518 1533 1541
f 1529 1530 1531
f 1529 1531 1508
f 1532 1530 1554
f 1533 1508 1534
f 1534 1508 1531
f 1510 1535 1486
f 1545 1585 1520
f 1577 1431 1536
f 1466 1559 1547
f 1388 1458 1569
f 1568 1562 1501
f 1501 1562 1540
f 1540 1570 1515
f 1570 1540 1527
f 1527 1540 1549
f 1523 1550 1516
f 1552 1527 1549
f 1515 1553 1528
f 1517 1507 1525
f 1525 1507 1532
f 1507 1529 1532
f 1532 1529 1552
f 1532 1552 1574
f 1450 1519 1505
f 1530 1532 1574
f 1530 1574 1531
f 1541 1533 1542
f 1574 1543 1531
f 1533 1534 1542
f 1531 1543 1534
f 1534 1543 1542
f 1545 1454 1544
f 1536 1537 1577
f 1629 1497 1611
f 1432 1511 1557
f 1365 1432 1546
f 1365 1546 1413
f 1579 1522 1597
f 1511 1560 1557
f 1444 1616 1539
f 1446 1616 1444
f 1446 1445 1616
f 1489 1599 1548
f 1599 1489 1561
f 1561 1489 1471
f 1514 1571 1503
f 1503 1571 1523
f 1527 1551 1570
f 1514 1525 1572
f 1515 1570 1553
f 1525 1532 1572
f 1550 1554 1509
f 1532 1554 1583
f 1574 1541 1542
f 1528 1573 1510
f 1555 1519 1483
f 1574 1542 1543
f 1555 1556 1576
f 1537 1578 1577
f 1578 1537 1520
f 1432 1557 1546
f 1546 1538 1413
f 1511 1566 1595
f 1588 1511 1595
f 1558 1597 1522
f 1511 1588 1560
f 1559 1567 1547
f 1538 1513 1512
f 1539 1558 1522
f 1547 1567 1617
f 1445 1617 1616
f 1598 1526 1591
f 1562 1549 1540
f 1571 1514 1572
f 1523 1571 1550
f 1549 1563 1552
f 1564 1570 1551
f 1552 1563 1564
f 1553 1564 1541
f 1541 1564 1551
f 1572 1532 1583
f 1552 1564 1574
f 1553 1541 1573
f 1541 1574 1573
f 1553 1573 1528
f 1573 1574 1565
f 1556 1431 1609
f 1557 1560 1590
f 1590 1560 1561
f 1570 1562 1582
f 1563 1562 1570
f 1549 1562 1563
f 1550 1571 1583
f 1570 1582 1553
f 1564 1563 1570
f 1554 1550 1583
f 1553 1582 1564
f 1519 1592 1505
f 1564 1584 1574
f 1565 1574 1584
f 1565 1575 1573
f 1573 1575 1510
f 1584 1601 1565
f 1544 1535 1545
f 1585 1578 1520
f 1629 1631 1559
f 1546 1557 1587
f 1546 1587 1580
f 1580 1538 1546
f 1557 1590 1587
f 1588 1589 1560
f 1538 1580 1513
f 1558 1539 1597
f 1580 1581 1513
f 1560 1589 1561
f 1561 1589 1599
f 1590 1561 1569
f 1590 1569 1581
f 1458 1513 1581
f 1458 1581 1569
f 1591 1526 1621
f 1571 1572 1583
f 1621 1526 1505
f 1564 1582 1584
f 1592 1519 1622
f 1622 1519 1602
f 1565 1601 1575
f 1555 1576 1602
f 1576 1556 1608
f 1431 1577 1609
f 1577 1578 1610
f 1612 1579 1597
f 1521 1604 1566
f 1588 1595 1586
f 1539 1615 1597
f 1581 1587 1590
f 1580 1587 1581
f 1615 1539 1616
f 1521 1598 1604
f 1589 1618 1599
f 1562 1620 1582
f 1622 1505 1592
f 1575 1593 1510
f 1519 1555 1602
f 1576 1608 1602
f 1535 1510 1594
f 1610 1578 1585
f 1595 1566 1603
f 1566 1604 1603
f 1586 1596 1588
f 1559 1631 1567
f 1588 1596 1589
f 1631 1617 1567
f 1589 1596 1618
f 1568 1620 1562
f 1621 1505 1622
f 1582 1600 1606
f 1582 1606 1584
f 1606 1600 1593
f 1584 1606 1601
f 1601 1606 1593
f 1510 1593 1594
f 1601 1593 1575
f 1609 1608 1556
f 1609 1577 1610
f 1632 1595 1603
f 1595 1632 1586
f 1603 1604 1605
f 1597 1615 1612
f 1637 1598 1591
f 1599 1568 1548
f 1582 1620 1600
f 1622 1602 1594
f 1593 1643 1594
f 1602 1607 1594
f 1535 1594 1607
f 1602 1608 1607
f 1535 1608 1545
f 1607 1608 1535
f 1545 1608 1609
f 1609 1585 1545
f 1609 1610 1585
f 1603 1605 1632
f 1605 1680 1633
f 1613 1586 1632
f 1613 1596 1586
f 1605 1604 1680
f 1598 1680 1604
f 1613 1614 1596
f 1614 1635 1596
f 1596 1635 1618
f 1636 1618 1635
f 1618 1619 1599
f 1599 1619 1568
f 1600 1620 1643
f 1621 1622 1643
f 1600 1643 1593
f 1643 1622 1594
f 1624 1654 1626
f 1627 1626 1732
f 1654 1732 1626
f 1612 1630 1611
f 1679 1676 1666
f 1634 1630 1612
f 1668 1631 1629
f 1672 1661 1605
f 1736 1605 1661
f 1736 1632 1605
f 1672 1605 1633
f 1613 1632 1673
f 1634 1612 1687
f 1680 1686 1683
f 1598 1686 1680
f 1615 1616 1687
f 1617 1638 1616
f 1616 1638 1687
f 1686 1598 1692
f 1690 1784 1636
f 1687 1641 1685
f 1598 1637 1692
f 1695 1618 1636
f 1695 1619 1618
f 1696 1695 1636
f 1637 1591 1701
f 1640 1689 1681
f 1619 1639 1568
f 1639 1701 1591
f 1639 1591 1620
f 1639 1620 1568
f 1591 1621 1620
f 1640 1712 1711
f 1621 1643 1620
f 1712 1644 1717
f 1645 1646 1642
f 1644 1648 1721
f 1645 1647 1646
f 1648 1647 1719
f 1721 1648 1719
f 1647 1649 1646
f 1649 1647 1724
f 1724 1647 1648
f 1725 1724 1648
f 1624 1727 1650
f 1623 1624 1650
f 1651 1623 1650
f 1625 1623 1651
f 1651 1728 1625
f 1727 1624 1626
f 1623 1625 1652
f 1654 1624 1623
f 1652 1729 1623
f 1628 1625 1728
f 1729 1654 1623
f 1628 1728 1653
f 1729 1652 1655
f 1656 1655 1652
f 1625 1656 1652
f 1731 1655 1656
f 1664 1656 1625
f 1625 1628 1664
f 1732 1665 1627
f 1656 1657 1731
f 1664 1657 1656
f 1653 1659 1628
f 1661 1662 1729
f 1661 1729 1663
f 1733 1731 1657
f 1665 1658 1627
f 1731 1733 1667
f 1657 1664 1735
f 1660 1671 1732
f 1628 1659 1666
f 1666 1664 1628
f 1611 1630 1658
f 1668 1611 1658
f 1665 1668 1658
f 1660 1633 1671
f 1661 1672 1662
f 1668 1629 1611
f 1669 1665 1772
f 1669 1668 1665
f 1663 1736 1661
f 1735 1664 1675
f 1666 1675 1664
f 1672 1633 1660
f 1667 1674 1673
f 1674 1667 1733
f 1739 1735 1675
f 1666 1676 1675
f 1670 1777 1680
f 1633 1777 1671
f 1613 1673 1674
f 1748 1630 1634
f 1670 1677 1669
f 1680 1677 1670
f 1736 1774 1632
f 1632 1774 1673
f 1746 1738 1739
f 1668 1742 1631
f 1742 1668 1669
f 1775 1613 1674
f 1680 1743 1677
f 1678 1614 1613
f 1738 1746 1678
f 1746 1614 1678
f 1680 1745 1743
f 1747 1614 1746
f 1691 1681 1679
f 1742 1749 1631
f 1745 1682 1744
f 1683 1682 1745
f 1745 1680 1683
f 1747 1635 1614
f 1681 1689 1676
f 1679 1681 1676
f 1634 1685 1748
f 1612 1615 1687
f 1685 1783 1748
f 1634 1687 1685
f 1636 1635 1684
f 1690 1636 1684
f 1640 1681 1691
f 1686 1692 1753
f 1752 1688 1689
f 1692 1694 1753
f 1693 1692 1637
f 1699 1783 1685
f 1641 1687 1638
f 1787 1692 1693
f 1787 1694 1692
f 1752 1689 1786
f 1753 1694 1638
f 1696 1755 1695
f 1699 1685 1641
f 1637 1700 1704
f 1695 1707 1619
f 1755 1698 1695
f 1694 1703 1638
f 1703 1641 1638
f 1701 1700 1637
f 1707 1702 1619
f 1695 1698 1707
f 1710 1755 1696
f 1689 1640 1786
f 1639 1697 1701
f 1639 1619 1709
f 1702 1709 1619
f 1707 1698 1758
f 1711 1710 1786
f 1789 1704 1705
f 1700 1708 1759
f 1701 1708 1700
f 1710 1761 1755
f 1706 1707 1716
f 1706 1702 1707
f 1758 1760 1707
f 1786 1640 1711
f 1703 1705 1641
f 1760 1716 1707
f 1640 1763 1712
f 1699 1641 1762
f 1708 1714 1759
f 1642 1641 1713
f 1713 1641 1705
f 1715 1714 1708
f 1711 1717 1761
f 1762 1641 1642
f 1711 1712 1717
f 1714 1642 1713
f 1719 1639 1709
f 1716 1766 1764
f 1760 1766 1716
f 1717 1765 1761
f 1644 1712 1723
f 1723 1712 1763
f 1718 1642 1714
f 1709 1757 1719
f 1644 1765 1717
f 1645 1642 1718
f 1765 1721 1766
f 1644 1721 1765
f 1642 1722 1762
f 1720 1645 1718
f 1757 1721 1719
f 1647 1645 1720
f 1720 1719 1647
f 1646 1722 1642
f 1644 1725 1648
f 1723 1725 1644
f 1646 1649 1722
f 1650 1828 1796
f 1651 1650 1796
f 1828 1650 1727
f 1728 1767 1653
f 1729 1730 1654
f 1662 1730 1729
f 1729 1655 1663
f 1663 1655 1768
f 1731 1830 1655
f 1832 1659 1653
f 1732 1734 1665
f 1799 1730 1662
f 1888 1657 1735
f 1769 1889 1658
f 1732 1671 1734
f 1736 1663 1801
f 1772 1665 1890
f 1662 1672 1799
f 1673 1800 1667
f 1670 1669 1772
f 1772 1740 1670
f 1737 1672 1660
f 1802 1739 1738
f 1802 1735 1739
f 1669 1677 1741
f 1800 1673 1774
f 1670 1740 1777
f 1734 1671 1777
f 1672 1737 1799
f 1802 1738 1678
f 1739 1778 1746
f 1669 1741 1742
f 1633 1680 1777
f 1802 1678 1775
f 1775 1678 1613
f 1746 1778 1747
f 1749 1742 1744
f 1676 1689 1782
f 1682 1749 1744
f 1749 1779 1631
f 1682 1780 1749
f 1635 1747 1781
f 1748 1783 1848
f 1683 1780 1682
f 1780 1683 1686
f 1684 1635 1781
f 1688 1782 1689
f 1631 1779 1617
f 1686 1751 1780
f 1690 1684 1688
f 1617 1750 1638
f 1753 1751 1686
f 1811 1903 1691
f 1688 1752 1690
f 1753 1638 1750
f 1636 1784 1696
f 1784 1815 1696
f 1752 1784 1690
f 1691 1910 1640
f 1637 1704 1693
f 1813 1693 1704
f 1696 1815 1822
f 1700 1790 1704
f 1813 1704 1789
f 1700 1759 1790
f 1701 1697 1756
f 1696 1822 1710
f 1702 1754 1709
f 1702 1706 1754
f 1701 1756 1708
f 1756 1715 1708
f 1757 1709 1754
f 1640 1910 1763
f 1790 1792 1704
f 1705 1704 1792
f 1710 1711 1761
f 1792 1713 1705
f 1792 1865 1713
f 1759 1714 1794
f 1714 1713 1794
f 1716 1764 1706
f 1719 1697 1639
f 1714 1715 1718
f 1765 1766 1760
f 1723 1763 1873
f 1718 1715 1871
f 1826 1697 1719
f 1721 1764 1766
f 1718 1871 1918
f 1718 1918 1827
f 1718 1827 1720
f 1826 1719 1720
f 1824 1721 1757
f 1649 1925 1722
f 1724 1928 1649
f 1651 1796 1726
f 1626 1798 1727
f 1626 1627 1798
f 1654 1730 1829
f 1832 1653 1767
f 1654 1829 1732
f 1768 1801 1663
f 1734 1770 1665
f 1732 1831 1660
f 1735 1771 1888
f 1769 1658 1630
f 1731 1667 1800
f 1740 1772 1805
f 1774 1773 1800
f 1740 1805 1809
f 1740 1809 1777
f 1774 1847 1773
f 1675 1776 1739
f 1776 1675 1676
f 1666 1839 1679
f 1841 1741 1677
f 1776 1778 1739
f 1741 1894 1742
f 1743 1841 1677
f 1742 1894 1849
f 1744 1742 1849
f 1808 1841 1743
f 1846 1676 1782
f 1745 1744 1849
f 1745 1849 1851
f 1743 1851 1808
f 1745 1851 1743
f 1747 1778 1852
f 1850 1749 1780
f 1812 1747 1852
f 1747 1812 1781
f 1684 1781 1782
f 1688 1684 1782
f 1779 1750 1617
f 1751 1753 1857
f 1857 1753 1750
f 1752 1858 1784
f 1691 1903 1910
f 1693 1813 1787
f 1815 1820 1822
f 1787 1821 1694
f 1698 1788 1791
f 1694 1821 1703
f 1821 1862 1703
f 1866 1756 1697
f 1698 1791 1758
f 1793 1698 1755
f 1703 1862 1705
f 1862 1789 1705
f 1754 1824 1757
f 1864 1699 1762
f 1761 1793 1755
f 1866 1697 1826
f 1865 1794 1713
f 1758 1795 1760
f 1765 1795 1761
f 1795 1917 1761
f 1765 1760 1795
f 1764 1721 1825
f 1873 1920 1723
f 1649 1928 1925
f 1724 1725 1875
f 1724 1875 1928
f 1727 1797 1828
f 1727 1798 1797
f 1627 1889 1798
f 1655 1801 1768
f 1627 1658 1889
f 1831 1732 1829
f 1882 1730 1799
f 1657 1888 1733
f 1665 1770 1890
f 1800 1830 1731
f 1660 1831 1836
f 1890 1840 1772
f 1837 1674 1733
f 1770 1734 1806
f 1659 1839 1666
f 1836 1737 1660
f 1736 1803 1774
f 1801 1803 1736
f 1804 1735 1802
f 1806 1734 1777
f 1837 1775 1674
f 1804 1802 1843
f 1840 1741 1841
f 1809 1805 1808
f 1737 1844 1799
f 1839 1811 1679
f 1630 1748 1838
f 1838 1748 1848
f 1777 1809 1806
f 1844 1737 1807
f 1803 1847 1774
f 1843 1802 1775
f 1776 1676 1846
f 1809 1807 1806
f 1845 1778 1776
f 1808 1807 1809
f 1775 1810 1843
f 1778 1845 1852
f 1679 1811 1691
f 1850 1780 1851
f 1854 1851 1780
f 1812 1855 1781
f 1781 1855 1782
f 1780 1751 1853
f 1780 1853 1854
f 1848 1783 1856
f 1853 1751 1857
f 1858 1812 1815
f 1858 1815 1784
f 1813 1785 1853
f 1783 1699 1856
f 1853 1785 1904
f 1815 1814 1820
f 1820 1814 1788
f 1752 1786 1858
f 1856 1699 1864
f 1859 1787 1813
f 1785 1813 1817
f 1817 1816 1785
f 1904 1785 1816
f 1814 1819 1791
f 1788 1814 1791
f 1860 1904 1818
f 1791 1819 1823
f 1859 1821 1787
f 1756 1860 1818
f 1754 1819 1863
f 1817 1813 1789
f 1866 1860 1756
f 1793 1788 1698
f 1824 1754 1863
f 1861 1792 1790
f 1869 1790 1759
f 1715 1756 1818
f 1706 1819 1754
f 1823 1758 1791
f 1910 1867 1763
f 1759 1794 1869
f 1710 1822 1913
f 1819 1706 1870
f 1792 1861 1865
f 1917 1793 1761
f 1870 1706 1764
f 1758 1823 1795
f 1823 1872 1795
f 1763 1867 1873
f 1871 1715 1818
f 1825 1870 1764
f 1827 1826 1720
f 1721 1824 1874
f 1874 1825 1721
f 1722 1923 1762
f 1723 1920 1924
f 1725 1924 1876
f 1723 1924 1725
f 1722 1925 1923
f 1725 1876 1875
f 1651 1726 1879
f 1728 1651 1879
f 1728 1879 1767
f 1730 1882 1829
f 1655 1830 1834
f 1833 1834 1882
f 1834 1801 1655
f 1829 1884 1831
f 1882 1799 1833
f 1830 1835 1887
f 1833 1799 1844
f 1733 1888 1887
f 1800 1835 1830
f 1887 1837 1733
f 1659 1832 1839
f 1836 1831 1770
f 1801 1834 1803
f 1834 1833 1803
f 1803 1833 1844
f 1769 1630 1838
f 1772 1840 1805
f 1836 1770 1806
f 1771 1735 1804
f 1835 1800 1773
f 1837 1835 1773
f 1843 1842 1804
f 1840 1894 1741
f 1840 1841 1805
f 1805 1841 1808
f 1737 1836 1807
f 1837 1773 1847
f 1846 1842 1776
f 1807 1836 1806
f 1803 1844 1847
f 1776 1842 1845
f 1842 1843 1845
f 1847 1844 1807
f 1837 1847 1775
f 1845 1843 1852
f 1847 1810 1775
f 1852 1843 1810
f 1851 1849 1850
f 1810 1847 1900
f 1810 1900 1852
f 1846 1782 1855
f 1749 1850 1779
f 1808 1851 1854
f 1852 1900 1812
f 1853 1904 1854
f 1812 1901 1855
f 1812 1814 1815
f 1900 1814 1812
f 1901 1812 1858
f 1750 1906 1857
f 1906 1859 1857
f 1857 1859 1813
f 1853 1857 1813
f 1819 1814 1905
f 1858 1786 1908
f 1908 1786 1909
f 1904 1816 1818
f 1905 1904 1860
f 1905 1863 1819
f 1788 1913 1820
f 1909 1786 1710
f 1816 1790 1818
f 1863 1905 1860
f 1816 1817 1790
f 1820 1913 1822
f 1789 1861 1817
f 1790 1817 1861
f 1788 1793 1913
f 1917 1913 1793
f 1869 1818 1790
f 1710 1913 1909
f 1789 1862 1916
f 1860 1866 1863
f 1823 1819 1870
f 1864 1762 1868
f 1916 1865 1861
f 1866 1826 1921
f 1863 1866 1921
f 1823 1870 1872
f 1869 1794 1871
f 1818 1869 1871
f 1872 1870 1825
f 1921 1824 1863
f 1921 1826 1827
f 1922 1825 1874
f 1762 1923 1868
f 1824 1921 1874
f 1828 1878 1796
f 1726 1796 1877
f 1796 1878 1877
f 1878 1828 1797
f 1877 1879 1726
f 1880 1878 1797
f 1877 1878 1883
f 1881 1877 1883
f 1879 1877 1881
f 1880 1797 1798
f 1878 1880 1882
f 1883 1878 1882
f 1767 1879 1881
f 1880 1798 1884
f 1882 1880 1829
f 1883 1882 1834
f 1830 1883 1834
f 1881 1883 1885
f 1767 1881 1886
f 1767 1886 1832
f 1829 1880 1884
f 1884 1798 1890
f 1830 1887 1883
f 1885 1883 1887
f 1798 1889 1890
f 1770 1884 1890
f 1831 1884 1770
f 1888 1885 1887
f 1886 1881 1771
f 1771 1881 1885
f 1837 1887 1835
f 1888 1771 1885
f 1889 1769 1891
f 1832 1886 1839
f 1890 1889 1891
f 1840 1890 1891
f 1886 1771 1893
f 1886 1893 1892
f 1886 1892 1839
f 1838 1895 1769
f 1891 1769 1895
f 1891 1895 1894
f 1840 1891 1894
f 1804 1842 1771
f 1893 1771 1842
f 1846 1893 1842
f 1892 1893 1899
f 1839 1892 1899
f 1839 1899 1811
f 1838 1848 1895
f 1894 1895 1779
f 1897 1847 1807
f 1899 1893 1846
f 1779 1895 1896
f 1779 1849 1894
f 1897 1807 1898
f 1899 1846 1902
f 1895 1848 1896
f 1847 1897 1900
f 1849 1779 1850
f 1807 1808 1898
f 1808 1854 1898
f 1900 1897 1931
f 1902 1846 1855
f 1779 1896 1906
f 1898 1854 1930
f 1779 1906 1750
f 1930 1854 1904
f 1901 1902 1855
f 1903 1899 1902
f 1899 1903 1811
f 1848 1856 1896
f 1900 1931 1814
f 1908 1902 1901
f 1931 1932 1814
f 1930 1904 1932
f 1932 1904 1905
f 1814 1932 1905
f 1858 1908 1901
f 1903 1902 1910
f 1864 1907 1856
f 1907 1896 1856
f 1907 1906 1896
f 1859 1906 1821
f 1902 1908 1912
f 1910 1902 1912
f 1821 1906 1911
f 1906 1907 1911
f 1915 1907 1864
f 1821 1911 1862
f 1867 1910 1912
f 1789 1916 1861
f 1914 1908 1909
f 1916 1907 1915
f 1911 1907 1916
f 1862 1911 1916
f 1912 1908 1914
f 1867 1912 1914
f 1914 1909 1913
f 1864 1868 1915
f 1865 1916 1918
f 1865 1918 1794
f 1913 1917 1920
f 1914 1873 1867
f 1914 1913 1920
f 1916 1915 1918
f 1918 1871 1794
f 1795 1919 1917
f 1920 1917 1919
f 1872 1919 1795
f 1914 1920 1873
f 1918 1915 1923
f 1922 1872 1825
f 1919 1872 1922
f 1923 1915 1868
f 1827 1918 1925
f 1919 1922 1924
f 1920 1919 1924
f 1925 1918 1923
f 1921 1827 1926
f 1874 1921 1926
f 1922 1874 1926
f 1827 1925 1926
f 1927 1922 1926
f 1924 1922 1927
f 1927 1926 1929
f 1876 1924 1927
f 1925 1928 1926
f 1929 1926 1928
f 1927 1929 1875
f 1876 1927 1875
f 1875 1929 1928
f 1937 1930 1932
f 1897 1898 1933
f 1898 1939 1933
f 1897 1933 1931
f 1934 1898 1930
f 1931 1935 1932
f 1937 1932 1935
f 1930 1937 1938
f 1898 1934 1939
f 1935 1931 1933
f 1938 1934 1930
f 1933 1939 1936
f 1934 1940 1939
f 1934 1938 1940
f 1936 1935 1933
f 1937 1935 1938
f 1940 1936 1939
f 1936 1940 1935
f 1935 1940 1938

