# https://github.com/mikedh/trimesh
v -0.99932984 -0.39678355 -0.53135409
v -0.99758466 -0.36411645 -0.51223822
v -0.99068640 -0.40636192 -0.52614540
v -0.98480209 -0.40114141 -0.58751248
v -0.96641061 -0.40715212 -0.59625146
v -0.98258261 -0.39687335 -0.46821541
v -0.99392643 -0.37381957 -0.58011447
v -0.98539009 -0.36704620 -0.47350383
v -0.97194125 -0.35869538 -0.48013723
v -0.94325487 -0.40614349 -0.43499781
v -0.97057358 -0.38110462 -0.62219955
v -0.95377704 -0.38619669 -0.42917426
v -0.95545306 -0.36513637 -0.63357008
v -0.96592745 -0.40236292 -0.61765598
v -0.98125490 -0.36066594 -0.59234667
v -0.91935777 -0.35780967 -0.49216623
v -0.91362987 -0.40759697 -0.64447171
v -0.95012404 -0.36577202 -0.42872307
v -0.94614137 -0.35932482 -0.62516122
v -0.92540036 -0.39256776 -0.65955460
v -0.92769508 -0.35945852 -0.43016301
v -0.90347859 -0.38029815 -0.40388884
v -0.90482686 -0.36566227 -0.66608211
v -0.90051084 -0.40146993 -0.40960634
v -0.90856368 -0.35794411 -0.47935192
v -0.89908404 -0.35518589 -0.58261197
v -0.87992825 -0.31358488 -0.49127291
v -0.91183222 -0.35790686 -0.56895464
v -0.87729800 -0.31949938 -0.48282032
v -0.87383460 -0.40133795 -0.66704913
v -0.88660233 -0.36495215 -0.40311267
v -0.87034708 -0.31386937 -0.57299749
v -0.86655439 -0.40757392 -0.42688886
v -0.85509710 -0.37314145 -0.40207728
v -0.86236937 -0.34608732 -0.47850241
v -0.85236562 -0.28980427 -0.48152219
v -0.85364977 -0.37911684 -0.67162951
v -0.84351997 -0.35129811 -0.57512073
v -0.84781830 -0.28297779 -0.56680750
v -0.85337019 -0.39543443 -0.40423643
v -0.86307540 -0.35829999 -0.47297657
v -0.84026111 -0.35814647 -0.48945800
v -0.83644402 -0.34968268 -0.56106459
v -0.84478435 -0.34987972 -0.49126262
v -0.83964632 -0.39724762 -0.66618307
v -0.87427467 -0.36081335 -0.66489380
v -0.83449398 -0.35746365 -0.57895956
v -0.79196104 -0.35888751 -0.55962865
v -0.84734801 -0.35956678 -0.41682743
v -0.82243721 -0.29235776 -0.47853401
v -0.84448281 -0.27156453 -0.49352382
v -0.82114642 -0.37680318 -0.66477650
v -0.76875783 -0.35880363 -0.59902693
v -0.83360262 -0.35697487 -0.54091868
v -0.83065345 -0.32695627 -0.48088582
v -0.82746680 -0.31635262 -0.57322462
v -0.82508156 -0.27411575 -0.56728148
v -0.83283211 -0.27045393 -0.56047383
v -0.80121479 -0.26112279 -0.48473642
v -0.82303425 -0.40494652 -0.42365222
v -0.82084902 -0.36232969 -0.65917528
v -0.80920125 -0.35780476 -0.50764742
v -0.81859254 -0.34729187 -0.48176513
v -0.81571597 -0.35732649 -0.47667215
v -0.81892066 -0.32489811 -0.56146274
v -0.82498038 -0.32438933 -0.51860167
v -0.81385351 -0.30420316 -0.45373061
v -0.81516405 -0.21780756 -0.53138113
v -0.81410935 -0.36637099 -0.41606294
v -0.81468701 -0.32823348 -0.45634358
v -0.81683892 -0.23661047 -0.53095830
v -0.80191711 -0.21929472 -0.55114174
v -0.80859484 -0.39214689 -0.41720686
v -0.80094582 -0.33729983 -0.57725423
v -0.78563903 -0.34169019 -0.45720587
v -0.81386814 -0.31449279 -0.56912373
v -0.79334388 -0.25727188 -0.54462620
v -0.80618103 -0.25734800 -0.50482614
v -0.77312240 -0.21206815 -0.51124179
v -0.79786566 -0.39696290 -0.64951584
v -0.77195698 -0.39459452 -0.63138837
v -0.78750589 -0.35579523 -0.47318696
v -0.78731339 -0.31117014 -0.45031949
v -0.79800415 -0.25011710 -0.48247440
v -0.81430160 -0.40608391 -0.64741453
v -0.77529354 -0.40666789 -0.45778469
v -0.80368376 -0.37179289 -0.65780935
v -0.77915980 -0.36204542 -0.44574873
v -0.77701217 -0.34082062 -0.58019556
v -0.79307202 -0.27685294 -0.47116559
v -0.78925877 -0.27279725 -0.56254904
v -0.78380835 -0.26711599 -0.46049224
v -0.80618420 -0.21619019 -0.48595133
v -0.77474894 -0.39599933 -0.44131280
v -0.77776097 -0.37330048 -0.43715979
v -0.77924125 -0.29447596 -0.58082646
v -0.78193237 -0.25035387 -0.55497057
v -0.77695967 -0.22206137 -0.47450949
v -0.76905453 -0.21646393 -0.55434680
v -0.77255387 -0.35870097 -0.44276627
v -0.78000822 -0.26194837 -0.56783523
v -0.75616970 -0.24227988 -0.48102235
v -0.74461659 -0.39464667 -0.47985084
v -0.77021603 -0.36449147 -0.62502992
v -0.76083009 -0.35829781 -0.58717897
v -0.77455448 -0.29465667 -0.44628655
v -0.74705814 -0.24212908 -0.54610353
v -0.74726685 -0.22133130 -0.54340465
v -0.74978522 -0.37139147 -0.60417941
v -0.76148703 -0.37103954 -0.45335810
v -0.73631938 -0.28712711 -0.58074059
v -0.74497038 -0.40626255 -0.52058624
v -0.74783955 -0.40213481 -0.58759293
v -0.73201803 -0.36469251 -0.48167362
v -0.74186017 -0.26892356 -0.45359116
v -0.74434930 -0.21805355 -0.49833252
v -0.73803235 -0.37459724 -0.49316032
v -0.74142713 -0.36707450 -0.58388150
v -0.73308596 -0.36656486 -0.53528734
v -0.73158555 -0.36267822 -0.44821141
v -0.73695279 -0.29905280 -0.58417922
v -0.73412018 -0.25748783 -0.56357339
v -0.73352516 -0.23828762 -0.51363279
v -0.73387567 -0.39252606 -0.54048690
v -0.73750714 -0.31242805 -0.44588833
v -0.72108553 -0.29393622 -0.56811820
v -0.73172570 -0.24293990 -0.48747657
v -0.72512371 -0.34580390 -0.54084925
v -0.72576753 -0.35868152 -0.57545040
v -0.71772814 -0.33203718 -0.55299807
v -0.72729651 -0.34768194 -0.48747524
v -0.72730409 -0.33046391 -0.46695808
v -0.72615757 -0.29767536 -0.45409655
v -0.71924870 -0.26160001 -0.55565474
v -0.68423492 -0.22727205 -0.49269540
v -0.66946402 -0.33261299 -0.51219730
v -0.66606241 -0.32870312 -0.48053689
v -0.66464637 -0.28222689 -0.44652822
v -0.71544276 -0.24168625 -0.53189078
v -0.63650147 -0.30890543 -0.45885228
v -0.66920114 -0.27784582 -0.55865281
v -0.72487425 -0.26407818 -0.46157886
v -0.64531353 -0.31697446 -0.53387142
v -0.66135192 -0.30385226 -0.55162045
v -0.65425267 -0.25468474 -0.55122320
v -0.61951642 -0.22088584 -0.45793669
v -0.61596993 -0.31625899 -0.51209738
v -0.55696984 -0.28293093 -0.52657396
v -0.60144177 -0.27031737 -0.54549561
v -0.60563396 -0.24045254 -0.43781259
v -0.60385554 -0.28237714 -0.44216257
v -0.64284705 -0.23524580 -0.53776882
v -0.62572064 -0.21658986 -0.51784712
v -0.53122126 -0.23745725 -0.42445576
v -0.64281072 -0.21625047 -0.50596813
v -0.53913750 -0.19097399 -0.45579471
v -0.58426691 -0.23625148 -0.53969386
v -0.59196220 -0.31026586 -0.48181024
v -0.51598631 -0.24928598 -0.53102181
v -0.53956114 -0.20644568 -0.43590745
v -0.46199886 -0.27216668 -0.48015621
v -0.53751317 -0.19000790 -0.49899372
v -0.55576280 -0.20251998 -0.51618124
v -0.52672870 -0.18269025 -0.47502257
v -0.46501793 -0.27229221 -0.46137352
v -0.52519196 -0.26569325 -0.43467392
v -0.52192239 -0.21344701 -0.52912819
v -0.50264368 -0.27473197 -0.44727696
v -0.45840790 -0.19564368 -0.41502871
v -0.42752155 -0.15807186 -0.48030709
v -0.46579016 -0.22625522 -0.41453446
v -0.50906605 -0.23177647 -0.53157866
v -0.48108602 -0.19685276 -0.51947548
v -0.47892283 -0.27209771 -0.49944949
v -0.42720522 -0.19538548 -0.51772920
v -0.44868952 -0.17450492 -0.50204603
v -0.41420001 -0.22208846 -0.51596213
v -0.40991677 -0.17258135 -0.50439293
v -0.43064619 -0.23227450 -0.41361352
v -0.40864093 -0.16940672 -0.41226749
v -0.39816432 -0.15557039 -0.42228140
v -0.33625451 -0.21277605 -0.40496764
v -0.36743000 -0.20087726 -0.51017757
v -0.38593324 -0.18978477 -0.39964077
v -0.39757925 -0.24798423 -0.43387443
v -0.40885755 -0.23492452 -0.50857418
v -0.35561728 -0.20122778 -0.39824919
v -0.36582827 -0.15386222 -0.49257003
v -0.42596099 -0.15370032 -0.45250283
v -0.34816415 -0.22969043 -0.48726005
v -0.30184848 -0.14771026 -0.49181368
v -0.36099234 -0.17952442 -0.50764577
v -0.35198733 -0.24144812 -0.45746681
v -0.27730808 -0.21365829 -0.42065132
v -0.31720380 -0.12898329 -0.47150238
v -0.29454408 -0.22268212 -0.45283692
v -0.29556244 -0.18361776 -0.38747800
v -0.29136027 -0.17242255 -0.49630327
v -0.32401868 -0.15401068 -0.39210597
v -0.32782707 -0.12636572 -0.42411815
v -0.30148951 -0.19809880 -0.49151179
v -0.30471758 -0.11671763 -0.44440332
v -0.26528279 -0.13958727 -0.37780569
v -0.25974904 -0.11171814 -0.39705822
v -0.28784861 -0.21099700 -0.47477601
v -0.25159916 -0.17627806 -0.38219639
v -0.24314212 -0.18650918 -0.35677570
v -0.25718335 -0.15936397 -0.35636558
v -0.23839521 -0.14261039 -0.48532732
v -0.23306149 -0.07969486 -0.39243889
v -0.23580470 -0.18950930 -0.39179260
v -0.25201252 -0.09952494 -0.35773844
v -0.24535400 -0.10336904 -0.45049646
v -0.20450168 -0.19787635 -0.44028759
v -0.24554188 -0.11752825 -0.47391846
v -0.22179003 -0.09124411 -0.40718719
v -0.22567888 -0.19902550 -0.35490685
v -0.22374958 -0.17142766 -0.48107443
v -0.21480060 -0.18685294 -0.46880630
v -0.21773381 -0.19189563 -0.34522029
v -0.22864493 -0.15476437 -0.34750131
v -0.23897041 -0.12947298 -0.35030568
v -0.21706070 -0.15611835 -0.33225279
v -0.22598412 -0.11396279 -0.49672892
v -0.23069263 -0.08743659 -0.46185850
v -0.21649682 -0.07500707 -0.46543190
v -0.21572532 -0.19986846 -0.41001470
v -0.21546207 -0.15788118 -0.49813642
v -0.21668582 -0.11304525 -0.49755540
v -0.21702943 -0.09061413 -0.42426273
v -0.22232087 -0.08368661 -0.42685061
v -0.21318987 -0.09219821 -0.44214497
v -0.22646856 -0.07229116 -0.35156671
v -0.21462445 -0.06649257 -0.41145023
v -0.20809342 -0.16940556 -0.34181641
v -0.20506666 -0.13219891 -0.49433153
v -0.19770252 -0.10870699 -0.49333258
v -0.21605266 -0.10197940 -0.33597004
v -0.21093310 -0.08978319 -0.49506875
v -0.19723436 -0.20131090 -0.34729075
v -0.22176368 -0.11588915 -0.33100191
v -0.19466992 -0.06574322 -0.47813947
v -0.20175395 -0.06238322 -0.34602449
v -0.20009044 -0.08706067 -0.33921276
v -0.18287204 -0.05739027 -0.40991432
v -0.19072130 -0.16117881 -0.49686207
v -0.19640796 -0.13481158 -0.51341463
v -0.17705082 -0.14109333 -0.32022074
v -0.19341108 -0.18907357 -0.49639183
v -0.16891922 -0.18910321 -0.33859631
v -0.17552807 -0.18380597 -0.33410865
v -0.17556170 -0.16262676 -0.33164725
v -0.18379712 -0.10095848 -0.32458573
v -0.16772252 -0.20585779 -0.40548849
v -0.16629241 -0.19776958 -0.36341768
v -0.17569454 -0.05677313 -0.37259542
v -0.17100322 -0.05833589 -0.44613950
v -0.14777594 -0.20031291 -0.48096852
v -0.18188666 -0.20160679 -0.48155166
v -0.17511977 -0.20569550 -0.43565245
v -0.15399184 -0.15245848 -0.33253480
v -0.15822637 -0.11414577 -0.33200153
v -0.16312287 -0.07096069 -0.34551960
v -0.16457375 -0.03554597 -0.37326613
v -0.15724239 -0.03732096 -0.45870322
v -0.15445606 -0.35743080 -0.31911860
v -0.15466775 -0.33273419 -0.34098884
v -0.18163623 -0.10325632 -0.51038231
v -0.17489620 -0.09161110 -0.49293183
v -0.17793726 -0.03017009 -0.41692791
v -0.14752029 -0.35785709 -0.36825576
v -0.14559404 -0.35834252 -0.27737542
v -0.13981222 -0.33780511 -0.39074129
v -0.13964088 -0.31832679 -0.36925266
v -0.16767663 -0.15960504 -0.50724819
v -0.14037911 -0.12258356 -0.49919531
v -0.14372041 -0.36172120 -0.35839148
v -0.15156804 -0.32763361 -0.29977475
v -0.12966900 -0.19790208 -0.46815685
v -0.14369807 -0.17601168 -0.36376138
v -0.14437826 -0.16634128 -0.34850035
v -0.14076335 -0.12892999 -0.34775370
v -0.14217537 -0.06794338 -0.34937415
v -0.15334232 -0.06589109 -0.48309103
v -0.12785716 -0.05838496 -0.37592375
v -0.15075617 -0.05601567 -0.46318282
v -0.13825432 -0.06002489 -0.34106863
v -0.14359247 -0.03043344 -0.38208703
v -0.13073958 -0.02782299 -0.42740156
v -0.13124914 -0.39750146 0.52016220
v -0.13224940 -0.39178934 0.58260870
v -0.13060588 -0.36617426 0.51436580
v -0.13412907 -0.36600925 0.54391006
v -0.13503574 -0.35984127 -0.39537046
v -0.14339480 -0.36162732 -0.28808008
v -0.13375317 -0.33243480 -0.25156703
v -0.12670269 -0.18989232 -0.42978893
v -0.12524738 -0.17508122 -0.35773540
v -0.12724647 -0.16629123 -0.34398913
v -0.12258335 -0.10386469 -0.47460916
v -0.13347779 -0.06136227 -0.29115921
v -0.13979166 -0.02891126 -0.33553679
v -0.13104138 -0.02637641 -0.28111582
v -0.13094156 -0.01989988 -0.33507271
v -0.13068745 0.23648677 -0.38118203
v -0.12355441 -0.40511433 0.57310634
v -0.11766512 -0.36058909 -0.23395254
v -0.11898966 -0.36044288 -0.42112749
v -0.11981408 -0.31545194 -0.39451585
v -0.13625200 -0.31536253 -0.28777425
v -0.12683207 -0.19527409 -0.33480883
v -0.12492400 -0.17467745 -0.39838207
v -0.11397820 -0.15410206 -0.34476469
v -0.14118763 -0.16352888 -0.48443841
v -0.11927477 -0.06107427 -0.25503757
v -0.11843752 -0.06654448 -0.44875375
v -0.11515470 -0.03821441 -0.44201457
v -0.11351634 -0.02540869 -0.24400871
v -0.12712789 -0.02219004 -0.37485451
v -0.12173578 0.23565266 -0.38822525
v -0.12253926 0.23749425 -0.37699468
v -0.11211691 -0.39604995 0.61865957
v -0.10427448 -0.36295804 0.46724383
v -0.11666112 -0.35962294 0.51991729
v -0.10657329 -0.31516169 -0.34143602
v -0.12043284 -0.19985021 -0.30746013
v -0.11900539 -0.19246744 -0.27753852
v -0.11638952 -0.16491118 -0.27401628
v -0.11247997 -0.08098362 -0.46613484
v -0.11373249 -0.06725008 -0.34533004
v -0.10856233 -0.06703934 -0.28787903
v -0.12386209 -0.03085268 -0.39586933
v -0.11225492 -0.02164443 -0.40192741
v -0.11802529 -0.02034807 -0.26533703
v -0.11572452 0.27498566 -0.38033443
v -0.11851931 -0.40563177 0.51321815
v -0.11612347 -0.40709172 0.57158549
v -0.09653688 -0.40555772 0.46809920
v -0.11346252 -0.39493497 0.47645385
v -0.09425635 -0.36004715 -0.44112666
v -0.12054692 -0.32651947 -0.41428171
v -0.10411003 -0.32825936 -0.21657707
v -0.10766109 -0.19919805 -0.26842991
v -0.11445381 -0.18924534 -0.46668406
v -0.11162255 -0.15443494 -0.30055207
v -0.11025473 0.25326557 -0.37669672
v -0.10990773 0.26968679 -0.38818449
v -0.10437451 0.29450072 -0.38924388
v -0.10158496 -0.36935456 0.45689944
v -0.11416929 -0.31537549 -0.24720178
v -0.10689518 -0.20130845 -0.33113145
v -0.10131241 -0.17558477 -0.40835122
v -0.11041664 -0.17089486 -0.42632950
v -0.08910453 -0.15791674 -0.09496192
v -0.09561442 -0.15385741 -0.26235174
v -0.10731840 -0.15352175 -0.10213033
v -0.10351716 -0.10055774 -0.14851445
v -0.10650940 -0.10569159 -0.10061612
v -0.10203748 -0.08444305 -0.43707692
v -0.08876465 -0.06782998 -0.24981071
v -0.09022514 -0.06131187 -0.21774540
v -0.09530858 -0.06151723 -0.43025300
v -0.10624064 -0.04621811 -0.41914643
v -0.09303487 -0.02081362 -0.42313251
v -0.09604698 0.33189913 -0.39035452
v -0.10419345 0.30756779 -0.37917030
v -0.09940083 -0.36432375 0.63605004
v -0.09405359 -0.31522776 -0.27811422
v -0.08853754 -0.20757649 -0.32646042
v -0.08886550 -0.16445289 -0.42098874
v -0.09933446 -0.16619602 -0.44553984
v -0.09558735 -0.14621765 -0.42133847
v -0.08780936 -0.16448472 -0.23215096
v -0.09134365 -0.14012542 -0.45439793
v -0.08479091 -0.15393570 -0.41317159
v -0.10372858 -0.14274169 -0.15696989
v -0.09178669 -0.11185457 -0.45506297
v -0.08830707 -0.10610605 -0.08935572
v -0.08787862 -0.10228783 -0.15688188
v -0.09388820 -0.09729655 -0.41996709
v -0.08182146 -0.06830626 -0.41492535
v -0.09542830 -0.01888388 -0.29318834
v -0.09142195 0.05949205 -0.33636020
v -0.09702684 0.07056016 -0.32213734
v -0.08743972 0.08329876 -0.35719659
v -0.08063583 0.29851453 -0.39096469
v -0.09415806 0.33051909 -0.38009572
v -0.12004365 -0.36164604 0.59904781
v -0.08429852 -0.31572744 -0.43437100
v -0.09054536 -0.30309651 -0.35398829
v -0.08131406 -0.29394071 -0.29939351
v -0.08568811 -0.29320606 -0.33613065
v -0.08531280 -0.27924103 -0.32580763
v -0.08507767 -0.21626401 -0.33021114
v -0.08128686 -0.20785272 -0.35705095
v -0.04975538 -0.19872502 -0.21008563
v -0.08437889 -0.19550641 -0.13466479
v -0.08453867 -0.18084906 -0.15664221
v -0.08982025 -0.17156403 -0.12730450
v -0.08955885 -0.14753981 -0.15924714
v -0.08368532 -0.13712061 -0.17719606
v -0.08269545 -0.13291302 -0.06513424
v -0.08915054 -0.08517892 -0.12742754
v -0.08347182 -0.06611406 -0.11684450
v -0.07254273 -0.01929448 -0.25342858
v -0.08624813 -0.01050844 -0.36089933
v -0.08773671 -0.00166334 -0.29486666
v -0.06426451 -0.01211595 -0.25509719
v -0.09278964 -0.01054032 -0.32778196
v -0.08483074 0.05883351 -0.28701343
v -0.07719039 0.12980497 -0.38080270
v -0.08432508 0.14549877 -0.41177556
v -0.08538129 0.18187361 -0.41621894
v -0.08498087 0.18336764 -0.33078393
v -0.09558329 0.22629487 -0.38105057
v -0.09456615 -0.40510368 0.62747418
v -0.08435492 -0.39569695 0.65065267
v -0.05546267 -0.31573278 -0.19827444
v -0.08061636 -0.29282213 -0.35413029
v -0.07894909 -0.21572896 -0.29515278
v -0.10680742 -0.19833594 -0.39048596
v -0.08477911 -0.19537493 -0.22936911
v -0.08449292 -0.18663440 -0.09154917
v -0.07385523 -0.19216194 -0.15785432
v -0.07024007 -0.15443996 -0.18561658
v -0.05390912 -0.15313958 -0.21719375
v -0.07500085 -0.13502204 -0.05715384
v -0.07076958 -0.11061816 -0.18577986
v -0.08134956 -0.07439553 -0.15800908
v -0.08129263 -0.08395812 -0.08021156
v -0.05524873 -0.06713794 -0.21756413
v -0.07229405 -0.02053926 -0.21070853
v -0.09701213 -0.01943214 -0.36880347
v -0.06785929 -0.01422558 -0.39078546
v -0.07591491 0.05796199 -0.37937919
v -0.08929105 0.07192615 -0.36583766
v -0.07517538 0.09759466 -0.41885822
v -0.07478991 0.09783979 -0.24731381
v -0.06820465 0.09160584 -0.37894514
v -0.07979520 0.11250836 -0.20600955
v -0.07797603 0.12242692 -0.45102358
v -0.08356626 0.14374459 -0.25054959
v -0.08359273 0.12580246 -0.22229790
v -0.07582723 0.15592415 -0.20497298
v -0.07427585 0.17066200 -0.41950000
v -0.07845548 0.18659525 -0.43119278
v -0.08151516 0.18492663 -0.23606452
v -0.08050728 0.20363064 -0.29002423
v -0.07051409 0.22342144 -0.26985419
v -0.07480419 0.21611063 -0.38117588
v -0.07403579 -0.36714660 0.43098358
v -0.07345032 -0.36270781 0.41242163
v -0.08384109 -0.36898740 0.65315448
v -0.11956545 -0.36213901 -0.40219535
v -0.04432759 -0.35987723 0.65824993
v -0.07037929 -0.35540335 0.45443734
v -0.08394074 -0.33032847 -0.44949632
v -0.06662574 -0.30857219 0.40200595
v -0.07462767 -0.31346763 0.45187239
v -0.07392284 -0.31006521 0.41296969
v -0.06899693 -0.28490579 0.41292824
v -0.07194756 -0.21577985 -0.37085451
v -0.08103788 -0.19734060 -0.42570873
v -0.05185148 -0.16215207 -0.44629703
v -0.07503201 -0.17888662 -0.07329967
v -0.04857883 -0.15384705 -0.43605572
v -0.04423333 -0.06876085 -0.43872124
v -0.07206152 -0.10626985 -0.06138415
v -0.06665087 -0.05846822 -0.11861559
v -0.06797624 -0.03108839 -0.19929741
v -0.06124117 0.06048775 -0.25481149
v -0.07924272 0.07272372 -0.26880787
v -0.08152163 0.08493675 -0.29067011
v -0.07279023 0.10847436 -0.26726241
v -0.07533926 0.13859459 -0.27013241
v -0.07808846 0.14835346 -0.45135501
v -0.06663839 0.16611626 -0.38127652
v -0.06504450 0.17486633 -0.22690912
v -0.07612254 0.17565961 -0.38325713
v -0.07440683 0.17546581 -0.25368734
v -0.07153237 0.17082278 -0.24418070
v -0.06665541 0.21921293 -0.27964189
v -0.06683812 0.21881502 -0.37332167
v -0.06680789 0.22878595 -0.38858451
v -0.06529101 0.22621638 -0.37863432
v -0.05737228 0.24219445 -0.38718431
v -0.05656396 0.27557644 -0.38996771
v -0.05170727 0.37052851 -0.37963780
v -0.04802552 -0.40648577 0.65796053
v -0.07042665 -0.36057742 -0.45641937
v -0.04638559 -0.35527695 0.46657193
v -0.04786525 -0.32073311 -0.45933795
v -0.06408507 -0.30621447 0.46654515
v -0.06331834 -0.32757782 0.49108730
v -0.06170029 -0.30290450 0.39576544
v -0.07143001 -0.29242906 0.45379407
v -0.05932888 -0.27134759 0.34719321
v -0.06039801 -0.27263921 0.45820818
v -0.06318284 -0.29404485 -0.38227363
v -0.07194415 -0.20905569 -0.28067461
v -0.04762048 -0.20973478 -0.25616577
v -0.07549988 -0.20192978 -0.39506088
v -0.05952909 -0.17133328 -0.02561872
v -0.06124127 -0.16079500 -0.05722947
v -0.05081988 -0.11453473 -0.05044590
v -0.06193842 -0.06347812 -0.15291002
v -0.07859615 -0.02752927 -0.44541219
v -0.04983196 -0.02092726 -0.19595339
v -0.05596522 0.07980057 -0.24722684
v -0.05580334 0.07872439 -0.40616911
v -0.05811556 0.08836184 -0.34860098
v -0.06529188 0.08869778 -0.27489193
v -0.06244860 0.09188966 -0.20589246
v -0.04959615 0.08994166 -0.36751618
v -0.04967933 0.10524196 -0.45832256
v -0.06423211 0.11902801 -0.36903691
v -0.06545048 0.12307280 -0.28690812
v -0.05908250 0.14186342 -0.19185340
v -0.06130452 0.15559020 -0.37114514
v -0.06202844 0.15089738 -0.28627768
v -0.06221050 0.17165750 -0.45241264
v -0.04992911 0.16990966 -0.37099391
v -0.05867734 0.17482672 -0.36547484
v -0.05927591 0.17453603 -0.28766793
v -0.06258944 0.17082059 -0.27322836
v -0.05634853 0.18254124 -0.43749921
v -0.05227753 0.21647752 -0.37331203
v -0.07856140 0.20717229 -0.41015967
v -0.06208208 0.25079650 -0.40615841
v -0.06389721 0.24036287 -0.42911057
v -0.04406344 -0.39088308 0.67338905
v -0.08217568 -0.39362513 0.43729691
v -0.05364410 -0.37226173 0.41790022
v -0.06914761 -0.36227007 0.40250094
v -0.02606113 -0.35428741 0.39489735
v -0.04425693 -0.33289498 0.38784372
v -0.04352122 -0.32324220 0.51533987
v -0.05515025 -0.31467972 -0.40992661
v -0.08097324 -0.31416754 -0.38824396
v -0.05325288 -0.30035955 0.33090955
v -0.05984702 -0.29605587 -0.26399010
v -0.06272700 -0.29628426 0.49131382
v -0.05297836 -0.26629586 0.39922791
v -0.04677495 -0.28233909 0.46757681
v -0.06002278 -0.25658172 0.28050715
v -0.03423516 -0.26203686 0.47434045
v -0.05554590 -0.25715135 0.22018550
v -0.05599318 -0.23970670 0.16423666
v -0.05880392 -0.23038119 0.20570188
v -0.05431645 -0.22125462 0.24949453
v -0.05516793 -0.19654089 0.01558967
v -0.05879335 -0.20392138 0.12966116
v -0.05681062 -0.20064015 0.15611826
v -0.03593100 -0.20703489 -0.40333152
v -0.07616816 -0.20232023 -0.12808966
v -0.05438603 -0.19418803 -0.20641582
v -0.06795704 -0.19711010 -0.09400857
v -0.05787912 -0.20888708 0.08808163
v -0.05788831 -0.19673732 -0.44189531
v -0.05854803 -0.17568907 0.05032115
v -0.05007284 -0.17918635 -0.06899242
v -0.05654564 -0.17986410 -0.17608475
v -0.04862715 -0.18359704 0.15656450
v -0.05684708 -0.16504651 -0.20855873
v -0.05269771 -0.15703661 0.04691740
v -0.05487108 -0.14688392 -0.18966928
v -0.05986393 -0.13744366 -0.04831341
v -0.05581601 -0.09063917 -0.18346006
v -0.06036074 -0.07052584 -0.08869957
v -0.05387853 -0.06345055 -0.19273366
v -0.05484054 -0.04937373 -0.09502503
v -0.06472655 -0.06061374 -0.45336080
v -0.06137464 -0.02073516 -0.44665163
v -0.05724848 0.08668063 -0.29078102
v -0.05714883 0.09903641 -0.32115582
v -0.04873520 0.09032730 -0.28609912
v -0.04997337 0.13536579 -0.47277179
v -0.04480601 0.18369253 -0.20564305
v -0.05308565 0.21721852 -0.27963041
v -0.04783377 0.22395557 -0.38398846
v -0.05248908 0.24234530 -0.43543556
v -0.04993956 0.27883004 -0.26908897
v -0.05443264 0.26941490 -0.22984382
v -0.05068162 0.28039891 -0.42928220
v -0.04622757 0.28266006 -0.38183718
v -0.05389601 0.35949310 -0.26463470
v -0.07428340 -0.35822671 -0.19598812
v -0.04521590 -0.35822465 0.59341864
v -0.06058703 -0.33709200 -0.18734146
v -0.05899603 -0.31483710 -0.24265586
v -0.01261239 -0.29273536 -0.24339937
v -0.04906943 -0.28641549 0.27199796
v -0.03784469 -0.27133755 0.18820742
v -0.04352502 -0.25568222 0.46033960
v -0.04586537 -0.23338219 0.08963948
v -0.05563847 -0.21001195 -0.38818051
v -0.04088665 -0.21133796 0.00429331
v -0.04610022 -0.22349778 0.43829360
v -0.04961634 -0.19950864 -0.14952516
v -0.04269169 -0.12637569 -0.00280444
v -0.04195489 -0.08034003 -0.07226610
v -0.04673219 -0.06871253 -0.07358961
v -0.05101918 -0.05981035 -0.15560541
v -0.05531178 -0.04239285 -0.13384870
v -0.02046513 -0.02802173 -0.46730832
v -0.03790960 0.07125269 -0.23902908
v -0.04976491 0.16929306 -0.28599184
v -0.04585692 0.19312985 -0.43832228
v -0.04517487 0.20873593 -0.28055825
v -0.04810531 0.22519574 -0.22456286
v -0.04651152 0.21234486 -0.38760715
v -0.06026917 0.24583881 -0.37508035
v -0.04538866 0.22129311 -0.27412626
v -0.03847864 0.29495439 -0.41578934
v -0.06500889 0.35784863 -0.39068035
v 0.13619478 -0.36213206 -0.37408043
v -0.04356560 -0.34958085 0.58007901
v -0.03276513 -0.35740541 0.59994071
v -0.03483721 -0.33841310 0.50824604
v -0.04070954 -0.31326910 0.56131322
v -0.03758637 -0.29468991 -0.39872886
v -0.04329664 -0.28315940 0.50898884
v -0.03597201 -0.27219731 0.52281642
v -0.04227710 -0.28976846 0.54458887
v -0.02734667 -0.24143477 0.07459010
v -0.04126852 -0.24483223 0.42145119
v -0.04806673 -0.22667764 0.45862017
v -0.02876596 -0.21653355 -0.40140480
v -0.04163976 -0.21764137 0.28908126
v -0.02791027 -0.22297962 0.48571406
v -0.02547786 -0.19572403 -0.09336400
v -0.03517241 -0.19960669 -0.21914147
v -0.02843232 -0.20361789 0.27381096
v -0.03806177 -0.15184061 0.08689258
v -0.02451933 -0.08436664 -0.08339181
v -0.02367256 -0.05984497 -0.17876834
v -0.00858358 -0.02074967 -0.46103365
v -0.05698072 0.08785818 -0.44952155
v -0.03347326 0.11149223 -0.47327537
v -0.01577457 0.15304559 -0.47370222
v -0.04865911 0.16133537 -0.46013380
v -0.00512711 0.14355766 -0.18122058
v -0.03694370 0.18670572 -0.44840537
v -0.03444464 0.18871910 -0.24521778
v -0.03155478 0.22585246 -0.22889523
v -0.03522173 0.22121840 -0.27355686
v -0.03283937 0.22723265 -0.28861488
v -0.04195945 0.27429816 -0.22443153
v -0.03929607 0.29475624 -0.26825566
v -0.04701292 0.32941657 -0.26376161
v -0.04277993 0.38809208 -0.39192728
v -0.03218900 -0.39725135 0.41266676
v -0.05260270 -0.36136654 -0.18749322
v -0.04829493 -0.35733288 0.51709744
v -0.04757300 -0.35689389 0.50226522
v -0.02446918 -0.31607927 -0.45831608
v -0.02560047 -0.31484662 -0.42216343
v -0.02143798 -0.28628957 -0.40389191
v -0.03500216 -0.21726302 0.46772870
v -0.03193733 -0.17022456 0.15700765
v -0.01344273 -0.02823939 -0.18305936
v -0.03703036 -0.01544082 -0.41400442
v -0.02546938 -0.00970382 -0.23347231
v -0.03676880 0.10915844 -0.18398987
v -0.03668000 0.19015724 -0.43006524
v -0.03943417 0.18887847 -0.22670184
v -0.01385573 0.18866837 -0.30037158
v -0.03355637 0.19412780 -0.40536187
v -0.03540146 0.21093172 -0.26032632
v -0.02914388 0.23733929 -0.39442245
v -0.03333824 0.22122261 -0.43404047
v -0.02683414 0.27650607 -0.43577389
v -0.03278931 0.29410369 -0.23504822
v -0.00970890 0.34128106 -0.27085687
v -0.04685565 0.33221615 -0.25291885
v -0.04151091 0.36682022 -0.28351700
v -0.03249219 0.39701833 -0.38714414
v -0.01227060 -0.36096189 -0.47084781
v -0.02015491 -0.36691332 0.67705772
v -0.03300167 -0.33949369 -0.47086662
v -0.02292244 -0.31449789 -0.22752552
v -0.02692926 -0.31425073 0.29744359
v -0.00580659 -0.25886018 0.48378501
v -0.03322830 -0.24458831 0.39822310
v -0.01064301 -0.20980890 -0.24225870
v -0.01604493 -0.19678918 -0.07887379
v -0.02767562 -0.19407407 -0.07673409
v -0.00482956 -0.19967099 -0.44112684
v -0.01260265 -0.16526999 0.16149111
v -0.02050126 -0.11841312 0.01128447
v 0.04466434 -0.04225271 -0.13425121
v 0.01788613 -0.01889203 -0.42829168
v -0.03173996 0.06592808 -0.41221088
v -0.02701323 0.08101152 -0.21085313
v -0.03150239 0.17873982 -0.45347220
v -0.02786950 0.20647381 -0.39504676
v -0.01791962 0.24072759 -0.38842736
v -0.02091530 0.26447465 -0.43265134
v -0.02048895 0.26786296 -0.38840456
v -0.01374515 0.28877445 -0.41374651
v -0.02940351 0.25868509 -0.27186647
v -0.01829325 0.26608986 -0.26016936
v -0.02412634 0.29153060 -0.38892378
v -0.02736165 0.31525630 -0.26616690
v -0.04111914 0.29299756 -0.39185380
v -0.01563479 0.36599251 -0.38934617
v -0.04049091 -0.34935595 0.50136974
v -0.00500642 -0.34828330 0.38754618
v -0.02013691 -0.23544729 0.40578957
v -0.03020108 -0.21783529 0.41832581
v 0.02062145 -0.21490808 0.42725683
v -0.00046939 -0.05073773 -0.18291555
v -0.01913989 -0.01855635 -0.21914128
v -0.03685946 0.16780204 -0.19516545
v -0.01692955 0.18843413 -0.37428037
v -0.01149757 0.18791410 -0.44194144
v -0.01221082 0.18725876 -0.40721015
v 0.00206990 0.18937799 -0.38367357
v -0.01027850 0.18771209 -0.21639813
v -0.04103984 0.20250739 -0.38738370
v -0.02342943 0.22537897 -0.37900937
v -0.01826303 0.22023697 -0.28630431
v -0.00871191 0.29574017 -0.25483028
v -0.02189677 0.28133186 -0.22459081
v -0.03340539 0.30798906 -0.27619604
v -0.02909813 0.37600061 -0.38028950
v -0.04778304 -0.40711917 0.43130078
v 0.01545811 -0.40734846 0.66382884
v 0.04143486 -0.35765885 0.50672657
v -0.02188011 -0.34142113 -0.17702352
v -0.00834118 -0.25320276 0.09640814
v 0.01173767 -0.22510831 0.49129477
v -0.01531939 -0.24588235 0.48926489
v -0.00400355 -0.23583742 0.39609258
v -0.00362296 -0.19293450 0.25628089
v -0.00584854 -0.15289873 -0.44567618
v -0.00047302 -0.12700674 0.04322000
v -0.00517297 -0.08748427 -0.07370587
v 0.01618242 -0.07172477 -0.07595068
v 0.04194007 -0.04774025 -0.09689692
v -0.01060165 -0.00906233 -0.41794071
v -0.00095051 0.06698397 -0.41771045
v -0.01672472 0.08745280 -0.44883924
v -0.00597749 0.18440987 -0.24959306
v -0.03092893 0.20704434 -0.26685533
v -0.00750724 0.27048258 -0.27759253
v -0.01871419 0.28292025 -0.28802615
v -0.00911385 -0.37291321 0.40442017
v -0.04164989 -0.34950045 0.52034805
v 0.02485513 -0.35765427 0.60039768
v 0.02897968 -0.27644392 0.53220387
v 0.01580859 -0.25648526 0.48006177
v -0.00414705 -0.21552837 -0.40586611
v 0.00765373 -0.22031674 0.40937313
v 0.00590194 -0.20722908 -0.41017384
v -0.01264821 -0.19495139 -0.45556594
v 0.00797535 -0.14139677 0.08247911
v 0.01829343 -0.08379994 -0.08493150
v -0.00165717 -0.05642967 -0.46860561
v -0.00530474 -0.06398113 -0.45904839
v -0.00081410 0.10881285 -0.19248386
v -0.00989762 0.18986341 -0.28247927
v 0.00797795 0.18001225 -0.25861622
v 0.01477154 0.19207657 -0.41242138
v 0.00383742 0.19367410 -0.28587381
v -0.00545302 0.27024890 -0.26385304
v -0.00635999 0.29023726 -0.27217973
v 0.00371849 0.31026548 -0.25007765
v -0.00291174 0.31231374 -0.26206373
v -0.00122879 0.38568611 -0.39296539
v 0.04096962 -0.31602870 -0.45415838
v -0.00316902 -0.29310101 -0.40619838
v -0.00332482 -0.30542931 0.25728508
v 0.02268749 -0.26160011 0.48458167
v 0.01467084 -0.25706161 0.11892065
v 0.01516727 -0.21253759 0.30805131
v 0.00332416 -0.21666273 0.48351486
v 0.00696018 -0.19383776 -0.09108898
v -0.00575494 -0.16372197 -0.45583349
v 0.00531001 0.08468381 -0.36734762
v -0.00091451 0.12121567 -0.46913983
v 0.00166999 0.16672695 -0.20455603
v 0.00401725 0.18108114 -0.39814026
v 0.01054994 0.18347996 -0.24749937
v 0.00418095 0.19149679 -0.29598168
v 0.01363474 0.24646741 -0.27646823
v 0.00277348 0.26944982 -0.27105326
v -0.00021065 0.26858692 -0.37048785
v 0.02655982 0.25301271 -0.28863470
v 0.03978887 0.27894105 -0.26318330
v 0.02515157 0.31526307 -0.27143063
v 0.00120292 0.32427205 -0.26327639
v 0.00058841 0.35522027 -0.38490562
v -0.00243643 -0.39477588 0.67840252
v 0.01268066 -0.37167882 0.40412457
v 0.03137408 -0.36532987 0.67347821
v 0.04474406 -0.36199726 -0.45615331
v 0.02882798 -0.35239792 0.52019612
v 0.02978242 -0.33940140 0.39064170
v 0.00493532 -0.32747826 -0.47079649
v 0.02738478 -0.29397455 -0.40005892
v 0.02364482 -0.30104174 0.26847640
v 0.02107776 -0.24227970 0.39695438
v 0.01431263 -0.23639345 0.40635645
v 0.03693843 -0.21922355 0.46463277
v -0.00231635 -0.19943461 -0.11241493
v 0.02250590 -0.12881144 0.02625645
v 0.01525481 -0.09531627 -0.06043908
v 0.01940108 -0.00781592 -0.41480347
v 0.01996939 -0.01294389 -0.23207931
v 0.00343669 0.06622144 -0.23028988
v 0.00096817 0.07243356 -0.43570105
v 0.00740499 0.08791034 -0.28087833
v 0.02036073 0.10929910 -0.36631116
v 0.01320329 0.08585761 -0.28914311
v 0.02803731 0.12351082 -0.27979093
v 0.02180242 0.12069215 -0.20981962
v 0.01596906 0.11942906 -0.45028389
v 0.02400022 0.18223753 -0.29439286
v -0.01325585 0.23090735 -0.29755231
v 0.02302787 0.23178977 -0.26225822
v 0.04512968 0.34759124 -0.27910001
v 0.00943446 0.33290043 -0.36979650
v 0.00139650 0.34176182 -0.25578135
v 0.04726319 -0.39658897 0.66792141
v 0.03025258 -0.35968677 0.65910611
v 0.03220634 -0.33005081 -0.18038195
v 0.02533722 -0.33859864 0.50821152
v -0.01631015 -0.32101304 -0.18174425
v 0.01708180 -0.32634623 0.32973568
v 0.02790761 -0.31438135 -0.42001963
v 0.02280818 -0.31413904 -0.23012497
v 0.03435691 -0.26854802 0.47244193
v 0.03421261 -0.22402737 0.42860501
v 0.01921516 -0.21659209 -0.00451510
v 0.03936612 -0.19762844 -0.44652391
v 0.03556553 -0.19853402 -0.20428441
v 0.02890154 -0.19490299 -0.08689886
v 0.02048334 -0.17382211 0.17404544
v 0.03541017 -0.08183799 -0.07145191
v 0.03932917 -0.06990023 -0.07245553
v 0.02441614 -0.02073989 -0.19002612
v 0.02899775 0.07873454 -0.41457249
v 0.03192760 0.08403847 -0.36808682
v 0.02062937 0.09380249 -0.35995048
v 0.02932402 0.10065853 -0.26986137
v 0.03006740 0.12489887 -0.29170495
v 0.02064682 0.15781151 -0.37236953
v 0.01639992 0.17095613 -0.28115737
v 0.01602349 0.16389188 -0.29740322
v 0.02448959 0.16817074 -0.39213850
v 0.02041010 0.18082245 -0.39355877
v 0.02339434 0.17434356 -0.27907131
v 0.03395158 0.18495748 -0.20975847
v 0.05101133 0.19748098 -0.42101967
v 0.03228579 0.20638465 -0.38709957
v 0.04590619 0.24660000 -0.27141804
v 0.01990153 0.28226709 -0.27670622
v 0.01830977 0.37230853 -0.39514146
v 0.01365131 0.37350309 -0.26967763
v 0.02880832 0.37577871 -0.38527963
v 0.02227931 -0.40035906 0.41506515
v 0.03322596 -0.35011713 0.50085928
v 0.04286894 -0.33226799 -0.46526447
v 0.03706570 -0.32519169 0.51427105
v 0.04268716 -0.31501201 -0.19776028
v 0.02485064 -0.29393945 -0.24913977
v 0.03377030 -0.31342749 0.56181919
v 0.02991616 -0.24368369 0.42138602
v 0.03608302 -0.25509756 0.46139964
v 0.03821948 -0.23079181 0.31622094
v 0.03584730 -0.22128741 0.04719700
v 0.04385709 -0.21496646 0.24275612
v 0.02108044 -0.20936590 -0.24704747
v 0.03971115 -0.18073185 -0.06867132
v 0.00132182 -0.07050313 -0.44620856
v 0.04250490 0.09361346 -0.21794408
v 0.02567628 0.09083270 -0.38241603
v 0.02425745 0.12136241 -0.36185572
v 0.03881502 0.12511906 -0.26640333
v 0.03786310 0.13546958 -0.38229550
v 0.03508740 0.15456326 -0.24920106
v 0.02283501 0.18108073 -0.40885236
v 0.03317268 0.18068488 -0.37905636
v 0.01195586 0.19282374 -0.44485396
v 0.01701474 0.27202400 -0.25017352
v 0.04751101 0.30167081 -0.26167926
v 0.02941155 0.32475660 -0.26014641
v 0.01695878 0.37341353 -0.28155184
v 0.05877536 -0.40706291 0.44118822
v 0.03518686 -0.35710802 -0.46771679
v 0.04032754 -0.35764834 0.58488929
v 0.04444752 -0.35541162 0.47824555
v 0.05108989 -0.33244324 0.49689519
v 0.03658461 -0.35212792 0.53166385
v 0.04532360 -0.27917074 0.27132369
v 0.03699761 -0.28319263 0.49870927
v 0.03756487 -0.26110179 0.18294924
v 0.04684224 -0.23325203 0.14459393
v 0.03046932 -0.21551655 -0.39835929
v 0.03193376 -0.20084572 0.23976044
v 0.03841992 -0.17946652 0.14598093
v 0.03874819 -0.19800093 -0.15798090
v 0.03419602 -0.11206035 -0.04464851
v 0.04335678 -0.10738407 -0.19194413
v 0.04205581 -0.06117467 -0.45809794
v 0.04003958 -0.05878641 -0.15227937
v 0.03419193 -0.05894950 -0.18876940
v 0.04252989 0.05899054 -0.24696522
v 0.04092015 0.08595552 -0.39902091
v 0.03028224 0.08418151 -0.28679245
v 0.03864947 0.10396422 -0.25438155
v 0.06135071 0.14553031 -0.36009908
v 0.02913958 0.13438810 -0.33360392
v 0.00459293 0.16254011 -0.45311018
v 0.04217774 0.14012428 -0.40793123
v 0.02374212 0.17203980 -0.38547120
v 0.05808059 0.16964488 -0.28734962
v 0.06007375 0.19517243 -0.28009588
v 0.02057705 0.19280967 -0.23987368
v 0.00698739 0.24019415 -0.37442929
v 0.03412689 0.32295918 -0.25224990
v 0.04872625 0.32536461 -0.26299776
v 0.00522893 0.29503540 -0.38105047
v 0.06086090 -0.37231795 0.42609284
v 0.06232685 -0.36163616 -0.19453295
v 0.01962630 -0.36165292 -0.18060371
v 0.04314961 -0.33511843 0.39802087
v 0.05021111 -0.31416105 -0.40898214
v 0.04490807 -0.30552388 0.34147980
v 0.04052167 -0.28186334 0.47029220
v 0.04917430 -0.30301437 0.50549669
v 0.05340900 -0.30717960 0.39691654
v 0.05471974 -0.26906297 0.41170637
v 0.05096993 -0.23577432 0.22026375
v 0.04911253 -0.25440379 0.31850342
v 0.04936262 -0.20746462 0.09070720
v 0.04959180 -0.20911493 0.15886373
v 0.05494228 -0.20021547 -0.23643206
v 0.04680521 -0.19546738 -0.20917441
v 0.04656179 -0.19662472 0.02217400
v 0.04417316 -0.16945933 0.08347558
v 0.04625612 -0.16911886 -0.20597823
v 0.04393001 -0.19273169 -0.17892106
v 0.05018025 -0.18257006 0.05188865
v 0.04902063 -0.17989264 -0.17250400
v 0.04437999 -0.16153759 -0.18633130
v 0.04472184 -0.14419190 0.00395095
v 0.04764959 -0.16401420 -0.44459527
v 0.04987151 -0.13495453 -0.04744205
v 0.03765109 -0.15255922 -0.43770998
v 0.03587571 -0.10757086 -0.05151599
v 0.04532408 -0.08236399 -0.17756374
v 0.04179299 -0.06286470 -0.17586044
v 0.05035077 -0.04600588 -0.13424453
v 0.04215375 0.05947843 -0.40240994
v 0.03595909 0.08862616 -0.26882058
v 0.04096673 0.08808247 -0.24985919
v 0.03987192 0.09344709 -0.44285497
v 0.03932917 0.10090097 -0.40764997
v 0.07565991 0.08763914 -0.36142713
v 0.06690939 0.15621659 -0.34862311
v 0.04902783 0.17744246 -0.29260460
v 0.02743268 0.18631149 -0.45187488
v 0.07183624 0.27120573 -0.37414583
v 0.05018029 0.29010037 -0.27144651
v 0.04954250 0.30007294 -0.25194070
v 0.03857404 0.33194889 -0.26305454
v 0.05735837 -0.39478197 0.42522306
v 0.06105254 -0.36232154 0.40272821
v 0.04848533 -0.35731772 0.45937865
v 0.05707401 -0.32083603 0.46380523
v 0.05554876 -0.29592851 -0.38201059
v 0.05573785 -0.29667427 0.48544057
v 0.05032027 -0.27149363 0.30230276
v 0.04923252 -0.27043941 0.39638000
v 0.05995421 -0.28391631 0.45769950
v 0.06682490 -0.20065207 -0.13788741
v 0.06554007 -0.20108415 -0.10857327
v 0.06090388 -0.19119171 -0.08199123
v 0.04311703 -0.15287919 -0.21654327
v 0.05082446 -0.15962431 -0.05474200
v 0.04244514 -0.06728081 -0.43624181
v 0.05844231 -0.13371979 -0.18631900
v 0.06728814 -0.09201877 -0.07214119
v 0.07128651 -0.08272768 -0.16145507
v 0.04484215 -0.06716229 -0.21590440
v 0.05131349 -0.05368290 -0.09778562
v 0.04788482 -0.01778447 -0.40197545
v 0.03471981 0.07724280 -0.23833519
v 0.08317053 0.08594701 -0.28850708
v 0.03782184 0.08815478 -0.41004090
v 0.07093337 0.17541388 -0.40014643
v 0.04525864 0.18559288 -0.26669545
v 0.09976164 0.22686379 -0.38011300
v 0.06697237 -0.35439127 0.45193276
v 0.06726933 -0.35437991 0.40411442
v 0.10669244 -0.31541029 -0.40830905
v 0.06856261 -0.31366874 0.45063793
v 0.06728303 -0.30388829 0.41030091
v 0.05616317 -0.20883132 -0.26913062
v 0.06182802 -0.20984948 -0.37390237
v 0.05334031 -0.20455748 -0.39037852
v 0.07244063 -0.06811835 -0.41670370
v 0.06294948 -0.15251220 -0.23250010
v 0.07595736 -0.06782582 -0.24390868
v 0.05948584 -0.06894169 -0.09493882
v 0.04510755 -0.06246083 -0.19484522
v 0.06478843 -0.06309841 -0.13395531
v 0.06337146 -0.02776688 -0.20177808
v 0.05900840 -0.01156496 -0.25869611
v 0.06927084 0.08317365 -0.27210462
v 0.06227979 0.10114782 -0.24928973
v 0.08611721 0.11078576 -0.43567060
v 0.06074421 0.10702688 -0.44617083
v 0.11028261 0.19225162 -0.40918443
v 0.05700970 0.15108568 -0.29471900
v 0.06086807 0.18899466 -0.25869784
v 0.05893066 0.19657896 -0.21835554
v 0.10119328 0.33657910 -0.37533999
v 0.08261165 -0.37895426 0.44287686
v 0.06729674 -0.36386928 0.43555447
v 0.07691411 -0.35981078 0.63018706
v 0.06781578 -0.31458186 -0.25410736
v 0.06434752 -0.29534320 -0.27755778
v 0.07238417 -0.29332773 -0.35622013
v 0.07379185 -0.20874913 -0.30095810
v 0.06956731 -0.19420691 -0.43056945
v 0.07465633 -0.18709192 -0.15005005
v 0.07211771 -0.18695515 -0.08723420
v 0.06775070 -0.13189662 -0.06017037
v 0.07638963 -0.15882712 -0.14306375
v 0.07349301 -0.12011682 -0.08695853
v 0.07528812 -0.09386237 -0.13886364
v 0.07520541 -0.09378366 -0.10942754
v 0.07380899 -0.07737603 -0.10715874
v 0.05870600 -0.02665309 -0.45250375
v 0.05096846 -0.02053202 -0.44827511
v 0.05763450 -0.02032306 -0.20636468
v 0.08668092 -0.01746191 -0.36165845
v 0.06670779 -0.01949361 -0.24771275
v 0.08188584 0.11152595 -0.40895023
v 0.08073264 0.11119724 -0.21732093
v 0.06962354 0.19192938 -0.45149410
v 0.06956199 0.22517861 -0.27448776
v 0.08220366 0.22643776 -0.25241636
v 0.06181533 0.28224779 -0.25302540
v 0.07992086 0.29280657 -0.27081534
v 0.06320516 0.31313147 -0.28185052
v 0.05821243 0.36111462 -0.39217823
v 0.07829460 -0.36706105 0.65069994
v 0.07937703 -0.36074391 0.45160385
v 0.07573540 -0.32903431 -0.20134625
v 0.07878232 -0.20800888 -0.33397848
v 0.07669005 -0.16652255 -0.11141221
v 0.08047286 -0.15080684 -0.41509576
v 0.09280577 -0.12069252 -0.15042119
v 0.07250115 -0.14704686 -0.16851920
v 0.09192854 -0.08449309 -0.42970033
v 0.08621854 -0.06112822 -0.43176048
v 0.08898497 -0.06113006 -0.22481088
v 0.07690970 -0.00191887 -0.36554972
v 0.08026692 -0.00998364 -0.29475752
v 0.08254604 0.06670349 -0.35969862
v 0.06970755 0.06950821 -0.38329628
v 0.06810478 0.06714518 -0.26804588
v 0.11084919 0.11656116 -0.24946402
v 0.08902110 0.26312691 -0.27044652
v 0.06546997 0.33728392 -0.38589587
v 0.08269587 0.35328882 -0.38111696
v 0.06958904 0.37222604 -0.27936078
v 0.06662952 -0.35990271 -0.45475343
v 0.09810287 -0.35884975 -0.21696932
v 0.07847000 -0.29478830 -0.32560208
v 0.09773119 -0.20133816 -0.34478873
v 0.08697060 -0.19680412 -0.24259219
v 0.08375264 -0.17298148 -0.41896729
v 0.10047621 -0.17035037 -0.42669756
v 0.09344873 -0.15253176 -0.13467464
v 0.08805392 -0.14557553 -0.09859161
v 0.08803325 -0.14175729 -0.42828650
v 0.09020140 -0.16208138 -0.45893822
v 0.09374779 -0.15366985 -0.27172504
v 0.08729985 -0.10948129 -0.10241046
v 0.08200837 -0.12217804 -0.45316228
v 0.09221115 -0.10510448 -0.12808019
v 0.09590944 -0.08425579 -0.44981899
v 0.09807609 -0.07762815 -0.44237774
v 0.08831876 -0.01871589 -0.29364175
v 0.08471713 0.00261024 -0.32613695
v 0.08465158 0.05188901 -0.34510969
v 0.08204319 0.06012953 -0.29021905
v 0.09658263 0.15202016 -0.35856466
v 0.08487661 0.16367409 -0.29280652
v 0.07764084 0.11811992 -0.25347347
v 0.06577051 0.16678101 -0.27763744
v 0.09731538 0.16977400 -0.38780569
v 0.08878027 0.17954809 -0.27033917
v 0.08383837 0.19470024 -0.25666372
v 0.09239883 0.27100927 -0.28341060
v 0.08415542 0.35820609 -0.28209277
v 0.08549221 0.35633566 -0.27064612
v 0.09588730 -0.40734881 0.60810286
v 0.09314276 -0.39499854 0.45823291
v 0.09542259 -0.39762527 0.62928873
v 0.11275396 -0.36164130 -0.24455033
v 0.10882530 -0.36064821 0.58727091
v 0.08849622 -0.31492790 -0.37058473
v 0.09129355 -0.31565987 -0.22690047
v 0.10502809 -0.16561552 -0.26524730
v 0.09558279 -0.06674344 -0.27166810
v 0.11083751 -0.06065066 -0.25460056
v 0.09929276 -0.04639815 -0.41704396
v 0.09379039 -0.02528339 -0.42056225
v 0.10751053 -0.02000728 -0.39011902
v 0.09767310 -0.02242024 -0.23493706
v 0.08739279 0.05272936 -0.30668373
v 0.09929759 0.16301439 -0.35312559
v 0.10719590 0.16751325 -0.33794990
v 0.10419291 0.16768950 -0.29557565
v 0.10412036 0.19258211 -0.21620629
v 0.10417875 0.18909985 -0.25811715
v 0.08231117 0.19998449 -0.44425946
v 0.12039788 0.32535854 -0.28613342
v 0.10783566 0.34512098 -0.27894266
v 0.09487199 -0.40635811 0.48184687
v 0.11025288 -0.36453500 0.48777399
v 0.10768129 -0.35975018 0.51087748
v 0.08186026 -0.33079981 -0.44806195
v 0.09455491 -0.31498825 -0.29904638
v 0.09876158 -0.19751425 -0.39077388
v 0.11434069 -0.19775539 -0.29235396
v 0.10869927 -0.17468212 -0.38292895
v 0.10442390 -0.15407858 -0.31351184
v 0.10475874 -0.15447774 -0.34315284
v 0.11575331 -0.03077729 -0.44392858
v 0.11158545 -0.02321443 -0.25883282
v 0.11278549 0.11687591 -0.22162566
v 0.06402707 0.18965346 -0.24866866
v 0.10663717 0.23743600 -0.26629589
v 0.11414784 0.25196074 -0.28247672
v 0.09026555 0.34416822 -0.38734472
v 0.11288736 -0.40581776 0.56871930
v 0.11420185 -0.39603374 0.60239503
v 0.11097015 -0.39557663 0.48653919
v 0.11037766 -0.37313465 0.48279065
v 0.10766025 -0.36397588 0.61105958
v 0.10446868 -0.32764718 -0.22574898
v 0.10560211 -0.19562346 -0.27067149
v 0.10529376 -0.17771744 -0.46998460
v 0.10571682 -0.18944781 -0.45915035
v 0.11916425 -0.17609027 -0.40031590
v 0.10675677 -0.07768287 -0.46713723
v 0.10481805 -0.06868939 -0.34515724
v 0.10421142 -0.06678751 -0.29722130
v 0.12452746 -0.02156870 -0.29219263
v 0.09116282 0.15679024 -0.28897787
v 0.12270211 0.18640498 -0.25365196
v 0.15131946 0.19263160 -0.44449149
v 0.08845159 0.19940826 -0.24056930
v 0.12431906 -0.39886385 0.53335230
v 0.12373470 -0.37890694 0.51607285
v 0.12389510 -0.36475708 0.56937825
v 0.12309575 -0.36167868 -0.40508652
v 0.11345487 -0.33179116 -0.41910564
v 0.10756388 -0.31756562 -0.24324834
v 0.12331764 -0.31536144 -0.28383530
v 0.11691806 -0.19811403 -0.34081394
v 0.11789521 -0.16507036 -0.31139644
v 0.11910239 -0.17187037 -0.34899634
v 0.12664119 -0.11395966 -0.48755531
v 0.10937936 -0.03793766 -0.40332779
v 0.11949519 -0.02513070 -0.37700088
v 0.12258640 -0.02006506 -0.33011443
v 0.10119335 0.06786398 -0.29561470
v 0.12347336 0.12428488 -0.25577229
v 0.13157962 0.15884679 -0.29027722
v 0.14770200 0.16392443 -0.27681818
v 0.14171779 0.19259073 -0.26344490
v 0.12563566 0.20157706 -0.22339024
v 0.14621568 0.32000025 -0.38604099
v 0.12694777 -0.37729244 0.56813490
v 0.12274905 -0.35831467 -0.24825976
v 0.13464020 -0.33157640 -0.26635542
v 0.13148844 -0.31587056 -0.35740298
v 0.13864450 -0.15628856 -0.34048429
v 0.12044399 -0.06014549 -0.45484943
v 0.12507880 -0.06391367 -0.35063238
v 0.12999506 -0.05765184 -0.31209762
v 0.12064333 -0.05813157 -0.37797734
v 0.12918589 -0.02824074 -0.34550833
v 0.12857255 0.04038410 -0.26377721
v 0.13541501 0.09589417 -0.29085634
v 0.12556019 0.12760141 -0.40832958
v 0.12121556 0.18361298 -0.27177120
v 0.11703445 0.18331603 -0.39975032
v 0.11718121 0.20285926 -0.25260629
v 0.13465689 -0.36170144 -0.28449739
v 0.13376067 -0.31767735 -0.29132939
v 0.13674385 -0.17279814 -0.36068275
v 0.12931755 -0.16052007 -0.48296901
v 0.14608052 -0.15375333 -0.50102554
v 0.12075890 -0.15741670 -0.34969642
v 0.13902434 -0.11023919 -0.33928100
v 0.13303930 -0.09377557 -0.34714551
v 0.13807106 -0.06697129 -0.47993205
v 0.15051799 -0.07126116 -0.34713829
v 0.15466702 -0.03735546 -0.37295743
v 0.11762277 -0.03836445 -0.39122654
v 0.12946752 0.03350115 -0.23265574
v 0.13674947 0.04947478 -0.47127173
v 0.13347031 0.05292526 -0.44002146
v 0.14180684 0.03229577 -0.27228495
v 0.12862846 0.04228987 -0.45897485
v 0.13577107 0.08008703 -0.22964546
v 0.13365580 0.07322179 -0.26272949
v 0.15710797 0.09524975 -0.30459859
v 0.14671554 0.09893753 -0.26132280
v 0.14555370 0.18268443 -0.38832051
v 0.12311542 0.17017487 -0.29271773
v 0.10985050 0.20736659 -0.27459099
v 0.07553804 0.25720832 -0.38670212
v 0.17806091 0.26336126 -0.25695947
v 0.13512989 0.33164949 -0.38071275
v 0.14734934 -0.35720062 -0.34041590
v 0.14080047 -0.33116568 -0.36828950
v 0.14618366 -0.32956039 -0.31890189
v 0.13455543 -0.09323965 -0.48333690
v 0.13210800 -0.03513224 -0.45601454
v 0.14639476 -0.00610499 -0.23091481
v 0.14271989 -0.00073448 -0.44293105
v 0.14316453 -0.00388079 -0.26250771
v 0.16093587 -0.01019487 -0.47076500
v 0.14397184 0.06397696 -0.28715937
v 0.13906188 0.09049633 -0.44284230
v 0.17163749 0.13198356 -0.22591320
v 0.15682816 0.19739930 -0.38360889
v 0.12477257 0.20797228 -0.39435151
v 0.19300067 0.21307824 -0.38802570
v 0.14279456 -0.35736017 -0.28967563
v 0.12904151 -0.20126187 -0.47262434
v 0.14004126 -0.19689747 -0.39465918
v 0.15288272 -0.10549179 -0.50419869
v 0.15232170 -0.13493972 -0.33349064
v 0.14645917 -0.05514538 -0.46235344
v 0.14304007 -0.02906249 -0.38518780
v 0.16442045 -0.01373817 -0.43838641
v 0.16753511 -0.00593766 -0.27057620
v 0.14787885 0.02712327 -0.28848126
v 0.14857218 0.05652055 -0.29514775
v 0.15351889 0.08831794 -0.22369953
v 0.15908128 0.09651566 -0.34130231
v 0.14047889 0.09356376 -0.46677378
v 0.14498509 0.12429581 -0.41187900
v 0.11999925 0.12644904 -0.44576260
v 0.18487726 0.18982202 -0.26057787
v 0.13936907 0.28371685 -0.28385886
v 0.12830298 0.32444679 -0.27477319
v 0.12402191 0.32832584 -0.37574754
v 0.14738711 0.31686205 -0.28561178
v 0.17140233 -0.16336649 -0.33443869
v 0.17470116 -0.10046556 -0.32975005
v 0.17062827 -0.02994101 -0.42193820
v 0.14443158 -0.00024681 -0.46719350
v 0.13925326 0.01428508 -0.22398650
v 0.16908240 0.00078827 -0.28573342
v 0.15952299 0.04906157 -0.46394698
v 0.15595536 0.04456553 -0.43668491
v 0.15362464 0.02926008 -0.35595556
v 0.15280219 0.03361440 -0.30556762
v 0.15545892 0.05062467 -0.36453081
v 0.15257394 0.05323405 -0.35411853
v 0.15725518 0.06745222 -0.30315708
v 0.16060031 0.07733389 -0.36324886
v 0.15681151 0.07225388 -0.43786181
v 0.17233492 0.08456453 -0.22996977
v 0.17234517 0.11493290 -0.43874426
v 0.14778306 0.08245149 -0.27206776
v 0.15106601 0.10665666 -0.44025801
v 0.17049714 0.12700895 -0.43543926
v 0.18434799 0.13751350 -0.40705288
v 0.16069418 0.14846210 -0.29434442
v 0.14090248 0.16254643 -0.29508017
v 0.13397223 0.20284781 -0.44052714
v 0.15232104 0.20934676 -0.26213825
v 0.13896987 0.28972334 -0.27312822
v 0.18319503 0.31175542 -0.38013178
v 0.17318042 -0.20568950 -0.39620305
v 0.16673206 -0.19316814 -0.34064983
v 0.17855808 -0.16415598 -0.49731285
v 0.17165848 -0.14776441 -0.32314024
v 0.18408618 -0.10128824 -0.50030261
v 0.17910279 -0.06494104 -0.34330165
v 0.15296760 -0.06015036 -0.47734580
v 0.15552890 -0.03719322 -0.45208345
v 0.17288169 0.01188129 -0.43901704
v 0.16814944 0.07578236 -0.46646251
v 0.15904572 0.04405308 -0.22990743
v 0.15753694 0.09746259 -0.46998310
v 0.15083219 0.10840882 -0.35779052
v 0.17512934 0.09990734 -0.34869018
v 0.15987446 0.09391330 -0.29355606
v 0.18256627 0.11979014 -0.26620590
v 0.15752376 0.10751947 -0.22710495
v 0.17135463 0.12419795 -0.23262414
v 0.17214351 0.12393975 -0.25252328
v 0.16884496 0.10950785 -0.29658053
v 0.18734450 0.20594906 -0.24473279
v 0.18590217 0.29455755 -0.27379276
v 0.15638419 0.32004033 -0.27827090
v 0.17676589 -0.19314800 -0.49433235
v 0.18244499 -0.14764264 -0.51183322
v 0.17835360 -0.07536102 -0.49332557
v 0.16642218 -0.05638640 -0.37360157
v 0.16966817 -0.03124554 -0.39160251
v 0.18103966 -0.00025310 -0.46526120
v 0.17200002 0.02926881 -0.46884252
v 0.17195000 0.01370856 -0.36426077
v 0.16801330 0.01455850 -0.35727782
v 0.17337343 0.01296352 -0.29493943
v 0.17347103 0.09447200 -0.43709870
v 0.17200976 0.12900286 -0.44579803
v 0.17348343 0.16154124 -0.30873410
v 0.16069731 0.19610080 -0.39685969
v 0.18002208 0.19722132 -0.26425298
v 0.19301041 0.29880272 -0.38555115
v 0.18508256 -0.03469035 -0.26467899
v 0.19160779 -0.02303584 -0.22297577
v 0.17366588 0.04516811 -0.22674553
v 0.18419524 0.08720230 -0.46754416
v 0.21052704 0.11025243 -0.43895824
v 0.18519339 0.10907126 -0.31470380
v 0.17487848 0.10945673 -0.29060573
v 0.17393775 0.12370906 -0.47132595
v 0.16449369 0.17206900 -0.28732460
v 0.16892768 0.19296687 -0.22312843
v 0.18031900 0.20180558 -0.27442557
v 0.18732416 0.21024129 -0.25693805
v 0.13544392 0.25788318 -0.37638757
v 0.18259415 0.30428913 -0.37542642
v 0.18554690 0.30446650 -0.28442989
v 0.19561667 -0.20200688 -0.41005406
v 0.19699208 -0.20152551 -0.34510914
v 0.21050824 -0.16645604 -0.34374139
v 0.20957068 -0.10842274 -0.33253239
v 0.20532497 -0.09192366 -0.49547510
v 0.18363455 -0.06493305 -0.47517336
v 0.18022361 -0.03188820 -0.23029240
v 0.18271292 -0.03231243 -0.45060658
v 0.20939204 -0.01703814 -0.27029113
v 0.21097347 -0.01005331 -0.28498811
v 0.18797876 0.00290797 -0.36500414
v 0.17556160 0.12800034 -0.25818474
v 0.18452480 0.14053253 -0.43995042
v 0.20106793 -0.19741345 -0.44099511
v 0.19785400 -0.18306603 -0.49695321
v 0.17343035 -0.20257675 -0.48253769
v 0.20113607 -0.12654965 -0.49846669
v 0.21111950 -0.15300808 -0.33299671
v 0.21182474 -0.11019367 -0.49906456
v 0.18580040 -0.08811970 -0.33850613
v 0.21447986 -0.07685734 -0.45591753
v 0.17356038 -0.05738967 -0.42878202
v 0.19448627 -0.06019802 -0.35927478
v 0.19572720 0.00105898 -0.29567075
v 0.22108375 0.00144980 -0.29594941
v 0.22144389 0.00400617 -0.46781763
v 0.20419420 0.06232258 -0.47295559
v 0.19026818 0.13307205 -0.43956018
v 0.21429578 0.12654291 -0.28832443
v 0.23116124 0.13560664 -0.41124159
v 0.19341296 0.12717511 -0.31382056
v 0.22239840 0.14116981 -0.44438315
v 0.20608807 0.15375499 -0.28921104
v 0.17257794 0.16782985 -0.31753059
v 0.25658393 0.13450224 -0.23322554
v 0.15225278 0.20219292 -0.41084020
v 0.19247484 0.20377916 -0.41588611
v 0.23262771 0.24473887 -0.37401285
v 0.23612248 0.27095726 -0.28355663
v 0.16609283 0.28949129 -0.28264666
v 0.20387787 -0.19808071 -0.42218027
v 0.20278636 -0.09319799 -0.44214445
v 0.21073426 -0.06856757 -0.34862372
v 0.21455644 -0.03835452 -0.46935518
v 0.19827484 -0.00205917 -0.43795181
v 0.20265594 0.00036884 -0.22724548
v 0.19623457 0.08474456 -0.22869431
v 0.18129024 0.10697344 -0.22642833
v 0.18764917 0.12660954 -0.22704168
v 0.20168176 0.11363848 -0.35663261
v 0.22370580 0.13018777 -0.26135815
v 0.17769533 0.16179140 -0.27687486
v 0.21180968 0.16556926 -0.31672451
v 0.19494536 0.20090276 -0.43668295
v 0.21540594 0.23642581 -0.26491120
v 0.19720791 0.30699015 -0.27761545
v 0.21106012 -0.18592633 -0.46889734
v 0.24116309 -0.17579524 -0.35514075
v 0.21590917 -0.15590507 -0.49768352
v 0.22398018 -0.07373313 -0.38888621
v 0.18929576 -0.00833906 -0.23136562
v 0.21103169 0.13081615 -0.43692071
v 0.21929456 0.13800176 -0.47110122
v 0.19918178 0.14019403 -0.45938221
v 0.25362573 0.13877844 -0.40048311
v 0.25671421 0.14946008 -0.26477796
v 0.23130546 0.19582115 -0.39071222
v 0.22640309 -0.19528796 -0.36250877
v 0.23406371 -0.08688225 -0.35528983
v 0.21592497 -0.03937328 -0.22549766
v 0.24548129 0.02498986 -0.46844930
v 0.21373857 0.03211979 -0.22291834
v 0.19035358 0.11041426 -0.46566266
v 0.23840724 0.08296697 -0.46575625
v 0.22853083 0.10796683 -0.22893093
v 0.20272530 0.13302986 -0.43351241
v 0.22978792 0.18154081 -0.27077076
v 0.21580723 0.18835903 -0.38506534
v 0.18482034 0.20244089 -0.22855395
v 0.24559470 0.28603501 -0.28505958
v 0.23598744 -0.13281916 -0.48141520
v 0.22817492 -0.11127020 -0.35102770
v 0.23185915 -0.09993978 -0.46139520
v 0.21660178 -0.09080059 -0.41876345
v 0.24360738 -0.00869356 -0.46602648
v 0.21535630 -0.00177078 -0.41546626
v 0.22632258 0.10858916 -0.29948815
v 0.24980557 0.12851675 -0.25923726
v 0.21011654 0.19509008 -0.40371629
v 0.22854083 0.18052416 -0.26445206
v 0.21028554 0.19614390 -0.37770417
v 0.22875314 -0.10189337 -0.45019839
v 0.22377600 -0.08650350 -0.39703599
v 0.26361266 -0.03205100 -0.22898418
v 0.24921723 -0.03115291 -0.46922241
v 0.25436931 -0.02327647 -0.22364833
v 0.25002272 -0.00791698 -0.27041847
v 0.25276426 0.00054301 -0.29322518
v 0.24874136 0.09839014 -0.44018586
v 0.21718661 0.11000307 -0.36604563
v 0.23433111 0.13477099 -0.43742216
v 0.24057235 0.13658689 -0.43121578
v 0.19316418 0.16099611 -0.35612306
v 0.24786667 0.18157099 -0.38520442
v 0.23667624 0.19653142 -0.27868717
v 0.24923169 0.20031766 -0.23886423
v 0.24184418 0.27121745 -0.27188047
v 0.22247054 0.29720964 -0.38491238
v 0.23640410 0.29507343 -0.27677994
v 0.23921355 -0.18250952 -0.38819732
v 0.23307174 -0.14695290 -0.48380363
v 0.25556721 -0.11793313 -0.39233906
v 0.24779307 -0.00792624 -0.22905566
v 0.23522119 0.08218277 -0.23006137
v 0.26321813 0.08641609 -0.31097652
v 0.23730757 0.11436973 -0.31774927
v 0.25286794 0.12150872 -0.22464855
v 0.24279971 0.14105343 -0.45821864
v 0.24735625 0.19261724 -0.23121515
v 0.26326411 0.19147121 -0.39575977
v 0.23857247 0.20460566 -0.24984118
v 0.24537502 0.20449805 -0.26375083
v 0.25520913 0.23850638 -0.38370037
v 0.25268743 -0.16332442 -0.37950830
v 0.25916026 -0.14309176 -0.37972582
v 0.25293848 -0.12548547 -0.36099219
v 0.21642353 -0.09148560 -0.40381404
v 0.23635318 -0.03481739 -0.43939122
v 0.25125407 0.00319449 -0.34794175
v 0.25279303 0.01483901 -0.22920769
v 0.23993808 0.00198771 -0.43877854
v 0.23171705 0.11285662 -0.46539510
v 0.26400407 0.09207327 -0.31832696
v 0.25124767 0.11807824 -0.28742153
v 0.27115685 0.12292293 -0.43993067
v 0.22438539 0.14561402 -0.43649036
v 0.20896160 0.16829049 -0.34988587
v 0.25486600 0.19200051 -0.38894685
v 0.23728689 0.22728659 -0.25424483
v 0.27433049 0.28106355 -0.38160144
v 0.21666781 -0.19483588 -0.40737075
v 0.28427719 -0.01522856 -0.45767134
v 0.26612594 -0.00967328 -0.22523605
v 0.27083664 0.02035212 -0.44039169
v 0.26812458 0.07137080 -0.22581331
v 0.26815397 0.07094557 -0.43564660
v 0.26341533 0.09538779 -0.23043942
v 0.26112652 0.09633857 -0.46353186
v 0.26577760 0.11403833 -0.27089711
v 0.26448271 0.12240167 -0.47117544
v 0.26166893 0.13017313 -0.24564633
v 0.28152976 0.11946022 -0.45794874
v 0.26046963 0.16812110 -0.27557457
v 0.25740905 0.19214614 -0.43079652
v 0.27037816 0.19311727 -0.27110426
v 0.23910451 0.28680055 -0.37539407
v 0.28756578 -0.21670047 -0.46997156
v 0.27162878 -0.01845150 -0.43931522
v 0.29518896 -0.00746630 -0.26620292
v 0.26147237 0.01937584 -0.43912689
v 0.26808039 0.03205963 -0.35998942
v 0.26975204 0.03060994 -0.29722470
v 0.27025565 0.04289592 -0.43558531
v 0.26852235 0.06126669 -0.35806227
v 0.24891992 0.09606120 -0.35767332
v 0.27345196 0.08540040 -0.29268853
v 0.25036323 0.14317896 -0.27820575
v 0.26063657 0.17562921 -0.39683433
v 0.27454856 0.16117944 -0.35538640
v 0.28083770 0.18061890 -0.28517609
v 0.26090063 0.18309596 -0.38901152
v 0.27216968 0.17963209 -0.37621877
v 0.27902779 0.20456183 -0.27062114
v 0.28292942 0.26745966 -0.37474721
v 0.30474949 -0.16092861 -0.38736327
v 0.27217211 -0.14736399 -0.48833782
v 0.24183469 -0.11403352 -0.46601006
v 0.24764777 -0.03868823 -0.26515609
v 0.28779258 0.02792825 -0.27090976
v 0.27184585 0.01128544 -0.22836138
v 0.27582722 0.01575730 -0.46556159
v 0.27477309 0.03668457 -0.35775647
v 0.28769171 0.02291480 -0.22704959
v 0.27117557 0.05617680 -0.46916714
v 0.27941090 0.06898304 -0.44093293
v 0.28910918 0.07736605 -0.46948832
v 0.27789522 0.11800866 -0.23149758
v 0.26683394 0.13445291 -0.26184844
v 0.30641408 0.13495597 -0.42210969
v 0.28971914 0.15472748 -0.38106083
v 0.26966086 0.18358285 -0.39188194
v 0.27902722 0.19256809 -0.27184206
v 0.27328129 0.19678050 -0.28061364
v 0.27811489 0.27073697 -0.38669367
v 0.31616358 -0.12357030 -0.44522918
v 0.29738368 0.00574922 -0.44013738
v 0.28976855 0.00451085 -0.46992233
v 0.27823598 0.07279346 -0.46324564
v 0.28436356 0.06584719 -0.23147711
v 0.28714044 0.08133925 -0.31242797
v 0.30124713 0.08109585 -0.43900199
v 0.28735212 0.09099902 -0.31864692
v 0.31366423 0.18422509 -0.42144815
v 0.29397369 0.16098469 -0.38645176
v 0.26907191 0.17089003 -0.32361421
v 0.25534922 0.20000014 -0.42467858
v 0.27500122 0.27610420 -0.27451716
v 0.28456526 0.27923515 -0.27898523
v 0.29465033 -0.00860485 -0.22885435
v 0.28661782 -0.00089486 -0.22347398
v 0.28779696 0.02637451 -0.32553209
v 0.30748045 0.04931793 -0.43928142
v 0.29753409 0.07889883 -0.22334565
v 0.30457621 0.08889852 -0.23051185
v 0.26881063 0.16136274 -0.31829507
v 0.28795723 0.19963278 -0.25368427
v 0.30649503 0.20237143 -0.38044337
v 0.32270352 0.21773225 -0.36512452
v 0.29333179 -0.19782698 -0.49157693
v 0.30984589 0.01780197 -0.22996838
v 0.29182409 0.03244173 -0.30700477
v 0.30458826 0.04552333 -0.31608453
v 0.30417377 0.04743107 -0.27252304
v 0.31162787 0.04923563 -0.22619753
v 0.30080926 0.06835213 -0.31212891
v 0.29730231 0.07354067 -0.27308391
v 0.28203280 0.14135552 -0.35617151
v 0.30458623 0.14591483 -0.27489279
v 0.28819834 0.21897535 -0.26524111
v 0.30496644 0.26444413 -0.28534422
v 0.23150632 -0.15973910 -0.48390876
v 0.31389238 0.00422554 -0.35165104
v 0.30394870 0.01543697 -0.32237114
v 0.30596361 0.02121763 -0.45856277
v 0.30507251 0.02492546 -0.31853768
v 0.30664177 0.04033589 -0.46780715
v 0.31529476 0.04679054 -0.26292617
v 0.30236301 0.08454642 -0.46685600
v 0.29849596 0.09905447 -0.26208918
v 0.30751189 0.07378589 -0.31916842
v 0.31045978 0.15084877 -0.38952858
v 0.30829714 0.15662320 -0.37295940
v 0.29398479 0.18616868 -0.26974586
v 0.30448770 0.19249614 -0.39272909
v 0.31589057 0.21931907 -0.28442011
v 0.31549213 0.25011150 -0.27356659
v 0.29610434 0.03058003 -0.35649744
v 0.31528861 0.14085046 -0.27156715
v 0.30544910 0.13424097 -0.23910597
v 0.29980064 0.14466138 -0.28877007
v 0.32300942 0.19175988 -0.28748927
v 0.30988349 0.17589025 -0.27383903
v 0.31416885 0.19450332 -0.41877420
v 0.27150562 0.19856280 -0.40415856
v 0.29474153 0.20269446 -0.27853180
v 0.35997362 0.20111112 -0.28816374
v 0.34489015 0.25574829 -0.27771159
v 0.31778782 0.26483614 -0.38343192
v 0.33510368 -0.14541619 -0.40467559
v 0.33292749 -0.02436097 -0.32485402
v 0.33172505 0.13122969 -0.40480401
v 0.34255073 0.18971699 -0.27113386
v 0.31792654 0.19492632 -0.27014463
v 0.34517007 0.19344817 -0.40964029
v 0.35881564 0.24310665 -0.27395439
v 0.35592021 0.24880035 -0.37193373
v 0.32085852 -0.17873627 -0.50235983
v 0.33412732 -0.15372431 -0.49435920
v 0.33727328 -0.01813821 -0.31926754
v 0.33787662 -0.01851016 -0.35751632
v 0.32352350 0.14335389 -0.38253490
v 0.33040252 0.18397191 -0.38353273
v 0.32601663 0.18265363 -0.38581807
v 0.33026828 0.19951057 -0.27457676
v 0.36505038 0.24486453 -0.38256398
v 0.36229309 -0.13643047 -0.44509180
v 0.33150743 0.13895838 -0.28872706
v 0.33377026 0.16974744 -0.38018035
v 0.36759455 0.18484238 -0.40960211
v 0.32962459 -0.19476327 -0.39331945
v 0.38799806 -0.17199416 -0.40521352
v 0.34362597 -0.04289151 -0.35149809
v 0.34706701 0.17650411 -0.37114874
v 0.33609433 0.19371245 -0.24466542
v 0.34790866 0.19258262 -0.39278757
v 0.36358590 0.19436871 -0.36594586
v 0.35346682 0.24632855 -0.28527115
v 0.36469349 -0.24505099 -0.44383256
v 0.34063535 -0.22964446 -0.42185668
v 0.35931668 0.16192487 -0.37447574
v 0.22727153 0.16985319 -0.34120013
v 0.36331598 0.17933579 -0.37651318
v 0.41197645 -0.22441966 -0.40955873
v 0.31858417 -0.13002034 -0.41671814
v 0.37319189 -0.07268257 -0.32125105
v 0.36495926 0.12982760 -0.26322197
v 0.33724523 0.13753692 -0.41650345
v 0.36043739 0.19053442 -0.37911354
v 0.39327068 -0.19133534 -0.51402923
v 0.36358788 -0.05133589 -0.35990581
v 0.37524734 -0.03591160 -0.37489567
v 0.36815759 0.00341262 -0.35766045
v 0.33993412 0.13971977 -0.28061774
v 0.40699940 0.15835753 -0.31959140
v 0.36341770 0.19302974 -0.25620028
v 0.37980346 0.17830472 -0.28820090
v 0.39051265 0.19345560 -0.27710488
v 0.39534477 -0.21218375 -0.51559681
v 0.37429195 -0.07543415 -0.35046761
v 0.37385452 -0.00122751 -0.37580560
v 0.39577280 0.01368955 -0.37314566
v 0.38810585 0.03464846 -0.31952369
v 0.36951528 0.13217197 -0.37609419
v 0.36072886 0.18451234 -0.24668026
v 0.39660942 -0.23061121 -0.50949791
v 0.31148902 -0.21380589 -0.40748350
v 0.40067180 -0.09070403 -0.32747942
v 0.39080178 -0.03273044 -0.37534859
v 0.39436656 0.03028519 -0.35580000
v 0.38752030 0.04984038 -0.32025655
v 0.41468276 0.12425813 -0.35504356
v 0.36653848 0.13575762 -0.24745289
v 0.40172873 0.18660206 -0.39802810
v 0.39043314 0.23354367 -0.37382016
v 0.41285489 0.23008755 -0.27248922
v 0.39903300 -0.06481404 -0.32128460
v 0.40010304 -0.06333816 -0.28632841
v 0.38751910 -0.03233802 -0.28789966
v 0.40206150 -0.04540830 -0.27697523
v 0.39566950 -0.00200269 -0.28863058
v 0.39513663 -0.01245910 -0.37468311
v 0.38373859 -0.02051502 -0.31968725
v 0.40833667 0.02793750 -0.31866074
v 0.41096301 0.07678868 -0.35492639
v 0.38158692 0.13142712 -0.28842002
v 0.38650183 0.13134016 -0.25164306
v 0.37825539 0.17140861 -0.35134603
v 0.36150623 0.17258592 -0.32303436
v 0.41282553 0.17548811 -0.33769625
v 0.39693967 0.18561174 -0.25427269
v 0.33653583 0.21198270 -0.37726067
v 0.40516783 -0.06567155 -0.37255986
v 0.40455914 -0.01762370 -0.27199070
v 0.41214054 0.00983359 -0.28513218
v 0.41526298 0.03614605 -0.37250447
v 0.40977559 0.12918618 -0.37190424
v 0.40440063 0.16516372 -0.35342024
v 0.41035609 0.17258832 -0.35272068
v 0.41201903 0.18241704 -0.36771238
v 0.40930571 0.18735054 -0.26850683
v 0.42360780 0.23022322 -0.38432309
v 0.43092393 -0.07153615 -0.37176077
v 0.40660888 -0.03077618 -0.39031961
v 0.41840375 0.01907510 -0.30459430
v 0.40663544 0.08011632 -0.31979472
v 0.41637102 0.11957784 -0.30721170
v 0.39046445 0.12994676 -0.39808636
v 0.39373017 0.13663225 -0.40242936
v 0.41571245 0.13932125 -0.36399677
v 0.41282132 0.16928303 -0.32341821
v 0.41736244 0.18671914 -0.37941265
v 0.42622938 0.21152794 -0.37410908
v 0.45541644 -0.25764179 -0.43324947
v 0.41008189 -0.15615837 -0.43204562
v 0.40152838 -0.09111370 -0.35149231
v 0.45039272 -0.09534598 -0.33380733
v 0.42600701 -0.05166461 -0.26508467
v 0.42781657 -0.00539090 -0.38921108
v 0.40973894 0.00832433 -0.37002640
v 0.44390106 0.00662001 -0.37427210
v 0.40701032 0.02906252 -0.35949657
v 0.40264977 0.03467548 -0.30171026
v 0.42004169 0.03808074 -0.28259217
v 0.42835178 0.06837933 -0.37781032
v 0.42262632 0.07910819 -0.29698169
v 0.40819655 0.06231431 -0.29344317
v 0.41745204 0.13208641 -0.29015017
v 0.42624516 0.12603136 -0.27090093
v 0.41172203 0.16346964 -0.28724473
v 0.42799226 0.18396483 -0.26266163
v 0.41884876 0.18896016 -0.28280717
v 0.45088294 -0.27021618 -0.46374901
v 0.37805142 -0.14406281 -0.46996589
v 0.48557784 -0.17271210 -0.45609230
v 0.43798070 -0.07968004 -0.32189990
v 0.43195376 -0.00370059 -0.26654698
v 0.45709258 0.02590890 -0.35999871
v 0.43519120 0.04430813 -0.38191006
v 0.43070336 0.12078237 -0.29236947
v 0.43225573 0.12800338 -0.38664518
v 0.43723203 0.13231752 -0.26174007
v 0.43085795 0.17890155 -0.39034784
v 0.43169731 0.20418793 -0.38359462
v 0.42794753 0.20069172 -0.31403524
v 0.43440039 0.20657375 -0.36610401
v 0.42980661 0.19355761 -0.27101859
v 0.43700870 0.20943019 -0.28047542
v 0.42576687 0.23366707 -0.28046707
v 0.35850997 -0.23374697 -0.49067360
v 0.41081147 -0.16684340 -0.49810279
v 0.47842385 -0.18444474 -0.43084061
v 0.43402378 0.08155742 -0.36885020
v 0.43272589 0.12192167 -0.37000533
v 0.42404229 0.19719434 -0.33568177
v 0.43463713 -0.07692042 -0.28774477
v 0.43146263 -0.05542878 -0.38858973
v 0.44935464 -0.03415639 -0.26558372
v 0.44157586 0.02721546 -0.29203151
v 0.44430570 0.12264902 -0.38539728
v 0.42776179 0.15515781 -0.39283566
v 0.45470984 0.19181943 -0.25511396
v 0.44980821 0.20551982 -0.32659668
v 0.46908470 -0.16873273 -0.48176103
v 0.46046110 -0.03893994 -0.37285916
v 0.44231774 -0.06212724 -0.27818394
v 0.43386052 0.20432649 -0.27126867
v 0.46539769 0.21673018 -0.27112304
v 0.46496132 0.21261073 -0.36560839
v 0.37028869 -0.24734410 -0.46987741
v 0.43974005 -0.19415329 -0.41152628
v 0.44640354 -0.09234375 -0.35159512
v 0.44825828 -0.03147714 -0.39002002
v 0.46073511 -0.01864181 -0.27800027
v 0.45534756 0.00922736 -0.28686869
v 0.46033525 0.02651889 -0.29836450
v 0.47452159 0.03626178 -0.28336722
v 0.47222081 0.06014496 -0.37773779
v 0.46527557 0.08094569 -0.36819613
v 0.45332379 0.11422210 -0.27173710
v 0.47132515 0.11649020 -0.38395071
v 0.44504120 0.15535604 -0.24953113
v 0.47019091 0.21538757 -0.31002044
v 0.48032459 0.22106509 -0.35336266
v 0.44706474 0.21772043 -0.34096149
v 0.45782982 -0.19513770 -0.51767121
v 0.48106415 -0.06930073 -0.35125919
v 0.46950444 -0.05718201 -0.36258458
v 0.47229186 -0.00189610 -0.31489006
v 0.47083656 0.02946333 -0.30680529
v 0.47692153 0.14657080 -0.40220815
v 0.48021392 0.20616434 -0.32690340
v 0.47471326 -0.26412024 -0.51172460
v 0.46376743 -0.21942651 -0.41397933
v 0.46403016 -0.06316879 -0.28402371
v 0.46694025 -0.01234121 -0.36946155
v 0.46166815 0.03400697 -0.37754517
v 0.45413367 0.06262173 -0.27446531
v 0.46770792 0.13896292 -0.25210809
v 0.45825958 0.18579244 -0.40167095
v 0.46307118 0.21253143 -0.38486726
v 0.47051321 -0.22418150 -0.52731616
v 0.47714825 -0.04411320 -0.31968112
v 0.47572736 -0.01848840 -0.28734751
v 0.47579767 0.01865503 -0.33216708
v 0.47549028 0.02898831 -0.34647473
v 0.49560010 0.03586241 -0.30461407
v 0.48990215 0.08203052 -0.31816390
v 0.45768090 0.07629885 -0.28340593
v 0.48744986 0.11813840 -0.31133163
v 0.45934974 0.10698478 -0.28659572
v 0.49075678 0.16993316 -0.25043530
v 0.48104946 0.18093594 -0.40098153
v 0.49471797 0.17946061 -0.25969876
v 0.50373482 0.19553709 -0.38362982
v 0.48212985 -0.06691347 -0.32921292
v 0.48590035 -0.02590231 -0.35091851
v 0.48855002 -0.03905266 -0.33141970
v 0.49728075 0.03494141 -0.35032664
v 0.49447755 0.06658848 -0.35291501
v 0.50143572 0.06149395 -0.32182968
v 0.49158305 0.06632327 -0.30028296
v 0.48297914 0.08559138 -0.35270689
v 0.49016189 0.11608489 -0.33499491
v 0.49304379 0.12144432 -0.26941558
v 0.51140785 0.19363917 -0.36148701
v 0.49065981 0.21597112 -0.33481755
v 0.50454845 0.13011265 -0.31016765
v 0.47631023 0.11284941 -0.36499256
v 0.49977679 0.13857853 -0.32425180
v 0.50375839 0.13621651 -0.38400628
v 0.51485262 0.13764746 -0.33605850
v 0.51124105 0.14179189 -0.27162485
v 0.47347889 -0.24691428 -0.42358224
v 0.54500798 -0.22482826 -0.42966141
v 0.51452022 0.16814306 -0.38221162
v 0.51182160 0.17472790 -0.32515554
v 0.51040486 0.14336187 -0.36611570
v 0.50805774 0.19275493 -0.31136430
v 0.50627194 0.19572993 -0.27412142
v 0.51971055 -0.28929632 -0.49494961
v 0.51123472 -0.23909379 -0.42296681
v 0.51717485 0.15857733 -0.31128580
v 0.51567457 0.17492956 -0.27141971
v 0.52308970 0.17076900 -0.33935603
v 0.51216806 0.17880164 -0.36558972
v 0.50673374 -0.18912497 -0.50736029
v 0.50946417 -0.24600585 -0.53251890
v 0.57857807 -0.21387130 -0.44683818
v 0.55829625 -0.28117696 -0.44382102
v 0.55649002 -0.23262432 -0.53782910
v 0.52604666 -0.18884768 -0.49823144
v 0.60469738 -0.31547343 -0.50085646
v 0.56548881 -0.26291862 -0.43431025
v 0.55858180 -0.28943293 -0.52332589
v 0.59831956 -0.24992002 -0.43683690
v 0.58378030 -0.27181995 -0.54266034
v 0.60356550 -0.21371685 -0.51713417
v 0.57245957 -0.19820903 -0.48525159
v 0.58851325 -0.20400663 -0.47388463
v 0.64759739 -0.29589859 -0.45019860
v 0.63424909 -0.21728750 -0.50908523
v 0.62200414 -0.31782439 -0.51992711
v 0.59543297 -0.22173709 -0.52896889
v 0.64186980 -0.31325142 -0.46327380
v 0.71659887 -0.25588430 -0.46810636
v 0.55630932 -0.29934105 -0.47303110
v 0.71659765 -0.34776586 -0.52669475
v 0.70946087 -0.34406453 -0.49038694
v 0.70736795 -0.26201967 -0.55623899
v 0.64827076 -0.30715934 -0.54739937
v 0.62812890 -0.25592045 -0.54945296
v 0.69504112 -0.24508742 -0.53924256
v 0.72291149 -0.24054206 -0.52222692
v 0.71722377 -0.34188311 -0.54437765
v 0.66617173 -0.28671904 -0.55896164
v 0.66235381 -0.28200575 -0.44748492
v 0.68433619 -0.26698798 -0.45195717
v 0.71301779 -0.28141414 -0.56566291
v 0.65967591 -0.22344714 -0.48549862
v 0.71961370 -0.32772324 -0.46433288
v 0.71882800 -0.29274698 -0.45382673
v 0.71547574 -0.24395372 -0.48233042
v 0.71745061 -0.35977724 -0.57671144
v 0.72016401 -0.34953461 -0.48702899
v 0.71561660 -0.31796924 -0.56516953
v 0.72701416 -0.26266139 -0.56728629
v 0.72947556 -0.23909238 -0.50065169
v 0.72646327 -0.38453584 -0.55503907
v 0.72918003 -0.38546858 -0.49420963
v 0.72398499 -0.36378688 -0.51465323
v 0.72072915 -0.35758941 -0.46067598
v 0.73516347 -0.36134656 -0.58546703
v 0.72592031 -0.31817493 -0.44996418
v 0.73342415 -0.25985541 -0.46128575
v 0.74402044 -0.24246610 -0.54857753
v 0.74090959 -0.39566517 -0.60089034
v 0.73073097 -0.40028985 -0.53416054
v 0.72963829 -0.37078702 -0.56247485
v 0.73043486 -0.37273412 -0.49031897
v 0.73317675 -0.37067129 -0.57990911
v 0.73205046 -0.35745312 -0.44563898
v 0.72551206 -0.29077960 -0.58188289
v 0.77047581 -0.27149060 -0.57369105
v 0.73088165 -0.22660523 -0.51117107
v 0.75326537 -0.36124198 -0.60491493
v 0.72695590 -0.36571546 -0.45222151
v 0.73527007 -0.29746657 -0.44508042
v 0.74615664 -0.22378111 -0.54868706
v 0.73564896 -0.21523758 -0.51353052
v 0.75095038 -0.21893590 -0.48265065
v 0.74251257 -0.37925955 -0.60688863
v 0.74261074 -0.40482962 -0.48663812
v 0.75838527 -0.37082417 -0.44768581
v 0.76200164 -0.35430386 -0.58777979
v 0.76713926 -0.29003385 -0.58368764
v 0.75535099 -0.40669921 -0.60006327
v 0.77498614 -0.39642145 -0.64011765
v 0.77024795 -0.35836891 -0.58908992
v 0.76669551 -0.36140011 -0.44240392
v 0.75072442 -0.24231696 -0.47997172
v 0.75427445 -0.21494990 -0.54737735
v 0.78158565 -0.36402135 -0.64359999
v 0.77590850 -0.33709135 -0.45399282
v 0.76632665 -0.29570588 -0.44495693
v 0.77992000 -0.29629676 -0.45191732
v 0.77570218 -0.29629096 -0.57184186
v 0.77322039 -0.22361230 -0.55605395
v 0.75686547 -0.38645200 -0.44791504
v 0.81050308 -0.40005552 -0.41418692
v 0.77439795 -0.35526536 -0.56414286
v 0.78032908 -0.35142638 -0.46789497
v 0.78766142 -0.29862476 -0.57120012
v 0.78318405 -0.26977896 -0.56075762
v 0.77669372 -0.26896091 -0.45893538
v 0.77628503 -0.25245060 -0.55179701
v 0.78025984 -0.40387775 -0.43653630
v 0.78244590 -0.35768298 -0.46477003
v 0.79142216 -0.35784573 -0.55775497
v 0.77366888 -0.31889036 -0.57652353
v 0.78841815 -0.27628249 -0.47558683
v 0.78704572 -0.25615232 -0.48247323
v 0.79405306 -0.21478096 -0.54150823
v 0.78857107 -0.21328578 -0.48764892
v 0.78139700 -0.37426569 -0.42582830
v 0.79501633 -0.36199547 -0.42513599
v 0.79239218 -0.34146322 -0.57343900
v 0.78485836 -0.26064268 -0.55189242
v 0.79378253 -0.25724346 -0.52188468
v 0.78939715 -0.22609895 -0.47760646
v 0.79832827 -0.22355822 -0.54634898
v 0.81317186 -0.36743162 -0.66347211
v 0.80127513 -0.35757188 -0.52082194
v 0.80558420 -0.33648671 -0.55971544
v 0.80552563 -0.32462783 -0.45178823
v 0.80566471 -0.31553749 -0.56770912
v 0.80362548 -0.28822708 -0.46158399
v 0.80192184 -0.24430542 -0.49335192
v 0.80581320 -0.24326101 -0.53231905
v 0.80667798 -0.35720769 -0.48532223
v 0.81349030 -0.33752017 -0.49540833
v 0.79466686 -0.27078606 -0.47967601
v 0.82464130 -0.27705451 -0.56841329
v 0.82483267 -0.26730375 -0.49125792
v 0.80994234 -0.22024696 -0.50697104
v 0.82873200 -0.35889257 -0.42536206
v 0.81327759 -0.32284933 -0.56843755
v 0.81488173 -0.32097867 -0.51497734
v 0.82153442 -0.32885398 -0.50070448
v 0.82095438 -0.31993643 -0.47967554
v 0.80269477 -0.28943891 -0.56797859
v 0.81907948 -0.39495932 -0.66448164
v 0.81880681 -0.37410294 -0.40778017
v 0.83260577 -0.35885169 -0.65118113
v 0.82761490 -0.35785194 -0.56666424
v 0.82020248 -0.26724726 -0.55294322
v 0.83193938 -0.35239674 -0.56988194
v 0.83592964 -0.34980059 -0.52589811
v 0.84657483 -0.27942396 -0.49384526
v 0.82029432 -0.40732676 -0.64862569
v 0.85722875 -0.39403627 -0.40239112
v 0.83348006 -0.36423218 -0.40880595
v 0.84147968 -0.35120986 -0.48593186
v 0.85664235 -0.36327595 -0.66726397
v 0.85637613 -0.34992503 -0.47945427
v 0.84125880 -0.28124212 -0.56077777
v 0.86436337 -0.37989493 -0.67225016
v 0.84495135 -0.35818963 -0.58436986
v 0.87988280 -0.34806156 -0.58061214
v 0.83683728 -0.35806044 -0.48092715
v 0.83397371 -0.27978512 -0.48135709
v 0.89334242 -0.34741385 -0.48446194
v 0.89831305 -0.35827658 -0.47648963
v 0.87053933 -0.36002647 -0.41425813
v 0.89146736 -0.35657141 -0.58372078
v 0.86620693 -0.31505105 -0.56828755
v 0.88240184 -0.39813599 -0.66849471
v 0.87503635 -0.36746423 -0.40287651
v 0.89924500 -0.35963751 -0.65136859
v 0.90775867 -0.35824519 -0.59229209
v 0.90854181 -0.35289478 -0.49577359
v 0.90329555 -0.35574037 -0.57139393
v 0.89878008 -0.40739749 -0.64802827
v 0.87202356 -0.40747537 -0.41720064
v 0.91228427 -0.38870002 -0.40984267
v 0.93366344 -0.36392751 -0.42510956
v 0.94088456 -0.39818374 -0.43089336
v 0.91714688 -0.35761690 -0.50545360
v 0.93668973 -0.39579463 -0.64519232
v 0.89854673 -0.36681313 -0.66404983
v 0.92163024 -0.35944625 -0.43374740
v 0.94583930 -0.40704286 -0.45319926
v 0.93932860 -0.36629240 -0.64236029
v 0.96081093 -0.40246844 -0.61254602
v 0.96513087 -0.35972857 -0.59897182
v 0.97240583 -0.40669078 -0.49133098
v 0.97151645 -0.36411741 -0.46474175
v 0.97754793 -0.40687058 -0.56148814
v 0.98573543 -0.39713251 -0.57062265
v 0.96887803 -0.39483378 -0.46051580
v 0.97365157 -0.35958620 -0.50118658
v 0.98921001 -0.39995806 -0.52243473
v 0.98353860 -0.39725720 -0.49212837
v 0.97389037 -0.36883620 -0.60343891
v 0.98955028 -0.36733257 -0.56603919
v 0.98760754 -0.36740401 -0.49601274
f 1 7 4
f 1 6 2
f 1 2 7
f 3 1 4
f 1 3 6
f 8 2 6
f 7 2 15
f 4 5 3
f 4 7 11
f 4 11 14
f 8 6 12
f 15 11 7
f 2 9 15
f 8 9 2
f 3 10 6
f 18 8 12
f 18 9 8
f 4 14 5
f 11 15 13
f 15 19 13
f 9 21 16
f 3 5 33
f 20 14 11
f 6 10 12
f 20 11 13
f 15 9 19
f 3 33 10
f 23 20 13
f 13 19 23
f 18 21 9
f 14 17 5
f 20 17 14
f 10 24 12
f 18 12 22
f 9 28 19
f 9 16 28
f 33 5 17
f 12 24 22
f 18 22 31
f 19 46 23
f 21 25 16
f 31 21 18
f 10 33 24
f 19 28 26
f 16 27 28
f 30 17 20
f 25 29 16
f 31 49 21
f 28 27 32
f 29 27 16
f 20 23 30
f 34 31 22
f 28 32 26
f 27 51 32
f 40 22 24
f 22 40 34
f 25 21 49
f 25 35 29
f 30 23 37
f 23 46 37
f 19 47 46
f 47 19 26
f 25 41 35
f 26 32 38
f 45 30 37
f 25 49 41
f 47 26 38
f 35 36 29
f 29 36 27
f 51 39 32
f 38 32 56
f 36 51 27
f 17 30 85
f 60 24 33
f 24 60 40
f 37 46 61
f 44 35 42
f 42 35 41
f 35 44 55
f 35 55 36
f 32 39 56
f 55 50 36
f 30 45 85
f 37 61 52
f 34 69 31
f 41 49 64
f 69 49 31
f 54 43 42
f 42 43 44
f 43 66 44
f 55 44 66
f 58 57 39
f 51 58 39
f 36 59 51
f 45 37 52
f 40 73 34
f 47 48 53
f 47 54 48
f 54 42 62
f 41 64 42
f 43 47 38
f 54 47 43
f 66 43 65
f 56 39 57
f 36 50 59
f 40 60 73
f 47 53 46
f 54 62 48
f 42 64 62
f 43 38 65
f 66 63 55
f 38 56 65
f 55 63 70
f 70 67 55
f 67 50 55
f 33 17 112
f 60 33 86
f 45 80 85
f 45 52 80
f 80 52 87
f 73 69 34
f 46 53 61
f 62 64 63
f 65 56 76
f 76 56 57
f 67 90 50
f 78 77 58
f 58 51 78
f 51 59 78
f 93 71 78
f 93 68 71
f 49 88 64
f 88 49 69
f 65 48 62
f 62 66 65
f 63 66 62
f 65 76 74
f 76 57 91
f 50 90 59
f 58 77 57
f 57 77 91
f 71 77 78
f 72 71 68
f 93 78 84
f 60 86 73
f 52 61 87
f 88 82 64
f 48 65 74
f 63 75 70
f 83 90 67
f 71 97 77
f 71 72 97
f 68 79 72
f 68 93 79
f 17 85 112
f 33 112 86
f 81 85 80
f 73 86 94
f 80 87 81
f 73 95 69
f 64 82 63
f 75 63 82
f 70 75 83
f 83 67 70
f 96 74 76
f 76 91 96
f 77 97 91
f 78 59 84
f 59 92 84
f 59 90 92
f 99 97 72
f 84 98 93
f 95 73 94
f 95 88 69
f 87 61 104
f 61 53 104
f 74 89 48
f 89 74 96
f 90 83 106
f 92 90 106
f 91 97 101
f 112 85 113
f 85 81 113
f 87 104 81
f 88 95 100
f 48 89 53
f 75 82 88
f 100 75 88
f 83 75 100
f 83 100 106
f 96 91 101
f 72 79 99
f 95 94 110
f 100 95 110
f 53 89 105
f 121 105 89
f 89 96 121
f 121 96 111
f 111 96 101
f 101 97 107
f 84 92 102
f 84 102 98
f 97 99 107
f 79 93 98
f 94 86 103
f 104 109 81
f 104 53 109
f 53 105 109
f 122 101 107
f 102 92 115
f 107 99 108
f 116 79 98
f 103 86 112
f 113 81 109
f 103 110 94
f 100 110 120
f 100 125 106
f 125 115 106
f 115 92 106
f 116 98 102
f 79 116 99
f 124 112 113
f 109 118 113
f 103 117 110
f 110 117 114
f 118 109 105
f 121 118 105
f 100 120 125
f 111 101 122
f 102 127 123
f 116 102 123
f 116 108 99
f 117 112 124
f 103 112 117
f 124 113 118
f 119 124 118
f 124 119 117
f 119 118 129
f 117 119 114
f 110 114 120
f 125 133 115
f 142 102 115
f 127 102 142
f 123 107 108
f 116 123 108
f 114 119 128
f 131 114 128
f 120 114 131
f 129 118 121
f 120 131 132
f 120 132 125
f 129 121 126
f 133 125 132
f 121 111 126
f 126 111 122
f 115 133 142
f 122 139 134
f 122 107 139
f 107 123 139
f 119 129 128
f 128 129 130
f 126 130 129
f 126 122 134
f 127 135 123
f 131 128 136
f 131 136 137
f 132 131 137
f 141 126 134
f 134 145 141
f 123 135 139
f 128 130 136
f 140 132 137
f 140 133 132
f 130 126 144
f 152 134 139
f 144 143 130
f 134 152 145
f 136 130 143
f 126 141 144
f 139 135 155
f 138 133 140
f 133 138 142
f 153 139 155
f 146 127 142
f 139 153 152
f 151 138 140
f 137 136 158
f 136 143 147
f 142 150 146
f 135 127 146
f 158 136 147
f 144 141 149
f 142 138 150
f 135 146 156
f 143 144 148
f 145 152 157
f 141 145 149
f 138 151 150
f 144 149 148
f 153 163 152
f 156 155 135
f 145 157 149
f 137 158 140
f 168 151 140
f 168 166 151
f 149 157 159
f 150 151 154
f 163 157 152
f 147 143 148
f 162 153 155
f 164 162 155
f 158 147 161
f 140 158 168
f 148 149 159
f 167 157 163
f 161 147 174
f 146 150 160
f 153 162 163
f 155 156 164
f 147 148 174
f 154 151 166
f 159 157 172
f 156 146 160
f 150 154 160
f 172 157 167
f 158 161 168
f 168 161 165
f 154 169 160
f 148 159 186
f 167 163 173
f 162 170 176
f 162 176 163
f 171 154 166
f 181 156 160
f 164 170 162
f 156 189 164
f 176 173 163
f 160 169 181
f 169 180 181
f 164 189 170
f 186 174 148
f 167 173 172
f 154 171 169
f 172 173 175
f 175 173 176
f 168 165 185
f 179 171 166
f 166 168 179
f 159 172 177
f 175 177 172
f 176 178 175
f 186 159 177
f 169 171 184
f 177 175 183
f 179 187 171
f 187 184 171
f 156 181 189
f 165 161 193
f 165 193 185
f 185 179 168
f 185 182 179
f 179 182 187
f 186 190 174
f 189 202 170
f 183 175 192
f 175 178 192
f 170 188 176
f 186 177 183
f 169 184 180
f 188 178 176
f 174 190 161
f 192 178 188
f 180 199 181
f 181 200 189
f 184 199 180
f 170 195 188
f 194 185 193
f 193 161 190
f 192 188 191
f 188 195 191
f 202 195 170
f 189 200 202
f 194 182 185
f 183 201 186
f 196 193 190
f 186 201 190
f 193 196 194
f 187 197 184
f 192 191 198
f 184 197 199
f 181 199 204
f 200 181 204
f 201 205 190
f 196 190 205
f 192 198 183
f 183 198 201
f 197 203 199
f 182 197 187
f 204 199 203
f 204 216 200
f 200 216 202
f 197 206 203
f 201 198 218
f 195 215 191
f 202 213 195
f 205 201 218
f 195 213 215
f 216 230 202
f 197 182 206
f 191 215 209
f 208 212 203
f 212 204 203
f 206 182 211
f 208 203 206
f 207 208 206
f 218 198 209
f 198 191 209
f 202 230 213
f 210 216 204
f 212 210 204
f 196 205 214
f 194 196 214
f 182 194 211
f 221 222 208
f 208 222 212
f 213 225 215
f 227 211 194
f 218 219 205
f 211 217 206
f 207 206 217
f 207 220 208
f 222 238 212
f 225 224 215
f 225 213 232
f 233 210 212
f 194 214 227
f 214 205 219
f 217 220 207
f 208 220 221
f 228 218 209
f 224 228 209
f 223 222 221
f 241 222 223
f 215 224 209
f 222 241 238
f 238 244 212
f 225 239 224
f 213 230 232
f 225 226 239
f 210 231 216
f 233 212 244
f 210 226 231
f 210 234 226
f 233 234 210
f 211 227 217
f 218 228 219
f 220 235 221
f 228 224 229
f 239 229 224
f 232 231 225
f 232 230 231
f 230 216 231
f 231 226 225
f 243 234 233
f 219 228 249
f 221 235 223
f 228 229 236
f 236 229 237
f 229 239 237
f 234 242 226
f 217 227 240
f 259 214 219
f 227 214 260
f 240 220 217
f 228 236 246
f 223 248 241
f 241 253 238
f 253 244 238
f 226 242 239
f 244 243 233
f 234 243 256
f 227 260 254
f 251 220 240
f 249 259 219
f 220 251 235
f 251 252 235
f 249 228 246
f 223 235 252
f 223 252 248
f 246 236 247
f 236 237 247
f 237 268 247
f 237 239 269
f 269 239 284
f 259 260 214
f 227 254 240
f 240 255 250
f 250 251 240
f 247 275 246
f 248 253 241
f 269 268 237
f 284 239 242
f 234 257 242
f 234 245 257
f 256 245 234
f 247 268 275
f 262 244 253
f 244 263 243
f 256 243 263
f 245 270 257
f 245 256 264
f 270 245 264
f 240 254 255
f 259 249 258
f 314 249 246
f 262 248 252
f 262 253 248
f 262 263 244
f 242 286 284
f 242 257 286
f 283 256 263
f 270 265 257
f 260 259 258
f 250 261 251
f 314 246 275
f 251 261 252
f 261 262 252
f 268 276 275
f 264 288 270
f 266 267 271
f 278 267 266
f 249 314 258
f 281 261 250
f 276 268 269
f 256 283 285
f 285 264 256
f 286 257 265
f 270 289 265
f 288 289 270
f 271 277 266
f 266 277 295
f 266 295 272
f 267 273 271
f 272 278 266
f 278 274 267
f 260 258 279
f 254 260 279
f 254 279 297
f 255 254 297
f 281 250 280
f 314 275 276
f 282 261 281
f 261 282 262
f 300 276 269
f 262 282 263
f 264 285 288
f 271 294 277
f 271 273 294
f 272 296 278
f 273 267 274
f 274 278 310
f 278 296 310
f 255 297 280
f 255 280 250
f 282 283 263
f 300 269 284
f 293 292 290
f 291 293 290
f 291 388 293
f 277 294 454
f 272 295 307
f 273 308 294
f 307 296 272
f 273 274 341
f 296 350 310
f 274 310 309
f 279 344 297
f 280 312 298
f 281 280 299
f 280 298 299
f 299 313 281
f 313 282 281
f 282 330 283
f 284 286 316
f 283 287 285
f 286 265 316
f 316 265 317
f 302 285 287
f 332 288 285
f 319 285 302
f 301 302 287
f 288 332 289
f 303 302 301
f 304 319 302
f 303 304 302
f 290 306 291
f 306 290 336
f 290 292 339
f 294 308 454
f 295 454 307
f 293 324 292
f 293 388 324
f 296 307 342
f 341 308 273
f 341 274 309
f 311 326 327
f 297 312 280
f 297 353 312
f 299 298 311
f 327 299 311
f 258 314 344
f 312 352 298
f 328 299 327
f 314 276 374
f 313 330 282
f 276 300 374
f 300 284 329
f 284 316 329
f 287 283 330
f 301 287 330
f 301 330 331
f 301 315 303
f 265 289 317
f 332 285 319
f 318 303 315
f 289 332 317
f 304 334 382
f 303 334 304
f 318 334 303
f 305 320 415
f 321 305 415
f 335 320 305
f 335 305 321
f 339 338 290
f 338 336 290
f 306 336 337
f 306 322 291
f 322 367 291
f 339 292 349
f 292 323 349
f 388 291 367
f 295 277 454
f 292 324 323
f 296 342 350
f 310 325 309
f 311 421 351
f 311 351 326
f 326 343 327
f 279 258 344
f 311 298 421
f 421 298 352
f 312 353 352
f 299 345 313
f 328 345 299
f 315 301 331
f 315 331 360
f 363 317 332
f 319 333 332
f 304 433 319
f 304 382 433
f 485 321 415
f 321 346 335
f 335 347 320
f 306 337 416
f 416 322 306
f 322 453 367
f 340 454 308
f 341 457 308
f 310 368 325
f 350 368 310
f 371 297 344
f 353 297 371
f 344 314 374
f 345 330 313
f 331 330 345
f 329 377 300
f 316 359 329
f 316 362 359
f 317 362 316
f 362 317 363
f 332 333 363
f 507 363 333
f 318 315 361
f 319 433 333
f 485 346 321
f 335 366 348
f 335 348 347
f 335 346 366
f 336 338 727
f 337 336 727
f 532 339 349
f 322 417 453
f 307 454 653
f 342 307 587
f 457 340 308
f 341 389 457
f 309 389 341
f 325 539 309
f 421 502 351
f 343 422 327
f 421 352 463
f 373 327 422
f 328 327 373
f 374 371 344
f 353 371 372
f 345 328 355
f 399 356 376
f 358 376 356
f 358 357 376
f 355 331 345
f 374 300 377
f 359 377 329
f 315 360 361
f 507 333 364
f 333 433 364
f 334 405 382
f 382 409 433
f 320 484 415
f 484 320 347
f 386 347 348
f 348 366 365
f 365 366 387
f 532 338 339
f 322 416 417
f 349 451 532
f 307 653 587
f 309 539 389
f 539 325 390
f 325 368 391
f 392 390 325
f 391 392 325
f 326 351 500
f 370 463 352
f 352 353 370
f 399 354 356
f 353 372 370
f 372 375 370
f 373 355 328
f 372 371 374
f 380 375 372
f 354 378 356
f 372 374 377
f 376 379 400
f 379 376 357
f 378 358 356
f 372 377 359
f 380 372 359
f 355 360 331
f 358 378 403
f 359 381 380
f 358 403 357
f 381 359 362
f 507 362 363
f 318 432 334
f 409 406 433
f 407 409 382
f 383 409 410
f 436 383 384
f 435 383 436
f 384 383 410
f 384 385 436
f 473 385 384
f 472 473 384
f 485 612 346
f 348 365 386
f 337 728 489
f 416 337 489
f 349 323 456
f 323 324 491
f 324 455 588
f 388 455 324
f 587 589 342
f 340 457 490
f 391 393 392
f 393 419 392
f 393 394 419
f 420 394 393
f 420 393 391
f 462 394 395
f 394 369 395
f 420 369 394
f 500 369 420
f 351 502 395
f 395 369 351
f 369 500 351
f 343 326 632
f 422 343 396
f 343 632 396
f 397 399 398
f 423 399 397
f 399 400 398
f 423 354 399
f 398 400 401
f 426 355 373
f 399 376 400
f 402 354 423
f 402 423 465
f 360 355 426
f 402 378 354
f 400 379 401
f 430 378 402
f 375 380 381
f 379 429 401
f 379 357 403
f 403 429 379
f 403 404 429
f 378 404 403
f 430 404 378
f 572 381 362
f 507 572 362
f 318 361 470
f 470 432 318
f 433 406 434
f 407 382 405
f 410 407 408
f 409 383 406
f 407 410 409
f 435 406 383
f 384 410 472
f 437 411 412
f 442 474 438
f 442 438 443
f 528 413 414
f 448 528 414
f 448 414 447
f 347 486 484
f 612 366 346
f 347 386 487
f 386 365 615
f 337 727 728
f 653 454 927
f 349 456 451
f 323 491 456
f 460 452 459
f 350 418 368
f 418 350 342
f 390 392 419
f 541 391 368
f 420 391 541
f 419 394 462
f 395 502 596
f 424 555 397
f 397 555 423
f 423 555 557
f 557 465 423
f 464 463 370
f 424 397 398
f 398 425 424
f 398 401 425
f 427 402 465
f 431 360 426
f 425 401 428
f 468 402 427
f 402 468 430
f 401 429 428
f 467 381 572
f 360 431 361
f 364 573 507
f 432 405 334
f 408 407 405
f 434 406 435
f 439 436 385
f 473 512 574
f 472 512 473
f 437 412 441
f 439 411 437
f 474 442 475
f 412 476 441
f 444 443 440
f 477 412 411
f 478 442 443
f 444 478 443
f 445 412 477
f 412 445 476
f 478 481 442
f 413 446 445
f 414 413 479
f 480 414 479
f 447 414 480
f 447 480 481
f 447 449 448
f 530 446 528
f 446 413 528
f 450 485 415
f 448 450 528
f 415 484 450
f 366 585 387
f 387 615 365
f 338 532 727
f 417 416 489
f 340 490 454
f 367 455 388
f 451 459 452
f 452 460 534
f 460 458 534
f 459 451 456
f 389 492 457
f 589 418 342
f 539 538 389
f 418 590 368
f 460 459 496
f 459 493 496
f 368 590 541
f 460 461 458
f 390 499 539
f 390 419 499
f 496 461 460
f 419 462 499
f 541 500 420
f 395 596 462
f 463 502 421
f 326 500 632
f 559 463 464
f 422 556 373
f 556 564 373
f 466 464 375
f 375 464 370
f 465 504 427
f 504 567 427
f 467 466 375
f 381 467 375
f 428 429 568
f 506 568 429
f 404 430 569
f 404 469 429
f 429 469 506
f 469 404 569
f 364 433 434
f 471 410 408
f 472 410 471
f 509 472 471
f 436 439 510
f 472 438 512
f 437 510 439
f 512 438 474
f 513 443 438
f 440 443 513
f 437 441 638
f 439 516 411
f 475 517 474
f 664 518 440
f 516 519 411
f 440 518 444
f 477 411 519
f 475 481 525
f 475 442 481
f 476 445 521
f 578 478 444
f 413 445 479
f 480 479 523
f 480 523 524
f 525 480 524
f 446 526 445
f 448 482 450
f 482 448 449
f 528 450 484
f 450 483 485
f 450 482 483
f 447 583 449
f 486 347 487
f 366 612 585
f 615 387 488
f 417 531 453
f 532 451 533
f 533 451 452
f 324 655 491
f 324 654 655
f 588 654 324
f 680 490 457
f 534 458 535
f 457 492 680
f 456 491 459
f 493 459 491
f 491 494 493
f 494 542 493
f 542 494 537
f 458 461 495
f 540 495 497
f 543 497 495
f 495 461 543
f 461 496 498
f 498 626 461
f 463 559 502
f 556 422 396
f 424 562 599
f 555 424 599
f 561 465 557
f 425 562 424
f 504 465 561
f 560 503 551
f 564 426 373
f 566 562 425
f 567 504 503
f 425 428 566
f 567 468 427
f 566 428 568
f 569 430 468
f 361 431 570
f 469 569 571
f 361 570 470
f 469 604 506
f 571 604 469
f 364 434 573
f 432 508 405
f 470 508 432
f 435 436 510
f 514 439 385
f 385 511 514
f 473 511 385
f 473 574 511
f 472 509 438
f 438 509 513
f 474 576 512
f 441 515 638
f 516 439 514
f 474 517 576
f 575 516 514
f 517 516 575
f 517 519 516
f 517 475 520
f 441 476 641
f 520 519 517
f 475 525 520
f 476 521 641
f 477 519 522
f 521 445 526
f 479 445 477
f 477 522 479
f 479 522 523
f 481 480 525
f 447 481 478
f 446 608 526
f 608 446 530
f 478 610 447
f 608 530 581
f 483 527 580
f 485 483 580
f 483 579 527
f 482 579 483
f 579 482 449
f 580 612 485
f 486 529 484
f 529 528 484
f 583 447 610
f 529 530 528
f 386 615 705
f 532 652 727
f 489 531 417
f 533 652 532
f 452 534 533
f 453 531 679
f 453 455 367
f 679 455 453
f 707 494 491
f 829 418 589
f 495 540 536
f 458 495 536
f 539 499 538
f 493 544 496
f 542 544 493
f 540 497 592
f 497 545 592
f 496 544 498
f 592 545 547
f 461 626 543
f 498 544 546
f 594 498 546
f 626 684 543
f 594 626 498
f 541 501 500
f 545 549 547
f 497 550 545
f 543 550 497
f 499 462 596
f 549 548 547
f 545 550 549
f 548 552 558
f 549 552 548
f 553 552 549
f 550 553 549
f 595 558 551
f 554 596 502
f 500 501 632
f 556 599 562
f 550 563 553
f 561 551 503
f 552 560 558
f 553 560 552
f 558 560 551
f 553 565 560
f 563 565 553
f 556 562 564
f 503 504 561
f 426 564 566
f 562 566 564
f 567 503 560
f 567 560 565
f 600 567 565
f 468 567 505
f 505 567 600
f 568 426 566
f 569 468 601
f 601 468 505
f 568 431 426
f 570 431 568
f 568 506 570
f 569 601 602
f 603 570 506
f 602 571 569
f 572 507 605
f 713 408 405
f 509 471 606
f 512 576 574
f 606 513 509
f 511 575 514
f 574 575 511
f 576 575 574
f 576 517 575
f 515 577 639
f 515 441 577
f 577 441 641
f 520 607 519
f 525 607 520
f 518 714 444
f 643 521 526
f 523 522 607
f 524 523 607
f 607 525 524
f 444 714 578
f 527 579 609
f 527 611 580
f 613 579 449
f 613 449 582
f 486 487 529
f 449 583 582
f 584 581 530
f 529 584 530
f 487 584 529
f 487 386 705
f 387 585 488
f 586 650 675
f 488 651 615
f 534 748 533
f 490 678 454
f 654 588 617
f 490 680 678
f 587 653 589
f 491 655 707
f 617 749 654
f 617 537 749
f 535 458 536
f 619 494 707
f 619 537 494
f 620 624 537
f 617 620 537
f 624 622 537
f 389 656 492
f 538 656 389
f 537 622 542
f 621 538 499
f 590 591 541
f 590 681 591
f 544 542 622
f 592 547 593
f 546 544 622
f 547 548 593
f 593 548 595
f 684 629 543
f 550 543 629
f 594 627 598
f 548 558 595
f 595 551 597
f 596 554 628
f 502 559 554
f 559 688 554
f 632 501 685
f 557 555 631
f 556 396 599
f 551 561 597
f 629 563 550
f 565 563 634
f 634 600 565
f 603 636 570
f 570 636 470
f 604 603 506
f 470 661 508
f 507 573 605
f 434 662 573
f 405 508 713
f 408 713 663
f 662 434 693
f 434 435 693
f 408 606 471
f 435 510 693
f 638 510 437
f 513 664 440
f 522 519 607
f 521 643 641
f 526 608 643
f 578 666 478
f 478 666 610
f 527 720 611
f 609 720 527
f 579 613 609
f 610 648 583
f 584 487 705
f 582 583 649
f 649 583 673
f 583 648 673
f 724 673 648
f 705 614 584
f 586 676 650
f 652 533 748
f 454 616 927
f 653 730 589
f 588 618 617
f 749 537 619
f 589 730 829
f 620 617 618
f 538 657 656
f 418 681 590
f 418 866 681
f 536 540 682
f 540 592 682
f 538 621 657
f 592 593 682
f 623 622 624
f 623 546 622
f 499 596 621
f 593 595 625
f 709 684 626
f 594 598 626
f 710 626 598
f 594 630 627
f 598 659 710
f 627 659 598
f 630 659 627
f 555 599 631
f 561 687 597
f 561 557 687
f 557 631 687
f 633 563 629
f 559 464 756
f 633 660 563
f 660 634 563
f 635 505 600
f 635 601 505
f 572 605 759
f 573 637 605
f 606 408 663
f 694 513 606
f 638 515 639
f 694 664 513
f 664 642 518
f 641 640 577
f 518 642 714
f 643 608 665
f 666 644 645
f 645 644 669
f 671 665 608
f 745 762 609
f 645 610 666
f 745 613 646
f 745 609 613
f 581 671 608
f 721 580 611
f 580 721 612
f 613 647 646
f 671 581 698
f 610 645 648
f 721 788 612
f 582 647 613
f 581 584 672
f 612 788 585
f 614 672 584
f 705 703 614
f 649 747 582
f 725 747 649
f 674 650 676
f 585 726 488
f 488 726 651
f 726 677 651
f 621 772 657
f 658 621 628
f 541 591 501
f 594 546 733
f 621 596 628
f 595 597 625
f 684 633 629
f 709 626 710
f 630 594 733
f 710 659 711
f 597 687 625
f 554 688 755
f 806 631 599
f 756 688 559
f 779 756 464
f 634 690 600
f 690 635 600
f 602 601 739
f 572 759 760
f 760 467 572
f 602 739 571
f 636 712 470
f 470 712 661
f 740 604 571
f 662 637 573
f 842 508 661
f 510 638 812
f 812 693 510
f 606 811 694
f 639 577 640
f 641 695 640
f 641 643 695
f 643 716 695
f 696 668 670
f 667 715 720
f 609 667 720
f 762 667 609
f 668 665 670
f 670 665 671
f 646 669 745
f 670 671 698
f 700 670 698
f 701 646 722
f 702 669 701
f 701 669 646
f 698 581 672
f 648 645 724
f 747 647 582
f 725 649 704
f 675 650 704
f 705 615 706
f 615 651 706
f 651 677 770
f 489 728 794
f 531 489 794
f 794 679 531
f 534 535 748
f 455 618 588
f 455 826 618
f 653 927 730
f 707 655 654
f 708 535 536
f 708 536 682
f 492 800 680
f 800 492 656
f 621 658 772
f 731 773 593
f 682 593 773
f 731 593 625
f 623 683 546
f 658 628 753
f 591 685 501
f 546 683 733
f 625 686 731
f 777 711 659
f 659 630 777
f 554 753 628
f 625 687 686
f 599 396 632
f 599 632 806
f 687 631 686
f 689 660 633
f 466 736 464
f 690 634 689
f 660 689 634
f 466 467 736
f 739 601 635
f 604 691 603
f 508 842 713
f 662 692 637
f 662 693 741
f 663 811 606
f 693 812 742
f 812 638 743
f 639 743 638
f 666 744 644
f 719 744 666
f 665 716 643
f 665 717 716
f 668 717 665
f 669 644 744
f 578 719 666
f 745 669 744
f 611 720 721
f 647 722 646
f 696 670 697
f 820 722 647
f 670 699 697
f 670 700 699
f 669 702 645
f 747 820 647
f 702 701 767
f 672 700 698
f 614 700 672
f 614 703 700
f 673 723 649
f 723 704 649
f 704 768 675
f 704 674 725
f 674 704 650
f 768 824 675
f 706 651 770
f 927 616 926
f 679 796 455
f 535 708 795
f 729 707 654
f 750 620 618
f 868 620 750
f 829 866 418
f 623 624 751
f 623 751 683
f 753 772 658
f 684 709 734
f 684 734 633
f 554 755 753
f 734 735 633
f 631 778 686
f 735 689 633
f 736 467 876
f 690 738 635
f 740 571 739
f 691 604 740
f 662 741 692
f 741 693 742
f 664 694 761
f 743 639 781
f 642 664 761
f 639 640 781
f 782 714 642
f 578 714 782
f 717 668 696
f 720 715 718
f 667 850 715
f 719 578 782
f 722 820 785
f 921 788 721
f 722 746 701
f 697 699 924
f 767 701 746
f 766 702 767
f 702 724 645
f 723 702 766
f 699 700 703
f 699 703 924
f 723 724 702
f 673 724 723
f 723 768 704
f 703 705 793
f 705 706 793
f 585 823 726
f 675 824 586
f 586 860 676
f 535 795 748
f 454 797 616
f 730 827 829
f 773 708 682
f 656 657 771
f 620 868 624
f 709 710 754
f 733 777 630
f 686 778 731
f 631 806 778
f 779 464 736
f 737 690 689
f 738 690 737
f 876 467 760
f 663 713 810
f 663 810 811
f 640 695 915
f 695 964 915
f 848 715 850
f 695 716 964
f 783 717 696
f 762 765 667
f 667 765 785
f 762 745 763
f 745 744 763
f 744 719 920
f 884 721 718
f 718 721 720
f 696 697 783
f 722 785 765
f 721 884 921
f 765 786 722
f 722 786 746
f 766 767 787
f 788 823 585
f 703 793 924
f 674 676 889
f 824 860 586
f 727 652 862
f 727 862 890
f 728 727 1103
f 652 748 862
f 454 678 797
f 455 796 826
f 927 827 730
f 795 708 799
f 678 680 800
f 828 749 619
f 830 708 773
f 771 800 656
f 868 751 624
f 731 775 773
f 752 733 683
f 733 752 732
f 709 804 734
f 731 835 775
f 709 754 804
f 732 777 733
f 734 776 735
f 710 711 754
f 685 874 632
f 735 757 689
f 951 779 736
f 757 737 689
f 738 737 808
f 635 738 758
f 758 739 635
f 809 692 741
f 741 742 809
f 694 817 761
f 743 781 818
f 848 718 715
f 849 762 763
f 763 744 784
f 719 782 854
f 716 885 964
f 717 764 716
f 716 764 885
f 762 849 765
f 744 920 784
f 719 1019 920
f 1019 719 854
f 746 786 787
f 787 858 746
f 746 858 767
f 886 768 723
f 791 769 767
f 792 769 791
f 922 824 768
f 823 861 726
f 793 706 859
f 706 770 859
f 677 726 861
f 676 860 889
f 727 890 1103
f 794 796 679
f 729 654 749
f 707 729 863
f 707 863 619
f 863 828 619
f 657 831 771
f 681 866 832
f 831 657 772
f 801 831 772
f 832 591 681
f 867 591 832
f 867 685 591
f 751 774 683
f 734 804 803
f 734 803 776
f 805 711 777
f 835 731 778
f 735 776 839
f 688 756 836
f 806 632 837
f 735 839 757
f 876 951 736
f 737 757 808
f 738 808 758
f 694 811 877
f 877 817 694
f 761 817 642
f 781 640 818
f 818 640 915
f 785 849 850
f 785 850 667
f 764 855 885
f 783 764 717
f 820 819 785
f 783 697 856
f 747 789 820
f 766 787 786
f 787 767 790
f 858 791 767
f 790 767 769
f 747 725 822
f 768 967 922
f 822 725 674
f 677 861 770
f 825 794 728
f 862 748 795
f 678 891 797
f 798 729 749
f 678 800 891
f 708 830 799
f 798 749 828
f 830 773 802
f 802 773 775
f 772 753 801
f 801 753 900
f 752 683 774
f 874 685 867
f 777 732 805
f 753 755 900
f 939 632 874
f 756 779 836
f 836 779 949
f 779 951 949
f 757 839 807
f 951 876 983
f 808 757 807
f 603 954 636
f 908 712 636
f 712 842 661
f 637 692 1038
f 809 742 956
f 742 843 956
f 843 742 812
f 814 845 780
f 815 816 813
f 782 642 817
f 817 854 782
f 852 851 783
f 718 848 917
f 849 785 819
f 849 819 853
f 763 784 882
f 849 853 765
f 917 884 718
f 856 697 1222
f 697 924 1222
f 821 766 786
f 766 886 723
f 766 821 886
f 787 857 858
f 789 747 822
f 886 967 768
f 790 769 888
f 924 793 1069
f 859 1069 793
f 794 825 796
f 891 800 864
f 774 833 752
f 872 898 775
f 804 869 803
f 752 870 732
f 871 776 803
f 872 775 835
f 834 804 754
f 805 732 870
f 901 776 871
f 754 711 834
f 632 939 837
f 837 903 806
f 778 806 838
f 778 875 835
f 776 901 839
f 875 778 838
f 902 807 839
f 904 808 807
f 952 808 904
f 952 758 808
f 758 952 840
f 739 758 840
f 739 840 841
f 760 759 906
f 876 760 906
f 908 636 954
f 841 740 739
f 603 907 954
f 759 605 1037
f 605 637 1037
f 842 1039 713
f 812 743 959
f 843 812 959
f 878 780 844
f 844 780 845
f 813 911 815
f 911 813 957
f 743 818 959
f 957 813 846
f 780 878 814
f 816 846 813
f 814 879 845
f 847 816 815
f 914 879 848
f 847 914 850
f 816 847 850
f 850 914 848
f 850 849 816
f 882 849 763
f 851 883 783
f 819 963 853
f 994 765 853
f 783 883 764
f 920 1139 784
f 994 786 765
f 994 821 786
f 787 790 857
f 791 968 792
f 769 792 888
f 888 792 968
f 922 968 824
f 823 1070 861
f 770 861 859
f 1072 797 891
f 795 799 970
f 799 928 970
f 865 828 863
f 828 865 895
f 828 895 798
f 864 800 771
f 750 892 868
f 829 827 866
f 799 830 930
f 930 830 802
f 1024 867 832
f 930 802 896
f 898 896 802
f 775 898 802
f 751 897 833
f 751 833 774
f 870 752 833
f 803 869 976
f 976 869 934
f 934 869 870
f 871 803 976
f 804 834 869
f 867 1001 874
f 711 805 834
f 900 755 1003
f 871 873 901
f 875 872 835
f 806 903 978
f 902 839 901
f 948 807 942
f 902 942 807
f 904 807 948
f 603 691 907
f 712 908 842
f 637 1038 1037
f 810 713 1039
f 809 956 989
f 810 909 811
f 990 877 811
f 843 959 992
f 910 960 878
f 910 878 844
f 961 844 845
f 877 990 958
f 959 818 1015
f 878 960 881
f 878 881 814
f 845 879 961
f 1015 818 915
f 846 816 880
f 879 814 881
f 848 879 881
f 849 880 816
f 881 917 848
f 881 916 883
f 881 883 851
f 917 881 851
f 851 852 917
f 853 963 918
f 853 918 1096
f 784 1139 882
f 919 819 820
f 790 888 887
f 888 968 922
f 860 824 1102
f 1069 859 1050
f 674 889 822
f 1050 859 861
f 1071 889 860
f 862 795 969
f 969 795 925
f 798 1128 729
f 1128 798 895
f 618 826 750
f 863 729 893
f 863 893 894
f 863 894 865
f 892 895 868
f 868 895 865
f 831 929 771
f 771 929 998
f 973 831 801
f 1024 1025 867
f 865 932 897
f 751 865 897
f 868 865 751
f 1001 867 1025
f 931 897 974
f 833 931 977
f 897 931 833
f 871 976 936
f 973 801 900
f 898 872 899
f 869 834 870
f 805 870 834
f 874 1001 939
f 806 978 979
f 838 806 979
f 902 901 873
f 837 939 940
f 903 837 944
f 837 940 944
f 941 872 875
f 905 947 981
f 950 904 948
f 987 905 981
f 952 985 840
f 876 906 983
f 1008 908 954
f 759 1037 906
f 691 955 907
f 908 1010 842
f 692 989 1038
f 1010 1039 842
f 989 692 809
f 990 811 909
f 910 992 960
f 957 846 958
f 912 958 846
f 1013 958 912
f 846 880 912
f 961 879 913
f 815 911 847
f 881 960 916
f 914 913 879
f 847 1017 914
f 880 849 882
f 882 912 880
f 817 1121 854
f 852 993 917
f 964 885 1044
f 852 783 856
f 963 819 919
f 885 1123 1044
f 885 855 1123
f 884 995 921
f 919 820 789
f 1018 821 994
f 1018 886 821
f 995 965 921
f 921 965 788
f 886 1047 967
f 789 822 1049
f 965 1020 788
f 791 858 887
f 788 1020 823
f 922 887 888
f 791 923 968
f 1102 824 968
f 822 889 1101
f 890 1126 1103
f 969 890 862
f 893 729 1128
f 1128 895 892
f 826 1023 750
f 1072 891 1129
f 827 927 926
f 970 928 997
f 893 971 972
f 972 894 893
f 891 864 1129
f 930 933 799
f 933 928 799
f 932 865 894
f 929 1108 998
f 831 973 929
f 972 931 974
f 932 974 897
f 930 896 975
f 933 930 975
f 936 976 933
f 870 833 977
f 934 870 977
f 896 898 935
f 935 898 899
f 936 896 935
f 975 896 936
f 900 1002 973
f 873 936 935
f 936 873 871
f 935 899 938
f 872 937 899
f 935 938 873
f 1003 1002 900
f 941 937 872
f 938 899 937
f 688 1003 755
f 873 938 902
f 1003 688 836
f 946 903 944
f 946 978 903
f 838 979 980
f 937 941 945
f 938 937 942
f 942 937 945
f 902 938 942
f 944 940 943
f 875 980 982
f 875 838 980
f 941 875 982
f 945 941 982
f 944 943 947
f 947 946 944
f 947 943 981
f 945 982 948
f 942 945 948
f 948 982 950
f 950 952 904
f 953 984 905
f 905 987 1008
f 953 905 1008
f 954 953 1008
f 988 841 1007
f 1007 841 840
f 953 954 907
f 953 907 986
f 907 1009 986
f 1008 1010 908
f 1009 907 955
f 988 740 841
f 740 988 691
f 691 988 955
f 810 1039 1041
f 1011 810 1041
f 810 1011 909
f 843 992 910
f 844 961 910
f 957 958 1012
f 1013 912 882
f 1015 915 1255
f 914 962 913
f 916 1016 883
f 915 964 1044
f 852 856 1238
f 856 1222 1238
f 1018 1046 886
f 857 966 858
f 887 966 790
f 858 966 887
f 923 791 887
f 887 922 967
f 887 967 923
f 968 923 1102
f 1050 861 1070
f 1101 889 1071
f 860 1102 1071
f 970 925 795
f 616 797 1164
f 893 1128 971
f 892 1023 1128
f 750 1023 892
f 826 1051 1023
f 1051 826 796
f 971 996 972
f 894 972 974
f 832 866 1024
f 928 933 997
f 894 974 932
f 976 1000 933
f 972 977 931
f 934 1000 976
f 933 975 936
f 836 949 1028
f 946 947 984
f 943 1005 981
f 1031 950 982
f 947 905 984
f 952 950 1031
f 984 953 986
f 1005 987 981
f 985 1007 840
f 906 1060 983
f 1009 988 1007
f 988 1009 955
f 906 1037 1060
f 1011 1066 909
f 956 843 1065
f 990 909 1066
f 1014 992 959
f 1043 958 1013
f 958 1043 877
f 959 1015 1014
f 1013 882 1095
f 1043 817 877
f 911 991 847
f 991 1157 847
f 817 1043 1121
f 847 1157 1017
f 1017 962 914
f 853 1096 994
f 852 1238 993
f 789 1045 919
f 1018 1099 1046
f 1046 1047 886
f 1045 789 1049
f 857 790 966
f 1049 822 1101
f 825 728 1105
f 969 925 1021
f 825 1051 796
f 1022 970 997
f 925 970 1022
f 1053 827 926
f 864 771 1129
f 997 933 1000
f 973 1026 929
f 972 999 977
f 999 1000 977
f 977 1000 934
f 1002 1026 973
f 980 979 1030
f 978 946 1029
f 946 984 1058
f 946 1058 1029
f 980 1030 982
f 1031 982 1030
f 951 983 1004
f 952 1031 985
f 1005 1006 987
f 983 1060 1004
f 987 1006 1061
f 987 1061 1008
f 1040 989 1062
f 989 1064 1062
f 1064 989 956
f 956 1065 1064
f 843 910 1065
f 1065 910 961
f 990 1012 958
f 1066 1012 990
f 911 1012 991
f 957 1012 911
f 960 1042 916
f 1255 915 1044
f 917 993 1097
f 1097 884 917
f 1096 1098 994
f 884 1097 995
f 994 1098 1018
f 854 1121 1019
f 1016 764 883
f 967 1048 923
f 967 1047 1048
f 823 1020 1070
f 1105 728 1103
f 1051 825 1105
f 1021 925 1022
f 1164 797 1072
f 1022 996 1052
f 996 971 1052
f 1022 997 999
f 996 1022 999
f 996 999 972
f 999 997 1000
f 866 1109 1024
f 1109 866 1053
f 827 1053 866
f 929 1026 1108
f 1054 1074 1026
f 1027 1025 1074
f 1025 1027 1001
f 1054 1026 1002
f 1131 1003 836
f 1002 1003 1075
f 1131 836 1028
f 940 939 1076
f 978 1029 979
f 979 1029 1030
f 1028 949 1077
f 1076 943 940
f 949 951 1056
f 1031 1030 1055
f 1006 1005 1083
f 1029 1058 1032
f 951 1004 1056
f 1031 1055 1033
f 984 986 1058
f 1031 1033 985
f 1034 1058 986
f 985 1033 1035
f 985 1035 1036
f 1034 986 1036
f 1035 1034 1036
f 1036 986 1009
f 1007 985 1036
f 1007 1036 1009
f 1061 1010 1008
f 1039 1116 1041
f 1063 1011 1041
f 1011 1063 1066
f 1064 1091 1062
f 1042 992 1014
f 1042 960 992
f 961 913 1093
f 1042 1194 916
f 1194 1016 916
f 1017 1094 962
f 1094 1017 1157
f 1139 920 1160
f 920 1019 1160
f 919 1045 1221
f 1222 924 1069
f 1142 1050 1070
f 1104 890 969
f 1022 1052 1021
f 926 616 1106
f 926 1106 1073
f 971 1128 1052
f 1073 1053 926
f 771 998 1129
f 1024 1130 1025
f 1108 1026 1074
f 1074 1025 1130
f 1027 1074 1054
f 1002 1075 1054
f 1001 1027 1149
f 1001 1149 939
f 1110 943 1076
f 1030 1029 1055
f 1055 1029 1032
f 1077 949 1056
f 943 1110 1005
f 1110 1083 1005
f 1055 1080 1033
f 1032 1058 1057
f 1033 1080 1084
f 1058 1034 1057
f 1057 1034 1086
f 1086 1035 1084
f 1033 1084 1035
f 1004 1059 1056
f 1086 1034 1035
f 1060 1059 1004
f 1006 1111 1061
f 1061 1116 1010
f 1037 1038 1114
f 1010 1116 1039
f 1063 1092 1066
f 1064 1065 961
f 1092 991 1066
f 1066 991 1012
f 1013 1138 1043
f 1300 961 1093
f 1067 1013 1095
f 918 1094 1096
f 1095 882 1139
f 918 963 1094
f 1139 1160 1099
f 1048 1047 1068
f 1047 1046 1068
f 1045 1049 1100
f 1049 1101 1124
f 1069 1050 1142
f 1126 890 1104
f 969 1021 1104
f 616 1198 1106
f 1023 1107 1128
f 1023 1147 1107
f 1109 1053 1148
f 939 1149 1076
f 1131 1028 1077
f 1077 1056 1078
f 1081 1078 1056
f 1055 1032 1079
f 1080 1055 1079
f 1081 1085 1082
f 1057 1079 1032
f 1079 1084 1080
f 1081 1059 1085
f 1056 1059 1081
f 1059 1087 1085
f 1060 1088 1059
f 1113 1037 1114
f 1060 1037 1113
f 1038 1115 1114
f 989 1115 1038
f 1040 1115 989
f 1089 1063 1041
f 1090 1040 1062
f 1089 1040 1090
f 1063 1089 1090
f 1090 1062 1091
f 1063 1090 1092
f 1117 1090 1091
f 1092 1090 1117
f 1175 1092 1117
f 1118 913 962
f 962 1119 1118
f 1094 963 1120
f 963 919 1120
f 1098 1099 1018
f 1160 1197 1099
f 1045 1100 1221
f 965 1259 1020
f 1100 1049 1124
f 1048 1102 923
f 1071 1125 1101
f 1125 1071 1102
f 1126 1104 1145
f 1021 1146 1104
f 1127 1146 1021
f 1127 1021 1052
f 1051 1147 1023
f 1072 1129 1165
f 1073 1148 1053
f 1108 1074 1130
f 1024 1167 1130
f 1024 1109 1167
f 1148 1166 1109
f 1003 1131 1075
f 1132 1027 1075
f 1027 1054 1075
f 1027 1132 1149
f 1133 1131 1077
f 1150 1151 1082
f 1133 1077 1078
f 1078 1082 1151
f 1081 1082 1078
f 1079 1057 1086
f 1079 1086 1084
f 1083 1111 1006
f 1087 1059 1088
f 1136 1088 1060
f 1111 1112 1061
f 1060 1113 1136
f 1041 1137 1089
f 1041 1116 1137
f 1042 1014 1254
f 1013 1067 1138
f 1014 1015 1255
f 1093 913 1118
f 962 1094 1119
f 1095 1139 1158
f 1255 1044 1159
f 993 1196 1097
f 1096 1178 1098
f 919 1220 1120
f 1238 1196 993
f 1099 1098 1122
f 1122 1139 1099
f 1377 855 764
f 1377 764 1016
f 919 1221 1220
f 855 1284 1123
f 1377 1284 855
f 1221 1100 1141
f 1068 1046 1140
f 1124 1101 1125
f 1103 1126 1143
f 1145 1104 1146
f 1105 1144 1147
f 1105 1147 1051
f 1073 1106 1183
f 1052 1128 1127
f 1072 1165 1164
f 1131 1168 1075
f 1132 1075 1168
f 1149 1110 1076
f 1078 1152 1133
f 1134 1083 1110
f 1134 1135 1154
f 1083 1134 1111
f 1111 1134 1155
f 1134 1154 1155
f 1087 1153 1085
f 1088 1153 1087
f 1111 1155 1112
f 1112 1116 1061
f 1113 1114 1172
f 1040 1174 1115
f 1174 1040 1089
f 1089 1137 1156
f 1091 1300 1252
f 1091 1064 1300
f 1092 1175 991
f 961 1300 1064
f 1254 1194 1042
f 1067 1095 1176
f 1043 1138 1121
f 1138 1236 1121
f 1157 1096 1094
f 1094 1120 1119
f 1178 1195 1098
f 1098 1195 1122
f 1044 1123 1159
f 1099 1197 1046
f 1197 1140 1046
f 995 1339 965
f 1141 1100 1124
f 965 1339 1259
f 1048 1258 1102
f 1259 1070 1020
f 1161 1143 1126
f 1161 1126 1145
f 1103 1143 1144
f 1103 1144 1105
f 1147 1163 1107
f 1148 1073 1184
f 1129 998 1165
f 1108 1185 998
f 1108 1167 1185
f 1108 1130 1167
f 1109 1166 1167
f 1168 1131 1170
f 1170 1131 1133
f 1110 1149 1132
f 1151 1150 1241
f 1078 1151 1152
f 1150 1082 1201
f 1135 1170 1203
f 1110 1169 1134
f 1135 1203 1154
f 1082 1085 1171
f 1228 1171 1085
f 1085 1153 1228
f 1187 1153 1088
f 1155 1154 1188
f 1136 1187 1088
f 1113 1172 1136
f 1116 1112 1137
f 1209 1114 1173
f 1172 1114 1209
f 1114 1115 1173
f 1089 1156 1174
f 1193 991 1175
f 1158 1139 1122
f 1121 1180 1019
f 1019 1180 1160
f 1141 1124 1257
f 1068 1286 1048
f 1286 1258 1048
f 1069 1142 1181
f 1224 1142 1070
f 1070 1259 1224
f 1125 1102 1258
f 1144 1143 1161
f 1162 1161 1145
f 1162 1145 1146
f 1144 1182 1147
f 1162 1146 1127
f 1127 1163 1162
f 1147 1182 1163
f 1163 1127 1128
f 1107 1163 1128
f 1199 1166 1184
f 1148 1184 1166
f 1166 1199 1167
f 1151 1242 1152
f 1169 1168 1170
f 1132 1168 1169
f 1110 1132 1169
f 1170 1135 1169
f 1134 1169 1135
f 1201 1082 1171
f 1203 1205 1154
f 1206 1228 1153
f 1187 1206 1153
f 1205 1188 1154
f 1155 1188 1189
f 1112 1155 1189
f 1187 1136 1229
f 1112 1189 1137
f 1137 1189 1156
f 1246 1172 1209
f 1190 1209 1173
f 1115 1174 1173
f 1091 1252 1117
f 1014 1255 1280
f 1014 1280 1254
f 991 1193 1157
f 1095 1158 1176
f 1193 1177 1157
f 1444 1093 1118
f 1178 1096 1157
f 1118 1478 1444
f 1118 1119 1478
f 1119 1120 1375
f 1196 1219 1097
f 1122 1195 1179
f 1122 1179 1158
f 1123 1284 1159
f 1097 1219 995
f 1160 1180 1197
f 1223 1140 1197
f 1068 1140 1286
f 1181 1142 1224
f 1182 1161 1162
f 1161 1182 1144
f 1182 1162 1163
f 1106 1198 1183
f 1183 1184 1073
f 1150 1311 1241
f 1133 1152 1200
f 1170 1133 1200
f 1186 1170 1200
f 1186 1203 1170
f 1190 1191 1188
f 1189 1188 1191
f 1172 1246 1136
f 1191 1190 1173
f 1191 1173 1174
f 1156 1191 1174
f 1217 1117 1252
f 1175 1117 1217
f 1300 1093 1391
f 1177 1178 1157
f 1219 1237 995
f 1221 1141 1285
f 1222 1069 1181
f 1257 1124 1260
f 1310 1260 1125
f 1260 1124 1125
f 1310 1125 1258
f 1240 1183 1198
f 1226 616 1164
f 1183 1240 1184
f 1226 1164 1165
f 1165 998 1226
f 1185 1226 998
f 1199 1185 1167
f 1151 1241 1242
f 1311 1150 1201
f 1243 1202 1171
f 1201 1171 1202
f 1203 1204 1205
f 1204 1203 1186
f 1207 1188 1205
f 1190 1188 1314
f 1187 1229 1245
f 1190 1208 1209
f 1189 1191 1156
f 1136 1263 1229
f 1136 1246 1263
f 1209 1208 1246
f 1230 1210 1232
f 1265 1210 1230
f 1210 1192 1232
f 1214 1211 1264
f 1212 1214 1231
f 1210 1265 1215
f 1278 1213 1192
f 1192 1210 1215
f 1214 1253 1211
f 1216 1278 1192
f 1215 1216 1192
f 1235 1253 1214
f 1212 1235 1214
f 1215 1218 1216
f 1193 1282 1177
f 1119 1375 1632
f 1220 1283 1120
f 1283 1220 1177
f 1256 1158 1179
f 1196 1238 1324
f 1239 1222 1326
f 1223 1286 1140
f 1339 1379 1259
f 1309 1258 1286
f 1225 1198 616
f 1225 1240 1198
f 1225 616 1226
f 1240 1227 1184
f 1227 1226 1185
f 1184 1227 1199
f 1199 1227 1185
f 1200 1152 1242
f 1200 1242 1289
f 1186 1244 1204
f 1207 1205 1204
f 1187 1245 1206
f 1206 1245 1294
f 1190 1314 1208
f 1229 1263 1295
f 1246 1315 1263
f 1231 1214 1264
f 1231 1247 1212
f 1264 1211 1233
f 1234 1250 1249
f 1213 1234 1249
f 1213 1278 1234
f 1211 1253 1299
f 1265 1251 1215
f 1218 1278 1216
f 1175 1217 1193
f 1138 1067 1306
f 1138 1306 1305
f 1138 1305 1236
f 1444 1391 1093
f 1120 1283 1375
f 1220 1335 1177
f 1177 1335 1178
f 1236 1336 1121
f 1121 1336 1180
f 1377 1378 1284
f 1221 1285 1337
f 1180 1308 1197
f 1180 1420 1308
f 1237 1339 995
f 1238 1222 1239
f 1141 1257 1285
f 1227 1240 1225
f 1227 1225 1226
f 1357 1241 1311
f 1200 1289 1186
f 1202 1243 1312
f 1244 1262 1204
f 1171 1228 1243
f 1262 1207 1204
f 1314 1188 1207
f 1245 1229 1295
f 1213 1248 1232
f 1232 1192 1213
f 1247 1268 1212
f 1233 1211 1267
f 1212 1268 1275
f 1270 1272 1269
f 1270 1273 1272
f 1298 1251 1265
f 1250 1234 1302
f 1278 1302 1234
f 1212 1275 1235
f 1275 1279 1235
f 1215 1251 1304
f 1215 1304 1218
f 1235 1279 1253
f 1306 1067 1176
f 1306 1176 1353
f 1193 1307 1282
f 1282 1283 1177
f 1119 1632 1478
f 1219 1196 1324
f 1221 1337 1220
f 1336 1420 1180
f 1197 1308 1223
f 1222 1181 1326
f 1257 1260 1381
f 1379 1340 1259
f 1242 1241 1288
f 1289 1242 1288
f 1289 1261 1186
f 1201 1202 1290
f 1261 1244 1186
f 1295 1363 1245
f 1246 1208 1315
f 1264 1349 1231
f 1232 1248 1327
f 1248 1213 1266
f 1247 1296 1268
f 1213 1249 1266
f 1265 1402 1298
f 1269 1319 1270
f 1319 1320 1270
f 1270 1320 1266
f 1270 1266 1249
f 1249 1250 1270
f 1269 1272 1271
f 1270 1250 1273
f 1272 1274 1271
f 1273 1274 1272
f 1298 1276 1251
f 1299 1267 1211
f 1273 1252 1274
f 1217 1252 1273
f 1302 1217 1273
f 1250 1302 1273
f 1252 1300 1301
f 1307 1193 1217
f 1334 1299 1253
f 1218 1306 1278
f 1304 1306 1218
f 1322 1334 1253
f 1279 1322 1253
f 1255 1354 1280
f 1335 1393 1178
f 1016 1430 1377
f 1340 1287 1259
f 1224 1287 1181
f 1287 1224 1259
f 1241 1357 1288
f 1201 1290 1311
f 1202 1312 1290
f 1291 1244 1261
f 1244 1291 1262
f 1228 1292 1243
f 1228 1206 1313
f 1292 1228 1313
f 1262 1361 1207
f 1207 1361 1293
f 1206 1294 1313
f 1207 1293 1314
f 1363 1294 1245
f 1295 1263 1363
f 1230 1232 1348
f 1232 1327 1348
f 1233 1349 1264
f 1230 1348 1265
f 1233 1267 1316
f 1316 1267 1317
f 1269 1318 1319
f 1402 1329 1298
f 1271 1268 1296
f 1318 1271 1296
f 1269 1271 1318
f 1297 1317 1267
f 1268 1321 1275
f 1268 1271 1321
f 1321 1271 1274
f 1267 1299 1297
f 1299 1414 1297
f 1275 1321 1279
f 1321 1277 1279
f 1274 1252 1301
f 1251 1389 1304
f 1302 1333 1307
f 1302 1307 1217
f 1302 1303 1333
f 1302 1278 1303
f 1306 1303 1278
f 1279 1277 1322
f 1304 1305 1306
f 1194 1254 1281
f 1176 1158 1353
f 1353 1158 1392
f 1336 1236 1390
f 1323 1283 1282
f 1283 1323 1375
f 1255 1159 1354
f 1194 1430 1016
f 1178 1393 1195
f 1159 1284 1395
f 1285 1325 1337
f 1325 1285 1338
f 1285 1257 1338
f 1257 1381 1338
f 1309 1310 1258
f 1341 1260 1310
f 1357 1342 1288
f 1289 1288 1343
f 1343 1261 1289
f 1311 1290 1356
f 1314 1293 1364
f 1363 1315 1314
f 1315 1363 1263
f 1314 1315 1208
f 1233 1385 1349
f 1247 1231 1349
f 1348 1328 1265
f 1316 1385 1233
f 1317 1297 1330
f 1298 1329 1276
f 1330 1297 1414
f 1274 1301 1321
f 1251 1276 1389
f 1300 1391 1301
f 1304 1389 1305
f 1280 1322 1277
f 1322 1280 1354
f 1307 1372 1282
f 1323 1282 1372
f 1194 1281 1430
f 1392 1158 1256
f 1432 1237 1219
f 1195 1325 1179
f 1179 1325 1256
f 1324 1238 1239
f 1239 1326 1464
f 1286 1223 1309
f 1381 1260 1341
f 1309 1397 1310
f 1181 1287 1326
f 1288 1342 1343
f 1357 1311 1356
f 1312 1243 1292
f 1291 1345 1262
f 1358 1292 1360
f 1292 1313 1360
f 1294 1347 1313
f 1363 1347 1294
f 1265 1328 1402
f 1352 1365 1319
f 1318 1296 1386
f 1318 1386 1352
f 1352 1319 1318
f 1402 1387 1329
f 1329 1388 1276
f 1321 1331 1277
f 1333 1332 1307
f 1414 1299 1334
f 1307 1332 1372
f 1389 1390 1305
f 1277 1331 1280
f 1306 1353 1303
f 1305 1390 1236
f 1322 1405 1334
f 1369 1322 1354
f 1324 1419 1219
f 1419 1432 1219
f 1195 1418 1325
f 1419 1324 1408
f 1220 1337 1335
f 1284 1378 1395
f 1324 1239 1408
f 1325 1338 1256
f 1237 1432 1339
f 1310 1397 1341
f 1261 1343 1344
f 1261 1344 1359
f 1261 1359 1291
f 1290 1312 1358
f 1292 1358 1312
f 1345 1291 1359
f 1262 1345 1361
f 1360 1313 1346
f 1346 1313 1347
f 1361 1384 1293
f 1314 1364 1363
f 1350 1327 1248
f 1248 1266 1351
f 1320 1365 1351
f 1320 1351 1266
f 1316 1317 1367
f 1320 1319 1365
f 1367 1317 1368
f 1317 1330 1368
f 1329 1413 1388
f 1388 1389 1276
f 1301 1331 1321
f 1301 1441 1331
f 1333 1428 1332
f 1280 1331 1369
f 1334 1405 1404
f 1322 1369 1405
f 1323 1372 1394
f 1406 1430 1281
f 1394 1375 1323
f 1394 1546 1632
f 1375 1394 1632
f 1159 1395 1495
f 1337 1446 1335
f 1432 1379 1339
f 1342 1357 1355
f 1382 1342 1355
f 1356 1290 1358
f 1346 1347 1362
f 1293 1384 1364
f 1348 1327 1411
f 1348 1411 1328
f 1248 1351 1350
f 1247 1386 1296
f 1352 1386 1427
f 1352 1427 1365
f 1413 1329 1387
f 1391 1441 1301
f 1369 1331 1403
f 1333 1303 1370
f 1405 1369 1373
f 1369 1403 1373
f 1417 1373 1403
f 1373 1417 1354
f 1369 1354 1417
f 1280 1369 1417
f 1254 1280 1371
f 1280 1417 1371
f 1371 1281 1254
f 1390 1376 1336
f 1335 1374 1393
f 1446 1374 1335
f 1393 1418 1195
f 1477 1159 1495
f 1396 1338 1381
f 1287 1449 1326
f 1355 1357 1398
f 1398 1357 1356
f 1344 1343 1399
f 1362 1347 1363
f 1362 1363 1364
f 1349 1385 1469
f 1349 1469 1247
f 1247 1469 1386
f 1365 1427 1366
f 1367 1368 1412
f 1368 1330 1415
f 1333 1370 1428
f 1303 1392 1370
f 1392 1303 1353
f 1477 1373 1354
f 1354 1159 1477
f 1378 1547 1395
f 1463 1337 1325
f 1256 1338 1463
f 1381 1380 1396
f 1381 1341 1380
f 1340 1449 1287
f 1309 1450 1397
f 1342 1409 1343
f 1382 1482 1342
f 1356 1400 1398
f 1356 1358 1400
f 1358 1360 1400
f 1433 1383 1425
f 1345 1423 1361
f 1423 1410 1361
f 1346 1362 1424
f 1425 1383 1362
f 1361 1410 1384
f 1362 1364 1401
f 1384 1401 1364
f 1327 1519 1411
f 1327 1350 1519
f 1411 1402 1328
f 1426 1385 1316
f 1367 1426 1316
f 1366 1351 1365
f 1413 1455 1388
f 1415 1330 1414
f 1388 1416 1389
f 1332 1428 1457
f 1389 1416 1390
f 1473 1414 1334
f 1404 1473 1334
f 1332 1457 1372
f 1390 1416 1458
f 1391 1444 1568
f 1393 1494 1418
f 1407 1392 1431
f 1392 1256 1431
f 1336 1460 1420
f 1432 1513 1379
f 1308 1480 1223
f 1380 1341 1421
f 1449 1340 1497
f 1421 1341 1397
f 1343 1409 1399
f 1400 1452 1572
f 1400 1572 1398
f 1452 1400 1422
f 1400 1360 1422
f 1360 1346 1422
f 1424 1422 1346
f 1362 1433 1424
f 1362 1383 1433
f 1468 1425 1434
f 1401 1425 1362
f 1434 1425 1401
f 1401 1384 1410
f 1469 1472 1386
f 1427 1386 1472
f 1427 1470 1366
f 1281 1371 1406
f 1372 1457 1394
f 1405 1459 1404
f 1373 1459 1405
f 1376 1460 1336
f 1431 1325 1418
f 1495 1395 1547
f 1377 1430 1378
f 1325 1431 1463
f 1462 1308 1420
f 1338 1396 1463
f 1326 1449 1464
f 1309 1223 1448
f 1379 1497 1340
f 1397 1450 1421
f 1342 1482 1451
f 1409 1342 1451
f 1344 1423 1359
f 1359 1423 1345
f 1453 1434 1401
f 1410 1453 1401
f 1411 1437 1402
f 1437 1454 1402
f 1350 1351 1438
f 1402 1454 1387
f 1387 1471 1413
f 1412 1368 1415
f 1441 1440 1331
f 1440 1442 1331
f 1331 1442 1403
f 1443 1403 1442
f 1443 1417 1403
f 1417 1443 1371
f 1457 1556 1394
f 1390 1458 1376
f 1477 1442 1373
f 1393 1374 1508
f 1508 1494 1393
f 1445 1432 1419
f 1256 1463 1431
f 1378 1595 1547
f 1479 1408 1239
f 1446 1337 1463
f 1308 1462 1480
f 1480 1448 1223
f 1515 1497 1379
f 1448 1450 1309
f 1399 1409 1451
f 1344 1399 1423
f 1424 1518 1422
f 1424 1433 1518
f 1467 1410 1423
f 1385 1436 1469
f 1411 1519 1435
f 1435 1437 1411
f 1366 1470 1439
f 1439 1351 1366
f 1454 1471 1387
f 1413 1471 1455
f 1455 1416 1388
f 1414 1473 1415
f 1441 1391 1506
f 1428 1456 1457
f 1491 1473 1404
f 1428 1370 1475
f 1392 1490 1370
f 1370 1490 1475
f 1392 1429 1490
f 1459 1373 1442
f 1443 1442 1477
f 1376 1590 1460
f 1378 1430 1595
f 1447 1420 1460
f 1447 1462 1420
f 1479 1239 1464
f 1463 1396 1514
f 1498 1355 1398
f 1451 1465 1399
f 1399 1467 1423
f 1467 1453 1410
f 1385 1426 1436
f 1519 1350 1438
f 1439 1438 1351
f 1472 1470 1427
f 1441 1506 1440
f 1428 1507 1456
f 1489 1473 1491
f 1428 1475 1507
f 1391 1568 1506
f 1407 1431 1418
f 1374 1446 1511
f 1513 1432 1445
f 1509 1461 1430
f 1419 1408 1445
f 1461 1595 1430
f 1380 1514 1396
f 1481 1449 1497
f 1482 1657 1451
f 1398 1572 1560
f 1572 1452 1517
f 1467 1465 1466
f 1465 1467 1399
f 1453 1467 1466
f 1452 1422 1517
f 1453 1468 1434
f 1469 1436 1499
f 1519 1438 1500
f 1500 1438 1520
f 1437 1484 1454
f 1367 1412 1426
f 1473 1525 1415
f 1440 1506 1487
f 1486 1488 1416
f 1440 1542 1442
f 1456 1474 1457
f 1416 1488 1458
f 1542 1476 1442
f 1404 1459 1491
f 1459 1442 1476
f 1374 1591 1508
f 1429 1392 1407
f 1406 1509 1430
f 1444 1478 1510
f 1407 1418 1584
f 1479 1445 1408
f 1511 1446 1534
f 1557 1462 1447
f 1464 1449 1535
f 1448 1548 1450
f 1449 1481 1535
f 1450 1549 1421
f 1398 1560 1498
f 1517 1422 1518
f 1425 1468 1635
f 1468 1453 1635
f 1499 1436 1483
f 1437 1435 1484
f 1469 1499 1472
f 1472 1499 1501
f 1454 1484 1471
f 1484 1521 1471
f 1501 1470 1472
f 1439 1470 1502
f 1412 1415 1525
f 1471 1486 1455
f 1455 1486 1416
f 1506 1505 1487
f 1489 1525 1473
f 1492 1376 1528
f 1376 1458 1528
f 1491 1459 1493
f 1459 1476 1493
f 1529 1492 1429
f 1429 1407 1529
f 1394 1556 1546
f 1445 1512 1531
f 1513 1445 1531
f 1445 1509 1512
f 1445 1461 1509
f 1532 1512 1509
f 1418 1494 1496
f 1418 1496 1584
f 1445 1479 1461
f 1496 1446 1463
f 1514 1496 1463
f 1479 1464 1558
f 1480 1570 1448
f 1549 1450 1548
f 1498 1629 1355
f 1382 1630 1482
f 1630 1657 1482
f 1466 1465 1516
f 1522 1436 1426
f 1426 1412 1522
f 1499 1485 1501
f 1502 1503 1439
f 1438 1439 1520
f 1412 1525 1522
f 1501 1502 1470
f 1504 1501 1485
f 1502 1501 1504
f 1521 1486 1471
f 1502 1504 1505
f 1505 1523 1502
f 1505 1504 1487
f 1525 1489 1539
f 1487 1526 1440
f 1505 1506 1568
f 1440 1526 1542
f 1489 1491 1527
f 1490 1507 1475
f 1527 1491 1579
f 1543 1457 1474
f 1429 1492 1580
f 1580 1492 1528
f 1457 1543 1556
f 1590 1376 1492
f 1509 1406 1582
f 1508 1569 1494
f 1512 1532 1461
f 1512 1461 1479
f 1534 1446 1496
f 1462 1557 1570
f 1462 1570 1480
f 1515 1481 1497
f 1355 1629 1382
f 1621 1465 1451
f 1572 1517 1608
f 1433 1425 1536
f 1435 1519 1500
f 1499 1483 1537
f 1435 1550 1484
f 1550 1551 1484
f 1436 1522 1538
f 1484 1551 1521
f 1499 1537 1485
f 1439 1503 1520
f 1485 1526 1504
f 1503 1502 1552
f 1502 1523 1552
f 1539 1522 1525
f 1521 1524 1486
f 1487 1504 1526
f 1486 1540 1488
f 1489 1527 1539
f 1554 1528 1458
f 1490 1429 1580
f 1443 1477 1530
f 1529 1407 1589
f 1477 1495 1530
f 1569 1593 1494
f 1589 1407 1584
f 1512 1545 1531
f 1510 1478 1678
f 1531 1583 1513
f 1545 1512 1479
f 1494 1533 1496
f 1495 1547 1594
f 1533 1534 1496
f 1496 1514 1584
f 1559 1515 1379
f 1380 1421 1571
f 1571 1421 1549
f 1498 1760 1629
f 1451 1657 1621
f 1433 1536 1518
f 1536 1425 1635
f 1500 1550 1435
f 1483 1436 1538
f 1551 1524 1521
f 1485 1537 1526
f 1552 1562 1503
f 1503 1562 1520
f 1538 1522 1539
f 1524 1540 1486
f 1588 1523 1505
f 1553 1542 1526
f 1541 1474 1456
f 1543 1474 1541
f 1507 1541 1456
f 1540 1554 1488
f 1554 1458 1488
f 1579 1491 1493
f 1528 1554 1555
f 1443 1530 1371
f 1492 1529 1590
f 1444 1510 1568
f 1591 1374 1511
f 1530 1495 1544
f 1509 1582 1532
f 1583 1624 1513
f 1478 1632 1678
f 1593 1584 1494
f 1495 1594 1544
f 1532 1585 1461
f 1584 1533 1494
f 1533 1596 1534
f 1533 1514 1596
f 1533 1584 1514
f 1625 1447 1460
f 1557 1447 1625
f 1448 1587 1548
f 1537 1553 1526
f 1524 1554 1540
f 1538 1539 1527
f 1588 1505 1568
f 1541 1567 1566
f 1507 1567 1541
f 1490 1567 1507
f 1542 1493 1476
f 1555 1580 1528
f 1556 1679 1546
f 1532 1582 1585
f 1511 1534 1592
f 1585 1595 1461
f 1479 1558 1614
f 1596 1592 1534
f 1513 1559 1379
f 1514 1380 1586
f 1448 1570 1587
f 1382 1629 1630
f 1740 1498 1560
f 1608 1517 1609
f 1518 1609 1517
f 1466 1516 1600
f 1453 1466 1600
f 1538 1575 1483
f 1537 1483 1575
f 1550 1561 1551
f 1561 1524 1551
f 1577 1575 1538
f 1573 1574 1552
f 1523 1588 1573
f 1552 1523 1573
f 1552 1574 1576
f 1552 1576 1562
f 1561 1565 1524
f 1563 1562 1576
f 1524 1565 1554
f 1564 1562 1563
f 1564 1520 1562
f 1538 1527 1577
f 1577 1527 1579
f 1564 1567 1578
f 1580 1578 1567
f 1566 1581 1541
f 1567 1490 1580
f 1541 1581 1543
f 1542 1579 1493
f 1508 1591 1569
f 1510 1678 1688
f 1590 1625 1460
f 1545 1479 1614
f 1547 1595 1594
f 1624 1559 1513
f 1557 1604 1570
f 1558 1464 1682
f 1514 1586 1596
f 1464 1599 1682
f 1464 1535 1599
f 1515 1559 1599
f 1599 1559 1607
f 1481 1599 1535
f 1481 1515 1599
f 1587 1549 1548
f 1516 1465 1621
f 1550 1500 1561
f 1561 1500 1578
f 1500 1520 1578
f 1575 1577 1553
f 1537 1575 1553
f 1520 1564 1578
f 1566 1563 1581
f 1564 1563 1566
f 1553 1577 1579
f 1542 1553 1579
f 1564 1566 1567
f 1565 1555 1554
f 1371 1530 1406
f 1531 1582 1612
f 1583 1531 1612
f 1531 1545 1582
f 1530 1544 1638
f 1569 1589 1593
f 1604 1587 1570
f 1380 1571 1586
f 1598 1571 1549
f 1549 1587 1598
f 1600 1635 1453
f 1573 1601 1574
f 1573 1588 1611
f 1576 1581 1563
f 1561 1578 1565
f 1565 1578 1555
f 1555 1578 1580
f 1602 1530 1638
f 1612 1582 1406
f 1569 1591 1644
f 1569 1644 1589
f 1614 1582 1545
f 1589 1603 1593
f 1603 1589 1584
f 1546 1679 1632
f 1584 1593 1604
f 1585 1626 1595
f 1604 1557 1625
f 1560 1572 1608
f 1601 1610 1574
f 1574 1610 1576
f 1576 1610 1581
f 1406 1530 1602
f 1406 1602 1612
f 1589 1644 1637
f 1589 1637 1529
f 1529 1637 1590
f 1591 1618 1644
f 1510 1688 1568
f 1591 1511 1618
f 1582 1614 1585
f 1590 1655 1625
f 1614 1626 1585
f 1613 1614 1558
f 1604 1593 1615
f 1615 1593 1603
f 1584 1604 1603
f 1595 1605 1594
f 1595 1626 1605
f 1613 1558 1682
f 1596 1586 1592
f 1592 1586 1597
f 1604 1615 1587
f 1597 1586 1571
f 1587 1606 1598
f 1560 1608 1649
f 1600 1516 1622
f 1518 1536 1724
f 1573 1611 1623
f 1601 1573 1623
f 1612 1654 1583
f 1544 1594 1605
f 1613 1682 1639
f 1624 1627 1559
f 1625 1646 1604
f 1682 1599 1616
f 1628 1571 1598
f 1616 1599 1607
f 1656 1740 1560
f 1560 1649 1656
f 1536 1617 1724
f 1643 1611 1588
f 1610 1661 1581
f 1654 1612 1602
f 1590 1637 1663
f 1613 1619 1631
f 1590 1663 1655
f 1583 1631 1624
f 1511 1592 1647
f 1638 1544 1620
f 1619 1613 1639
f 1620 1544 1605
f 1626 1614 1613
f 1571 1628 1597
f 1740 1760 1498
f 1640 1649 1608
f 1622 1705 1600
f 1609 1518 1724
f 1705 1635 1600
f 1611 1641 1623
f 1611 1643 1641
f 1588 1568 1662
f 1654 1631 1583
f 1543 1645 1556
f 1631 1619 1624
f 1556 1645 1679
f 1624 1619 1639
f 1633 1627 1624
f 1657 1634 1621
f 1621 1622 1516
f 1608 1609 1640
f 1536 1635 1617
f 1601 1623 1636
f 1636 1610 1601
f 1581 1661 1543
f 1618 1676 1644
f 1637 1677 1663
f 1676 1618 1647
f 1618 1511 1647
f 1631 1633 1613
f 1639 1633 1624
f 1633 1626 1613
f 1625 1655 1646
f 1615 1606 1587
f 1627 1607 1559
f 1741 1640 1609
f 1635 1705 1617
f 1650 1636 1623
f 1641 1650 1623
f 1636 1673 1610
f 1673 1653 1610
f 1610 1653 1661
f 1602 1699 1698
f 1638 1699 1602
f 1602 1698 1654
f 1632 1680 1678
f 1632 1679 1680
f 1647 1592 1597
f 1664 1620 1605
f 1605 1626 1639
f 1664 1605 1639
f 1633 1639 1626
f 1604 1646 1603
f 1603 1648 1615
f 1615 1648 1606
f 1609 1724 1741
f 1641 1651 1642
f 1641 1643 1651
f 1543 1661 1696
f 1696 1645 1543
f 1568 1688 1662
f 1638 1620 1699
f 1627 1665 1607
f 1597 1628 1739
f 1652 1651 1643
f 1643 1588 1660
f 1660 1588 1675
f 1644 1676 1637
f 1687 1631 1654
f 1663 1681 1655
f 1603 1691 1648
f 1646 1691 1603
f 1646 1681 1691
f 1681 1646 1655
f 1597 1739 1722
f 1628 1598 1739
f 1630 1629 1704
f 1706 1658 1650
f 1658 1636 1650
f 1641 1642 1650
f 1636 1667 1673
f 1642 1651 1659
f 1659 1651 1672
f 1671 1673 1669
f 1672 1651 1652
f 1673 1674 1653
f 1660 1652 1643
f 1588 1662 1675
f 1631 1687 1633
f 1676 1647 1720
f 1639 1682 1702
f 1690 1665 1627
f 1647 1597 1722
f 1737 1666 1606
f 1616 1607 1665
f 1739 1598 1606
f 1760 1723 1629
f 1634 1657 1630
f 1658 1667 1636
f 1650 1642 1683
f 1683 1642 1659
f 1673 1667 1668
f 1669 1668 1670
f 1669 1673 1668
f 1684 1669 1670
f 1671 1669 1684
f 1710 1672 1652
f 1674 1713 1653
f 1713 1661 1653
f 1654 1698 1687
f 1637 1676 1719
f 1687 1690 1633
f 1677 1681 1663
f 1633 1690 1627
f 1720 1647 1722
f 1690 1703 1665
f 1648 1737 1606
f 1682 1616 1692
f 1666 1739 1606
f 1704 1634 1630
f 1761 1622 1621
f 1640 1741 1776
f 1724 1617 1725
f 1683 1706 1650
f 1694 1683 1659
f 1659 1672 1694
f 1709 1694 1672
f 1684 1685 1671
f 1695 1673 1671
f 1652 1660 1710
f 1710 1660 1712
f 1686 1712 1660
f 1713 1717 1661
f 1675 1686 1660
f 1696 1661 1717
f 1719 1677 1637
f 1676 1720 1718
f 1699 1620 1751
f 1732 1681 1677
f 1688 1678 1689
f 1645 1701 1679
f 1620 1664 1751
f 1680 1689 1678
f 1679 1701 1680
f 1639 1702 1664
f 1682 1692 1702
f 1761 1621 1634
f 1725 1617 1705
f 1693 1706 1683
f 1693 1683 1747
f 1683 1694 1747
f 1670 1708 1684
f 1708 1727 1684
f 1710 1709 1672
f 1684 1727 1685
f 1695 1671 1685
f 1674 1673 1695
f 1717 1713 1714
f 1686 1675 1715
f 1716 1696 1717
f 1645 1696 1697
f 1718 1719 1676
f 1687 1700 1690
f 1662 1688 1700
f 1701 1645 1697
f 1700 1689 1690
f 1700 1688 1689
f 1691 1721 1737
f 1648 1691 1737
f 1721 1691 1681
f 1702 1692 1734
f 1692 1665 1703
f 1692 1616 1665
f 1761 1705 1622
f 1741 1724 1754
f 1754 1724 1725
f 1658 1706 1707
f 1726 1658 1707
f 1658 1726 1667
f 1762 1706 1693
f 1726 1746 1668
f 1668 1667 1726
f 1756 1670 1668
f 1756 1708 1670
f 1712 1711 1710
f 1713 1674 1714
f 1729 1686 1715
f 1716 1697 1696
f 1687 1698 1731
f 1687 1731 1744
f 1744 1662 1700
f 1732 1677 1719
f 1687 1744 1700
f 1718 1701 1697
f 1718 1720 1701
f 1681 1732 1721
f 1720 1735 1701
f 1689 1745 1690
f 1722 1735 1720
f 1680 1745 1689
f 1701 1745 1680
f 1634 1784 1761
f 1742 1705 1761
f 1706 1762 1707
f 1746 1756 1668
f 1747 1694 1763
f 1763 1694 1709
f 1749 1695 1685
f 1712 1686 1728
f 1714 1788 1717
f 1675 1743 1715
f 1716 1717 1788
f 1675 1662 1743
f 1716 1730 1697
f 1698 1699 1731
f 1697 1730 1718
f 1699 1751 1731
f 1751 1664 1733
f 1702 1734 1733
f 1702 1733 1664
f 1735 1753 1701
f 1701 1753 1745
f 1690 1736 1703
f 1690 1745 1736
f 1722 1739 1738
f 1737 1757 1666
f 1783 1740 1656
f 1656 1649 1792
f 1708 1748 1727
f 1710 1711 1709
f 1749 1685 1727
f 1712 1728 1711
f 1695 1749 1674
f 1686 1787 1728
f 1674 1749 1714
f 1788 1799 1716
f 1716 1799 1730
f 1743 1662 1744
f 1730 1770 1719
f 1731 1750 1744
f 1719 1718 1730
f 1719 1770 1732
f 1732 1772 1721
f 1734 1703 1736
f 1736 1745 1775
f 1734 1692 1703
f 1757 1738 1666
f 1666 1738 1739
f 1756 1748 1708
f 1749 1727 1765
f 1714 1749 1788
f 1729 1787 1686
f 1799 1801 1730
f 1801 1770 1730
f 1750 1731 1751
f 1790 1751 1733
f 1721 1752 1737
f 1721 1772 1752
f 1752 1757 1737
f 1790 1733 1734
f 1745 1753 1775
f 1735 1722 1738
f 1629 1723 1704
f 1704 1824 1634
f 1776 1649 1640
f 1742 1725 1705
f 1726 1785 1746
f 1778 1762 1693
f 1785 1756 1746
f 1693 1755 1778
f 1747 1755 1693
f 1755 1747 1763
f 1748 1764 1727
f 1711 1763 1709
f 1727 1764 1765
f 1749 1765 1766
f 1728 1787 1796
f 1767 1788 1749
f 1743 1769 1715
f 1743 1744 1769
f 1789 1772 1732
f 1791 1790 1734
f 1734 1736 1791
f 1775 1774 1759
f 1775 1759 1736
f 1738 1773 1735
f 1738 1758 1773
f 1757 1758 1738
f 1740 1783 1760
f 1783 1656 1792
f 1824 1784 1634
f 1762 1778 1777
f 1726 1707 1806
f 1726 1806 1793
f 1785 1726 1793
f 1756 1764 1748
f 1755 1763 1711
f 1711 1786 1755
f 1786 1711 1728
f 1749 1766 1767
f 1729 1768 1787
f 1729 1715 1768
f 1768 1715 1769
f 1769 1744 1819
f 1744 1771 1819
f 1771 1744 1750
f 1789 1732 1770
f 1750 1751 1781
f 1751 1790 1781
f 1757 1752 1758
f 1736 1759 1791
f 1735 1773 1753
f 1792 1838 1783
f 1776 1792 1649
f 1837 1776 1741
f 1837 1741 1754
f 1777 1707 1762
f 1778 1755 1786
f 1764 1756 1785
f 1794 1765 1764
f 1794 1779 1765
f 1765 1779 1766
f 1766 1780 1767
f 1770 1815 1789
f 1789 1802 1772
f 1772 1802 1752
f 1790 1791 1803
f 1753 1817 1775
f 1775 1817 1774
f 1783 1831 1760
f 1723 1760 1831
f 1793 1794 1785
f 1794 1764 1785
f 1779 1794 1793
f 1728 1807 1786
f 1780 1779 1795
f 1779 1780 1766
f 1795 1728 1796
f 1769 1819 1813
f 1815 1770 1801
f 1750 1781 1771
f 1753 1782 1817
f 1753 1773 1782
f 1832 1784 1824
f 1806 1707 1777
f 1806 1808 1793
f 1778 1807 1777
f 1778 1786 1807
f 1793 1808 1779
f 1795 1807 1728
f 1808 1807 1795
f 1779 1808 1795
f 1787 1809 1796
f 1780 1795 1796
f 1767 1780 1797
f 1787 1768 1809
f 1812 1788 1767
f 1788 1812 1799
f 1800 1799 1798
f 1799 1800 1801
f 1781 1790 1803
f 1802 1804 1752
f 1805 1803 1791
f 1816 1759 1774
f 1805 1791 1759
f 1723 1857 1704
f 1842 1837 1754
f 1806 1777 1808
f 1808 1777 1807
f 1796 1809 1797
f 1780 1796 1797
f 1809 1768 1810
f 1797 1812 1767
f 1810 1768 1769
f 1769 1813 1810
f 1811 1798 1812
f 1812 1798 1799
f 1813 1814 1798
f 1798 1814 1800
f 1814 1813 1819
f 1801 1800 1815
f 1819 1771 1821
f 1823 1789 1815
f 1771 1781 1821
f 1802 1789 1823
f 1805 1826 1803
f 1782 1827 1817
f 1773 1758 1830
f 1758 1804 1830
f 1758 1752 1804
f 1805 1759 1816
f 1854 1776 1837
f 1812 1797 1811
f 1798 1810 1813
f 1822 1814 1819
f 1800 1818 1815
f 1818 1800 1820
f 1800 1814 1820
f 1781 1803 1821
f 1802 1823 1804
f 1821 1803 1826
f 1782 1829 1827
f 1782 1773 1829
f 1830 1829 1773
f 1723 1831 1857
f 1784 1825 1761
f 1742 1761 1825
f 1811 1797 1809
f 1810 1811 1809
f 1810 1798 1811
f 1821 1828 1819
f 1828 1822 1819
f 1820 1814 1822
f 1815 1818 1823
f 1823 1834 1804
f 1836 1805 1816
f 1804 1834 1830
f 1774 1817 1816
f 1857 1840 1704
f 1792 1776 1841
f 1841 1776 1854
f 1754 1849 1842
f 1822 1827 1820
f 1818 1820 1833
f 1823 1818 1833
f 1828 1821 1826
f 1820 1827 1833
f 1828 1826 1836
f 1835 1827 1822
f 1829 1833 1827
f 1836 1826 1805
f 1836 1816 1835
f 1835 1816 1817
f 1835 1817 1827
f 1845 1831 1783
f 1704 1844 1824
f 1824 1844 1832
f 1832 1825 1784
f 1742 1839 1725
f 1754 1725 1849
f 1828 1835 1822
f 1833 1834 1823
f 1835 1828 1836
f 1829 1830 1833
f 1834 1833 1830
f 1704 1840 1844
f 1845 1783 1838
f 1847 1845 1838
f 1832 1846 1825
f 1839 1742 1825
f 1725 1839 1850
f 1831 1843 1857
f 1832 1844 1846
f 1838 1792 1841
f 1841 1847 1838
f 1837 1842 1852
f 1850 1849 1725
f 1837 1848 1854
f 1837 1852 1848
f 1831 1845 1843
f 1857 1855 1840
f 1851 1844 1840
f 1853 1843 1845
f 1861 1845 1847
f 1862 1847 1841
f 1846 1844 1867
f 1846 1839 1825
f 1852 1842 1849
f 1853 1845 1861
f 1855 1851 1840
f 1841 1854 1862
f 1851 1867 1844
f 1846 1856 1839
f 1849 1850 1852
f 1839 1870 1850
f 1847 1862 1866
f 1847 1866 1861
f 1863 1854 1848
f 1846 1867 1868
f 1862 1854 1860
f 1856 1846 1868
f 1870 1839 1856
f 1857 1859 1855
f 1873 1870 1856
f 1850 1870 1852
f 1853 1858 1843
f 1857 1843 1859
f 1861 1858 1853
f 1863 1848 1852
f 1865 1858 1861
f 1863 1860 1854
f 1864 1863 1852
f 1852 1870 1864
f 1871 1851 1855
f 1871 1872 1851
f 1851 1872 1867
f 1866 1862 1869
f 1843 1858 1859
f 1859 1871 1855
f 1861 1876 1865
f 1861 1866 1876
f 1862 1860 1869
f 1866 1869 1876
f 1867 1872 1868
f 1870 1873 1864
f 1865 1876 1874
f 1881 1858 1874
f 1858 1865 1874
f 1881 1875 1858
f 1859 1858 1875
f 1859 1875 1871
f 1893 1874 1876
f 1872 1856 1868
f 1877 1869 1860
f 1860 1863 1877
f 1864 1877 1863
f 1878 1864 1873
f 1879 1888 1880
f 1881 1879 1880
f 1889 1874 1891
f 1881 1874 1889
f 1882 1881 1890
f 1897 1882 1890
f 1897 1892 1882
f 1882 1875 1881
f 1884 1882 1892
f 1884 1875 1882
f 1883 1874 1893
f 1884 1871 1875
f 1872 1871 1884
f 1872 1884 1898
f 1876 1869 1893
f 1877 1893 1869
f 1872 1885 1856
f 1877 1864 1886
f 1856 1885 1873
f 1873 1911 1878
f 1888 1879 1887
f 1903 1880 1888
f 1889 1891 1879
f 1881 1889 1879
f 1881 1880 1890
f 1897 1890 1904
f 1874 1883 1891
f 1892 1898 1884
f 1898 1885 1872
f 1893 1877 1894
f 1873 1885 1911
f 1864 1895 1886
f 1895 1864 1878
f 1899 1886 1895
f 1895 1900 1899
f 1907 1903 1888
f 1888 1887 1907
f 1879 1902 1887
f 1902 1879 1891
f 1890 1880 1919
f 1896 1891 1883
f 1897 1910 1892
f 1898 1892 1910
f 1883 1893 1905
f 1905 1893 1906
f 1877 1886 1894
f 1878 1911 1901
f 1878 1901 1895
f 1900 1912 1899
f 1900 1895 1901
f 1903 1919 1880
f 1927 1919 1903
f 1890 1919 1904
f 1891 1896 1902
f 1905 1896 1883
f 1904 1910 1897
f 1898 1915 1885
f 1885 1915 1925
f 1900 1934 1912
f 1901 1934 1900
f 1908 1887 1902
f 1898 1910 1915
f 1906 1893 1894
f 1885 1925 1911
f 1908 1907 1887
f 1908 1902 1913
f 1919 1935 1904
f 1902 1896 1913
f 1905 1909 1896
f 1899 1918 1886
f 1918 1899 1912
f 1912 1934 1933
f 1903 1907 1994
f 1921 1909 1905
f 1922 1914 1928
f 1928 1914 1910
f 1921 1905 1930
f 1930 1905 1906
f 1915 1910 1914
f 1916 1915 1914
f 1906 1917 1930
f 1894 1917 1906
f 1886 1926 1894
f 1926 1886 1918
f 1911 1940 1901
f 1927 1903 1994
f 1927 1920 1919
f 1935 1919 1920
f 1904 1936 1910
f 1935 1936 1904
f 1928 1910 1936
f 1921 1930 1937
f 1924 1923 1917
f 1894 1924 1917
f 1915 1916 1925
f 1925 1916 1931
f 1894 1938 1924
f 1926 1938 1894
f 1925 1932 1911
f 1911 1932 1940
f 1934 1901 1940
f 1913 1942 1908
f 1921 1937 1929
f 1945 1914 1922
f 1914 1945 1916
f 1923 1930 1917
f 1923 1924 1961
f 1931 1916 1947
f 1952 1925 1931
f 1938 1926 1939
f 1925 1952 1932
f 1932 1948 1940
f 1918 1941 1926
f 1918 1912 1933
f 1918 1933 1941
f 1908 1970 1907
f 1942 1962 1908
f 1896 1909 1913
f 1913 1909 1964
f 1921 1929 1909
f 1928 1936 1950
f 1937 1930 1946
f 1930 1923 1946
f 1946 1923 1961
f 1916 1945 1947
f 1924 1953 1961
f 1954 1932 1952
f 1939 1926 1949
f 1926 1941 1949
f 1927 1994 1920
f 1962 1970 1908
f 1920 1963 1935
f 1935 1963 1936
f 1913 1964 1942
f 1936 1956 1950
f 1922 1928 1950
f 1937 1944 1929
f 1943 1929 1944
f 1922 1950 1945
f 1946 1944 1937
f 1947 1952 1931
f 1938 1966 1924
f 1924 1966 1953
f 1938 1939 1966
f 1932 1954 1939
f 1939 1949 1932
f 1949 1948 1932
f 1948 1955 1940
f 1941 1933 1955
f 1940 1955 1934
f 1934 1955 1933
f 1909 1965 1964
f 1929 1965 1909
f 1944 1951 1943
f 1950 1943 1951
f 1951 1944 1958
f 1957 1944 1946
f 1958 1944 1957
f 1947 1960 1952
f 1966 1939 1954
f 1949 1955 1948
f 1949 1941 1955
f 1907 1970 1994
f 1963 1972 1936
f 1943 1965 1929
f 1950 1980 1943
f 1936 1972 1956
f 1951 1960 1950
f 1960 1945 1950
f 1967 1958 1957
f 1951 1958 1959
f 1959 1960 1951
f 1957 1946 1961
f 1945 1960 1947
f 1981 1954 1952
f 1920 1971 1963
f 1943 1980 1965
f 1950 1956 1980
f 1959 1967 1968
f 1959 1958 1967
f 1960 1981 1952
f 1954 1969 1966
f 1987 1970 1962
f 1967 1978 1965
f 1965 1978 1964
f 1965 1980 1968
f 1967 1965 1968
f 1973 1968 1980
f 1968 1973 1959
f 1959 1973 1960
f 1973 1975 1960
f 1957 1961 1979
f 1979 1961 1953
f 1975 1981 1960
f 1953 1966 1976
f 1976 1966 1969
f 1962 1942 1977
f 1942 1964 1974
f 1972 1984 1956
f 1986 1953 1976
f 1981 1969 1954
f 1962 1977 1987
f 1971 1988 1963
f 1942 1974 1977
f 1988 1972 1963
f 1967 1979 1978
f 1980 1983 1975
f 1980 1975 1973
f 1967 1957 1979
f 1988 1984 1972
f 1969 1986 1976
f 1970 1987 1993
f 1994 1971 1920
f 1964 1990 1989
f 1978 1979 1985
f 1975 1983 1982
f 1986 1979 1953
f 1981 1975 1982
f 1977 1974 2000
f 1978 1990 1964
f 1990 1978 1985
f 1981 1991 1969
f 1986 1969 1991
f 1971 1995 1988
f 1964 1989 1974
f 1974 1989 2000
f 1980 1956 1983
f 1979 1986 1985
f 1982 1991 1981
f 1970 1993 1994
f 1995 1971 1994
f 1987 1977 2000
f 1996 1984 1988
f 1985 1986 1992
f 1992 1986 1991
f 1995 1996 1988
f 1956 2001 1983
f 1956 1984 2001
f 1993 2002 1994
f 1987 1999 1993
f 1992 1990 1985
f 2001 1984 1996
f 1983 1991 1982
f 1997 1994 2002
f 1997 1995 1994
f 1987 2000 1999
f 2000 1989 2003
f 1992 1998 1990
f 1991 1983 1998
f 1991 1998 1992
f 2000 2003 1999
f 1990 2005 1989
f 1990 1998 2005
f 1993 1999 2004
f 1993 2004 2008
f 1989 2005 2003
f 1997 1996 1995
f 1983 2011 1998
f 1983 2001 2011
f 1993 2006 2002
f 2007 1996 1997
f 2014 2003 2005
f 2001 2007 2011
f 2001 1996 2007
f 1993 2008 2006
f 1997 2002 2010
f 2004 1999 2014
f 2010 2007 1997
f 1998 2011 2005
f 2002 2006 2010
f 1999 2003 2014
f 2008 2004 2009
f 2013 2010 2006
f 2014 2009 2004
f 2012 2008 2009
f 2006 2008 2012
f 2013 2006 2012
f 2015 2009 2014
f 2013 2016 2010
f 2010 2016 2007
f 2015 2014 2005
f 2011 2015 2005
f 2011 2016 2015
f 2016 2011 2007
f 2012 2009 2015
f 2013 2012 2016
f 2012 2015 2016

