# https://github.com/mikedh/trimesh
v -0.98690541 0.72072263 -0.14066188
v -0.98840361 0.77315630 0.05283755
v -0.98849610 0.77125461 -0.13603195
v -0.97918472 0.08390243 0.73234874
v -0.97048260 0.08657034 0.69337445
v -0.97898118 0.10529414 0.69367385
v -0.97416433 0.13283208 0.69270469
v -0.97804569 0.16224005 0.64692364
v -0.98117115 0.17135086 0.62206902
v -0.98011156 0.20185182 0.58322802
v -0.97966595 0.16987160 -0.69659924
v -0.98081625 0.22650761 0.54682450
v -0.97933510 0.23233141 -0.62399884
v -0.97616133 0.24114421 -0.58687556
v -0.98025809 0.32863173 0.39298940
v -0.98242249 0.33790979 -0.46214840
v -0.97816824 0.42086533 -0.34339553
v -0.97756092 0.70947916 0.05035911
v -0.97693339 0.72426802 -0.15652182
v -0.98822433 0.72348604 0.06295755
v -0.97678312 0.77680781 0.07568187
v -0.98581859 0.78230397 0.05626522
v -0.97035550 0.79688843 0.06235735
v -0.98535749 0.78270835 -0.13555469
v -0.97195369 0.00726317 0.80989864
v -0.97213460 -0.01430172 -0.97671933
v -0.97321270 -0.05252076 -0.90746047
v -0.96451786 -0.03620852 0.84681827
v -0.97182970 0.00012526 -0.95101403
v -0.97119799 -0.01739470 -0.94694489
v -0.97856916 0.02359815 0.82766427
v -0.97686469 0.01130914 0.85421114
v -0.97716174 0.01260271 -0.93253237
v -0.97050884 -0.00440897 -0.83505198
v -0.97836088 0.04004935 -0.88491262
v -0.97123256 0.03216951 -0.86598786
v -0.97480930 0.04442217 -0.90275708
v -0.97875628 0.04551108 0.79114325
v -0.97191070 0.05276951 0.74079341
v -0.96953824 0.06984027 -0.87486929
v -0.96399244 0.06741272 0.78647281
v -0.97781421 0.07116675 0.76276402
v -0.96565116 0.09995122 -0.83990246
v -0.97443586 0.14021674 -0.77078837
v -0.98044827 0.10317107 -0.80502229
v -0.97062147 0.11288020 -0.75248121
v -0.97085945 0.13550520 0.63424691
v -0.97521809 0.17910397 -0.71302095
v -0.97096475 0.16347270 0.59130029
v -0.97083504 0.14907356 0.50809208
v -0.97180851 0.20340094 0.53297430
v -0.97086330 0.18553937 -0.64700745
v -0.97783218 0.18210075 0.62361578
v -0.97531708 0.21492280 -0.66376349
v -0.96784692 0.21239928 0.40492065
v -0.97142704 0.25981819 0.46431218
v -0.97067162 0.24231395 0.37361561
v -0.97534481 0.25173380 -0.60691789
v -0.97800672 0.26470330 -0.55893908
v -0.97016341 0.26065934 -0.53675693
v -0.98057500 0.28987850 0.45013894
v -0.97747634 0.26449255 0.50307919
v -0.97821820 0.27716919 -0.55986978
v -0.98016265 0.29776768 -0.51974871
v -0.97519691 0.31286908 0.44352176
v -0.97083685 0.32562379 -0.43212054
v -0.98186451 0.36643611 -0.40881710
v -0.96375979 0.34324418 0.39746958
v -0.97953697 0.35081192 0.35135106
v -0.97096281 0.38957222 0.25147948
v -0.96981051 0.37919363 -0.14579828
v -0.97905631 0.40200070 0.27396816
v -0.97853179 0.37810977 0.31406581
v -0.97708580 0.38146551 -0.13433512
v -0.97659433 0.38250227 0.05018450
v -0.97868902 0.41957900 0.24052792
v -0.97112523 0.39273920 -0.33205337
v -0.97097573 0.43421384 0.05950674
v -0.97942154 0.44929538 0.20308720
v -0.97720414 0.48808265 -0.00112580
v -0.98015761 0.44019990 -0.29684227
v -0.97851986 0.47209143 -0.24992360
v -0.97424058 0.47431301 0.18607980
v -0.97212494 0.50055600 -0.14877717
v -0.97146011 0.50283426 0.07593306
v -0.97153792 0.50690759 -0.21919537
v -0.96996891 0.48001882 0.11650299
v -0.97864565 0.47713590 0.15819645
v -0.97714748 0.49621914 0.13765530
v -0.97125157 0.50311897 0.14157256
v -0.97608785 0.50140161 -0.20882213
v -0.97669129 0.45703083 -0.13353738
v -0.97807459 0.50677958 0.11399237
v -0.97016809 0.52968750 -0.14945828
v -0.97734243 0.54774548 0.05624576
v -0.97020106 0.53093710 0.10206885
v -0.97285614 0.55602020 -0.15317029
v -0.97259324 0.70582786 -0.14099641
v -0.97725859 0.56081306 -0.13171472
v -0.97747978 0.57855846 0.04935325
v -0.96779895 0.60998832 0.06119372
v -0.97068329 0.58829159 -0.14190649
v -0.97814619 0.70968335 -0.12857184
v -0.96930875 0.70960290 0.06141277
v -0.96199804 -0.05411935 0.78383719
v -0.96020657 -0.03840198 -0.86046569
v -0.96396873 -0.02753891 -0.97627370
v -0.95724396 -0.01871129 0.71533023
v -0.96749159 -0.02959071 0.76974933
v -0.97057639 -0.04351266 -0.87554718
v -0.96196518 -0.00656740 -0.97850102
v -0.96972535 0.00098428 0.72486026
v -0.96639619 0.00555072 0.70185265
v -0.96777899 0.01593760 -0.94583348
v -0.96529309 0.01871625 -0.77200401
v -0.96940852 0.04562491 -0.74525810
v -0.96993603 0.04729783 0.65692557
v -0.95960935 0.02801533 -0.74937295
v -0.96682181 0.05480913 0.62672624
v -0.96888408 0.08307599 0.58970106
v -0.96661391 0.06577643 0.61094177
v -0.96975799 0.08478136 -0.68352315
v -0.97009482 0.07170506 0.62156964
v -0.96351452 0.09511548 0.56225041
v -0.96502083 0.09925932 0.73654692
v -0.96803211 0.12600459 0.53010230
v -0.97001783 0.13665071 -0.61018694
v -0.96152593 0.08581676 -0.66234468
v -0.97053326 0.10807039 0.56793563
v -0.95844040 0.15814657 0.66362862
v -0.96402805 0.15596502 0.48031051
v -0.95910415 0.15466233 -0.75860016
v -0.97134762 0.19149857 0.44558230
v -0.97053964 0.21805024 -0.48960842
v -0.95839508 0.23110817 0.36956914
v -0.97010261 0.28659352 -0.38664461
v -0.95998841 0.26129612 0.33040236
v -0.97002461 0.26322304 0.34795579
v -0.96803477 0.27417410 -0.58382417
v -0.96969452 0.28929845 0.30101060
v -0.96932016 0.31606804 0.26087039
v -0.97038953 0.29556468 0.40731169
v -0.96374208 0.30733516 -0.34296742
v -0.96953704 0.34060776 0.22275756
v -0.96945724 0.31523530 -0.52259160
v -0.97038137 0.33894812 0.33070190
v -0.95545442 0.34876096 -0.47238059
v -0.96326070 0.35075586 -0.27629549
v -0.96985229 0.33896759 -0.31417819
v -0.96908972 0.36979586 0.18137409
v -0.95820689 0.37566676 -0.23632205
v -0.96992612 0.37174366 -0.13644576
v -0.96872474 0.37147921 0.04918722
v -0.97039337 0.36369427 0.35999325
v -0.96610727 0.38114049 0.06248823
v -0.96846608 0.40296924 0.29968329
v -0.96947646 0.39904785 0.14671533
v -0.96892087 0.38764088 -0.23005262
v -0.97065347 0.42619142 0.19576501
v -0.97011048 0.44534178 -0.14795590
v -0.96950461 0.41816055 0.11826699
v -0.96956302 0.44951111 -0.24141223
v -0.96971476 0.44855475 0.07441911
v -0.97349209 0.42932262 0.25596192
v -0.97757118 0.53494229 0.08393639
v -0.95932267 0.52741073 -0.20504114
v -0.96266338 0.56220186 0.06217255
v -0.96127110 0.57536841 -0.14687158
v -0.96190469 0.71215142 -0.14404189
v -0.97628463 0.72481925 0.07593840
v -0.94363798 0.78339296 -0.15533594
v -0.96242450 -0.03661025 -0.93896495
v -0.95726501 -0.03856296 0.76511622
v -0.96114292 -0.04604782 -0.75520460
v -0.96454756 -0.01248964 0.88391088
v -0.96035411 -0.01079430 -0.96620553
v -0.95540990 -0.02612313 0.61947137
v -0.95731761 0.01844386 -0.75564920
v -0.95986543 -0.00450005 0.87595223
v -0.95643555 0.00861962 -0.72760976
v -0.96308090 0.00108024 0.64355567
v -0.95884265 0.02713710 0.65880643
v -0.95424768 0.05872709 0.61232747
v -0.95262261 0.11553404 0.53201664
v -0.96382777 0.16923629 -0.54440428
v -0.95920367 0.19559714 0.61791669
v -0.96539325 0.21908077 0.57704422
v -0.95836278 0.21265715 -0.67554837
v -0.96442419 0.23297895 -0.45256049
v -0.95561722 0.23155028 -0.44834184
v -0.95538303 0.25996000 -0.60516095
v -0.96711206 0.38191709 -0.41563125
v -0.95992983 0.41379224 -0.37007243
v -0.94414856 0.41999948 -0.36544611
v -0.96120065 0.43071089 -0.15038991
v -0.96501546 0.45697202 -0.30162256
v -0.94516279 0.47070437 -0.27861963
v -0.96072529 0.49664863 0.15874077
v -0.95710218 0.51453343 -0.21795568
v -0.96274522 0.59950313 -0.14448283
v -0.92957553 0.73571107 0.07657427
v -0.94826199 -0.50970689 -0.25682175
v -0.94711101 -0.51318812 -0.20912762
v -0.95305322 -0.50625688 0.00363357
v -0.94710950 -0.51254908 0.14542611
v -0.95226353 -0.50339653 -0.25343606
v -0.95239183 -0.50435864 0.20608629
v -0.95286362 -0.50642586 -0.14930404
v -0.94633655 -0.50853743 0.21315644
v -0.95121281 -0.46782490 -0.26298030
v -0.95395595 -0.46755876 -0.20030480
v -0.95346209 -0.46756121 -0.04824374
v -0.95340751 -0.46758154 0.14741143
v -0.95216933 -0.47273201 0.21244438
v -0.95104873 -0.45967915 -0.03729906
v -0.95025449 -0.45885023 -0.23028088
v -0.94682687 -0.45557804 -0.14519530
v -0.94944824 -0.45768759 0.14685595
v -0.93857449 -0.45043057 0.20864560
v -0.94767641 -0.10260770 -0.20513391
v -0.95152012 -0.09814367 -0.03074738
v -0.95342966 -0.09769645 0.18156716
v -0.95309676 -0.09785612 -0.24770844
v -0.95289696 -0.09079641 0.13448554
v -0.94759115 -0.09871995 0.20848298
v -0.95344856 -0.05404432 0.08094082
v -0.95347350 -0.05191839 -0.24685257
v -0.95382505 -0.08673235 -0.18688908
v -0.95266946 -0.05411990 0.20239888
v -0.97131151 -0.05927680 0.81021679
v -0.95202988 -0.04300385 0.01717961
v -0.94944609 -0.04062113 0.19299568
v -0.95073149 -0.04236551 -0.24742907
v -0.94676734 -0.03727363 0.03328075
v -0.93354790 -0.03113709 -0.83543036
v -0.95449659 -0.02012721 -0.82004045
v -0.94351875 -0.01789377 -0.76689082
v -0.95951282 -0.04260986 -0.72534137
v -0.94733902 -0.01083455 -0.95725795
v -0.94803322 0.00144382 0.85819216
v -0.95674203 0.01777993 0.62352925
v -0.95634992 0.03452023 0.64194730
v -0.96235142 0.04734860 -0.90822778
v -0.95273543 0.05479793 0.79753120
v -0.94893204 0.08793028 -0.84899203
v -0.94541598 0.10977047 -0.81866503
v -0.94324356 0.11344809 0.71603837
v -0.93589172 0.24639024 0.52414535
v -0.96017922 0.26606426 0.51339889
v -0.93626734 0.29309184 -0.54390564
v -0.96564291 0.30232884 0.46097442
v -0.95312011 0.31484518 -0.53048281
v -0.95339514 0.30187105 -0.34356889
v -0.94566004 0.31659472 0.44674776
v -0.93176802 0.37113467 -0.13788967
v -0.94060317 0.40529876 0.29454927
v -0.96005564 0.43802146 0.06881261
v -0.93841394 0.45871382 -0.28922260
v -0.96778764 0.45906552 0.22148244
v -0.93756766 0.49578988 0.15554373
v -0.94062113 0.55237842 0.06883962
v -0.96386672 0.56676492 -0.15439210
v -0.95812716 0.79316900 0.06735744
v -0.94476109 0.79608979 0.01826733
v -0.94591555 -0.79549557 -0.76356531
v -0.94040060 -0.80245582 -0.62026796
v -0.94535715 -0.79562692 -0.48030608
v -0.94611344 -0.79460327 -0.30702010
v -0.94491660 -0.79610675 -0.15299280
v -0.94204881 -0.79986065 0.10649998
v -0.94505748 -0.79494602 0.18802658
v -0.94141602 -0.80169536 0.29074754
v -0.94090135 -0.79648670 0.43549977
v -0.94195586 -0.80026335 0.50515663
v -0.93819803 -0.80311977 0.79797090
v -0.94711704 -0.78635054 -0.86585749
v -0.94577478 -0.78827446 -0.54122565
v -0.94021971 -0.79856868 -0.36958443
v -0.94555436 -0.79106887 -0.02656038
v -0.94807047 -0.78682568 0.45197433
v -0.94653715 -0.78875339 0.55653083
v -0.94513727 -0.78831255 0.59418695
v -0.94494705 -0.78820671 0.66842167
v -0.94514321 -0.78905430 0.78734566
v -0.94592778 -0.78927483 -0.64774380
v -0.94686127 -0.76249953 -0.48765704
v -0.94570106 -0.79459610 -0.19829457
v -0.93766592 -0.79659801 0.20827483
v -0.94169521 -0.79545780 0.79937680
v -0.94710762 -0.78861995 0.27024199
v -0.94605273 -0.79020553 0.12339208
v -0.94561191 -0.73529953 0.21600782
v -0.94660040 -0.78803967 0.38833636
v -0.94589946 -0.78528792 -0.36624517
v -0.94564803 -0.76043468 0.34862780
v -0.94597742 -0.74335077 0.64311630
v -0.94372317 -0.75521042 0.43240278
v -0.94620489 -0.73347531 -0.10917044
v -0.94652171 -0.67265672 -0.31907928
v -0.94649223 -0.70105068 0.37921532
v -0.94677601 -0.69636301 -0.77577715
v -0.94514532 -0.67957943 -0.60190508
v -0.94728573 -0.73492815 0.48815266
v -0.94608461 -0.66698139 0.78835004
v -0.94557953 -0.67758767 0.16550780
v -0.94660885 -0.70472299 -0.52865011
v -0.94450893 -0.66528909 -0.21222917
v -0.94338429 -0.67803360 0.40713718
v -0.94397488 -0.66274670 -0.13882514
v -0.94644806 -0.66679184 0.70908803
v -0.94240789 -0.66721353 0.80111856
v -0.94479508 -0.66774183 -0.70268288
v -0.94506419 -0.67632297 -0.35859533
v -0.94639921 -0.68011347 -0.00394799
v -0.94253276 -0.66679534 0.21405411
v -0.94271448 -0.65974122 0.46516093
v -0.94470807 -0.66591488 0.54753473
v -0.94252130 -0.66373629 0.39257175
v -0.94789954 -0.67652189 -0.86639636
v -0.93880201 -0.65839312 -0.56106546
v -0.94163322 -0.66439265 -0.46050444
v -0.94323721 -0.66064020 0.09879568
v -0.94443414 -0.66718010 0.32497403
v -0.94469864 -0.65543807 -0.79179667
v -0.93036209 -0.51392520 0.18021907
v -0.93133334 -0.50638754 -0.26518711
v -0.94081730 -0.45206458 -0.25235004
v -0.93802017 -0.30528147 -0.22409494
v -0.94021229 -0.26414794 -0.25284265
v -0.94096309 -0.12525974 -0.23849677
v -0.93932476 -0.10865900 0.16746407
v -0.94703007 -0.10229854 0.11142459
v -0.96116850 -0.05989992 -0.88963231
v -0.94658746 -0.03794242 -0.18885988
v -0.96006607 -0.03686042 0.65234749
v -0.92490530 -0.02422422 -0.77423810
v -0.94083956 -0.01518895 0.86071616
v -0.94056271 0.06122874 0.79188885
v -0.96291713 0.13260520 -0.59527938
v -0.92594946 0.16844149 -0.54009515
v -0.95430898 0.18712550 0.43118660
v -0.93661168 0.18908745 -0.69486497
v -0.93983700 0.26249875 0.51481258
v -0.95121789 0.31438919 0.24891627
v -0.93859446 0.34144933 -0.47613299
v -0.93095066 0.37191854 -0.24144731
v -0.93165715 0.37115484 0.05608474
v -0.95958534 0.39299522 0.13511857
v -0.93720875 0.40067196 -0.37190227
v -0.92767636 0.40974350 0.10769937
v -0.94030605 0.43378462 -0.33502701
v -0.93082819 0.43860756 0.06669966
v -0.94080278 0.46039616 0.22414597
v -0.97657211 0.77908570 -0.15657626
v -0.93631554 0.79041439 -0.08964983
v -0.93973835 -0.80321803 -0.80966041
v -0.93133840 -0.80587404 -0.61692477
v -0.92810117 -0.80442628 -0.48716314
v -0.94089636 -0.80019320 -0.06104605
v -0.94567599 -0.80196873 0.22871727
v -0.92324962 -0.80508982 0.26865154
v -0.94030451 -0.79942571 0.64475927
v -0.92510854 -0.80425704 0.66480866
v -0.93160949 -0.80212008 -0.86810064
v -0.93927048 -0.78571612 -0.87664666
v -0.93683694 -0.68820098 -0.87947365
v -0.92658630 -0.79405440 0.80536960
v -0.94049967 -0.65876651 -0.06857651
v -0.92384532 -0.64399767 0.17073839
v -0.92867111 -0.63667882 -0.87638467
v -0.93787670 -0.65620166 -0.35428754
v -0.94144197 -0.65768104 -0.00388964
v -0.94365759 -0.66063287 0.27502503
v -0.94277227 -0.65861318 0.63021299
v -0.93128643 -0.62113617 -0.86245635
v -0.93497425 -0.64011234 0.70001619
v -0.93245537 -0.64044495 0.62388752
v -0.93166962 -0.61870251 0.78057980
v -0.93347446 -0.51533521 0.76600732
v -0.93129669 -0.51476513 -0.22736029
v -0.93073258 -0.51540624 0.67967761
v -0.93468006 -0.47447446 -0.20900629
v -0.93114387 -0.49904574 -0.20657646
v -0.93131631 -0.49220764 -0.07994007
v -0.93327493 -0.49271673 0.15206344
v -0.93364413 -0.49718647 0.19869436
v -0.93514459 -0.47092729 -0.24555546
v -0.93357953 -0.47456121 0.11688292
v -0.93231177 -0.47515546 -0.10527923
v -0.93544197 -0.47322237 0.19274819
v -0.92566230 -0.46160446 -0.26911293
v -0.92857935 -0.45380483 -0.18572614
v -0.92477239 -0.45849851 0.22060561
v -0.93252004 -0.42526697 0.68908207
v -0.93572860 -0.45174821 -0.22313830
v -0.93804040 -0.45107773 0.16915833
v -0.93293800 -0.43173959 0.78082833
v -0.93782779 -0.33302943 0.20808738
v -0.92223594 -0.35564596 0.78790836
v -0.93349508 -0.35299038 0.76492137
v -0.92984025 -0.35277756 -0.76674270
v -0.93730755 -0.34063955 0.76100390
v -0.93092437 -0.34960190 0.78346131
v -0.93140648 -0.30380397 -0.86544151
v -0.93600262 -0.33692490 -0.83677138
v -0.93685450 -0.26233753 -0.83264225
v -0.93531652 -0.33205272 -0.73338956
v -0.93506327 -0.27324698 -0.73748457
v -0.93802026 -0.29728520 0.16344832
v -0.93326903 -0.24289546 0.66719720
v -0.93563271 -0.26808823 0.77903914
v -0.93273549 -0.25923581 -0.85295703
v -0.93189823 -0.22711908 -0.85808393
v -0.93635728 -0.12114455 -0.25744736
v -0.93264764 -0.16709363 -0.85904284
v -0.93560361 -0.22825138 -0.81250638
v -0.93926167 -0.11188415 0.18363948
v -0.93808870 -0.11871324 0.20745040
v -0.93200595 -0.24728648 -0.75356985
v -0.93077111 -0.26685710 -0.21788020
v -0.93263068 -0.13073529 -0.84238662
v -0.93596342 -0.13136350 -0.22048725
v -0.93664479 -0.11354722 0.16388419
v -0.93607177 -0.13324028 0.72822042
v -0.93063178 -0.11546070 -0.24517602
v -0.93691919 -0.10420730 -0.25465006
v -0.93473144 -0.04702540 -0.25505902
v -0.92987623 -0.03698892 -0.23538979
v -0.94781188 -0.03149198 0.66284046
v -0.93118211 -0.02413425 0.71343630
v -0.94081078 0.00787664 -0.96006053
v -0.93254132 0.02667513 -0.73811488
v -0.92790360 0.05798801 0.60999682
v -0.93068621 0.08743700 0.56887729
v -0.94298855 0.15332600 -0.75561210
v -0.93546215 0.20350524 -0.67971343
v -0.92655174 0.19635782 -0.49505941
v -0.93132108 0.24028155 0.35769127
v -0.93925614 0.25246216 -0.60473556
v -0.92586875 0.28002601 -0.36895465
v -0.93100198 0.27214713 0.31385111
v -0.92604358 0.32346864 0.23076009
v -0.93060263 0.35095024 0.19264642
v -0.93926130 0.36215511 0.35570776
v -0.94629197 0.37494221 0.34698825
v -0.92643560 0.38153234 0.06515824
v -0.92696066 0.42455928 -0.14989179
v -0.93060932 0.38837590 0.14020991
v -0.92648011 0.43230530 0.06393878
v -0.95710155 0.41787436 0.28178948
v -0.93464882 0.50582279 -0.22033287
v -0.93519756 0.65593972 -0.09247770
v -0.93572412 0.65658050 -0.00461133
v -0.93257360 0.65411859 0.00511249
v -0.93598359 0.79018614 0.00734826
v -0.92779795 -0.80328139 -0.82344727
v -0.90506530 -0.80430473 -0.77673529
v -0.92783145 -0.80438391 -0.71615063
v -0.92578792 -0.80480176 -0.36934935
v -0.92601224 -0.80558515 -0.01018937
v -0.92655172 -0.80568489 0.11874570
v -0.91755591 -0.80641236 0.58200891
v -0.92111479 -0.65118564 0.80314494
v -0.92458547 -0.64182828 -0.53977245
v -0.92389150 -0.64547569 -0.06949973
v -0.92540632 -0.64705429 0.32727224
v -0.92819777 -0.64875427 0.40677745
v -0.93761722 -0.64533308 -0.73512267
v -0.92486353 -0.64233608 -0.29760604
v -0.92424164 -0.64048166 -0.13789491
v -0.93109954 -0.64710876 -0.02860002
v -0.92481891 -0.64022622 -0.00133222
v -0.92501240 -0.64236436 0.48677971
v -0.92452940 -0.64291929 -0.42720275
v -0.92291109 -0.64447936 -0.24593646
v -0.92425976 -0.63083660 -0.00379691
v -0.92411541 -0.64019018 0.10762739
v -0.93069813 -0.62450630 -0.78434099
v -0.92426894 -0.64450992 0.21525700
v -0.92530278 -0.61599503 -0.72454551
v -0.92543144 -0.64142313 0.59844975
v -0.92517290 -0.59758750 0.61051610
v -0.92499985 -0.58342730 -0.34991876
v -0.92488884 -0.63994978 0.38497863
v -0.92703822 -0.58363888 0.66454962
v -0.92493319 -0.64340564 0.28431144
v -0.92324878 -0.58737098 -0.73761548
v -0.92792679 -0.53729746 -0.84613140
v -0.92480799 -0.61632207 0.16291096
v -0.92667558 -0.56819637 0.78516197
v -0.92478103 -0.61035906 -0.86571431
v -0.92503563 -0.50661058 -0.27160046
v -0.92473321 -0.63964562 -0.69024124
v -0.92454189 -0.57050461 -0.00710777
v -0.92478325 -0.60267429 -0.22766701
v -0.92404155 -0.52275941 -0.20229613
v -0.92501844 -0.51755435 -0.25751753
v -0.92448309 -0.52238150 0.17383452
v -0.93012950 -0.54288674 0.77890555
v -0.92070880 -0.52426418 -0.86388064
v -0.92387315 -0.52271628 0.03196907
v -0.93062650 -0.51470850 -0.06411355
v -0.92447664 -0.51364061 0.21606221
v -0.92571759 -0.50063212 -0.14464348
v -0.92885789 -0.51172039 0.21276797
v -0.92685838 -0.53278805 0.66951849
v -0.92765092 -0.50014957 -0.24936651
v -0.92981606 -0.49538484 -0.85138643
v -0.92506253 -0.45019291 0.55314504
v -0.92582804 -0.51034845 -0.72095168
v -0.92390304 -0.47062387 -0.21236641
v -0.92297579 -0.47097868 0.00571803
v -0.92285047 -0.47199771 0.15508650
v -0.92569250 -0.44339602 0.61608460
v -0.92907628 -0.45315147 0.00608893
v -0.92909901 -0.42592051 -0.77699782
v -0.91363412 -0.44292227 0.14480548
v -0.92533618 -0.44412946 -0.61614583
v -0.92468807 -0.43162958 -0.72727518
v -0.92511095 -0.43386272 0.34851629
v -0.93041172 -0.42870833 -0.85008650
v -0.92382492 -0.44959596 -0.23986758
v -0.93072415 -0.34519199 -0.21805211
v -0.93340615 -0.45086272 0.15679895
v -0.92922419 -0.35806170 0.65040296
v -0.92955502 -0.35561516 -0.86557581
v -0.92608917 -0.34231612 -0.71701194
v -0.92556715 -0.34988821 0.61744743
v -0.93132711 -0.34511027 0.67131182
v -0.92533833 -0.29055869 0.32026184
v -0.93105195 -0.25264949 0.63062403
v -0.92557738 -0.31508597 0.22399857
v -0.92540208 -0.29203583 -0.30308847
v -0.92977315 -0.33096452 0.21670945
v -0.92666554 -0.24464352 -0.72111411
v -0.92347623 -0.25603969 0.19312327
v -0.92513923 -0.25159737 0.61704064
v -0.92069697 -0.24805432 -0.86041713
v -0.92632299 -0.29238874 -0.26797197
v -0.93135014 -0.25006082 0.15567498
v -0.93088159 -0.25080424 0.78283315
v -0.92598582 -0.23209873 -0.23965115
v -0.93036033 -0.21341019 0.78302619
v -0.92387376 -0.12117172 0.19273844
v -0.92518849 -0.29559137 -0.59320808
v -0.92729672 -0.18211026 0.21823742
v -0.93266144 -0.16454225 0.64746898
v -0.92539862 -0.09147555 -0.71754765
v -0.91763166 -0.13365834 -0.21385019
v -0.92647260 -0.11967306 -0.23477858
v -0.92551366 -0.13778038 0.62269202
v -0.93041529 -0.11106583 0.21334429
v -0.92570500 -0.11211024 0.22458626
v -0.92698901 -0.08660786 0.67404823
v -0.92394061 -0.12734380 -0.86544645
v -0.92812563 -0.10924667 -0.23857838
v -0.93020171 -0.10505643 -0.16219897
v -0.93073976 -0.10543678 0.15115592
v -0.92463200 -0.09543038 0.21411974
v -0.92375159 -0.09668200 -0.85072534
v -0.92523542 -0.09672564 -0.44407602
v -0.92562575 -0.10793435 -0.27151031
v -0.92922571 -0.09630940 0.78197707
v -0.92489937 -0.03810827 0.61225780
v -0.92542851 -0.05230193 -0.26222045
v -0.92491545 -0.10096551 0.47478778
v -0.92448285 -0.04445323 0.65947659
v -0.92398028 -0.05701817 0.78330799
v -0.92521676 -0.04204640 -0.72064369
v -0.92736288 -0.04324303 0.21173876
v -0.92391601 -0.04411073 0.76589171
v -0.92845957 -0.03675311 -0.85746838
v -0.91848543 -0.04984257 -0.85207037
v -0.91980250 -0.04793847 -0.80416797
v -0.93048573 -0.03522919 0.00309055
v -0.92974426 -0.03702788 0.17454830
v -0.92454007 -0.02590497 0.66608028
v -0.92691139 -0.03364230 0.72733314
v -0.92481299 -0.02813954 -0.24702745
v -0.92394483 -0.02728829 -0.03263946
v -0.92488543 -0.02794241 0.17643366
v -0.92496424 -0.03888012 0.22083810
v -0.94817437 -0.01971820 -0.98373765
v -0.92507515 0.00560251 -0.04131676
v -0.93101494 -0.03444103 0.62040826
v -0.96254594 -0.01212356 -0.98586537
v -0.93049782 0.01934944 0.61852301
v -0.91858060 -0.02349169 0.70282912
v -0.92658658 0.03491267 -0.72693439
v -0.92871472 0.01303461 0.66627256
v -0.92498120 0.07161184 0.44991657
v -0.92496688 0.09301822 -0.59178940
v -0.92532758 0.07740323 -0.22279372
v -0.92480868 0.01707977 0.60947373
v -0.92538543 0.03732213 0.62990197
v -0.90350825 0.03266203 0.82002133
v -0.92539493 0.05250543 0.14061573
v -0.89705014 0.05382473 -0.90986357
v -0.92541304 0.06781351 0.58296397
v -0.92555492 0.07709920 -0.66624279
v -0.93895418 0.09664568 0.72752515
v -0.92578953 0.09209840 0.55362079
v -0.92565962 0.11939387 0.52290433
v -0.92676211 0.11256529 -0.61705472
v -0.92532020 0.13581634 0.49075735
v -0.93034321 0.13486775 0.50264165
v -0.94128367 0.13922063 0.68024721
v -0.92500470 0.16769932 -0.47805958
v -0.92599102 0.15431056 0.47196776
v -0.92605380 0.18795727 0.42368303
v -0.92571458 0.17277164 0.44499015
v -0.92536105 0.19963464 0.39381888
v -0.92526721 0.21165287 0.38236408
v -0.93129879 0.21408923 0.39234186
v -0.92565328 0.25399763 0.31955533
v -0.92990493 0.24053718 -0.43503613
v -0.92505728 0.23916269 -0.42449176
v -0.92557213 0.25377895 0.33098838
v -0.92553614 0.23324185 0.35673602
v -0.92501444 0.29131350 -0.31115636
v -0.92484347 0.36548377 -0.15200799
v -0.92525169 0.21635172 0.21531516
v -0.92546082 0.27625513 0.29540764
v -0.92509187 0.29081432 0.05105185
v -0.93451388 0.29608440 0.45946307
v -0.92510846 0.33325689 -0.28877547
v -0.92623082 0.30590557 0.25952555
v -0.93074965 0.32541548 -0.31220541
v -0.92474973 0.36329525 -0.13354749
v -0.92475162 0.36565614 0.16061039
v -0.92484290 0.33930774 0.19787701
v -0.92479456 0.36478813 0.05933260
v -0.92546832 0.36506003 -0.24113201
v -0.92662800 0.39844524 -0.19868835
v -0.92522248 0.38602702 0.13252138
v -0.93689249 0.38606388 -0.40222668
v -0.92584676 0.37560749 -0.15030027
v -0.90056433 0.72636952 0.07483756
v -0.92362908 0.65640575 -0.09659524
v -0.92982460 0.78084120 -0.09634314
v -0.92272885 -0.80670608 0.21028737
v -0.93589895 -0.80232712 -0.55055526
v -0.91757624 -0.80669308 -0.45790583
v -0.93468966 -0.80445214 -0.21633649
v -0.92566513 -0.80569217 -0.15166279
v -0.89657310 -0.80032125 0.13114010
v -0.90186112 -0.79975743 0.14787254
v -0.91458862 -0.80626524 0.34298355
v -0.91947816 -0.80611174 0.40352289
v -0.92309802 -0.80329894 0.45883526
v -0.92797000 -0.80620806 0.73785630
v -0.91837657 -0.79312675 -0.76995354
v -0.91500730 -0.78836397 -0.72768502
v -0.90874014 -0.79575554 -0.49767151
v -0.92157845 -0.78974702 0.23953882
v -0.92144106 -0.77956084 -0.73092452
v -0.90945697 -0.78429658 -0.68978212
v -0.91977730 -0.78412580 -0.62070559
v -0.91930868 -0.78740622 -0.36952696
v -0.92215896 -0.78405338 -0.25704979
v -0.91382923 -0.78487822 -0.17227422
v -0.91265303 -0.78477676 -0.09921397
v -0.92145733 -0.77504640 -0.07255885
v -0.92185541 -0.78134264 -0.02949309
v -0.91570484 -0.78882139 -0.02837713
v -0.91724813 -0.78714298 0.08296659
v -0.91835138 -0.78330365 0.12215758
v -0.91760278 -0.78711349 0.14498249
v -0.92180120 -0.77947465 0.17972227
v -0.91103753 -0.78291023 0.20235191
v -0.91997125 -0.78820444 0.27704499
v -0.92018326 -0.78404020 0.32792648
v -0.92019450 -0.78763041 0.49985130
v -0.91575150 -0.78055014 0.56847285
v -0.92108754 -0.78315887 0.58295302
v -0.91796183 -0.78542617 0.65438756
v -0.92216184 -0.77747858 -0.77894921
v -0.92077848 -0.78664451 -0.67082686
v -0.92051239 -0.78633807 -0.57438333
v -0.91246058 -0.77758623 -0.50850654
v -0.92231162 -0.78563537 -0.48956733
v -0.91887296 -0.78042637 -0.46599455
v -0.92228225 -0.78504439 -0.42849165
v -0.92031456 -0.78558463 -0.29294106
v -0.92159176 -0.77904103 -0.16717017
v -0.92268059 -0.77279976 -0.10658024
v -0.91310301 -0.78131372 -0.08934671
v -0.92053518 -0.78789059 -0.00479473
v -0.92004290 -0.76370009 0.26404484
v -0.91484205 -0.75800837 0.68144336
v -0.91917409 -0.77878668 0.73178988
v -0.91505375 -0.77474422 0.77529604
v -0.91708330 -0.78247069 -0.60451202
v -0.91895138 -0.78739208 -0.33631944
v -0.92011268 -0.78078453 0.02868282
v -0.92284038 -0.77402735 -0.82933047
v -0.92255351 -0.77972268 -0.52557879
v -0.92156857 -0.72830953 0.36874316
v -0.91669285 -0.75161071 0.39509618
v -0.91632826 -0.75211338 0.56819029
v -0.91788018 -0.75397785 0.60486662
v -0.92201333 -0.72866604 0.38767787
v -0.92141957 -0.78265354 0.46423785
v -0.91809141 -0.75386134 0.49829576
v -0.91976549 -0.76129252 0.54869306
v -0.91867600 -0.74045472 0.78145764
v -0.92007544 -0.72656381 -0.60626774
v -0.92072642 -0.78049989 -0.22197880
v -0.92068628 -0.77934600 -0.14253929
v -0.92028960 -0.75371037 0.12382438
v -0.92363081 -0.73941902 0.58103998
v -0.91757734 -0.74703627 0.65575139
v -0.92067676 -0.72423191 -0.55101535
v -0.92257129 -0.69436551 -0.24608397
v -0.92213835 -0.67395458 -0.12563295
v -0.91985784 -0.73938457 -0.01326621
v -0.92228171 -0.73589573 0.47669758
v -0.92132415 -0.75155900 0.63691895
v -0.92086283 -0.72332946 -0.50194897
v -0.91892256 -0.70815109 -0.08845603
v -0.91775116 -0.67427216 0.22749060
v -0.92295759 -0.74347292 0.68713801
v -0.91979511 -0.71673404 -0.68592804
v -0.92020765 -0.73851244 -0.40519193
v -0.92107383 -0.73285886 -0.36163291
v -0.91528431 -0.72285951 0.49677528
v -0.92297151 -0.74265199 0.61537361
v -0.92334239 -0.77916487 -0.70223373
v -0.91578470 -0.77471214 -0.35261205
v -0.92066249 -0.67631471 0.48464614
v -0.91731057 -0.67250593 -0.85459486
v -0.91854706 -0.67678250 -0.29058709
v -0.92111537 -0.73260557 0.71444537
v -0.92184133 -0.68331686 -0.52281623
v -0.91842058 -0.67015767 -0.33732202
v -0.92064718 -0.68226176 -0.00902810
v -0.91969110 -0.67726169 0.27954432
v -0.91874945 -0.67554384 0.32322959
v -0.92393941 -0.67263826 0.68267051
v -0.91861252 -0.67069972 -0.55950368
v -0.91886140 -0.67527193 -0.50356407
v -0.92116652 -0.67361606 0.20444863
v -0.91658164 -0.67444410 0.44805086
v -0.92096190 -0.71647560 0.51372025
v -0.92241052 -0.68022570 0.64169944
v -0.92190046 -0.68129623 -0.76734482
v -0.91934496 -0.67220299 -0.70810191
v -0.91910085 -0.67405386 -0.40093531
v -0.91893837 -0.67876399 -0.23095231
v -0.92170832 -0.68306164 -0.07219596
v -0.91630799 -0.67152040 0.57069448
v -0.91916564 -0.67313588 0.72289990
v -0.91659857 -0.67463556 -0.45984368
v -0.92082010 -0.67293176 0.02955509
v -0.91934705 -0.67521604 0.17598752
v -0.91950897 -0.67120264 0.50999054
v -0.92182935 -0.68032459 0.58940863
v -0.91809469 -0.67414669 -0.60345624
v -0.91607671 -0.67284117 -0.34960418
v -0.92194773 -0.67050985 -0.15571660
v -0.91261843 -0.66931343 -0.09796475
v -0.92065754 -0.67283645 0.38009815
v -0.91505327 -0.66779987 0.59762780
v -0.91480530 -0.67093102 0.70315132
v -0.92139946 -0.59307755 0.78784297
v -0.92652133 -0.50076692 0.06070156
v -0.92910415 -0.49438962 -0.22481756
v -0.92330408 -0.46086997 0.78889395
v -0.90410819 -0.47176467 0.19689253
v -0.92462601 -0.45269675 0.14577120
v -0.92174058 -0.45186051 0.16966492
v -0.92106530 -0.44780558 -0.21494800
v -0.92236095 -0.45122184 0.19204019
v -0.90794423 -0.44144686 0.78854789
v -0.91450721 -0.37202780 0.16413259
v -0.91895941 -0.40430754 -0.24704033
v -0.91568635 -0.35576320 -0.84338419
v -0.92328729 -0.27240215 -0.24741983
v -0.91887528 -0.34048548 0.69699703
v -0.91840919 -0.33560626 0.76511950
v -0.92313881 -0.34665373 0.17784475
v -0.91945516 -0.26797475 0.76774652
v -0.92009245 -0.32349503 -0.84658524
v -0.92222442 -0.26425310 0.78783443
v -0.91645194 -0.26725623 -0.74348590
v -0.91796574 -0.32303298 0.20110442
v -0.91665409 -0.25670906 -0.80220784
v -0.91251646 -0.24969104 0.16233619
v -0.91484363 -0.25399635 -0.84789696
v -0.92272457 -0.28529317 0.16966768
v -0.92255110 -0.22806317 -0.86575776
v -0.91701860 -0.23515230 -0.81108256
v -0.91834323 -0.23480600 0.69739440
v -0.91924312 -0.23144439 0.76278278
v -0.91632518 -0.17686480 0.77344483
v -0.91397474 -0.23061160 0.65029004
v -0.90778875 -0.25859447 -0.21440768
v -0.91712189 -0.12211322 0.20080655
v -0.92300291 -0.29788933 -0.23160454
v -0.90879252 -0.12786075 -0.25023209
v -0.91211508 -0.15464078 0.63546635
v -0.91809429 -0.15974360 0.67723500
v -0.92170044 -0.19618904 0.74254203
v -0.91712439 -0.16651272 -0.79613392
v -0.91896140 -0.16263257 0.76395439
v -0.92332804 -0.12212910 -0.24747656
v -0.92717998 -0.10891835 -0.22043995
v -0.92088829 -0.11470118 0.15061092
v -0.92268554 -0.11972450 0.16863043
v -0.91773769 -0.08392507 0.19417950
v -0.96278924 -0.06035276 -0.91228146
v -0.92159135 -0.05560502 -0.75758166
v -0.93285189 -0.02954603 -0.95024752
v -0.95225888 0.01339460 0.85816632
v -0.93737013 0.03816592 0.80615548
v -0.91404661 0.26240823 -0.60139452
v -0.93800719 0.30411463 -0.53205853
v -0.91483225 0.40269097 -0.37002383
v -0.92538498 0.44722932 0.23535782
v -0.93068607 0.64851582 0.00140322
v -0.92110093 0.72562372 -0.15648838
v -0.92996267 0.77871023 0.07634538
v -0.96972196 0.79639654 -0.14236350
v -0.90167123 -0.80043445 -0.83441444
v -0.90035561 -0.80062828 -0.68127506
v -0.91240572 -0.80511776 -0.51425680
v -0.89928145 -0.80028246 -0.46121425
v -0.90823911 -0.80315234 -0.35155487
v -0.90745466 -0.80361668 -0.25598064
v -0.90141230 -0.79987616 0.05875318
v -0.90234954 -0.80004341 0.22809475
v -0.90905662 -0.79809676 0.27535672
v -0.90280587 -0.79299708 0.44984365
v -0.90658678 -0.79839280 0.58237360
v -0.90824078 -0.79465090 0.67886884
v -0.91584171 -0.79123570 -0.81764992
v -0.89994173 -0.78323291 -0.78241717
v -0.92340171 -0.78217043 0.40173336
v -0.90401527 -0.79693585 0.40647664
v -0.91165003 -0.79434948 0.74409624
v -0.90834023 -0.78931586 0.75632709
v -0.90236393 -0.78259413 -0.62530327
v -0.89789167 -0.78434985 -0.25214386
v -0.91546128 -0.78843246 -0.23921254
v -0.91477445 -0.78743909 -0.15800263
v -0.91629379 -0.78525046 -0.08073689
v -0.90339838 -0.78251978 0.00014080
v -0.91494569 -0.78859056 0.04336355
v -0.89771720 -0.78552356 0.09051461
v -0.91837644 -0.76335966 0.21138711
v -0.89336696 -0.79154739 0.56483181
v -0.91715093 -0.78262769 0.61290846
v -0.90986640 -0.78406140 0.67951799
v -0.91317150 -0.77253916 -0.01718702
v -0.91420154 -0.76502589 0.44174251
v -0.91493452 -0.67347501 0.39593662
v -0.91770000 -0.67659727 -0.68989791
v -0.91162736 -0.66624561 -0.01937777
v -0.90526831 -0.66544394 0.22947856
v -0.91763648 -0.66862113 -0.77890133
v -0.90437115 -0.66379725 -0.60726393
v -0.90371669 -0.66471847 -0.30196351
v -0.90135500 -0.66035972 -0.23334386
v -0.91513575 -0.66916340 -0.14094928
v -0.90369767 -0.65913982 -0.00497154
v -0.91922978 -0.67117773 0.09178380
v -0.90332117 -0.66127733 0.41230380
v -0.90215606 -0.66041314 0.49748976
v -0.91673156 -0.66629625 0.65640318
v -0.90451151 -0.66182106 0.69243890
v -0.90524944 -0.66096256 -0.32496951
v -0.90342925 -0.65795613 -0.17865253
v -0.90339678 -0.65590373 -0.13906528
v -0.90667099 -0.65424552 0.26719275
v -0.90775536 -0.66510244 0.33263662
v -0.90344454 -0.65946197 0.62864511
v -0.91412348 -0.64248865 -0.68707296
v -0.90944194 -0.64815198 -0.54102047
v -0.91480065 -0.64261721 -0.53427750
v -0.90349122 -0.65625574 -0.45490176
v -0.91389816 -0.65217590 -0.31029063
v -0.91253275 -0.63930354 -0.21685518
v -0.91344512 -0.64666305 -0.07075278
v -0.90044386 -0.65408159 0.12631869
v -0.90161396 -0.65065184 0.42581745
v -0.90513152 -0.64269403 -0.79804596
v -0.91510858 -0.64146875 -0.73417566
v -0.91337753 -0.63944730 -0.46123822
v -0.91319965 -0.64189810 -0.42009056
v -0.91174256 -0.64157989 -0.37093446
v -0.90170739 -0.64892547 -0.29359421
v -0.91286631 -0.63749164 -0.15897502
v -0.91326696 -0.63766954 0.13261820
v -0.90568889 -0.64953365 0.17163699
v -0.91312575 -0.64047444 0.29029074
v -0.91324578 -0.63408218 0.32118365
v -0.91366660 -0.64747060 0.33501999
v -0.91046693 -0.64400046 0.40647211
v -0.91215507 -0.64115333 0.47926809
v -0.91422031 -0.63834775 0.54032545
v -0.90816554 -0.63784764 0.76462856
v -0.91237610 -0.62611298 -0.71174809
v -0.91347999 -0.63343069 -0.42750292
v -0.91256363 -0.63104015 -0.02594548
v -0.91322530 -0.63639589 0.18716485
v -0.91268903 -0.63501515 0.22433061
v -0.91511769 -0.64362432 0.60180323
v -0.90845019 -0.63581845 0.61892605
v -0.91331673 -0.63168245 -0.29541774
v -0.91251923 -0.64035646 0.00715535
v -0.91389012 -0.63879004 -0.56168841
v -0.91314059 -0.63880521 -0.34159427
v -0.91279305 -0.52314351 -0.01959414
v -0.91346067 -0.58399702 0.61111076
v -0.91369675 -0.63059282 0.44777152
v -0.90968728 -0.64077637 0.66309035
v -0.90744762 -0.58257229 -0.77526336
v -0.90966725 -0.58519102 0.76929252
v -0.91293044 -0.58646621 -0.72483692
v -0.90760175 -0.57253609 -0.72616518
v -0.91099252 -0.58616396 0.66436504
v -0.90782982 -0.58016867 0.67561127
v -0.90917614 -0.56284294 -0.74211790
v -0.90536679 -0.56828955 0.68744389
v -0.90656430 -0.56856608 0.76588033
v -0.91082949 -0.56371316 0.67867820
v -0.90906520 -0.53078667 0.77026284
v -0.91182000 -0.56286283 0.77237917
v -0.91361187 -0.47226723 -0.55897695
v -0.91325791 -0.52232380 -0.26908475
v -0.91321726 -0.52259354 0.20583482
v -0.91313697 -0.52317317 -0.71750785
v -0.90778433 -0.51477895 -0.23197652
v -0.90790098 -0.51617993 -0.01298842
v -0.91300588 -0.51257979 0.22631600
v -0.91270021 -0.51802758 0.65741504
v -0.90447090 -0.48230947 -0.72941448
v -0.91361897 -0.50624519 0.68385799
v -0.90285778 -0.50245985 -0.22499765
v -0.91515486 -0.50149230 0.15147093
v -0.90332007 -0.51308608 -0.26173293
v -0.91380624 -0.51766585 0.76736157
v -0.90929584 -0.51435816 0.21497121
v -0.90595593 -0.44633709 -0.26011727
v -0.89281845 -0.47255229 -0.13986998
v -0.89283104 -0.47268427 0.00459206
v -0.89343601 -0.47270707 0.14982792
v -0.91443575 -0.42703278 0.67165891
v -0.91129242 -0.43645761 0.68221208
v -0.91358993 -0.45210436 -0.27205121
v -0.92557678 -0.44237388 -0.86346921
v -0.90936398 -0.44786432 -0.84471756
v -0.91040813 -0.44990584 -0.73281345
v -0.91274973 -0.44354511 -0.72033385
v -0.91393404 -0.32541932 -0.41141309
v -0.91531072 -0.45437325 -0.24912929
v -0.90777449 -0.43894760 0.21530369
v -0.91355551 -0.39022740 0.62744465
v -0.90864687 -0.42115533 -0.73268584
v -0.91354971 -0.42155312 -0.70009871
v -0.90330578 -0.43650030 -0.15451488
v -0.90213248 -0.43558382 0.14463203
v -0.91037326 -0.43130256 0.69654919
v -0.91179279 -0.43238070 -0.84563812
v -0.91532713 -0.42039488 0.76543378
v -0.91176534 -0.40615945 -0.74509549
v -0.90722451 -0.39502139 -0.72519692
v -0.91359257 -0.45184883 -0.23011304
v -0.91299486 -0.45091512 0.22383188
v -0.90045894 -0.40408278 -0.25130745
v -0.91419663 -0.37340815 0.67561971
v -0.91234564 -0.35852058 -0.73844089
v -0.91394710 -0.30102110 -0.27044232
v -0.90918321 -0.37419956 -0.26133273
v -0.90751348 -0.42569054 -0.21509458
v -0.91063424 -0.36458687 0.76830399
v -0.90695049 -0.34998819 0.68673951
v -0.91135372 -0.34009148 0.62980702
v -0.91162012 -0.36282836 0.66834997
v -0.91602345 -0.33332231 -0.74654203
v -0.91182586 -0.33777706 0.66636351
v -0.90808511 -0.33425871 -0.73654321
v -0.91389763 -0.33435908 0.32879410
v -0.91365927 -0.33791946 0.61641964
v -0.91373459 -0.34342558 -0.71892267
v -0.90733028 -0.34130884 -0.72579735
v -0.89930202 -0.24275129 0.15924806
v -0.91377626 -0.24819084 -0.68743590
v -0.91326959 -0.26677903 -0.72310070
v -0.91339585 -0.32617753 0.47770770
v -0.91681965 -0.25731992 0.65402669
v -0.92063339 -0.27038711 -0.83815888
v -0.90097270 -0.25805094 -0.73910172
v -0.90803550 -0.45155520 0.20199929
v -0.91013304 -0.25888409 0.63136624
v -0.91172012 -0.25012893 -0.72139052
v -0.90625055 -0.24365544 0.64371029
v -0.91224021 -0.24117487 -0.73683437
v -0.91368104 -0.29946675 0.27193507
v -0.91309955 -0.24532685 0.61549784
v -0.90629518 -0.24083566 0.67015634
v -0.90760388 -0.32674701 -0.22668810
v -0.91256014 -0.27992360 0.22409203
v -0.90972731 -0.23042649 0.78789805
v -0.91410416 -0.21351621 -0.71907197
v -0.91335832 -0.18760953 0.52095723
v -0.91038052 -0.21703057 0.62763436
v -0.91395573 -0.23088832 -0.84807371
v -0.91247918 -0.15579442 -0.73453510
v -0.90853874 -0.23053329 0.21574228
v -0.92480942 -0.14541425 0.78766164
v -0.90779049 -0.20133444 0.20193830
v -0.90751528 -0.12991733 -0.21324174
v -0.91403205 -0.15679176 -0.85000190
v -0.90804551 -0.14569288 0.76631149
v -0.90756727 -0.12219985 -0.84529287
v -0.91094390 -0.14408446 -0.80117977
v -0.91364078 -0.10757539 -0.27181658
v -0.91589216 -0.12207017 0.16348562
v -0.91357436 -0.14976763 0.61050010
v -0.91215562 -0.14461510 0.66578586
v -0.90874917 -0.12296853 -0.79820556
v -0.91382427 -0.26588229 -0.56144580
v -0.91245806 -0.12621971 0.68618535
v -0.91401272 -0.13158343 -0.71263903
v -0.90927100 -0.14445472 -0.26126658
v -0.89978663 -0.12279577 -0.25092570
v -0.91195746 -0.12083968 0.21949999
v -0.90889157 -0.12517245 0.76065794
v -0.92078257 -0.08538478 0.78781057
v -0.89795880 -0.11466189 -0.24084982
v -0.91660478 -0.11694562 -0.16756252
v -0.91812826 -0.11494406 -0.02093429
v -0.90885500 -0.11411902 0.19374949
v -0.90664838 -0.10988415 -0.26382868
v -0.91279724 -0.13010285 0.65825890
v -0.90952133 -0.10759564 0.77409638
v -0.91301910 -0.06557304 -0.86599228
v -0.90934114 -0.11279072 0.67552140
v -0.91229332 -0.09992877 0.21716834
v -0.91289796 -0.06272282 -0.25973665
v -0.90870241 -0.06684691 0.67490190
v -0.90849163 -0.06785794 0.73109647
v -0.89752090 -0.08117271 -0.25171022
v -0.90796313 -0.07454924 -0.23130603
v -0.90081042 -0.07673531 -0.05412389
v -0.90915262 -0.07543286 0.16476460
v -0.91332761 -0.10055445 0.25252439
v -0.91433443 -0.04820728 0.65751587
v -0.91344001 -0.03616694 -0.26042560
v -0.91313314 -0.06775990 -0.24160948
v -0.91378789 -0.06642458 -0.50417326
v -0.91214447 -0.06715516 -0.12456437
v -0.91256762 -0.06759268 0.00613461
v -0.91386592 -0.06787506 0.18085192
v -0.90961174 -0.05067134 -0.20286677
v -0.91233868 -0.05055247 0.16634211
v -0.91337529 -0.05203214 0.19980489
v -0.91372369 -0.02828586 0.22034212
v -0.91705851 -0.04485533 -0.86593154
v -0.90858244 -0.03928551 -0.24881294
v -0.89769064 -0.04292711 0.10607983
v -0.91072020 -0.04253914 0.21487757
v -0.91526118 -0.02206185 0.67319930
v -0.91376070 0.06530404 -0.61396658
v -0.90775093 -0.03670774 -0.10511819
v -0.90812786 -0.03663228 0.00962146
v -0.90972273 -0.03696520 0.16724116
v -0.91367631 -0.04030592 0.60984617
v -0.91280444 -0.03824154 0.71871987
v -0.91353008 -0.02712268 -0.02852891
v -0.91386519 0.02826397 0.46270142
v -0.91257274 -0.02613687 0.66229402
v -0.91345608 -0.03581744 -0.71673356
v -0.91482899 -0.01559560 0.70304785
v -0.90952572 0.00918341 -0.72356109
v -0.91419147 0.02255935 0.60989246
v -0.90913436 0.03632143 -0.73704741
v -0.90914263 0.03550567 0.64378096
v -0.91404429 0.03612902 -0.71899133
v -0.91359786 -0.02749592 -0.23439668
v -0.91431148 0.07609862 0.57788858
v -0.91356614 -0.03181081 -0.32533445
v -0.91395516 0.11728187 0.52180581
v -0.91153617 0.10487406 0.54792278
v -0.91354392 0.08854724 -0.65162362
v -0.91387342 0.12503205 -0.58905282
v -0.90698607 0.13353450 0.50927770
v -0.90749565 0.09902936 -0.84651187
v -0.94101578 0.13827726 -0.76730890
v -0.91366113 0.14273259 0.48290994
v -0.91406395 0.15569306 0.34327403
v -0.91382849 0.18006482 0.43212506
v -0.90795901 0.18289419 -0.51837663
v -0.91370432 0.07230360 -0.00433874
v -0.90742595 0.17530235 0.45165409
v -0.91406521 0.20269100 -0.47646154
v -0.91367197 0.17423305 -0.52038561
v -0.91388748 0.21019305 0.39064885
v -0.90666107 0.20377607 0.41178953
v -0.91347459 0.19892578 -0.41239265
v -0.91127779 0.22550928 0.37820593
v -0.91411970 0.24562765 0.33879141
v -0.90881329 0.25624694 0.33698679
v -0.90478479 0.24693894 0.52311387
v -0.91351690 0.24385170 -0.41691391
v -0.91404992 0.27104555 0.29835994
v -0.91392497 0.28691618 0.28178050
v -0.90802752 0.28578525 0.29593459
v -0.91396279 0.29871299 -0.33840456
v -0.91372895 0.35725118 0.03087606
v -0.91396064 0.30834714 0.24953614
v -0.91389211 0.29382872 0.20605925
v -0.91383932 0.32111326 0.23206727
v -0.91387434 0.33861592 0.20235339
v -0.90831946 0.32233084 0.24249738
v -0.93736468 0.33330604 -0.48207979
v -0.90932991 0.34518986 0.20554873
v -0.91330612 0.37914475 -0.14904429
v -0.91372046 0.36401913 -0.13715271
v -0.90813857 0.36407946 0.18147025
v -0.93500443 0.37155587 -0.42083049
v -0.91316228 0.37820940 0.15144083
v -0.91387866 0.35490791 -0.25451470
v -0.90701033 0.37116783 -0.13850057
v -0.91376173 0.36503326 0.05940238
v -0.91410600 0.35870029 0.16785592
v -0.90756763 0.38920481 0.14380506
v -0.91342136 0.39775503 0.11930356
v -0.91077318 0.41808941 0.09852580
v -0.90817431 0.44122276 0.07067165
v -0.91252515 0.43542973 0.06174505
v -0.94307804 0.79568084 -0.10518056
v -0.90152014 -0.80415502 -0.74646161
v -0.90403560 -0.79673444 -0.62617580
v -0.90044927 -0.80379105 -0.61571304
v -0.89916719 -0.79850369 -0.35058494
v -0.90304452 -0.80163442 -0.16159985
v -0.89518202 -0.78971214 -0.02548786
v -0.89854277 -0.79318310 0.26147339
v -0.90478658 -0.79759311 0.36663110
v -0.90482059 -0.80457367 0.53206756
v -0.89685962 -0.79873667 0.66410549
v -0.88352751 -0.80398912 0.79709094
v -0.90079418 -0.78792669 0.21664858
v -0.89886840 -0.79262437 0.29737919
v -0.91450583 -0.78571108 0.37890292
v -0.89741844 -0.79001463 -0.76012785
v -0.89736310 -0.78745595 -0.60432351
v -0.91347824 -0.78519395 -0.52181136
v -0.89876188 -0.78608188 -0.45838138
v -0.90006749 -0.78445003 -0.07923297
v -0.89912898 -0.78128357 -0.02405839
v -0.89887394 -0.78385567 0.12631911
v -0.90516945 -0.78741388 0.15034598
v -0.90145687 -0.77995642 -0.67628873
v -0.91522010 -0.77720976 -0.85587147
v -0.90732506 -0.66494686 -0.71306171
v -0.90071085 -0.66203107 -0.68769641
v -0.90011859 -0.66553072 -0.54311312
v -0.90247170 -0.66420682 -0.48484667
v -0.90542302 -0.66332020 -0.04808998
v -0.90520377 -0.66531257 0.16423897
v -0.89990886 -0.66251988 0.28042737
v -0.90058535 -0.65724247 0.53617236
v -0.90304782 -0.66029140 0.77294435
v -0.90181284 -0.65749344 -0.82881593
v -0.89979836 -0.65816504 -0.73210857
v -0.90013921 -0.64955946 -0.70407448
v -0.90146574 -0.65179998 -0.59854686
v -0.90452783 -0.65334547 -0.56307072
v -0.90185791 -0.65532413 -0.50377528
v -0.90145588 -0.66309437 -0.42277715
v -0.90279773 -0.66328741 -0.36505460
v -0.90135585 -0.66034079 -0.27372088
v -0.90593128 -0.65785236 0.04907878
v -0.90183536 -0.65355034 0.23108134
v -0.90290199 -0.65694756 0.59911566
v -0.90449283 -0.65247602 -0.42205169
v -0.90202741 -0.65171538 -0.36637881
v -0.90311928 -0.65501188 0.19467124
v -0.90065939 -0.65966901 0.31793859
v -0.90365927 -0.64809871 0.48709644
v -0.90369950 -0.64967880 0.53002372
v -0.90196429 -0.64628966 0.54631583
v -0.90741677 -0.64591353 -0.01837774
v -0.90848893 -0.62972189 -0.83575918
v -0.90094791 -0.63847427 -0.84845061
v -0.90073626 -0.62210344 -0.78008839
v -0.89984830 -0.62218473 -0.73765549
v -0.89992590 -0.58922642 0.77511791
v -0.90751395 -0.58863815 -0.84483194
v -0.90427868 -0.60398961 -0.76488492
v -0.89765575 -0.57888943 -0.84398951
v -0.89791926 -0.57838992 -0.73347212
v -0.89963983 -0.57705456 0.67324353
v -0.89871583 -0.56912825 -0.84396394
v -0.90852875 -0.56993360 0.66787331
v -0.90943857 -0.52752309 0.67753906
v -0.90764640 -0.53060188 -0.77518050
v -0.90841918 -0.51838142 -0.84576280
v -0.91101289 -0.51847205 -0.73932800
v -0.90000053 -0.51345428 -0.21780011
v -0.90011579 -0.51495066 -0.04115941
v -0.89996104 -0.51356548 0.15150916
v -0.89973888 -0.50333997 -0.04089466
v -0.89994756 -0.50273768 0.14339971
v -0.90129587 -0.50103470 0.20287817
v -0.89420887 -0.47118993 -0.25200880
v -0.92929613 -0.47569844 -0.22624651
v -0.89456601 -0.47355987 0.20954815
v -0.89459893 -0.46363058 0.19521568
v -0.89794417 -0.46043284 -0.24211734
v -0.89527881 -0.45510607 -0.21518104
v -0.89695029 -0.44248420 -0.79654252
v -0.89486986 -0.45542804 0.15389578
v -0.90128066 -0.44262246 0.16123162
v -0.90682315 -0.44855513 0.77465363
v -0.91358973 -0.44350736 -0.01252008
v -0.91173014 -0.44008664 0.70014689
v -0.91410340 -0.44258338 0.76623290
v -0.89719684 -0.42812138 -0.15709537
v -0.89843491 -0.43256943 -0.08770119
v -0.89867687 -0.42968346 0.00632733
v -0.89723550 -0.43148705 0.06728750
v -0.85058351 -0.42957553 0.71199426
v -0.89788150 -0.43219204 -0.20832624
v -0.90111323 -0.41307960 0.16064381
v -0.91031243 -0.43027072 0.77319978
v -0.85864227 -0.42673604 -0.85057977
v -0.89990403 -0.39374064 -0.26071243
v -0.90127336 -0.37437241 -0.08868552
v -0.91246361 -0.34712275 0.15041466
v -0.89885208 -0.45063469 0.20916570
v -0.90634265 -0.34635111 -0.74220939
v -0.91097018 -0.34756044 -0.84394431
v -0.89997389 -0.27052365 -0.25125926
v -0.91528930 -0.34064502 0.67694119
v -0.90668201 -0.34916313 0.73708538
v -0.90808646 -0.33718606 -0.80098898
v -0.90021558 -0.45058059 0.20631843
v -0.91331206 -0.33630665 -0.84920644
v -0.89895169 -0.27562940 0.20896263
v -0.90895927 -0.28468024 -0.85219979
v -0.90571678 -0.24829809 0.66453935
v -0.89885381 -0.28344032 -0.20653434
v -0.90387924 -0.25459925 -0.76553194
v -0.89702339 -0.24706694 -0.73630061
v -0.91244220 -0.24050092 0.76419249
v -0.90074581 -0.23809747 -0.84551108
v -0.89992453 -0.12899379 -0.26083475
v -0.91061776 -0.24396671 0.14967025
v -0.90689722 -0.23116952 0.77308585
v -0.90000441 -0.23040489 0.20621347
v -0.91125056 -0.18943677 -0.22704616
v -0.90539224 -0.12362544 0.14557354
v -0.89783926 -0.15252457 0.77279281
v -0.90271111 -0.11911468 0.20344775
v -0.91095787 -0.11972713 -0.20883820
v -0.89996757 -0.12236913 -0.17005364
v -0.90131454 -0.12226959 -0.01674986
v -0.90298408 -0.12041455 0.13664208
v -0.90772801 -0.12488045 0.66475237
v -0.90489451 -0.12539344 0.77513677
v -0.89103353 -0.11492411 0.16894307
v -0.90480139 -0.10661968 -0.83630275
v -0.89385360 -0.11120629 -0.77422620
v -0.90160890 -0.10710934 -0.76605198
v -0.91144415 -0.10279989 -0.73976225
v -0.90625576 -0.09819933 -0.21399929
v -0.90632166 -0.09825728 -0.02839125
v -0.90641212 -0.09825268 0.13755934
v -0.90037303 -0.10463683 0.20165154
v -0.90324795 -0.09354746 -0.76485325
v -0.91229463 -0.09104705 -0.24281499
v -0.90473736 -0.09051979 -0.21534969
v -0.90448974 -0.08988262 -0.02796309
v -0.90379610 -0.09014418 0.12118002
v -0.91134829 -0.09582202 0.18405603
v -0.89494036 -0.10144912 -0.25742818
v -0.88923614 -0.08247776 0.06984327
v -0.89465938 -0.08246610 0.18333213
v -0.89953294 -0.10445105 0.21351894
v -0.90051628 -0.06819978 0.77359575
v -0.89183536 -0.06793930 -0.84708128
v -0.89726718 -0.07327851 -0.83253092
v -0.90688848 -0.04489445 -0.83741830
v -0.90453415 -0.05592685 -0.76421491
v -0.91039777 -0.04924451 -0.00533938
v -0.89176981 -0.04278225 0.01480177
v -0.89265602 -0.04173534 -0.84801751
v -0.90418605 -0.03941915 -0.79772905
v -0.91222175 -0.04014806 -0.72548228
v -0.89860321 -0.03911418 -0.22753580
v -0.89326405 -0.04306898 0.14551532
v -0.89564773 -0.04392496 0.20656396
v -0.90771992 -0.03649382 0.65758380
v -0.92347852 -0.04035129 0.83907582
v -0.91105161 -0.03021996 -0.85946299
v -0.89057122 -0.02737285 -0.72226380
v -0.90752447 -0.02719197 0.61751081
v -0.90877267 -0.01044433 0.66720201
v -0.87828764 0.02853841 0.64034046
v -0.91098989 0.06629315 0.60337354
v -0.90776752 0.12868453 -0.59704067
v -0.94237508 0.17776480 0.62491189
v -0.87745366 0.18868702 -0.69552208
v -0.89070051 0.26291350 -0.60289199
v -0.89470713 0.34251418 0.21298999
v -0.91226544 0.38285101 0.06268428
v -0.91226326 0.40750450 -0.18876685
v -0.90941552 0.43623694 -0.15379901
v -0.91492542 0.46005710 0.23156046
v -0.88998537 0.46588871 0.22450361
v -0.87171597 0.59252377 -0.14369289
v -0.92404498 0.77800832 0.00758633
v -0.79926997 0.78953712 -0.15131205
v -0.89732815 -0.78637983 -0.82600912
v -0.88919507 -0.79272266 -0.78989918
v -0.89778263 -0.79937705 -0.26120796
v -0.90162444 -0.79958799 -0.20782961
v -0.89760173 -0.78724236 -0.13762175
v -0.90163161 -0.79959828 -0.09411671
v -0.89850427 -0.79828040 0.11224129
v -0.88941363 -0.79469786 0.76788079
v -0.88147711 -0.78686194 -0.83616554
v -0.89585161 -0.79775150 -0.70468941
v -0.89624613 -0.78979503 -0.62707654
v -0.89681785 -0.79520955 -0.50525049
v -0.90481216 -0.79349408 -0.47570370
v -0.89863606 -0.78553332 -0.34576837
v -0.89935890 -0.78915580 -0.27207640
v -0.89808731 -0.78801096 -0.16785838
v -0.89776140 -0.79535560 -0.01392612
v -0.89900304 -0.78848604 0.03817549
v -0.89267035 -0.79589490 0.48893198
v -0.89187746 -0.79357796 0.52520445
v -0.89858512 -0.78433243 0.61042454
v -0.89382402 -0.78424433 0.66448992
v -0.89761779 -0.79442237 0.69426925
v -0.89912355 -0.78042126 0.47660644
v -0.89146646 -0.78759063 0.72932803
v -0.88761325 -0.77580953 0.78172429
v -0.89721123 -0.66339182 -0.83850153
v -0.90111924 -0.64710728 -0.43838869
v -0.89532924 -0.62670225 0.77513227
v -0.89698400 -0.56715149 -0.73949693
v -0.90733371 -0.51998118 -0.72577937
v -0.90814489 -0.52250187 0.66765001
v -0.89543856 -0.50687603 -0.22949695
v -0.89463716 -0.50701060 -0.01385862
v -0.89487645 -0.50692562 0.14845877
v -0.89541039 -0.50868538 0.21037365
v -0.89585766 -0.50306671 -0.25497847
v -0.89679946 -0.46493684 -0.26202977
v -0.89658979 -0.47265378 -0.23360145
v -0.89415197 -0.45921898 0.01401162
v -0.89458545 -0.45981005 0.11161990
v -0.88768296 -0.46765813 0.13420946
v -0.88424383 -0.44175440 0.01157874
v -0.90304004 -0.44557356 -0.72637302
v -0.85936827 -0.42889478 -0.86435797
v -0.85152785 -0.44093750 0.71253874
v -0.89152560 -0.44353943 -0.22490267
v -0.89618791 -0.42641080 -0.07285497
v -0.89687184 -0.42615877 0.13551088
v -0.89118421 -0.41579694 -0.72719004
v -0.89493215 -0.38205919 -0.25545390
v -0.89741235 -0.36104581 -0.12682735
v -0.89490922 -0.42255481 0.01926860
v -0.89965055 -0.34336261 -0.20771196
v -0.89946603 -0.24620247 -0.09614276
v -0.89819650 -0.29800280 0.13275417
v -0.89737375 -0.28801801 -0.07557935
v -0.89848985 -0.34576749 -0.16703921
v -0.89919087 -0.29984469 0.01023466
v -0.89692500 -0.31010275 -0.03787769
v -0.91588754 -0.25265812 0.67608675
v -0.89465876 -0.12268996 -0.25556482
v -0.89241600 -0.26079041 -0.22417580
v -0.89788757 -0.27919697 -0.17923672
v -0.88931401 -0.24756852 -0.84020894
v -0.89894186 -0.23768634 -0.15865430
v -0.88954431 -0.26997493 0.15507756
v -0.91416200 -0.25607111 0.76721741
v -0.85847321 -0.22779556 -0.86451442
v -0.89859859 -0.23694985 0.01113476
v -0.89916898 -0.13808200 0.11975913
v -0.88203871 -0.15243141 -0.85208169
v -0.89901669 -0.12840647 0.20911084
v -0.89915504 -0.12842420 -0.20605069
v -0.89843897 -0.13051465 -0.07691026
v -0.89881023 -0.12926946 0.00907432
v -0.89752475 -0.13006704 -0.15059011
v -0.89470538 -0.12204586 0.15840988
v -0.89285990 -0.12264744 -0.22248460
v -0.89459637 -0.09155019 0.20593298
v -0.89896475 -0.11435195 0.76609534
v -0.89609036 -0.11251318 -0.73853212
v -0.88907107 -0.11037124 -0.22053134
v -0.89990881 -0.10424965 -0.23410598
v -0.89987493 -0.10481827 -0.01658167
v -0.89071498 -0.09318573 -0.84919527
v -0.89459546 -0.07659693 -0.73188156
v -0.90774448 -0.07387504 -0.71983851
v -0.88982680 -0.08265162 -0.17985413
v -0.88953957 -0.08228937 -0.08582455
v -0.89995858 -0.07730736 0.16810071
v -0.90684789 -0.07149422 0.66349484
v -0.89716822 -0.04642944 -0.24793458
v -0.85510127 -0.05567693 0.78927350
v -0.96304547 -0.05637375 0.82442061
v -0.91509697 -0.04954063 -0.85923193
v -0.89464386 -0.04286174 -0.05827049
v -0.90908158 -0.04512035 0.77412958
v -0.89171134 -0.04308757 -0.19351127
v -0.89888854 -0.03710037 -0.00276228
v -0.90764746 -0.03650128 0.62329253
v -0.89556841 -0.03568308 0.77379522
v -0.90810751 0.02718296 0.62534711
v -0.90883184 0.30913381 -0.52788777
v -0.88443432 0.49840297 0.15841500
v -0.89625102 0.56831626 -0.15728408
v -0.84540173 0.65088713 0.00039504
v -0.91726388 -0.67393501 0.78146685
v -0.89903604 -0.57900489 0.76590051
v -0.90845300 -0.56330908 -0.84933247
v -0.89929715 -0.56868341 -0.77210048
v -0.84494506 -0.52247549 0.66745112
v -0.90305165 -0.53267264 -0.84776105
v -0.90939805 -0.53043776 -0.73838480
v -0.88805602 -0.46768656 -0.22234485
v -0.89386447 -0.45899267 -0.12027355
v -0.88539541 -0.44337857 -0.09083576
v -0.88743513 -0.44346794 0.15001171
v -0.91056638 -0.43378926 -0.74168719
v -0.90901401 -0.42979442 -0.73591603
v -0.88711338 -0.44481010 -0.21524475
v -0.88562536 -0.41115813 -0.05449255
v -0.88784139 -0.41506910 -0.00431226
v -0.88597670 -0.39956100 0.05121206
v -0.88603966 -0.44411551 0.08688675
v -0.88621338 -0.39550807 0.13300201
v -0.88755678 -0.42379365 0.14790898
v -0.88638324 -0.38886259 -0.13470505
v -0.90429290 -0.41720832 -0.73666599
v -0.88625594 -0.28952519 0.01389833
v -0.88477303 -0.42088786 0.77852095
v -0.88592467 -0.34567411 -0.21614241
v -0.88605546 -0.36805529 -0.16671938
v -0.88688638 -0.39419959 0.15269182
v -0.88429069 -0.31818947 -0.06093940
v -0.88519383 -0.27110857 0.14553746
v -0.85376704 -0.34249368 0.67698803
v -0.88663965 -0.27278658 -0.14309079
v -0.88680772 -0.30304553 -0.00085338
v -0.88399341 -0.25836203 -0.72576076
v -0.88691044 -0.32719110 -0.17752207
v -0.90021888 -0.24274018 -0.86140069
v -0.85333673 -0.24297368 0.67347160
v -0.88703610 -0.17622019 -0.21593473
v -0.88497509 -0.28694273 -0.16048456
v -0.88585101 -0.23889425 -0.08814952
v -0.88693856 -0.22180613 0.11804705
v -0.88582069 -0.11368922 -0.16040421
v -0.88651938 -0.17864167 0.00405337
v -0.88840112 -0.12239686 0.13503304
v -0.88777694 -0.12920718 -0.17829720
v -0.88714071 -0.11441636 0.14962922
v -0.88649476 -0.12452394 -0.00083456
v -0.88428671 -0.11426244 0.00711244
v -0.89179259 -0.10581492 0.15626887
v -0.84028141 -0.10632179 0.77310683
v -0.90758068 -0.06495367 -0.72930965
v -0.85423368 -0.05198727 -0.85503209
v -0.92347782 -0.05047019 -0.92407603
v -0.88910142 -0.03880564 -0.83746869
v -0.89913726 -0.04169560 -0.75281495
v -0.89513534 -0.00794784 0.66411970
v -0.84358021 0.01604242 -0.72890568
v -0.91638967 0.14129020 0.67670960
v -0.88632252 0.30119579 0.45503558
v -0.91869994 0.49494370 -0.23878315
v -0.89870522 0.65075594 0.00016945
v -0.93124913 0.78983978 -0.09836552
v -0.86255831 -0.80332516 0.77787510
v -0.85051979 -0.64574323 0.76962069
v -0.90012706 -0.52044495 -0.84801175
v -0.85826738 -0.45491912 -0.85216812
v -0.90577280 -0.35444185 -0.85275912
v -0.88312647 -0.34328663 -0.73868614
v -0.85160140 -0.25676828 -0.72625864
v -0.90479132 -0.27716074 0.77404900
v -0.88501990 -0.25518842 -0.73799129
v -0.84739598 -0.24951465 0.78238850
v -0.85078572 -0.23961002 -0.85590211
v -0.88290356 -0.23799305 -0.84950340
v -0.85334731 -0.11460370 0.68063826
v -0.89753603 -0.11024480 -0.84565956
v -0.85929174 -0.03717098 -0.72500384
v -0.90701728 -0.03920327 0.64750059
v -0.88736171 0.03527651 -0.74773478
v -0.90832904 0.32549622 -0.31294385
v -0.91149138 0.31505975 0.44992859
v -0.87980541 0.37156315 0.05024381
v -0.90744311 0.37157668 0.05662500
v -0.91248501 0.42947789 -0.14733166
v -0.90784272 0.37976518 -0.23197937
v -0.80245716 0.44384253 0.06748045
v -0.85617530 0.51428935 -0.22431489
v -0.85271362 -0.80264304 -0.84076040
v -0.85141459 -0.78373884 0.76994193
v -0.84982965 -0.78479338 0.80627408
v -0.85223024 -0.74798942 0.78396743
v -0.86348245 -0.67228940 -0.85689563
v -0.83791660 -0.56933306 -0.74274144
v -0.91529140 -0.52777311 0.78792717
v -0.84572445 -0.51632413 0.67272667
v -0.90695447 -0.51166908 0.77470923
v -0.90179248 -0.44408963 -0.84915245
v -0.83944456 -0.43587463 0.69827141
v -0.84712337 -0.36270297 0.66988228
v -0.90432641 -0.34098150 -0.74286889
v -0.92299830 -0.33666150 0.78819002
v -0.91609024 -0.25281070 0.75681516
v -0.84490470 -0.12292390 -0.76006438
v -0.90783308 -0.12616597 -0.73679578
v -0.84391155 -0.12144876 -0.83456810
v -0.81689234 -0.12539467 0.78720251
v -0.85330945 -0.07383895 0.66373331
v -0.85723761 -0.07041292 -0.86634716
v -0.91457014 -0.02827247 0.87422998
v -0.85586696 0.03101204 -0.73991948
v -0.90099061 0.24753437 -0.60956464
v -0.78940346 0.37216239 -0.13931972
v -0.93083796 0.64888059 -0.08975576
v -0.92449086 0.65497356 0.00760603
v -0.90897655 -0.51715577 0.67134743
v -0.84818387 -0.43380415 -0.73732133
v -0.83598617 -0.36028160 0.77217577
v -0.85407112 -0.33893290 -0.74376103
v -0.90689977 -0.33856539 0.77508473
v -0.84671935 -0.34764059 0.66901193
v -0.84253180 -0.32750449 -0.85550689
v -0.85361125 -0.24879895 0.66429190
v -0.85756745 -0.25613257 -0.86809255
v -0.87679457 -0.25151757 -0.84733330
v -0.85555164 -0.25322438 0.67732583
v -0.85464211 -0.25172537 0.74965306
v -0.85415104 -0.25501222 0.76304664
v -0.90881242 -0.12444422 -0.72209548
v -0.85272561 -0.12147770 0.66420568
v -0.85370624 -0.12650558 0.67133984
v -0.85449125 -0.11475679 0.76534206
v -0.84559715 0.14072495 -0.76774641
v -0.84647665 0.10882476 0.54337839
v -0.93098463 0.19288774 0.61605232
v -0.85461725 0.50365701 -0.22811199
v -0.84906789 -0.78329192 -0.85796489
v -0.83587317 -0.57906945 0.74046565
v -0.85284462 -0.44541235 -0.74041677
v -0.85171851 -0.44110351 0.76541551
v -0.85325473 -0.43144319 -0.83593077
v -0.89931090 -0.36119330 0.76739157
v -0.87244791 -0.33749851 -0.80241691
v -0.84752550 -0.25471288 -0.73717983
v -0.85426178 -0.24240569 0.76163981
v -0.81908398 -0.21080904 -0.85030900
v -0.84773740 -0.10438227 -0.72982721
v -0.85537613 -0.07579446 -0.84290519
v -0.84988442 -0.07121628 -0.72999387
v -0.85349445 -0.07500723 -0.72105263
v -0.84874634 -0.06929808 0.67285104
v -0.89326971 -0.05995749 -0.90889219
v -0.85220251 -0.04169508 -0.86756630
v -0.90234637 -0.03876914 0.75376872
v -0.86155163 -0.02011267 0.88109366
v -0.89218375 -0.00453920 0.85754013
v -0.90860398 0.01844969 0.61810602
v -0.91431113 0.04229428 -0.91570777
v -0.90515982 0.04243592 -0.72413382
v -0.84539012 0.15391614 -0.75983152
v -0.89561226 0.20667221 0.59437817
v -0.90685849 0.25463251 -0.41486001
v -0.89481378 0.29635215 -0.53967775
v -0.83214892 0.37246954 0.17087549
v -0.89674204 0.41253896 -0.36848278
v -0.86387573 0.53054924 -0.20803996
v -0.85868411 0.56026177 0.06391750
v -0.86110165 0.55192051 0.07418976
v -0.84763301 0.57479817 0.07325633
v -0.84608695 0.65683913 -0.09693846
v -0.84484505 0.79141958 0.01022769
v -0.82971188 -0.78978849 -0.88022354
v -0.84702113 -0.78164446 -0.84433683
v -0.80586776 -0.69520083 0.80886693
v -0.87628286 -0.58787396 -0.85131529
v -0.85453779 -0.58586991 0.77434112
v -0.84003580 -0.57417361 -0.86487352
v -0.83608258 -0.56716726 0.67885039
v -0.84962464 -0.54030124 0.77502286
v -0.80919231 -0.50367110 0.78808392
v -0.84728123 -0.52776944 0.76738397
v -0.84561763 -0.51928824 -0.84748534
v -0.84119445 -0.51939849 -0.73668273
v -0.83840510 -0.46931184 -0.86539430
v -0.84724497 -0.43749826 -0.84384372
v -0.84724173 -0.42998604 0.75957962
v -0.82827426 -0.42132922 0.77462642
v -0.80243445 -0.36652016 -0.86661280
v -0.83821085 -0.41410221 -0.84963588
v -0.84273070 -0.35186933 -0.85264961
v -0.82625556 -0.36467301 0.74701209
v -0.84824500 -0.35161379 0.68741781
v -0.83050381 -0.34438105 -0.84054179
v -0.85003128 -0.33632301 -0.72571887
v -0.82957164 -0.34829460 0.75840080
v -0.84599348 -0.33235426 -0.73671954
v -0.86464631 -0.32773238 -0.86837953
v -0.84392691 -0.27318392 -0.84889931
v -0.84537524 -0.24889339 0.67184680
v -0.84803396 -0.24759082 0.75788789
v -0.82646689 -0.15581235 0.77079597
v -0.84836230 -0.12112935 -0.72274741
v -0.84878922 -0.12193409 0.68068468
v -0.84958281 -0.12467062 0.74773223
v -0.84117487 -0.12332666 0.77166383
v -0.84656402 -0.10932058 0.67376396
v -0.84876168 -0.10994564 -0.84373999
v -0.84016848 -0.06187297 -0.84851154
v -0.87923630 -0.05968565 -0.89407952
v -0.91803927 -0.05978569 0.80506993
v -0.81219892 -0.02965619 -0.94768963
v -0.83847140 -0.02635457 -0.97821124
v -0.75810895 -0.01642616 0.70443049
v -0.90212580 0.01304733 -0.95991388
v -0.85069026 0.04972303 0.79481692
v -0.84342047 0.06097942 0.79240001
v -0.90246152 0.34555099 0.38895837
v -0.84558584 0.34663988 -0.47372607
v -0.90871313 0.46946923 -0.28406942
v -0.84118562 0.50982910 -0.21525664
v -0.84552510 0.52551571 0.12370437
v -0.85810181 0.55151554 -0.18085355
v -0.84799394 0.57001773 -0.17000116
v -0.84562780 0.64992573 -0.09033566
v -0.84560289 0.78823134 -0.09724745
v -0.84587525 0.78165755 0.00811268
v -0.86874977 0.77152354 0.07695948
v -0.81769650 -0.78775407 -0.85933717
v -0.82339919 -0.71555284 -0.88360804
v -0.85800626 -0.67220943 0.78288442
v -0.85377887 -0.66948119 0.80711855
v -0.85916615 -0.64191379 -0.84758622
v -0.83485289 -0.56892746 -0.83339264
v -0.83564700 -0.54435939 -0.73372732
v -0.81235871 -0.59763775 0.78766978
v -0.80746184 -0.53472243 -0.84799813
v -0.83395569 -0.52442335 -0.73911949
v -0.83861201 -0.53018661 -0.75034289
v -0.84211533 -0.52642788 0.68071453
v -0.84151802 -0.51820390 0.77004072
v -0.82692281 -0.45127499 -0.85012829
v -0.81333594 -0.50397576 0.77586260
v -0.83200615 -0.43569209 0.76222427
v -0.83894511 -0.43462008 -0.72646526
v -0.81718904 -0.36488485 0.69921942
v -0.83845380 -0.34345481 -0.73775571
v -0.83663040 -0.34938249 -0.72655248
v -0.83879201 -0.33368046 -0.84924836
v -0.84813138 -0.27467202 0.77487938
v -0.83667205 -0.27243777 -0.84733391
v -0.82222504 -0.25367731 -0.86980613
v -0.82856723 -0.22603091 0.77485053
v -0.83677333 -0.14208823 0.77514829
v -0.82991941 -0.12107813 -0.86371261
v -0.84512106 -0.11312807 -0.74131267
v -0.75514263 -0.00413400 0.85462155
v -0.88376436 0.00379344 0.86234664
v -0.88122432 0.01245937 0.86090769
v -0.77589878 0.01939999 0.85165787
v -0.77710329 0.07669334 0.76374388
v -0.74162644 0.09018548 -0.85219870
v -0.74224236 0.24208479 -0.43073600
v -0.81609921 0.33552771 -0.48261439
v -0.79857441 0.37071176 0.03944318
v -0.82783633 0.44793726 0.23889819
v -0.84314457 0.60316100 -0.14365437
v -0.84378760 0.65716006 0.00765091
v -0.79928928 0.70807126 -0.14433907
v -0.83910307 0.65739098 -0.08991694
v -0.83898517 0.65786132 -0.00411630
v -0.79191196 0.76493224 -0.15820137
v -0.83847629 0.78840944 -0.09002754
v -0.83852824 0.78815428 0.00133835
v -0.83464279 -0.61032893 -0.84665710
v -0.83228985 -0.57965620 -0.83111135
v -0.83823437 -0.57862050 -0.72732480
v -0.83930213 -0.57759681 0.66932175
v -0.83528571 -0.56883005 0.76547753
v -0.82153730 -0.56278385 0.77441677
v -0.83663687 -0.52352742 -0.72562976
v -0.83897873 -0.53004535 -0.82741118
v -0.83237218 -0.52258381 -0.81829568
v -0.83583902 -0.52375688 0.67444507
v -0.83093821 -0.44665160 0.77581138
v -0.80980980 -0.44322800 0.77439898
v -0.83453960 -0.43110516 -0.73535760
v -0.84117398 -0.34351753 -0.78447325
v -0.81848649 -0.34450771 -0.84539055
v -0.82692925 -0.33561129 -0.87495752
v -0.84709243 -0.24032879 -0.84070518
v -0.83254301 -0.11169285 -0.77779211
v -0.82443060 -0.11329341 0.76361209
v -0.88327262 0.42819658 -0.34059655
v -0.88660305 0.51009914 0.14769335
v -0.79379609 0.70903121 0.06241393
v -0.79908921 0.79182345 0.06847937
v -0.79830998 0.79678912 -0.13627507
v -0.83150587 0.79576901 -0.10530508
v -0.82805383 0.79614156 0.01799267
v -0.82773576 -0.80582295 -0.87055993
v -0.78519096 -0.80508967 -0.86640938
v -0.77552250 -0.80089069 -0.84274924
v -0.81251953 -0.79902496 0.76860584
v -0.83353115 -0.77879555 0.78346301
v -0.83788411 -0.65395773 -0.84385353
v -0.79537989 -0.66731601 0.78093445
v -0.82676951 -0.62347698 -0.83911353
v -0.82120194 -0.57888907 -0.84470968
v -0.81847159 -0.56507770 -0.84823372
v -0.80784193 -0.54381582 0.77327599
v -0.81719227 -0.51912244 -0.84079032
v -0.81744478 -0.43074216 -0.84099262
v -0.82009678 -0.25993135 -0.85213305
v -0.79803784 -0.23627352 -0.86242059
v -0.85449851 -0.12591055 -0.85018538
v -0.82170279 -0.11350944 -0.83998385
v -0.81008804 -0.10358865 -0.84542524
v -0.82260138 -0.04383277 -0.84426445
v -0.73657353 -0.05190793 -0.84470732
v -0.91050853 -0.01768638 -0.96270890
v -0.88783454 -0.01173158 0.88273289
v -0.82029710 0.00186407 -0.96000931
v -0.82212027 0.28322920 0.30060474
v -0.83325494 0.40351938 -0.37036276
v -0.82306584 0.40401503 0.30030317
v -0.87996485 0.41572674 -0.36549698
v -0.79956024 0.42230932 -0.14723351
v -0.89264992 0.41950018 0.28800756
v -0.80137768 0.56727443 -0.17231901
v -0.85713838 0.59154310 0.06129016
v -0.85876436 -0.65207030 -0.87599203
v -0.82322719 -0.57880675 0.76204660
v -0.81001436 -0.57105931 0.75186100
v -0.81485574 -0.46170320 -0.83047691
v -0.81452642 -0.46070490 0.76959065
v -0.84910737 -0.42884330 0.78779127
v -0.81019209 -0.42051959 0.78331688
v -0.81244245 -0.36267140 0.76950995
v -0.81533028 -0.35345937 0.69247103
v -0.80675264 -0.35738775 0.76072489
v -0.81074980 -0.33607952 0.77506264
v -0.82435346 -0.26860484 -0.87471946
v -0.81765556 -0.24512282 -0.84514758
v -0.83232062 -0.24754120 0.76657543
v -0.82219513 -0.15819479 -0.86506289
v -0.81635075 -0.15083927 -0.84939859
v -0.81125843 -0.13395762 0.76819957
v -0.83923153 -0.04119217 -0.75107385
v -0.78379881 -0.01952147 0.86082585
v -0.78201547 0.02740831 -0.74462305
v -0.88160608 0.08483817 -0.85495656
v -0.77482435 0.15609789 0.66167438
v -0.82712731 0.37445989 -0.42206245
v -0.82933694 0.36531147 0.35548397
v -0.89792881 0.37501675 0.34959037
v -0.79366213 0.38052695 -0.14708421
v -0.79412652 0.43965567 0.06282002
v -0.81525492 0.46045688 0.23432924
v -0.91014657 0.79686442 0.05775560
v -0.81275315 -0.78705984 0.77430950
v -0.78343838 -0.79721033 0.80525692
v -0.80571956 -0.78003760 0.78342401
v -0.80505518 -0.73769677 -0.85532836
v -0.80781509 -0.72555080 0.78007853
v -0.78810034 -0.64776441 0.76887186
v -0.80521285 -0.64221562 -0.84176106
v -0.81376563 -0.61464398 0.77309793
v -0.80249815 -0.51949669 -0.83018808
v -0.81415753 -0.52258089 0.76793157
v -0.82244981 -0.51388034 -0.86227777
v -0.81014195 -0.49836261 -0.83524173
v -0.79746057 -0.49177102 -0.84421740
v -0.79002303 -0.42945612 -0.85780569
v -0.81029281 -0.37095862 -0.85406651
v -0.80979536 -0.35788250 0.67569666
v -0.80129471 -0.35076583 0.76370969
v -0.80050065 -0.26332619 0.78838212
v -0.80965555 -0.22917317 -0.83529600
v -0.77386499 -0.22521711 0.78671827
v -0.80713919 -0.16197209 0.77434343
v -0.80574573 -0.16616596 -0.83178829
v -0.83103444 -0.08043700 -0.85673609
v -0.85013247 -0.03801548 -0.79360938
v -0.74905321 0.03582657 0.64834804
v -0.83673197 0.03684896 -0.72708848
v -0.72056756 0.05709941 0.61285983
v -0.80699544 0.03758214 0.81299400
v -0.78829170 0.11604675 0.71396004
v -0.80780467 0.19812014 0.62113484
v -0.79461584 0.41990838 0.29228157
v -0.79762111 0.52539810 0.12801034
v -0.79934128 0.60429656 -0.14369625
v -0.79969960 0.73521716 0.07737684
v -0.80560697 -0.79905004 0.77934928
v -0.79422099 -0.77835899 -0.84894451
v -0.80957607 -0.61399898 -0.84953309
v -0.83085738 -0.62216645 -0.86730417
v -0.79299846 -0.57812784 -0.84325855
v -0.80418255 -0.58875095 0.77108323
v -0.79649757 -0.51664145 0.76351424
v -0.80668627 -0.26084743 0.77381190
v -0.79323625 -0.26934029 0.76217235
v -0.79141254 -0.23645230 -0.83866579
v -0.79947411 -0.21276540 0.76367280
v -0.79783566 -0.22126307 -0.84655214
v -0.78518531 -0.22672302 -0.85887467
v -0.69926745 -0.05493803 0.78869297
v -0.73597915 -0.05335700 -0.91912920
v -0.83552808 -0.03996238 -0.73493625
v -0.87159667 -0.03027326 -0.96854657
v -0.80812710 0.09936041 -0.84858826
v -0.79815705 0.37061013 -0.12515464
v -0.77847856 0.37832118 0.34715739
v -0.79175061 0.38091887 0.06253546
v -0.79632770 0.42618236 -0.16440199
v -0.79882280 0.43173195 -0.15317845
v -0.80492505 0.47176994 -0.28653267
v -0.82006081 0.48055731 0.19367535
v -0.84590900 0.49722053 -0.23645527
v -0.77757252 0.52224547 -0.21357361
v -0.79678580 0.54639146 -0.17457076
v -0.79763860 0.60308803 0.06160714
v -0.79266020 0.72223516 -0.15700753
v -0.78642914 0.71951798 0.07415851
v -0.78808707 -0.71451829 -0.88299467
v -0.81007561 -0.62488032 0.79080899
v -0.78722193 -0.55239861 -0.86050113
v -0.80274989 -0.53689130 0.75035580
v -0.79144075 -0.43601294 0.78684744
v -0.80193219 -0.39852345 0.78823796
v -0.80443028 -0.40210591 0.76833560
v -0.77520225 -0.35873476 -0.86128196
v -0.80237536 -0.33252069 -0.85386459
v -0.79592654 -0.32203464 0.78846775
v -0.80615608 -0.24468982 0.77467181
v -0.77042434 -0.13877942 -0.85709696
v -0.82268708 -0.06719236 0.78630402
v -0.69190287 -0.05981039 0.80550305
v -0.89417548 -0.03777891 -0.76757016
v -0.81214327 0.05046581 0.79613763
v -0.77221778 0.08155338 -0.86508421
v -0.76981191 0.17540134 -0.52755010
v -0.72594253 0.27102655 -0.39150981
v -0.79404742 0.29696862 -0.54274925
v -0.74320958 0.30755684 -0.53175281
v -0.78275823 0.37214027 -0.24446080
v -0.78529848 0.49982447 0.15397978
v -0.78775257 0.56449081 -0.15275919
v -0.78938813 0.60848096 -0.13426343
v -0.79178678 0.70745274 -0.13974218
v -0.78833866 0.79175845 -0.14165826
v -0.79474009 -0.78730239 0.76759445
v -0.77848287 -0.79076186 -0.87875432
v -0.78275541 -0.54707688 0.77572212
v -0.78887094 -0.55369147 -0.82983627
v -0.78374327 -0.47281312 0.77555498
v -0.80685423 -0.42718115 -0.84490554
v -0.79670590 -0.34499319 0.78633201
v -0.78809950 -0.34091385 -0.84267358
v -0.78941938 -0.31428464 0.76206211
v -0.78209246 -0.25935313 -0.84125811
v -0.77516758 -0.24508430 -0.86283228
v -0.79670935 -0.25160943 -0.84812760
v -0.77432243 -0.25459570 0.77488085
v -0.78084600 -0.15677793 0.77088074
v -0.79607155 -0.15925826 -0.84662842
v -0.71571230 -0.03079229 -0.76618808
v -0.80373343 -0.03878365 0.63287051
v -0.79501566 0.01243703 0.86118738
v -0.79815055 0.09783087 0.72580755
v -0.80962640 0.31091626 -0.33283747
v -0.78970511 0.37282657 0.05699715
v -0.78347597 0.38273881 -0.13385623
v -0.78341923 0.38274327 0.05055788
v -0.78526550 0.43476901 -0.14119335
v -0.78432175 0.45998512 -0.10975571
v -0.78477161 0.48221574 0.00622221
v -0.78373932 0.45233971 0.04912690
v -0.79223003 0.51446761 0.14418165
v -0.79023571 0.59342594 0.06387911
v -0.78874229 0.61707326 -0.11108100
v -0.78853213 0.61672972 0.04917862
v -0.78761190 0.67727856 -0.09259130
v -0.78820401 0.70648900 -0.12962812
v -0.78800196 0.70695853 0.04987921
v -0.77947912 0.72098654 0.05681783
v -0.79032284 0.77837014 0.07641095
v -0.78064155 0.78207484 -0.14488278
v -0.78403356 0.78839478 0.02022559
v -0.79684197 0.79715776 0.05824073
v -0.77866500 0.77781743 0.05661773
v -0.76082062 -0.80421856 0.77756694
v -0.79081733 -0.78861976 -0.83785412
v -0.79225268 -0.74084620 0.77331893
v -0.76639044 -0.65277834 -0.84243181
v -0.76367575 -0.65030975 0.80033834
v -0.77448938 -0.62983519 -0.86095588
v -0.77234983 -0.59763336 -0.84489732
v -0.77194797 -0.34193611 0.78732427
v -0.77710410 -0.35349848 -0.84655280
v -0.78280065 -0.33766054 0.77593832
v -0.77260533 -0.28152991 -0.84605160
v -0.70968556 -0.03930670 0.64783480
v -0.73992559 -0.02187612 -0.98127136
v -0.72403642 -0.01188396 -0.98544235
v -0.76153476 0.01201235 -0.72683795
v -0.81310093 0.31819882 0.44705056
v -0.73150077 0.41293969 -0.36929302
v -0.78081425 0.44787940 0.23697184
v -0.80083528 0.50714571 -0.22094513
v -0.78421033 0.51323312 -0.03507892
v -0.77443288 0.50962327 -0.04779923
v -0.77904542 0.72288255 -0.14201737
v -0.77775744 0.76953224 -0.13070055
v -0.76813185 -0.70629925 0.78073373
v -0.79249901 -0.67050526 -0.88077522
v -0.78604915 -0.38763474 0.77366191
v -0.77449908 -0.35443123 0.77591895
v -0.74088390 -0.28816423 -0.84477548
v -0.78363934 -0.21187153 0.77426418
v -0.68058387 -0.04045032 -0.75056552
v -0.75376575 -0.03853566 0.83945168
v -0.82464879 -0.00566936 -0.97868155
v -0.72222565 0.04240027 -0.91419830
v -0.81529668 0.06151298 0.79443092
v -0.79830287 0.17955022 0.62418738
v -0.78496261 0.34312859 0.39318425
v -0.83331458 0.38712010 -0.40548518
v -0.74987257 0.54628744 0.08913712
v -0.77740207 0.54297817 0.09328536
v -0.79412973 0.56206986 0.08575498
v -0.78198546 0.61055479 0.03560756
v -0.75184931 -0.79587845 0.77037173
v -0.76127843 -0.69173749 -0.85436450
v -0.76376990 -0.66691965 0.77780846
v -0.75816217 -0.63683104 -0.86456724
v -0.75391715 -0.63880722 0.78751740
v -0.77625474 -0.52075640 0.77557462
v -0.78783304 -0.42526860 0.77555457
v -0.76234352 -0.25736562 -0.83745407
v -0.74417703 -0.25628369 0.78728477
v -0.73550015 -0.24898754 -0.85647500
v -0.75034374 -0.24282845 -0.84542200
v -0.75450288 -0.16436867 0.78665570
v -0.73496440 -0.02768269 0.66135453
v -0.75581241 -0.01607349 -0.96291376
v -0.79487661 -0.01260332 0.67804672
v -0.86064780 -0.00629148 0.87625420
v -0.73834839 0.19285990 0.61977317
v -0.84161345 0.20168557 -0.68569076
v -0.75800991 0.41840877 0.29030678
v -0.75768888 0.41917269 -0.36491938
v -0.66053214 0.41452229 -0.18413483
v -0.80897312 0.45927864 -0.29319077
v -0.75875090 0.46048224 0.23193675
v -0.75264698 0.57549176 0.07878289
v -0.78471089 0.60396555 -0.13290289
v -0.76471451 -0.67257245 -0.85100214
v -0.75179520 -0.64058539 -0.83775889
v -0.69623016 -0.03912729 -0.86693843
v -0.72091123 0.14096339 0.67513847
v -0.79979607 0.18859524 -0.69392843
v -0.69910294 0.17775951 0.62539038
v -0.78552702 0.26478065 -0.60043481
v -0.81799137 0.26467971 0.51954738
v -0.75610623 0.36566212 0.35483636
v -0.77350328 0.43764027 -0.14759795
v -0.76005073 -0.77931108 0.77979337
v -0.75514011 -0.72191419 0.78264585
v -0.69506415 -0.68749391 0.78061244
v -0.74935259 -0.65595165 0.76644336
v -0.73325839 -0.64076388 -0.85937013
v -0.78112881 -0.51956399 -0.84229056
v -0.78094878 -0.53852886 -0.85568982
v -0.72528777 -0.32615865 -0.85639554
v -0.65286248 -0.24504149 0.77545157
v -0.82481150 -0.03853657 0.71976533
v -0.90944971 -0.03111641 0.71049237
v -0.69221364 0.02798467 0.62639664
v -0.71240343 0.24724367 -0.60967498
v -0.77425992 0.47607177 -0.09566599
v -0.73542638 0.55564378 0.07351573
v -0.74392055 0.60339356 0.05077659
v -0.78209708 0.61119861 -0.09577695
v -0.68595560 -0.78363459 -0.83855795
v -0.76563696 -0.78045047 -0.85475116
v -0.75630455 -0.67051957 0.80764260
v -0.73929131 -0.65338686 -0.83606498
v -0.80988939 -0.09214513 0.77521085
v -0.88673361 -0.03362901 -0.93959420
v -0.74316016 0.02686606 0.65168539
v -0.66435674 0.03083726 -0.72878321
v -0.74391385 0.02872625 0.64061646
v -0.67160958 0.18738767 -0.69644158
v -0.83626389 0.22214685 -0.65182815
v -0.71830075 0.33396231 -0.48297078
v -0.74382538 0.34522344 -0.47332659
v -0.67172105 0.42080616 0.29134877
v -0.74991027 0.43876514 -0.32737488
v -0.73215009 0.47167042 -0.28202129
v -0.71200156 0.50758426 0.14904482
v -0.77459037 0.51834778 -0.03472859
v -0.73346821 0.51545892 0.14654801
v -0.74549264 0.61141081 0.03503170
v -0.73383029 -0.64047321 -0.84395158
v -0.85707725 -0.05880548 0.81744167
v -0.75211166 -0.01029254 -0.95888311
v -0.74885925 0.00399473 0.86112824
v -0.73464905 0.01669319 0.85430036
v -0.73320300 0.04993041 0.79265353
v -0.74005485 0.14374415 -0.76672358
v -0.66646198 0.44726790 0.23891821
v -0.69060292 0.61119027 -0.09318148
v -0.69152365 0.61155845 0.02346780
v -0.78994925 -0.80563116 0.79768622
v -0.67257046 -0.79301688 -0.87926682
v -0.72119698 -0.66974910 -0.85190824
v -0.74988423 -0.63922385 0.77476088
v -0.75633542 -0.48651943 -0.84464163
v -0.77364213 -0.14865991 0.77558389
v -0.68292031 -0.03346467 -0.79061889
v -0.62680070 -0.03760686 -0.72706874
v -0.72632645 0.01127819 0.86057221
v -0.73996124 0.03867748 0.80792597
v -0.73995553 0.05403806 -0.90964072
v -0.79090206 0.06028337 -0.69180466
v -0.72402768 0.15448188 -0.75988535
v -0.74784558 0.37395722 -0.41954109
v -0.69952521 0.45915381 -0.28915501
v -0.77859621 0.44956738 0.06006222
v -0.60226224 0.60540275 0.04493102
v -0.73341311 0.60341156 -0.12788197
v -0.71531449 -0.79970771 0.76832107
v -0.69687708 -0.69445114 -0.85471532
v -0.69660869 -0.03903848 0.75742137
v -0.74751231 -0.03578306 0.85639461
v -0.75884100 0.01965246 0.61862538
v -0.85664356 0.10845855 -0.62420489
v -0.71001614 0.22585164 -0.64273654
v -0.67382878 0.24000994 0.36326015
v -0.67256257 0.52414644 -0.21321397
v -0.64060414 -0.80044793 0.80122508
v -0.66744799 -0.65450823 -0.83488021
v -0.76310439 -0.59202302 -0.85613959
v -0.69342669 -0.05361713 0.82390969
v -0.73905499 -0.01116597 0.66285499
v -0.75044057 0.25543298 -0.60807882
v -0.72324489 0.26324434 0.52003530
v -0.68727637 0.38619522 -0.40511228
v -0.67975884 -0.77854713 -0.85648465
v -0.69147585 -0.53198475 0.78704399
v -0.74884801 -0.59782727 -0.84398901
v -0.65095322 -0.03902179 -0.79994824
v -0.79963411 -0.02772220 0.61703862
v -0.64950560 -0.01345478 0.67866890
v -0.72637945 -0.01186071 0.88273068
v -0.74623723 0.01825002 -0.95373441
v -0.81051967 0.12707646 -0.79604891
v -0.72982077 0.28229808 0.48786204
v -0.70932108 0.49915361 0.15683883
v -0.75578807 0.57735400 -0.14915229
v -0.70266948 -0.76117712 -0.85469463
v -0.65524331 -0.04700189 -0.92595369
v -0.70665086 -0.03675842 -0.85627579
v -0.75317404 -0.03529076 -0.72490133
v -0.74708867 -0.03209046 0.86835801
v -0.72273551 -0.01949134 0.86013892
v -0.61260221 0.06114049 0.79101001
v -0.79233656 0.21739106 0.58411635
v -0.73279934 0.31757756 0.44635629
v -0.73186686 0.35815899 0.19275578
v -0.63015089 0.45734436 -0.12148547
v -0.67053002 -0.80327507 -0.84441868
v -0.65857711 -0.80033381 0.77246308
v -0.67143220 -0.71670539 -0.88172759
v -0.66787661 -0.67604040 -0.85158311
v -0.68016078 -0.63832741 -0.84475942
v -0.63043333 -0.04047286 0.83749986
v -0.66441623 -0.03899275 -0.83716887
v -0.53965311 -0.03168106 -0.93963949
v -0.70443693 -0.03510304 -0.77593221
v -0.73586012 0.02270966 -0.73633698
v -0.70857075 0.10059566 -0.84992819
v -0.76459754 0.17359513 0.45441079
v -0.75392742 0.30121848 0.45479874
v -0.66871424 0.50613022 -0.21633586
v -0.61537272 0.50688635 -0.21555419
v -0.70390777 -0.77929749 0.80730979
v -0.66872626 -0.69889689 0.80601643
v -0.68960498 -0.76706159 0.77898222
v -0.67313144 -0.66311840 -0.87910516
v -0.68051975 -0.66302469 0.76787561
v -0.69757159 -0.05616080 -0.88828198
v -0.64341073 -0.03819952 0.72008144
v -0.64371202 -0.00273107 0.85682179
v -0.67546034 0.02760789 -0.74713684
v -0.72190782 0.03718929 -0.72142712
v -0.72690522 0.06142266 0.79126771
v -0.67639064 0.28856692 -0.55604052
v -0.70627338 0.40432869 0.29769940
v -0.63155418 0.49948201 0.15400216
v -0.60409951 0.58624726 0.06143128
v -0.65370877 -0.80402961 0.79301563
v -0.66333113 -0.77252139 -0.84490436
v -0.67167242 -0.76515529 0.78396936
v -0.66824938 -0.73027036 -0.85337239
v -0.67656115 -0.68578463 0.77415724
v -0.66583148 -0.73098628 0.78175941
v -0.68989962 -0.05977265 -0.90386039
v -0.67595193 -0.03684312 0.62263482
v -0.70890414 -0.02901223 -0.86075369
v -0.84088795 -0.00142090 -0.72296031
v -0.69047791 -0.00631797 0.87619573
v -0.62409255 0.00173846 -0.72400412
v -0.73949812 0.01161681 -0.96052222
v -0.58147807 0.05972311 -0.90767341
v -0.67129410 0.20003296 -0.68679997
v -0.75718640 0.24941918 0.52406270
v -0.62607837 0.34654703 -0.47303771
v -0.64066804 0.37856338 -0.41289281
v -0.65795875 -0.78209437 0.77153248
v -0.64932863 -0.66121632 -0.84112397
v -0.64913405 -0.66827782 0.77358630
v -0.66372716 -0.63592283 -0.85689972
v -0.66017074 -0.62284554 -0.84342519
v -0.83159100 -0.03511687 0.77450086
v -0.65753114 0.05015852 0.79407092
v -0.63769762 0.12037316 -0.80873178
v -0.58894767 0.18955321 -0.50693832
v -0.58709770 0.43440503 0.08128940
v -0.62200022 0.45915526 0.23155563
v -0.67930693 -0.80443747 -0.86813215
v -0.63956275 -0.79132335 0.80589301
v -0.65027925 -0.78423612 -0.85546970
v -0.62659702 -0.76192388 0.78312774
v -0.62510402 -0.72868438 -0.85487341
v -0.65230483 -0.75989660 0.80894533
v -0.64252337 -0.67009723 0.80279519
v -0.61787152 -0.13769153 -0.84432102
v -0.54974401 -0.05445923 -0.88381911
v -0.65762950 -0.03490036 -0.75873254
v -0.62006240 -0.02493586 -0.86027486
v -0.59502851 -0.02163771 -0.97935524
v -0.66596429 -0.01021393 -0.96951385
v -0.59878127 0.02647509 0.62516232
v -0.65871034 0.07877712 -0.86900318
v -0.65188443 0.09903489 0.72373690
v -0.68869454 0.11668637 0.71620750
v -0.57889649 0.24739222 -0.60923661
v -0.66747804 0.44533360 -0.31758452
v -0.63745007 -0.79214851 0.76959204
v -0.62657199 0.03267183 0.65246644
v -0.68364771 0.02020794 0.84950999
v -0.62702918 0.13950155 0.67679666
v -0.63065259 0.15399988 0.66321287
v -0.66900387 0.26261224 -0.60325659
v -0.61999374 0.26519673 0.51898895
v -0.62081908 0.37649002 0.35111914
v -0.77293103 0.40861016 0.11760146
v -0.60370810 0.46778869 -0.28304764
v -0.66704414 0.55302796 -0.15981229
v -0.64601506 -0.68935725 0.78134253
v -0.63261034 -0.65995707 0.76467558
v -0.62575672 -0.03101274 0.71021478
v -0.64588928 -0.01664672 0.70201933
v -0.62000472 0.36505641 0.35555929
v -0.66101349 0.51506161 0.14570253
v -0.64514551 -0.80159086 -0.84754351
v -0.60799622 -0.77488781 -0.85027531
v -0.63842852 -0.67320952 -0.85036760
v -0.64718002 -0.65267336 0.78801164
v -0.65494076 -0.64357049 0.77507971
v -0.59536400 -0.46028939 -0.84387458
v -0.71521180 -0.46049527 -0.85620283
v -0.61684337 -0.03834810 -0.86588538
v -0.59778402 -0.03639991 0.84544406
v -0.60637702 -0.03008342 -0.96290268
v -0.61551149 -0.02847208 -0.94714301
v -0.59200469 -0.01832975 -0.76643538
v -0.58581725 0.01289926 -0.72666522
v -0.62880614 0.04643931 0.62705694
v -0.61079363 0.25334805 0.51820230
v -0.62063639 0.34094429 0.39787366
v -0.59442584 0.55025699 -0.16386654
v -0.62023616 -0.02716571 -0.77439049
v -0.62321572 0.02897988 0.63873638
v -0.60301821 0.19411256 0.62084614
v -0.65171585 0.21570067 -0.66340873
v -0.64567959 0.41825335 -0.36443479
v -0.61320990 0.41948547 0.29030985
v -0.58976369 0.52270684 -0.21321429
v -0.60328460 0.56019518 -0.15509448
v -0.60087123 0.60199207 -0.13191377
v -0.61639701 -0.79645877 -0.84065698
v -0.61416829 -0.80645765 0.79478627
v -0.64409495 -0.66171949 -0.87556565
v -0.55459432 -0.63736708 0.78724184
v -0.60673723 -0.17818669 -0.84360191
v -0.60418631 -0.15199580 -0.82297105
v -0.60037834 -0.06490169 -0.85644296
v -0.59762943 -0.05630932 -0.84377290
v -0.59220506 -0.05672724 0.78897850
v -0.60860148 -0.04324942 -0.84260823
v -0.59863081 -0.03856950 -0.85586893
v -0.59731253 -0.02735294 -0.72283792
v -0.63027969 0.04229785 -0.91423782
v -0.57676685 0.04515734 0.80011855
v -0.65638864 0.13292943 0.51148615
v -0.59200862 0.20056955 -0.68373933
v -0.59697454 0.36530637 0.35727895
v -0.60747218 0.36997322 -0.42984930
v -0.61597909 0.40389595 0.29803174
v -0.60212438 0.58092825 -0.14810375
v -0.59636450 0.61319901 0.02449870
v -0.58833551 -0.65936614 -0.83686703
v -0.64697293 -0.65235277 -0.85809388
v -0.62448053 -0.64982100 0.77269089
v -0.59574623 -0.50927264 -0.84368163
v -0.60605636 -0.07559928 -0.84312412
v -0.59104627 -0.02845513 -0.97152071
v -0.56551385 -0.01029394 0.66344073
v -0.58491864 0.01451060 0.85889036
v -0.60003513 0.03634919 0.63850334
v -0.58206408 0.17800583 0.62491952
v -0.59020635 0.36271155 -0.25829070
v -0.59361712 0.61233677 -0.09420804
v -0.59563620 -0.80554030 -0.86850215
v -0.59974348 -0.79381672 -0.84178801
v -0.56893600 -0.80111283 0.80228682
v -0.59448421 -0.79478000 -0.87994098
v -0.59053820 -0.77623312 -0.85691604
v -0.55040423 -0.62689857 0.77552265
v -0.58629728 -0.13955378 -0.82412671
v -0.59433811 -0.12182401 -0.87688404
v -0.60163068 -0.12580767 -0.86046267
v -0.59127609 -0.13159784 -0.83751807
v -0.46636693 -0.03938602 0.75671166
v -0.68457136 -0.02697520 0.87584547
v -0.54590823 -0.01148566 0.85723547
v -0.55745347 0.15269791 0.66529777
v -0.58477830 0.15591020 -0.76218277
v -0.64297212 0.17291345 -0.72370602
v -0.61607154 0.22640528 0.56402004
v -0.58936854 0.27034881 0.51393822
v -0.60037185 0.31019092 -0.53176504
v -0.61070511 0.31780503 0.44513127
v -0.59870765 0.37973056 0.34863933
v -0.60338529 0.55217298 0.07470016
v -0.59401104 0.55068786 0.07807528
v -0.59222895 0.57095593 -0.16392210
v -0.55752337 -0.74745855 -0.85475881
v -0.60352580 -0.63252566 -0.85583192
v -0.60396496 -0.15893583 -0.83826139
v -0.58060232 -0.12510066 -0.82294141
v -0.59204547 -0.07516750 -0.87481371
v -0.55067640 -0.05999386 0.80570705
v -0.43091904 -0.03601933 -0.75906573
v -0.40449184 -0.03392767 0.85501385
v -0.49933863 0.01970398 -0.73462569
v -0.49998494 0.01954182 0.61893940
v -0.52509380 0.04260588 -0.91437050
v -0.60040014 0.19036000 -0.69188205
v -0.60139529 0.38769727 -0.40503773
v -0.56490453 0.50641603 0.14967163
v -0.57953294 0.51646566 0.14714235
v -0.59245440 0.57279042 0.07716367
v -0.59309780 0.60850805 0.05184318
v -0.54717608 -0.80459354 0.78546815
v -0.56764790 -0.76676536 0.78115619
v -0.61923658 -0.66995910 0.80630957
v -0.57438920 -0.66136494 -0.87543638
v -0.58056640 -0.47867980 -0.84117213
v -0.60933951 -0.13880621 -0.85588441
v -0.58071778 -0.10927801 -0.83557379
v -0.57842308 -0.07842213 -0.84322080
v -0.57688417 -0.06682261 -0.83558328
v -0.55408673 -0.02854142 -0.77763474
v -0.49444822 -0.01154584 -0.98551362
v -0.60509407 0.01328283 -0.95984722
v -0.58728328 0.02670472 -0.73822971
v -0.53840987 0.03421895 0.63289947
v -0.57866269 0.06133853 0.79231294
v -0.59994486 0.48103293 -0.25714574
v -0.55643169 -0.62939381 -0.84372883
v -0.57365568 -0.52252299 -0.84426103
v -0.57941321 -0.50691621 -0.87458194
v -0.58051175 -0.46807096 -0.87534190
v -0.57818510 -0.46179488 -0.87612305
v -0.58995811 -0.45406128 -0.85650251
v -0.56874858 -0.14025916 -0.84343915
v -0.53330382 -0.02980322 -0.78962341
v -0.59363190 0.02084205 -0.73668422
v -0.57596506 0.05107135 0.79334480
v -0.68901276 0.09235449 -0.64587849
v -0.59746765 0.29960872 -0.53786425
v -0.63281739 0.31305317 0.25844751
v -0.58696656 0.33588287 -0.48426777
v -0.53683987 0.52064545 -0.03486741
v -0.48013650 0.59605796 0.06404924
v -0.58282675 0.60853180 -0.13968975
v -0.56004500 -0.79545242 -0.84352506
v -0.57165514 -0.46077704 -0.83287482
v -0.56262008 -0.46183657 -0.82332198
v -0.58591571 -0.45118964 -0.84396134
v -0.55881517 -0.12124525 -0.83162652
v -0.56558246 -0.11173114 -0.84622611
v -0.57492841 -0.01941373 0.88084681
v -0.54278269 -0.01179553 0.88328984
v -0.62323297 -0.00211471 -0.95779317
v -0.52032554 0.08962285 -0.85153237
v -0.61002941 0.11466661 0.71710983
v -0.52366476 0.12128318 -0.60495578
v -0.42146164 0.37147563 0.17483414
v -0.56375294 0.41272399 -0.37020736
v -0.56370815 0.42046967 -0.36440329
v -0.52042371 -0.78931854 -0.88005046
v -0.54665172 -0.75751568 0.80804038
v -0.57123705 -0.66126114 0.76883984
v -0.55737903 -0.65334223 0.76334233
v -0.52568842 -0.13743424 -0.85582823
v -0.57039240 -0.12729420 -0.84041799
v -0.50742769 -0.10476206 -0.84832430
v -0.44787653 -0.03777349 -0.79781732
v -0.53606261 -0.03765780 0.71771593
v -0.48707255 -0.02960787 -0.86065326
v -0.48756348 0.03776931 -0.71868497
v -0.60261031 0.10052732 -0.84824477
v -0.46183760 0.09793438 0.72650082
v -0.53577281 0.17310878 -0.72115508
v -0.61931522 0.40443064 -0.37126217
v -0.54180694 0.45798099 -0.28837014
v -0.55510908 -0.72992712 -0.88286302
v -0.54200992 -0.66345894 0.77338627
v -0.56270595 -0.46686520 -0.83804379
v -0.50238661 0.06772928 -0.67673779
v -0.58077747 0.14044890 -0.77165647
v -0.50230183 0.26786056 0.51471310
v -0.49797789 0.26368950 -0.40251970
v -0.53615085 0.44472873 0.24431495
v -0.53697773 -0.80183469 -0.87352804
v -0.55616670 -0.79306842 0.77006850
v -0.55028855 -0.73952309 0.78130211
v -0.54491228 -0.65921609 -0.83726667
v -0.54841455 -0.66008039 0.80181189
v -0.54943552 -0.63922006 -0.85892556
v -0.53977246 -0.63404194 -0.85550197
v -0.56603543 -0.06957778 -0.87733860
v -0.51477258 -0.03529148 -0.85622752
v -0.56718325 -0.01175636 -0.95834849
v -0.56452758 0.02013342 -0.74320754
v -0.47679662 0.04385485 0.62699352
v -0.50003995 0.06161108 0.60588255
v -0.46981036 0.14115510 0.67657687
v -0.52958254 0.15343382 -0.75880007
v -0.60999667 0.30148675 0.45343076
v -0.44689766 0.42066791 0.29168923
v -0.53361031 0.46889748 -0.28381300
v -0.51420617 0.52477545 -0.21438814
v -0.53029828 -0.76499956 -0.85793267
v -0.50601007 -0.74024997 0.78329340
v -0.52074968 -0.67854239 -0.85467510
v -0.58139227 -0.50763770 -0.83452178
v -0.56090530 -0.49081248 -0.85628398
v -0.49138212 -0.47956492 -0.85695634
v -0.53556066 -0.46971294 -0.81093929
v -0.63089316 -0.34704820 -0.84426267
v -0.62144665 -0.06716066 0.78672007
v -0.56547014 -0.05920052 -0.85775797
v -0.46029826 -0.03942454 -0.80751010
v -0.60725606 -0.03043923 0.77608391
v -0.54773089 0.04529243 0.79920497
v -0.50474098 0.05836206 -0.90503015
v -0.47159898 0.10600810 0.71972969
v -0.51971909 0.14225051 -0.76713522
v -0.47354475 0.31833355 0.44677150
v -0.47878141 0.56758819 0.07939904
v -0.57057456 -0.80459191 -0.85450582
v -0.54251207 -0.77330207 -0.84167150
v -0.53927619 -0.65708984 -0.87575635
v -0.48271886 -0.05287475 0.82494990
v -0.40521570 -0.03864407 0.83752464
v -0.51555681 0.00311365 0.86014043
v -0.55983962 0.26273799 -0.60036614
v -0.53314544 -0.77942491 0.78416920
v -0.54021884 -0.68918220 0.78166928
v -0.50394892 -0.66401192 -0.84006754
v -0.58287009 -0.51570392 -0.86080517
v -0.57209325 -0.35767172 0.78717668
v -0.42324507 -0.11375095 -0.84457037
v -0.59024004 -0.07199411 0.77534823
v -0.39150028 -0.03787416 -0.86556165
v -0.57372740 -0.02620655 -0.76141909
v -0.56558851 -0.01923564 0.70345846
v -0.43419735 0.01306880 -0.72494014
v -0.52214058 0.10008856 -0.84716964
v -0.46917779 0.24740220 -0.61072432
v -0.49505731 0.24873300 0.52663196
v -0.46946970 0.26314669 0.52069153
v -0.57287124 0.30429011 -0.34331597
v -0.48170484 0.41681400 -0.36835705
v -0.48866393 0.46105113 0.23239909
v -0.45918997 -0.80644331 0.79792579
v -0.46745840 -0.79829273 -0.84295023
v -0.50614215 -0.78750950 -0.84278781
v -0.59242550 -0.52248459 -0.85559341
v -0.50163412 -0.45578853 -0.86833360
v -0.51223743 -0.44807853 -0.82195296
v -0.50698772 -0.30126681 -0.81337875
v -0.54938471 -0.13039400 -0.86142942
v -0.48457109 -0.12293652 -0.81652904
v -0.46728321 -0.05078905 -0.84447752
v -0.44981194 -0.03845912 0.63394486
v -0.49203093 -0.01904940 0.86069679
v -0.49412915 0.01963241 -0.73732324
v -0.46739413 0.34622513 0.39064143
v -0.51406072 0.40476716 0.30069822
v -0.44686576 -0.80537736 -0.85322346
v -0.48456432 -0.79638204 0.80500994
v -0.48554402 -0.70286433 0.80707886
v -0.47396186 -0.66051112 0.80143120
v -0.47439618 -0.63820608 0.78831908
v -0.58404759 -0.43198282 0.77547696
v -0.50277281 -0.44328859 -0.81288704
v -0.50557774 -0.37139021 -0.81354504
v -0.50309630 -0.29468354 -0.82188491
v -0.55818059 -0.09692977 -0.84118767
v -0.49488104 -0.05550425 0.79000713
v -0.50702250 -0.05919518 0.81280173
v -0.49927776 0.02380750 -0.74083100
v -0.49750575 0.15457953 -0.76139309
v -0.49694304 0.19287735 -0.68946140
v -0.45782117 0.30187704 0.45577549
v -0.45897892 0.50749822 -0.21546208
v -0.47380068 0.55228503 -0.16295204
v -0.48101311 -0.77827662 -0.84256201
v -0.49849274 -0.77542552 -0.85363164
v -0.49048232 -0.73751330 0.77687215
v -0.52148489 -0.64122783 -0.85813837
v -0.50407333 -0.50823645 -0.87802540
v -0.48298218 -0.42604119 0.78692841
v -0.56924229 -0.44360604 -0.85600936
v -0.43163985 -0.43480647 -0.81298812
v -0.47691889 -0.40466435 0.77538719
v -0.47771130 -0.36906365 -0.81217066
v -0.48302363 -0.12453772 0.77583303
v -0.49899940 -0.29041346 -0.81094856
v -0.30574183 -0.13097338 -0.86027479
v -0.49945135 -0.12803370 -0.84003915
v -0.49222507 -0.11353875 0.78712666
v -0.49084999 -0.06265703 0.78699694
v -0.41989459 -0.03374732 0.77455337
v -0.63295920 0.01245431 0.61729335
v -0.50236467 0.01362615 0.85753074
v -0.47550223 0.20619013 -0.67849791
v -0.48724495 0.22435028 0.56772457
v -0.50418239 0.49936107 0.15448704
v -0.50815309 0.51500677 0.14561692
v -0.48244016 0.57519995 -0.16458278
v -0.48332515 -0.73411957 0.93270086
v -0.48306902 -0.73593788 0.95619326
v -0.48817035 -0.69138939 0.78001010
v -0.46101736 -0.45304092 -0.85772600
v -0.51071658 -0.45728863 -0.83673221
v -0.49785976 -0.44558190 -0.81177210
v -0.50455243 -0.38896003 -0.82342560
v -0.50451305 -0.16930464 -0.81263851
v -0.47529609 -0.13364387 0.78707566
v -0.50416012 -0.18779767 -0.82273227
v -0.50482169 -0.14414912 -0.82344729
v -0.48125109 -0.06013989 0.78973434
v -0.48062058 -0.06037806 0.80268779
v -0.41128653 -0.04872781 -0.85455288
v -0.36137433 -0.03817230 0.64796860
v -0.42013146 -0.00605623 -0.97244170
v -0.50028483 -0.00076200 -0.95772535
v -0.42445253 0.02230745 -0.73794647
v -0.46475262 0.05037281 0.79495271
v -0.47456742 0.10046353 -0.84899820
v -0.48973037 0.19331148 0.61864255
v -0.50762794 0.37676292 -0.41512684
v -0.52218244 0.40323037 -0.36980952
v -0.46922956 0.55170241 0.07594750
v -0.48448028 0.61133993 -0.13532337
v -0.48462454 -0.80184010 0.94539560
v -0.48039833 -0.75772056 -0.85340931
v -0.46730828 -0.72920804 0.89307240
v -0.47713897 -0.73744652 0.81915020
v -0.49189324 -0.71002689 -0.88351620
v -0.47538590 -0.70250593 0.78286879
v -0.46440221 -0.66225562 -0.87668469
v -0.47508277 -0.66994021 0.77630331
v -0.47527632 -0.63869469 0.77582940
v -0.47436456 -0.42755310 0.78872229
v -0.48764715 -0.46215180 -0.80736615
v -0.39882218 -0.39089529 -0.85477034
v -0.50424513 -0.33560380 -0.82312067
v -0.47515445 -0.13208359 0.77474197
v -0.47727966 -0.13034331 -0.81503184
v -0.48449295 -0.06904584 0.77575373
v -0.47537611 -0.06483115 0.80755097
v -0.39581688 -0.07457041 -0.87796165
v -0.44784702 -0.08132861 -0.84634555
v -0.42614311 -0.06007107 -0.85928425
v -0.42504410 -0.02776733 -0.76552672
v -0.40010040 -0.01576054 0.67752555
v -0.55163955 -0.00172317 -0.97977126
v -0.32993408 0.29902395 -0.35086144
v -0.41979316 0.38316942 -0.22878341
v -0.50460821 0.42975724 -0.33981744
v -0.47202864 -0.79986682 0.77194089
v -0.47065991 -0.79755378 0.83944926
v -0.46811305 -0.79808865 0.76384185
v -0.47241889 -0.78302931 0.81253875
v -0.46785643 -0.79988552 0.97749492
v -0.47418194 -0.74496431 0.94105671
v -0.47446766 -0.77723672 0.77499356
v -0.46848777 -0.80056995 0.62257193
v -0.47407722 -0.68788666 0.80924244
v -0.46990142 -0.72097203 0.77393028
v -0.46975462 -0.68626788 0.84604083
v -0.46885594 -0.68650445 0.61743786
v -0.46898083 -0.68400377 0.73653998
v -0.46807077 -0.68042462 0.81392850
v -0.45955251 -0.68017309 0.74188775
v -0.46760073 -0.65590396 0.75395018
v -0.51511546 -0.64488609 -0.84331480
v -0.47002801 -0.67305056 0.76729362
v -0.46723346 -0.63937978 0.80524307
v -0.52335252 -0.49864740 -0.85614546
v -0.46768824 -0.52926494 0.75544714
v -0.38510788 -0.46804153 -0.80462542
v -0.45724976 -0.46047236 -0.83670722
v -0.46977350 -0.47173093 0.75859248
v -0.46744615 -0.40698281 0.80517166
v -0.47015502 -0.45991284 0.76620448
v -0.46760911 -0.38209893 0.75553181
v -0.45396045 -0.29714324 -0.84394363
v -0.47045420 -0.13213350 0.76645254
v -0.46986801 -0.22626164 0.75843964
v -0.46760942 -0.23451034 0.75520260
v -0.41189184 -0.21683158 -0.85480814
v -0.46921507 -0.13125046 0.75549953
v -0.48117107 -0.11389246 0.78988729
v -0.46550085 -0.12464372 0.80759324
v -0.47600942 -0.10484206 0.75547962
v -0.46383707 -0.10839178 0.77352909
v -0.47697125 -0.09209231 0.81298222
v -0.34285900 -0.06629654 -0.87493988
v -0.44409286 0.02845246 0.62831344
v -0.46659045 0.06089740 0.79370229
v -0.47210198 0.19512198 0.42504170
v -0.46059292 0.29891358 -0.53767331
v -0.46751846 0.60844578 -0.12475182
v -0.46772371 0.59897883 0.05435583
v -0.47943105 0.61235698 0.04350227
v -0.45971169 -0.80426436 0.76870665
v -0.45824536 -0.80356555 0.84969407
v -0.45987400 -0.80157940 0.88552265
v -0.47108308 -0.80360066 0.92118685
v -0.47247735 -0.79774169 0.94332101
v -0.45565477 -0.79781332 0.97124397
v -0.45213737 -0.80429060 0.97834487
v -0.45668572 -0.79704771 0.80825982
v -0.46108210 -0.79911308 0.61637311
v -0.45633927 -0.75022321 0.78444109
v -0.46418583 -0.75127922 0.89319244
v -0.46350697 -0.75056370 0.96720585
v -0.45920098 -0.74268833 0.98365509
v -0.46513668 -0.78536544 0.81814167
v -0.47445905 -0.72045625 0.91225766
v -0.45432852 -0.71655176 -0.85522421
v -0.46373235 -0.68643565 0.88789454
v -0.45940446 -0.68068209 0.62508489
v -0.46184063 -0.68078588 0.84452948
v -0.46292483 -0.68374923 0.90873936
v -0.46027634 -0.66200781 0.75184835
v -0.46148116 -0.52301578 -0.85568542
v -0.45371189 -0.45453321 -0.83127530
v -0.42746049 -0.45820146 -0.81385023
v -0.50172693 -0.43521325 -0.82267593
v -0.45941265 -0.27952807 0.75723823
v -0.49777069 -0.14575306 -0.81319015
v -0.46504270 -0.11408199 0.75606944
v -0.44318974 -0.09825680 -0.83682699
v -0.46542931 -0.07581022 0.77463975
v -0.47567010 -0.07001412 0.75485968
v -0.35709983 -0.04323856 -0.84342046
v -0.58904856 -0.03636045 0.65710328
v -0.42908313 0.01949393 -0.73428826
v -0.49673915 0.02696167 -0.73740715
v -0.40900635 0.03541459 0.63207213
v -0.39307400 0.14515234 -0.76802279
v -0.42251995 0.33588202 -0.48296966
v -0.46624503 0.51688333 0.14630647
v -0.45938327 -0.80737694 0.62580868
v -0.44795340 -0.79839974 0.62834620
v -0.45617055 -0.79849466 0.63625663
v -0.45192829 -0.79903440 0.77016644
v -0.45268550 -0.79673151 0.87839638
v -0.45484394 -0.78886532 0.76837976
v -0.45175978 -0.76143939 0.77100041
v -0.45230065 -0.75162848 0.90310589
v -0.45583026 -0.74336589 0.87677289
v -0.45739517 -0.74160542 0.96070576
v -0.45620302 -0.75087267 0.76282957
v -0.44836673 -0.74126562 0.90819558
v -0.45382369 -0.71498087 0.78746364
v -0.45318066 -0.73755666 0.90016531
v -0.47338902 -0.72944542 0.92448503
v -0.45696559 -0.68785564 0.64078441
v -0.45681087 -0.69839640 0.76878305
v -0.45252813 -0.70933398 0.80825224
v -0.45535008 -0.70091696 0.89602871
v -0.45678312 -0.68609073 0.74909457
v -0.45200458 -0.67666902 0.76565105
v -0.45284623 -0.66057010 0.76681264
v -0.44676860 -0.66862723 -0.84099690
v -0.45741138 -0.64172720 -0.85771039
v -0.42654222 -0.65912059 -0.84389938
v -0.41285655 -0.66175322 0.80754683
v -0.45291762 -0.53143434 0.76697548
v -0.46041890 -0.49481271 0.80745821
v -0.45953826 -0.54680096 0.75581194
v -0.45904441 -0.42965248 0.75641127
v -0.49270140 -0.44566822 -0.83193382
v -0.41130320 -0.43728264 -0.82499873
v -0.45320769 -0.45042477 0.77003155
v -0.45776307 -0.33039218 0.76671138
v -0.47483572 -0.30779847 -0.85598744
v -0.45204456 -0.30011043 0.77117181
v -0.39085184 -0.27563034 -0.82534661
v -0.45974283 -0.12949770 0.75794723
v -0.44041040 -0.13721875 -0.82113831
v -0.45798090 -0.13012614 0.76666113
v -0.45235733 -0.13024824 0.77188461
v -0.39960582 -0.10581612 0.76601255
v -0.47257457 -0.05673736 0.77594991
v -0.48172004 0.01851994 -0.95483039
v -0.37689415 0.27095764 0.51192474
v -0.38810475 0.37696893 -0.41716829
v -0.41148131 0.40329594 -0.36999518
v -0.44941181 -0.79944928 0.89613750
v -0.46074485 -0.77550192 -0.85566857
v -0.44345064 -0.74829966 -0.85183572
v -0.43298377 -0.74555420 0.97078291
v -0.46585297 -0.73244465 0.97987729
v -0.45363815 -0.68699245 0.62887637
v -0.43895408 -0.67966770 -0.85382820
v -0.45091298 -0.69235096 0.88605914
v -0.43114372 -0.63363742 -0.85573130
v -0.49645115 -0.43764261 -0.84371324
v -0.45960634 -0.34368564 0.80737376
v -0.42949664 -0.39505395 -0.81638729
v -0.44687183 -0.10484100 -0.84595357
v -0.43299376 -0.05916290 -0.84099696
v -0.44075127 0.09024302 -0.85311001
v -0.42965554 0.10284040 -0.84518304
v -0.46870544 0.26382891 -0.60335857
v -0.47393655 0.37831700 0.34992308
v -0.46433561 0.45916428 -0.28985748
v -0.47562351 0.48649007 0.17911792
v -0.43735205 -0.80458888 -0.86987647
v -0.43446810 -0.79797523 0.98384882
v -0.44409853 -0.71623187 0.77158455
v -0.46093512 -0.69309424 0.81583055
v -0.43669822 -0.53190480 0.76508101
v -0.44266154 -0.28109789 0.76608412
v -0.43669108 -0.13065493 -0.80251214
v -0.45129543 -0.12037310 0.75837529
v -0.46970794 0.11540852 0.71797686
v -0.46046492 0.13648349 -0.78232164
v -0.41171849 0.45807976 -0.28836717
v -0.39617701 0.42969039 0.08837863
v -0.41857469 0.50200478 -0.01118332
v -0.46242234 0.57137188 0.07022568
v -0.36250137 0.61353118 0.03740904
v -0.45139531 -0.78051769 -0.88088650
v -0.44217328 -0.69600431 0.90170037
v -0.43722009 -0.70754823 0.78382781
v -0.45673182 -0.69419615 0.84337662
v -0.34253976 -0.69182255 0.89195693
v -0.45029696 -0.67954402 0.87192119
v -0.46460478 -0.67126879 0.80747398
v -0.40622542 -0.44396245 -0.83735327
v -0.49066089 -0.45178839 -0.82109586
v -0.41245151 -0.41670838 0.80810699
v -0.44096514 -0.37234379 0.76467130
v -0.41274538 -0.24494347 0.80873104
v -0.36848924 -0.14474053 -0.81525989
v -0.32602291 -0.07502174 -0.84019272
v -0.47687318 0.03733118 0.81335718
v -0.44425734 0.07538107 0.76773916
v -0.44390327 0.07652895 -0.87548604
v -0.43885472 0.19538535 0.62210962
v -0.42289032 0.41541159 -0.36498539
v -0.48024049 0.61346554 -0.08066591
v -0.38205677 -0.80180266 0.77327589
v -0.39445688 -0.79800209 0.97337644
v -0.38933377 -0.79622124 0.80690644
v -0.44838630 -0.75009468 0.97402803
v -0.41093469 -0.69906919 0.80705524
v -0.40521531 -0.68542345 0.76162690
v -0.57552744 -0.51614146 -0.86695838
v -0.45281010 -0.47107058 -0.83691538
v -0.42554257 -0.45611681 -0.83328741
v -0.40912569 -0.45905378 -0.80484533
v -0.41419541 -0.39851953 -0.82586814
v -0.41490061 -0.34312441 -0.84454750
v -0.42971572 -0.24945964 -0.81249624
v -0.42518980 -0.19673354 -0.81325900
v -0.40540520 -0.16744445 -0.82474259
v -0.42770452 -0.12877527 0.76421203
v -0.31624234 -0.03869667 -0.72701234
v -0.47776578 0.01348585 0.85987962
v -0.45909183 0.01928783 -0.74615369
v -0.41441460 0.47211180 -0.28110321
v -0.42776723 -0.78742319 -0.84249122
v -0.43967068 -0.78205296 0.77483277
v -0.36168351 -0.68757749 0.62851334
v -0.40494558 -0.69214473 0.81577567
v -0.38172335 -0.67967091 0.62486852
v -0.40834012 -0.66155068 0.76329927
v -0.39714770 -0.56856760 -0.84399983
v -0.41318651 -0.57369308 0.76262842
v -0.43745609 -0.47180490 -0.81663789
v -0.41360893 -0.41325621 0.73546253
v -0.42270725 -0.39000139 0.75880912
v -0.40856501 -0.22318482 -0.81081772
v -0.41733580 -0.13835345 -0.84164799
v -0.38651784 -0.13083554 -0.80936704
v -0.47844563 -0.06039950 -0.90013311
v -0.49573044 -0.05508555 -0.91680705
v -0.50990023 -0.04108216 -0.73552053
v -0.38064953 -0.02746892 0.66060756
v -0.45636618 -0.01167909 0.66349204
v -0.39707367 0.17630239 -0.71831326
v -0.42482803 0.21462499 -0.66170181
v -0.46224800 0.25499630 0.52060309
v -0.39840071 0.41978314 -0.36725185
v -0.43149547 0.44560401 0.24143371
v -0.46762886 0.57985603 -0.15365787
v -0.40086889 0.58673034 0.06347030
v -0.39323197 -0.77401082 0.77561630
v -0.30917558 -0.74278929 0.98397558
v -0.44320334 -0.73472430 0.90304572
v -0.40675159 -0.71162173 0.78802229
v -0.44902067 -0.68814861 0.91262947
v -0.40460884 -0.62655309 0.80413094
v -0.40654545 -0.61582274 0.75528556
v -0.38713695 -0.51697891 -0.86059286
v -0.40478164 -0.61527494 0.73478944
v -0.40585793 -0.45979731 0.75412339
v -0.39696857 -0.52181649 0.73176122
v -0.36500909 -0.47103687 -0.83677318
v -0.40099686 -0.44460123 -0.80699329
v -0.38126904 -0.43623323 -0.81094365
v -0.40583239 -0.42831766 0.73420138
v -0.41354650 -0.42975029 0.76177479
v -0.41216173 -0.37494780 0.73547057
v -0.39352318 -0.33390021 -0.85422613
v -0.40798799 -0.36365262 0.75971373
v -0.41041084 -0.32018774 -0.82505297
v -0.40532487 -0.43305084 0.80510381
v -0.41055856 -0.38155945 -0.81055415
v -0.40348378 -0.28114636 -0.85317952
v -0.40211321 -0.23093717 -0.84426713
v -0.40967901 -0.24189093 0.76118815
v -0.40303071 -0.14491020 -0.82693007
v -0.39915953 -0.12604069 0.75177774
v -0.45817535 -0.12730093 -0.83670080
v -0.39440648 -0.12056893 0.74526641
v -0.41986402 -0.11375463 0.75641729
v -0.42557972 -0.06358970 0.81151758
v -0.42932273 -0.03890222 -0.83721696
v -0.38743330 -0.03902633 0.76296960
v -0.38075226 -0.03177885 -0.77787322
v -0.31048955 0.10181544 -0.84996808
v -0.43436570 0.19627397 -0.68495012
v -0.37758196 0.19438325 0.62243065
v -0.44585494 0.50388469 0.15082979
v -0.40123232 -0.73856915 0.77197108
v -0.44300383 -0.71900017 0.91268166
v -0.39829498 -0.67693078 0.73078229
v -0.39683905 -0.65567945 0.73097659
v -0.39983570 -0.51908149 0.79359839
v -0.39378354 -0.43473705 0.77073054
v -0.39556879 -0.42821496 0.73092726
v -0.39199044 -0.41336351 0.73909814
v -0.39738411 -0.37484252 0.77904824
v -0.40046055 -0.38548324 0.79376223
v -0.39830279 -0.30382508 0.73368717
v -0.39664651 -0.15503269 0.77470379
v -0.39002085 -0.28836848 -0.81562147
v -0.40383160 -0.26885168 0.80377456
v -0.40318511 -0.12892485 0.80291827
v -0.39891782 -0.22362424 0.73181319
v -0.40517083 -0.11841279 0.80832835
v -0.41790063 -0.03718517 0.71886790
v -0.45644344 0.17879240 0.62470679
v -0.39031560 0.30148194 0.45365663
v -0.44747039 0.38557818 -0.40436358
v -0.31921033 0.50252813 0.15239384
v -0.39820686 0.54069001 0.09407493
v -0.41983346 -0.78231512 -0.85585849
v -0.39418762 -0.71537015 0.80706155
v -0.38079197 -0.70384723 0.78974334
v -0.34410668 -0.68641391 0.61660478
v -0.38767893 -0.68256144 0.74706457
v -0.40368509 -0.67779675 0.80983752
v -0.39374082 -0.65057144 0.73556630
v -0.39453508 -0.64030918 0.77332278
v -0.39518862 -0.66416975 0.78378129
v -0.38845637 -0.63652892 0.76902178
v -0.39411627 -0.48477186 0.77433296
v -0.39437609 -0.50388772 0.73509596
v -0.39462617 -0.43964132 0.75126446
v -0.39541018 -0.37447528 0.73141097
v -0.39824451 -0.36418097 0.73623625
v -0.38862950 -0.37182153 0.74789624
v -0.38987171 -0.35081311 0.75293200
v -0.39139264 -0.22990532 0.75412005
v -0.39185244 -0.15894867 -0.81616342
v -0.38869167 -0.15521597 0.76744300
v -0.39827208 -0.15619517 0.73298294
v -0.39254696 -0.12301221 0.77574727
v -0.39730944 -0.13023770 -0.83034291
v -0.38061437 -0.14349156 0.74411819
v -0.47016792 -0.09165820 -0.84579724
v -0.45951765 -0.01605400 -0.96285590
v -0.21706167 -0.01183280 -0.95862714
v -0.35919456 0.01290154 0.85947378
v -0.43773540 0.34873466 -0.47192390
v -0.40445352 0.31764090 0.44337329
v -0.41014356 0.36467409 0.35534112
v -0.38060683 0.37609964 0.34953515
v -0.35146108 -0.80420731 -0.85386261
v -0.35296057 -0.68798274 -0.88123406
v -0.39986333 -0.69687297 0.78321570
v -0.37678679 -0.67250862 0.73194412
v -0.37937421 -0.66586662 0.75033876
v -0.37583382 -0.66698579 0.77194300
v -0.39085401 -0.63534122 0.75373422
v -0.34569119 -0.51213705 0.75313138
v -0.32143147 -0.46032424 -0.87595975
v -0.36503118 -0.44422074 -0.85290972
v -0.38945229 -0.43528431 0.75748453
v -0.40322488 -0.43348142 -0.84654223
v -0.39599312 -0.33959364 -0.82330841
v -0.38244339 -0.31338048 -0.81228172
v -0.37376347 -0.27904160 0.75137374
v -0.37096738 -0.23647705 -0.81400378
v -0.37451521 -0.19731762 -0.84864746
v -0.41248274 -0.18053917 -0.84408864
v -0.39029773 -0.15044513 0.75300799
v -0.39390695 -0.13378948 0.72663120
v -0.36195190 -0.12814187 -0.87438194
v -0.40226915 -0.10845916 -0.83783524
v -0.37376735 -0.04967258 -0.92310350
v -0.42904682 -0.03001740 -0.96938292
v -0.47240195 -0.02721405 0.61609112
v -0.44953436 -0.00571802 0.87636403
v -0.30634713 0.02035071 -0.95381070
v -0.39467700 0.24793740 0.52586254
v -0.36417662 0.24870546 -0.61036504
v -0.39746938 0.31072722 -0.53098707
v -0.37770744 0.41989080 0.28924857
v -0.36622097 0.46230342 0.23281587
v -0.35739231 0.54701199 0.08582035
v -0.34683400 -0.79976191 -0.87418475
v -0.36044044 -0.78699793 -0.84165549
v -0.38606033 -0.78561549 0.77290639
v -0.36994071 -0.78062646 -0.85457508
v -0.38138343 -0.74182170 0.79010959
v -0.39040285 -0.71523069 0.77176427
v -0.35653691 -0.68731903 -0.85467043
v -0.38585217 -0.68204402 0.90773849
v -0.36182174 -0.63357872 0.75359849
v -0.39375898 -0.49664790 -0.85451060
v -0.37656230 -0.48134509 -0.85462333
v -0.38719126 -0.48501008 0.77075778
v -0.36052931 -0.41772623 -0.85272613
v -0.39583361 -0.42283160 0.78072731
v -0.38891232 -0.36475345 0.76638547
v -0.35456390 -0.15050644 -0.85321680
v -0.36699311 -0.13758312 -0.82318856
v -0.32394647 -0.13033651 -0.80198828
v -0.39469034 -0.07624081 0.76958354
v -0.46480897 -0.06201842 0.75857369
v -0.32412969 -0.01989111 0.86058294
v -0.22439061 -0.01178770 0.88244949
v -0.40773537 0.06047239 -0.90834349
v -0.41414946 0.40403822 0.30207469
v -0.36663156 -0.78844546 -0.88165351
v -0.36587970 -0.74745178 0.78470307
v -0.37292338 -0.69560206 0.78986358
v -0.42317428 -0.68102945 0.84344767
v -0.36149210 -0.67418766 -0.85415896
v -0.35563597 -0.65386525 -0.84157191
v -0.38007170 -0.52234856 -0.84488685
v -0.35647753 -0.52854879 0.76652381
v -0.38649635 -0.41916963 -0.81057830
v -0.37885186 -0.38294037 0.78064914
v -0.36472917 -0.40043595 -0.81265220
v -0.36946658 -0.36551552 0.75158238
v -0.36007679 -0.22874390 -0.85210629
v -0.35643510 -0.18023619 -0.85335539
v -0.42466042 -0.06842257 0.75525891
v -0.40109775 -0.03545118 -0.72421444
v -0.19700666 0.01221714 0.61724931
v -0.40067841 0.04438101 -0.91524200
v -0.30194294 0.10873977 -0.62205762
v -0.36613011 0.14092969 0.67570477
v -0.30551208 0.26326742 0.52178746
v -0.36563081 0.26375682 -0.60199958
v -0.34427017 0.50731452 -0.21595001
v -0.35405328 0.55358717 0.07554065
v -0.36506160 0.57437309 0.06915281
v -0.36242962 0.60122652 -0.14278436
v -0.36125018 0.61454781 -0.10961519
v -0.38913540 0.61486354 -0.07298822
v -0.38879311 -0.80530074 0.79752430
v -0.33563299 -0.80458515 0.97850213
v -0.37863391 -0.78281524 0.78960518
v -0.35457197 -0.73373716 0.77284376
v -0.32686593 -0.71509818 0.80757284
v -0.22981238 -0.45723839 -0.86912022
v -0.34265491 -0.46081443 -0.80511642
v -0.40047624 -0.45222401 -0.81672405
v -0.37801084 -0.43809309 -0.82325649
v -0.33758118 -0.37000589 0.76312142
v -0.35660525 -0.28837850 0.75308900
v -0.35037771 -0.30957168 0.76532131
v -0.35969348 -0.15330107 0.76438842
v -0.36466835 -0.14283629 0.75218863
v -0.31178959 -0.13770901 -0.82023753
v -0.36952178 -0.12940613 0.72673246
v -0.36060754 -0.12934431 0.75233612
v -0.35203230 -0.12550158 0.74297426
v -0.34712982 -0.10600254 -0.84400082
v -0.39949338 -0.05729950 0.77489370
v -0.40708988 -0.03003090 0.86867983
v -0.32644037 0.38023878 0.34897083
v -0.39614815 0.46778845 -0.28521515
v -0.34525427 0.47462123 -0.27822364
v -0.38154540 0.53283423 -0.19349392
v -0.36247696 0.55411710 -0.16023678
v -0.36228370 0.57427118 -0.15822982
v -0.36402280 0.59913036 0.05516642
v -0.34937020 0.61669647 0.03738105
v -0.35172090 -0.78210518 0.77398656
v -0.35056779 -0.78384790 0.79112686
v -0.35150802 -0.78209176 0.78709142
v -0.34712549 -0.73551677 0.79003270
v -0.29144422 -0.74217827 0.96200804
v -0.30595526 -0.70969983 0.62759548
v -0.33379414 -0.66405954 0.77111348
v -0.34541996 -0.64829770 0.77213671
v -0.35096333 -0.15290852 0.75268253
v -0.35426639 -0.15860573 -0.84579737
v -0.31779269 -0.14020669 -0.83019267
v -0.37348374 -0.13866237 0.72640618
v -0.33730748 -0.13327135 -0.83704029
v -0.35895068 -0.11532435 -0.84191541
v -0.33514672 -0.09085528 -0.84526123
v -0.33375314 -0.03933683 0.73993421
v -0.35401269 -0.03739570 0.76636663
v -0.20940461 0.02004296 0.61964634
v -0.29264257 0.06173867 0.79380190
v -0.22628775 0.08483346 0.57519755
v -0.43146451 0.16187786 -0.54717877
v -0.39713764 0.26293360 0.33140702
v -0.35526058 0.33658947 -0.48255341
v -0.34901309 0.61598023 -0.12170988
v -0.37688980 -0.79966685 -0.84311945
v -0.33816729 -0.79723196 0.80486553
v -0.31292044 -0.78075716 0.79428114
v -0.34236300 -0.75509311 -0.85536831
v -0.34588302 -0.71011487 0.77353586
v -0.36884446 -0.69453354 0.80145346
v -0.34733998 -0.69487057 0.90107208
v -0.32753104 -0.68758027 0.75811283
v -0.30676732 -0.69146629 0.78542153
v -0.33426852 -0.67166727 0.73087104
v -0.39456806 -0.50741187 -0.83570238
v -0.33260017 -0.38493129 0.77317307
v -0.36829920 -0.30478320 -0.81498483
v -0.40908185 -0.15078112 -0.84269233
v -0.35923991 -0.13906338 0.73019179
v -0.29284162 -0.11791429 0.80539591
v -0.51099373 -0.12315603 -0.87837079
v -0.36767142 -0.09915028 -0.83354517
v -0.34183871 -0.04312914 0.77320421
v -0.35956131 -0.04316761 0.75064926
v -0.38209423 0.15319991 0.66312998
v -0.32241909 0.20108794 -0.68343681
v -0.29889364 0.25423977 0.52160477
v -0.37768035 0.30111330 -0.53542671
v -0.34724013 0.31941044 -0.51824563
v -0.31706617 0.45995445 -0.28904329
v -0.34866267 0.55232601 -0.16527133
v -0.34861791 0.60650161 -0.14715130
v -0.32002047 -0.80302802 0.79778130
v -0.31760255 -0.72759986 0.79303091
v -0.41520673 -0.72689396 0.91593570
v -0.32791001 -0.66934551 -0.85361765
v -0.34532469 -0.66603147 0.75001580
v -0.35452538 -0.64111508 -0.86011171
v -0.32748716 -0.62580590 0.76344739
v -0.41790531 -0.51505767 -0.87570388
v -0.37667279 -0.46752719 -0.87817814
v -0.34928848 -0.43209949 0.75303114
v -0.38772740 -0.38932245 0.74991455
v -0.33368909 -0.15313416 0.76317161
v -0.34623043 -0.11211020 0.75316812
v -0.26903708 -0.06683871 0.75416129
v -0.25995504 -0.05107408 -0.84429371
v -0.27831830 -0.04171387 0.75879886
v -0.34863754 -0.01551344 0.66344431
v -0.19793945 -0.00430804 -0.95808685
v -0.28367884 0.01861313 0.85200955
v -0.34117545 0.04172791 0.80523811
v -0.30391490 0.11690197 0.71755936
v -0.38688514 0.11402457 0.71694462
v -0.40190158 0.15492273 -0.76100173
v -0.31669202 0.24765461 0.52756787
v -0.36560896 0.52248288 -0.21184694
v -0.34501823 0.51546359 0.14581249
v -0.31022615 -0.80102586 -0.86860641
v -0.28150481 -0.67178719 0.78774289
v -0.36457894 -0.43776499 -0.84655659
v -0.33759658 -0.42856953 0.76552337
v -0.30844638 -0.35600355 -0.82307284
v -0.39921899 -0.12129858 -0.80698324
v -0.35217797 0.01972145 -0.73538818
v -0.43704990 0.23054461 -0.44897281
v -0.34167280 0.30290738 0.45586082
v -0.33328381 0.31926792 0.44579603
v -0.31198803 0.34718255 0.38858003
v -0.30596249 -0.78924380 0.78999015
v -0.32455241 -0.76589785 -0.84695355
v -0.32303348 -0.72925840 0.78620181
v -0.22808037 -0.69394073 0.83603075
v -0.31770440 -0.68216617 0.73329855
v -0.32445884 -0.66908450 0.75570671
v -0.28277682 -0.44093074 -0.84719732
v -0.28833406 -0.44233421 -0.83840897
v -0.30133027 -0.42029264 0.78576382
v -0.32268418 -0.12681723 0.72704949
v -0.30879236 -0.12426804 0.74735276
v -0.39607862 -0.11381837 0.81081016
v -0.34809147 -0.10303172 0.76716166
v -0.30575809 -0.09889625 -0.83476805
v -0.29393750 -0.06018045 0.75841268
v -0.30377512 -0.05485017 0.77180606
v -0.18875507 -0.04817309 -0.85508044
v -0.30820075 -0.05952608 0.81435009
v -0.30747985 -0.01183060 0.85786621
v -0.40150426 0.03259549 -0.72351008
v -0.38403564 0.18986215 -0.69145831
v -0.33300880 0.40542131 0.30154599
v -0.34871800 0.57628240 0.07736846
v -0.34931846 0.57382110 -0.16560644
v -0.26016270 -0.79785566 0.97340598
v -0.29929135 -0.68045886 0.75081059
v -0.26798263 -0.66362747 0.77213803
v -0.26889861 -0.45299245 -0.85522024
v -0.27795590 -0.44536722 -0.80401913
v -0.27701453 -0.43682214 -0.82359332
v -0.29013758 -0.41231436 -0.82623322
v -0.30481777 -0.31090155 -0.81388541
v -0.33941182 -0.08207153 0.76867111
v -0.40563382 0.14348716 0.49747908
v -0.36257932 0.17853315 0.62519295
v -0.24138108 0.24802612 -0.60909039
v -0.22474534 0.26932264 0.51430315
v -0.26850690 0.57929592 0.07849275
v -0.29367429 -0.79759586 0.98272706
v -0.30895132 -0.77623670 -0.85015185
v -0.27934253 -0.75106555 -0.85224553
v -0.27302212 -0.73431624 0.90307226
v -0.37309216 -0.70319051 0.80063620
v -0.32615723 -0.70409398 0.90282874
v -0.26608437 -0.68091309 0.85313701
v -0.20678660 -0.65732434 -0.84029781
v -0.31519735 -0.45933618 -0.81348868
v -0.29945515 -0.39010258 0.78112099
v -0.30089717 -0.42033523 -0.81192195
v -0.30653256 -0.27001028 -0.81475155
v -0.31745561 -0.31125007 -0.82391669
v -0.32271213 -0.20208090 -0.81306273
v -0.31846007 -0.18789705 -0.82328334
v -0.28411752 -0.14181873 0.75272420
v -0.29936917 -0.14695801 -0.81276325
v -0.30584708 -0.14519464 -0.83880054
v -0.33453616 -0.13752140 0.77348914
v -0.33394770 -0.12973170 0.72290009
v -0.33098266 -0.13490919 0.74238258
v -0.23713073 -0.01947233 0.88031394
v -0.29315873 0.01598846 -0.72667857
v -0.33869454 0.12695297 -0.80422439
v -0.28859304 0.14358678 -0.76799700
v -0.34563061 0.35818435 -0.26466497
v -0.44053143 0.52207639 -0.03515143
v -0.27158881 0.61769859 -0.11949885
v -0.29954988 -0.71982885 0.78997918
v -0.27567553 -0.67208849 0.73389017
v -0.31156581 -0.64153929 0.75301235
v -0.31183201 -0.63248435 -0.85586909
v -0.21706667 -0.51886101 -0.86149623
v -0.28257197 -0.50788129 -0.83670420
v -0.19136962 -0.48324925 -0.85256743
v -0.32144816 -0.45958424 -0.83601240
v -0.29959517 -0.43158741 0.76563985
v -0.30409190 -0.45793746 -0.83718238
v -0.28944867 -0.43731007 -0.80994272
v -0.29324296 -0.32788517 -0.82688070
v -0.29494740 -0.16101179 -0.82435117
v -0.29108031 -0.15274861 0.76432270
v -0.32589345 0.02740024 -0.73317503
v -0.30440546 0.05847760 -0.90728795
v -0.29914921 0.33410562 0.22704997
v -0.20631474 0.31111998 -0.53331260
v -0.28189841 0.37762535 -0.41462751
v -0.42613683 0.46454621 -0.11032340
v -0.34894103 0.60819864 0.05755565
v -0.28771472 -0.75153736 0.97331772
v -0.30258337 -0.68069069 0.89458258
v -0.33711929 -0.63818102 -0.84441926
v -0.19930950 -0.49735447 -0.85332646
v -0.27264108 -0.47218709 -0.81849536
v -0.28688717 -0.45980546 -0.83593255
v -0.28165379 -0.45234823 -0.83682047
v -0.29097394 -0.37920507 0.76483362
v -0.29015346 -0.23693411 -0.80831173
v -0.25835513 -0.09916420 0.76713773
v -0.28977484 -0.07029569 0.81309291
v -0.22141734 -0.06000652 -0.85915508
v -0.32001644 -0.02615592 0.87511316
v -0.29288419 0.09027195 -0.85225390
v -0.28002469 0.09889429 -0.84921736
v -0.37086487 0.22676708 0.56516060
v -0.23804828 0.26456659 -0.60290159
v -0.23246656 0.34795587 -0.47469073
v -0.32875465 0.41996233 0.29337935
v -0.29033726 0.54436770 0.08290617
v -0.20454308 -0.73070822 0.96480583
v -0.25703852 -0.69654359 0.80221137
v -0.27895930 -0.45985370 -0.83715167
v -0.25877186 -0.43383760 0.75224203
v -0.27610503 -0.32501651 -0.82174790
v -0.28617909 -0.24651120 0.76598810
v -0.28889734 -0.27228478 0.75294767
v -0.26150289 -0.25205410 -0.81066331
v -0.23152665 -0.14142785 -0.84329824
v -0.28846907 -0.13042183 -0.80959751
v -0.30047102 -0.12197151 0.77280255
v -0.35688499 -0.03608374 0.84466106
v -0.32727045 0.05007752 0.79394489
v -0.18658523 0.19797439 -0.49757992
v -0.21434375 0.36444765 0.35609741
v -0.33449790 0.38814231 -0.40486215
v -0.26035632 0.55317035 0.07241022
v -0.27160471 0.57170075 -0.16576021
v -0.27039255 0.60398370 -0.14915878
v -0.28387136 -0.79042952 -0.88455961
v -0.27079999 -0.78657109 0.80830945
v -0.26952039 -0.73391072 0.98104560
v -0.26839672 -0.67755305 -0.85328308
v -0.32329660 -0.67476289 0.82958875
v -0.35812309 -0.52410423 -0.85532050
v -0.32286017 -0.53165848 0.76423830
v -0.25116127 -0.46775805 -0.80457481
v -0.31528889 -0.45239241 -0.81938891
v -0.25503622 -0.46010159 -0.80553447
v -0.25726869 -0.45189338 0.76574713
v -0.29145420 -0.38331103 0.75202547
v -0.26365532 -0.39656635 0.77707073
v -0.23683692 -0.35210103 0.75312512
v -0.27653871 -0.39082819 -0.81282369
v -0.27447794 -0.20950811 -0.81838327
v -0.27334497 -0.15427736 0.76114259
v -0.25807676 -0.14795293 -0.84519794
v -0.27300495 -0.13112102 -0.83687015
v -0.28871109 -0.13747282 -0.85279151
v -0.22426393 -0.12483800 0.74828967
v -0.27909984 -0.11409605 -0.84113946
v -0.40310564 -0.10754731 0.81275222
v -0.35415193 -0.06681931 -0.82962623
v -0.37317201 -0.02930131 -0.94703867
v -0.14888814 -0.03345477 -0.78041382
v -0.37602698 0.01177978 -0.96030106
v -0.28407426 0.09871070 0.72612246
v -0.19865223 0.14375043 0.67313359
v -0.35254155 0.21627800 -0.66336120
v -0.26066832 0.42110657 -0.36914181
v -0.21498568 0.49950958 -0.06491938
v -0.27012968 0.61581559 0.04436588
v -0.33074937 -0.78216851 0.78496042
v -0.24304865 -0.69533540 0.91310209
v -0.27963938 -0.67843208 0.80649608
v -0.34736425 -0.65084156 -0.87149373
v -0.26234216 -0.62962818 0.76394971
v -0.27496916 -0.45778405 -0.83667851
v -0.23508663 -0.45652693 -0.81397600
v -0.26967358 -0.44991851 -0.83820321
v -0.23634472 -0.43729508 0.76370915
v -0.22633921 -0.38489886 0.75352075
v -0.27214076 -0.37886329 0.76194770
v -0.24258595 -0.02098966 0.70300440
v -0.44164012 -0.02030914 0.70368605
v -0.22827000 0.01518574 -0.96228794
v -0.30910761 0.00693282 0.86184758
v -0.31536116 0.10595156 0.71874443
v -0.21381827 0.11411747 0.71857536
v -0.20358904 0.19387199 -0.68949700
v -0.28866731 0.19400776 0.62022848
v -0.19232029 0.42923205 0.08868351
v -0.27862606 0.52091860 -0.03553851
v -0.26016463 0.55515575 -0.16153944
v -0.25563925 0.59558547 -0.14544523
v -0.29127205 -0.74690239 0.97077657
v -0.29231009 -0.75243398 -0.88409412
v -0.22946751 -0.64081253 -0.85897428
v -0.25566548 -0.66619700 0.75070939
v -0.25546481 -0.63063159 0.76526029
v -0.25641760 -0.49986034 0.75269695
v -0.25733435 -0.42221469 0.77634279
v -0.25239311 -0.30350311 -0.82349452
v -0.23878918 -0.38253148 0.76098917
v -0.24108396 -0.24079016 0.76115483
v -0.26247621 -0.19100876 -0.81095021
v -0.23915509 -0.16926759 -0.82346926
v -0.24688629 -0.10180021 -0.83639055
v -0.21773783 -0.05032800 0.82877253
v -0.17503209 -0.00455654 -0.72285214
v -0.20419485 -0.01599004 0.67273717
v -0.29684122 -0.01095675 0.86790371
v -0.26668913 0.12064512 -0.81116326
v -0.28664715 0.15484893 -0.76248186
v -0.24239727 0.41966765 0.29217883
v -0.25670121 0.57133602 0.07261961
v -0.25621728 0.61404587 -0.11682711
v -0.21365528 -0.52467102 -0.85533277
v -0.24959310 -0.44433334 -0.84077150
v -0.25603205 -0.33134793 -0.81151872
v -0.23697007 -0.15604430 -0.81282038
v -0.25946353 -0.13366318 -0.81291977
v -0.25832138 -0.07778743 0.76844812
v -0.28864996 -0.05960457 -0.84118763
v -0.39037189 -0.03653810 0.62326938
v -0.14738360 -0.03349218 -0.79015789
v -0.25102095 0.06569270 -0.67770698
v -0.20118622 0.09093119 -0.85160061
v -0.27188324 0.15532963 0.66117933
v -0.22141498 0.19275597 0.42826916
v -0.20897391 0.43407550 -0.15440497
v -0.28286651 0.52203272 -0.21186877
v -0.17374269 0.51678292 0.14405095
v -0.25610306 0.61263948 0.04182330
v -0.31940314 -0.80568443 0.62482194
v -0.22543506 -0.80053820 0.77171591
v -0.23513978 -0.80441701 0.78105273
v -0.24960015 -0.77966712 -0.84323772
v -0.29374461 -0.80013006 0.61583583
v -0.18156534 -0.66741129 -0.87770353
v -0.22454321 -0.67067255 0.74428997
v -0.25479782 -0.64802229 0.77117843
v -0.22779719 -0.52793032 0.76529543
v -0.25805178 -0.50693921 -0.87860958
v -0.24233224 -0.53101719 0.76312220
v -0.22883207 -0.45097874 -0.84490030
v -0.26122888 -0.45246853 -0.82906618
v -0.22942213 -0.45194301 -0.81992695
v -0.23025672 -0.43589140 -0.81203012
v -0.24060228 -0.39173058 -0.81375156
v -0.23972807 -0.26812993 -0.81334930
v -0.25787289 -0.15440055 -0.82372683
v -0.25169987 -0.15551392 0.75387497
v -0.24111556 -0.15380017 0.76115604
v -0.23607054 -0.14451154 -0.80373357
v -0.22485892 -0.13927391 0.77258166
v -0.21861049 -0.11444971 -0.83944716
v -0.23840113 -0.09058248 -0.84410397
v -0.25447352 -0.08254642 -0.84547371
v -0.22890210 -0.07389334 -0.83938492
v -0.17725849 -0.03972906 0.83735005
v -0.17439742 -0.03510632 0.65609173
v -0.27750376 -0.00262659 -0.98001897
v -0.27135317 0.30170388 -0.53632007
v -0.26813128 0.46183296 0.23277374
v -0.22997116 -0.72776670 0.78523797
v -0.28406449 -0.69497484 0.79501107
v -0.26636993 -0.69025601 0.75806229
v -0.22357502 -0.65317967 0.74948199
v -0.21017384 -0.63257660 -0.85528347
v -0.23179719 -0.44552814 -0.80505230
v -0.22870426 -0.42938605 0.75261857
v -0.23189309 -0.43570194 -0.82222776
v -0.23194178 -0.36278086 -0.81352919
v -0.23178309 -0.35402830 -0.82368831
v -0.23182189 -0.19898679 -0.82264325
v -0.23161420 -0.16679392 -0.81274947
v -0.23325218 -0.13183580 -0.83680596
v -0.23276763 -0.13065538 -0.85612106
v -0.27236001 -0.12118897 -0.80797653
v -0.21885866 -0.11975714 -0.87916775
v -0.16324168 -0.03828307 -0.83721186
v -0.18808444 -0.03885377 -0.80124275
v -0.20268305 -0.02825072 -0.86045965
v -0.33030408 -0.02201706 -0.97929422
v -0.17915935 0.22007134 0.57151285
v -0.19349955 0.49025640 -0.24508773
v -0.17685505 0.60013666 0.05735388
v -0.30504797 -0.79797935 -0.84480704
v -0.18786772 -0.68958700 0.76884519
v -0.22854594 -0.69969659 -0.88228329
v -0.21431133 -0.63963543 0.76389289
v -0.23156583 -0.56598757 0.75338431
v -0.23729053 -0.63402003 0.76383354
v -0.21382625 -0.47927019 0.76781495
v -0.23460388 -0.49744335 0.75429280
v -0.19348825 -0.46341894 -0.87746636
v -0.23064025 -0.44740993 -0.83149088
v -0.22317742 -0.44698466 -0.79699221
v -0.22487246 -0.43607783 -0.82965099
v -0.21923651 -0.39038795 0.77761506
v -0.23374960 -0.38719153 0.76627862
v -0.21569994 -0.35320661 0.75402113
v -0.22537205 -0.30413224 -0.82915590
v -0.22547291 -0.33741450 -0.80575494
v -0.22380172 -0.36382996 0.76925469
v -0.22437962 -0.30780872 -0.79709900
v -0.22554456 -0.16360625 -0.80562003
v -0.22467650 -0.15345547 0.76727636
v -0.23254034 -0.15621042 -0.81703162
v -0.22455059 -0.15603889 -0.85031044
v -0.22493656 -0.15489557 -0.82979222
v -0.22106972 -0.13529293 -0.85913277
v -0.21969551 -0.12763688 -0.87308937
v -0.25643322 -0.07179825 0.75848817
v -0.18539889 -0.06651229 -0.82737912
v -0.23309571 -0.01192483 -0.96739029
v -0.21836172 0.02135671 -0.95772062
v -0.24729972 0.04501871 -0.91484235
v -0.22302492 0.05986213 -0.90920188
v -0.16879824 0.50599998 -0.21700556
v -0.27101185 0.51587448 0.14384081
v -0.20534916 -0.80264639 -0.84397342
v -0.19139789 -0.79459540 -0.87816102
v -0.22297775 -0.65600059 0.78413063
v -0.16992686 -0.49164198 -0.85254061
v -0.23312008 -0.47187644 -0.83875137
v -0.22131437 -0.45820768 -0.80070549
v -0.20245714 -0.44392203 0.75652419
v -0.19761015 -0.43669530 0.77263349
v -0.21604070 -0.27903477 -0.79729666
v -0.21486654 -0.31587214 0.76897714
v -0.22408131 -0.36133638 -0.85146909
v -0.21833506 -0.34201999 -0.86319925
v -0.22371716 -0.16308085 -0.79731761
v -0.21643095 -0.15299142 0.76706568
v -0.22027142 -0.14631894 -0.79508530
v -0.23380173 -0.24929909 0.75213070
v -0.22874268 -0.14422590 0.75222751
v -0.21877566 -0.10283537 -0.83251478
v -0.23527947 -0.03522207 -0.85703356
v -0.24506815 -0.03436829 0.85840407
v -0.25049331 0.01174212 -0.72437152
v -0.19533131 0.12561741 0.70516796
v -0.16141074 0.14432230 -0.76540583
v -0.17405309 0.15531367 -0.76209649
v -0.24677800 0.44812649 0.23870650
v -0.19017406 0.61313051 0.03909844
v -0.23622300 -0.77205722 -0.85798308
v -0.18478656 -0.78625075 0.78972461
v -0.22141930 -0.77958737 0.78207153
v -0.13766236 -0.73441681 0.90288634
v -0.19458077 -0.72508449 -0.88223625
v -0.31719607 -0.70372793 0.79274223
v -0.20312393 -0.64935070 -0.86920433
v -0.20640197 -0.57459549 0.75630422
v -0.19723053 -0.64183089 0.76736056
v -0.21317664 -0.45369124 -0.83744981
v -0.21498159 -0.43157012 -0.79524373
v -0.21136409 -0.44054009 -0.83817532
v -0.21316132 -0.41501828 -0.80971170
v -0.21267823 -0.39482252 -0.82928825
v -0.19724727 -0.38667475 0.78090728
v -0.21197270 -0.27397988 -0.83731143
v -0.20781011 -0.34274774 -0.81886058
v -0.21275031 -0.25599733 -0.82915542
v -0.21568591 -0.23823268 -0.80561778
v -0.20831618 -0.13840454 -0.87118045
v -0.20827880 -0.18947685 -0.81776953
v -0.20650751 -0.26665586 -0.84626867
v -0.19926942 -0.20247816 0.77134266
v -0.20766397 -0.13713515 -0.84261592
v -0.21157009 -0.13784574 -0.82136123
v -0.21555585 -0.14802415 -0.80316472
v -0.20992287 -0.12971953 0.72235717
v -0.18622549 -0.12572079 0.73739878
v -0.27087352 -0.03214056 -0.93931526
v -0.20410068 -0.02990307 -0.76627397
v -0.18995814 -0.04136769 -0.73581174
v -0.18304782 -0.02933504 -0.96988416
v -0.26056296 -0.02760578 -0.72235175
v -0.19770774 0.01337808 0.86022250
v -0.24009705 0.02773677 -0.72974112
v -0.19564367 0.33582214 -0.48365215
v -0.18510810 0.37995661 0.16281525
v -0.14379697 0.46077020 0.23114599
v -0.30314050 -0.79791022 0.62779143
v -0.22233894 -0.77877015 0.79539169
v -0.17020218 -0.70402551 0.79078048
v -0.20697230 -0.67770740 -0.85389357
v -0.13060378 -0.68772102 0.62826434
v -0.20241977 -0.68570749 0.75241600
v -0.17042305 -0.69534823 0.79156787
v -0.19884399 -0.65482434 0.78179488
v -0.13846973 -0.59810577 -0.84344577
v -0.21728988 -0.46533143 -0.81036131
v -0.20788705 -0.45044862 -0.82079447
v -0.21401497 -0.45220904 -0.86485571
v -0.20790404 -0.37475798 -0.84446499
v -0.20046350 -0.36244541 0.75207247
v -0.19212590 -0.35765571 0.75613545
v -0.19446021 -0.14352108 -0.84626160
v -0.20535616 -0.23754821 0.75389707
v -0.19251782 -0.19400616 0.75759521
v -0.20535372 -0.13524647 0.74163012
v -0.20328360 -0.13724443 0.72700083
v -0.19954498 -0.15188551 0.77015664
v -0.21252081 -0.12852967 -0.83634816
v -0.21445653 -0.12589895 -0.81848247
v -0.19665455 -0.11623261 0.81133327
v -0.23375814 -0.11114354 0.75495779
v -0.17638250 -0.06902815 -0.87794069
v -0.22725106 -0.00574695 -0.97231608
v -0.16433485 0.01182491 -0.96218261
v -0.23157618 0.01964773 -0.73020659
v -0.20042793 0.02773528 0.62761820
v -0.21887425 0.06058407 0.79208868
v -0.18318921 0.13513218 0.50765828
v -0.18418323 0.15326225 0.66378706
v -0.14317612 0.19445837 0.61755137
v -0.24184621 0.47109990 -0.28317011
v -0.18947813 0.60736884 -0.13413789
v -0.19604211 -0.77609343 -0.85488252
v -0.21548439 -0.71236600 0.77309717
v -0.21748249 -0.69475905 0.86870148
v -0.19614821 -0.67757001 0.80328043
v -0.19028724 -0.66036828 0.79732318
v -0.19267486 -0.65159840 -0.86984628
v -0.19579766 -0.65538959 0.75181950
v -0.19400873 -0.64032020 0.75314903
v -0.19762428 -0.56678542 0.77090985
v -0.19043243 -0.54063554 0.75207498
v -0.18251591 -0.45645763 -0.79793346
v -0.19347710 -0.43800252 -0.84482550
v -0.19108319 -0.46757528 0.79764717
v -0.19783200 -0.42396439 0.77970892
v -0.19234824 -0.37153490 -0.84716521
v -0.19792645 -0.36392888 0.77350186
v -0.19095532 -0.35089176 0.79760950
v -0.20539771 -0.40105597 -0.86998268
v -0.19472526 -0.15044305 0.75611872
v -0.19534679 -0.15097274 0.78043276
v -0.18546856 -0.15280527 0.72694418
v -0.20164206 -0.12216140 0.77396123
v -0.19156829 -0.12480048 0.79883432
v -0.18340591 -0.09123909 -0.84117015
v -0.18606495 -0.07611456 -0.84250710
v -0.18363278 -0.08233693 0.76874392
v -0.20602763 -0.05256241 0.77356990
v -0.18828756 -0.04139857 -0.75043858
v -0.19638300 -0.03713507 0.76634423
v -0.17369554 0.04382280 -0.91488059
v -0.12028430 0.14636106 -0.57011096
v -0.20899775 0.17662819 0.62403185
v -0.22015493 0.37720622 0.35082020
v -0.18339647 0.38750666 -0.40444318
v -0.18971743 0.40438056 -0.37167233
v -0.18484621 0.52187986 -0.21050494
v -0.18443046 0.57101539 -0.15819129
v -0.18524961 0.61558906 -0.11720635
v -0.21137215 -0.78347340 0.77214214
v -0.19566243 -0.72584660 0.78978732
v -0.13692322 -0.72984004 0.92370487
v -0.18763445 -0.67322322 0.72925890
v -0.18701406 -0.64670448 0.74087844
v -0.18699899 -0.54134345 0.73951696
v -0.18482055 -0.52219938 0.72997797
v -0.17510093 -0.46286665 -0.80143962
v -0.18481536 -0.41774921 0.72755267
v -0.19115826 -0.45359368 -0.84210962
v -0.18905361 -0.45515206 -0.80615658
v -0.18726853 -0.42338131 -0.81804796
v -0.18911397 -0.43773502 0.74984648
v -0.18460979 -0.34691747 -0.80042631
v -0.18693289 -0.29329896 -0.81000181
v -0.19160892 -0.41365127 0.74042571
v -0.18692966 -0.13898360 -0.87251995
v -0.19331289 -0.37400791 0.73939320
v -0.18538647 -0.37328723 0.72622247
v -0.18562196 -0.36408726 0.74514933
v -0.18636696 -0.42715777 -0.83653536
v -0.18739373 -0.26197781 0.75069496
v -0.18552601 -0.20814488 0.72840870
v -0.18590220 -0.16859237 -0.83735047
v -0.18772599 -0.15468129 0.75103494
v -0.18655058 -0.12887010 -0.83825033
v -0.18503569 -0.14894455 -0.80347402
v -0.18156317 -0.13055269 0.72234313
v -0.14398017 -0.07446941 0.77006389
v -0.11501934 -0.06785329 0.81197528
v -0.20111403 -0.04314215 0.77411904
v -0.20016928 -0.03807046 -0.86448295
v -0.16873593 -0.03827669 0.63231101
v -0.18080357 0.01220394 0.85675826
v -0.19580476 0.04833771 0.79366734
v -0.23564994 0.04411651 0.62503179
v -0.15531189 0.17928118 -0.71677662
v -0.19510061 0.20876478 -0.67239619
v -0.18920475 0.31745096 0.44481072
v -0.24981561 0.40454059 0.30099765
v -0.17216965 0.56301321 -0.15949671
v -0.15480880 0.57468470 0.07334177
v -0.17178071 0.61612072 0.00297397
v -0.16484107 -0.77313834 -0.85042239
v -0.13900892 -0.71947599 0.91289383
v -0.18413296 -0.67458276 -0.85499006
v -0.17882063 -0.67855258 0.81654836
v -0.17658387 -0.62203897 0.75728281
v -0.18438337 -0.62563059 0.80440078
v -0.18846663 -0.52043951 -0.84428398
v -0.16943346 -0.45284318 -0.85647922
v -0.17632707 -0.48748069 0.80729914
v -0.17632903 -0.37395301 0.72594922
v -0.17812782 -0.45032417 -0.86741912
v -0.18249518 -0.36305584 0.80675647
v -0.18388862 -0.31818822 0.73684789
v -0.17717626 -0.23860048 0.73508073
v -0.17638227 -0.15793498 0.72768605
v -0.17889504 -0.12613339 0.80735072
v -0.17537020 -0.13937249 -0.79980639
v -0.17470591 -0.12719174 0.75730335
v -0.18778553 -0.12284454 -0.81811694
v -0.18872337 -0.11103084 -0.83956766
v -0.17563655 -0.11456260 -0.82925792
v -0.18094660 -0.06013465 0.75846088
v -0.22463559 -0.05581411 -0.91581206
v -0.18721693 -0.04383994 -0.84402240
v -0.19187675 -0.03881502 0.76173935
v -0.21555511 -0.03672777 0.84504489
v -0.18781705 -0.01127511 -0.98596556
v -0.18792243 0.05794425 -0.90520900
v -0.16308070 0.34203072 0.39517594
v -0.18968276 0.37802437 -0.23689862
v -0.18047008 0.45920762 -0.28967783
v -0.22841057 0.49112859 0.00490993
v -0.19793663 -0.78909158 -0.84187179
v -0.12976871 -0.72245354 0.62739706
v -0.13938382 -0.74586314 0.97066138
v -0.13870566 -0.74042102 0.90779881
v -0.16515600 -0.71091906 0.77992506
v -0.12402252 -0.68769340 0.77306965
v -0.17178253 -0.67464961 0.74727684
v -0.18441532 -0.67197236 0.80547894
v -0.17028079 -0.64573570 0.76327097
v -0.19107046 -0.63937279 -0.84390654
v -0.17665855 -0.66911702 0.73317783
v -0.16919678 -0.56869146 0.76286068
v -0.17683882 -0.53031676 0.73346418
v -0.17658723 -0.44756903 0.75848853
v -0.16925613 -0.49593886 0.76391818
v -0.17690955 -0.41798852 0.73183819
v -0.17304853 -0.46457273 -0.83658976
v -0.16895586 -0.25917010 -0.84458951
v -0.17547302 -0.44314013 -0.80086629
v -0.17483156 -0.36369864 0.75457928
v -0.17545656 -0.36347824 -0.83715344
v -0.17660468 -0.13859926 -0.86966812
v -0.17067455 -0.29076336 -0.85776386
v -0.17567440 -0.27957301 0.75692238
v -0.17457672 -0.13969446 -0.83679100
v -0.17604522 -0.24994519 -0.80032839
v -0.17049418 -0.15662839 -0.85758509
v -0.17603284 -0.12343081 -0.87800259
v -0.16809123 -0.13208423 -0.85755954
v -0.17673147 -0.06782674 -0.83190364
v -0.17497167 -0.05540192 -0.84392250
v -0.10577516 -0.05914786 0.81430066
v -0.08146817 -0.05534614 0.82149341
v -0.04150692 -0.03649431 -0.72579564
v -0.16589061 -0.03415613 0.77391458
v -0.21617685 -0.00553512 0.87640356
v -0.17196572 0.02055432 -0.95687674
v -0.13885548 0.04472048 0.79829245
v -0.12017423 0.10598999 0.72002023
v -0.16009252 0.26381251 0.51933069
v -0.21833281 0.27982067 -0.57296324
v -0.17356540 0.37689120 -0.41822951
v -0.17642482 0.60916070 -0.13634639
v -0.17685341 -0.80520340 -0.85538308
v -0.17528117 -0.80360990 0.79763831
v -0.14270416 -0.79721599 0.80521839
v -0.21341429 -0.75105820 0.97384344
v -0.12281226 -0.76889818 -0.85485427
v -0.23758401 -0.74132547 0.91568508
v -0.12476259 -0.74178187 0.96172629
v -0.18477840 -0.71208672 -0.85163670
v -0.17834754 -0.69511625 0.80428501
v -0.18339797 -0.69161886 0.81514703
v -0.13529327 -0.67832056 0.75613077
v -0.16099161 -0.56589514 0.76257296
v -0.16900870 -0.45083739 -0.84399355
v -0.16091429 -0.16068809 -0.85580628
v -0.16756106 -0.13386792 -0.84408986
v -0.17725331 -0.11406427 0.75253518
v -0.15876401 -0.07566160 -0.87733765
v -0.12492254 -0.05363314 0.77617767
v -0.18349666 0.10117190 -0.84643712
v -0.16513513 0.28950808 0.47466503
v -0.17406379 0.34743121 -0.47172722
v -0.12730192 0.55253818 0.07457670
v -0.17915066 -0.79916596 -0.84306119
v -0.13049563 -0.69239909 0.89110242
v -0.21401701 -0.68088088 0.85220032
v -0.12866301 -0.65263726 -0.83485378
v -0.17365128 -0.59787549 0.80690449
v -0.15215129 -0.46409758 -0.83997668
v -0.14452646 -0.47617293 0.76768508
v -0.16995297 -0.40247963 0.76221208
v -0.16089830 -0.32074602 -0.85579323
v -0.16895260 -0.28715556 0.76412125
v -0.16891608 -0.13070743 0.76537144
v -0.14359948 -0.11170876 0.76655925
v -0.15077597 -0.12204739 -0.85632068
v -0.15459930 -0.06543201 -0.85661117
v -0.13208508 -0.06751455 0.75537114
v -0.14787277 -0.06679683 -0.84339292
v -0.08291476 0.10214638 -0.84639772
v -0.10729735 0.20876382 0.59594684
v -0.14635137 0.24900546 0.52503395
v -0.01722200 0.38523339 -0.40504112
v -0.18488092 -0.80431669 -0.86848074
v -0.12509664 -0.77557841 0.80770320
v -0.13642605 -0.75180197 0.97361259
v -0.16670449 -0.78310212 -0.88206117
v -0.11969175 -0.74136972 0.93718739
v -0.14536469 -0.65123863 0.76666483
v -0.14332687 -0.32298879 0.76878907
v -0.14368856 -0.20874895 0.76733645
v -0.17776995 -0.10538551 0.76722344
v -0.11933891 -0.03820040 0.64745850
v -0.13986675 -0.03131015 0.86879404
v -0.12019873 0.09788029 0.72801639
v -0.13191867 0.19419692 -0.68779101
v -0.16804959 0.44879734 0.23593000
v -0.17925983 0.46950983 -0.28445354
v -0.10844014 0.55005564 -0.17007754
v -0.18869784 0.55397049 -0.16251327
v -0.11415786 -0.80625944 0.62509463
v -0.14417802 -0.78759934 -0.84513755
v -0.13678617 -0.72564290 -0.85434032
v -0.13708975 -0.69846797 0.90176084
v -0.11427468 -0.67994524 0.62504440
v -0.12900779 -0.63674346 -0.85621785
v -0.13647222 -0.65284461 0.75412950
v -0.13615296 -0.63743044 0.80639558
v -0.13588925 -0.50799778 -0.86104650
v -0.14613596 -0.50611279 -0.84010612
v -0.14424000 -0.51229937 -0.87758946
v -0.13830724 -0.48727255 -0.84298076
v -0.14555532 -0.46322425 -0.87682761
v -0.13311034 -0.45349248 -0.84377447
v -0.13786531 -0.48978866 0.75434261
v -0.13762408 -0.24496182 0.75480848
v -0.13827398 -0.11727830 0.75780528
v -0.21098444 -0.05543570 -0.88318213
v -0.14028443 -0.03064993 0.61701429
v -0.17562148 0.00063666 0.85951487
v -0.12568738 0.06109749 0.79297481
v -0.15980698 0.26659131 -0.39729528
v -0.11609940 0.48161585 0.19266215
v -0.05016537 0.49052596 0.00640488
v -0.20926490 0.50349234 0.15129260
v -0.12048514 0.51724651 0.14641221
v -0.13573942 -0.79605351 0.86885700
v -0.13303464 -0.79781551 0.97267424
v -0.13801036 -0.80518142 0.97860486
v -0.14094426 -0.79653882 0.98396441
v -0.13063004 -0.79777812 0.62775357
v -0.12368498 -0.75040600 0.97030924
v -0.13212515 -0.74388461 0.90293372
v -0.13454316 -0.72692625 0.91582449
v -0.13457844 -0.74632574 0.86481081
v -0.12356103 -0.71510055 0.80699441
v -0.11818366 -0.69451016 0.81061823
v -0.13138135 -0.69377501 0.86562820
v -0.11425258 -0.68629534 0.61654767
v -0.12052723 -0.69532327 0.84213716
v -0.10906521 -0.67445012 -0.85352575
v -0.12941620 -0.65553711 0.80299817
v -0.12181957 -0.63972879 -0.84364331
v -0.12967904 -0.60240787 0.75391708
v -0.12972530 -0.47218647 0.75532749
v -0.12940000 -0.43517874 0.80194717
v -0.12966145 -0.25932363 0.75518032
v -0.13543705 -0.42623141 0.80630308
v -0.12950995 -0.22934451 0.80169688
v -0.13594223 -0.19026189 0.80655557
v -0.12904058 -0.13210695 0.75586313
v -0.11270222 -0.11326597 0.75710212
v -0.12137420 -0.03152713 -0.76610615
v -0.16117431 -0.03517558 0.85255547
v -0.11842085 -0.01634352 0.67285314
v -0.10341990 0.00223951 -0.95700614
v -0.13898477 0.03503922 0.63079946
v -0.04505926 0.08255025 -0.65649539
v -0.11836126 0.17728200 0.62548210
v -0.18205955 0.29777678 -0.53896016
v -0.07393131 0.45111205 0.23560244
v -0.09874415 -0.80203079 -0.84302442
v -0.12329442 -0.80177940 0.77370308
v -0.12629068 -0.80364399 0.97862989
v -0.12641794 -0.80268940 0.87639651
v -0.12193564 -0.77912553 0.77586612
v -0.12276626 -0.79627895 0.80720193
v -0.11900904 -0.80054884 0.90439205
v -0.12008310 -0.79353035 0.84589363
v -0.12907756 -0.80069365 0.90993681
v -0.11374121 -0.80074254 0.61618467
v -0.12625024 -0.74192058 0.98387179
v -0.11947369 -0.68759580 0.63224192
v -0.12218813 -0.71896722 0.77635916
v -0.12099995 -0.70306607 0.89099710
v -0.12309448 -0.70052151 0.78428061
v -0.12305267 -0.68826954 0.91248323
v -0.12547334 -0.68112136 0.89096494
v -0.12554546 -0.68202614 0.90750281
v -0.13029925 -0.67305641 0.80681483
v -0.12275049 -0.67416647 0.77258125
v -0.11813720 -0.64847915 -0.86890014
v -0.12290349 -0.64822326 0.78765485
v -0.12852694 -0.66229484 0.75392719
v -0.12759268 -0.63916121 0.76633093
v -0.12362901 -0.45240168 0.78817219
v -0.13392649 -0.45639931 -0.85599706
v -0.12816184 -0.50430298 0.75843141
v -0.12802018 -0.36790914 0.76634258
v -0.12817147 -0.26717575 0.75842178
v -0.13086741 -0.12603685 0.80704043
v -0.12792846 -0.12939563 0.76635449
v -0.12270878 -0.12476222 0.77505276
v -0.12461219 -0.11673080 0.81119082
v -0.11732300 -0.07470638 0.77315396
v -0.12243990 -0.05279809 -0.92006915
v -0.06646983 -0.03078901 -0.93794036
v -0.10338468 -0.03665125 0.71780984
v -0.18396306 -0.02894191 -0.94757506
v -0.04351269 -0.03165793 0.71200735
v -0.12893265 -0.02122398 0.70349185
v -0.10288048 0.02747313 0.63216754
v -0.15641205 0.04118061 -0.71202096
v -0.11802195 0.05097355 0.79294534
v -0.13662322 0.12440365 0.70373439
v -0.08721548 0.25535004 -0.60794394
v -0.09058805 0.34579317 -0.47414452
v -0.10262911 0.40468728 0.29851008
v -0.11153314 -0.80372653 0.93969886
v -0.11950532 -0.79784727 0.63206916
v -0.11896879 -0.79650775 0.76637942
v -0.11267948 -0.80326535 0.85322036
v -0.10616191 -0.72988731 0.92202285
v -0.11466584 -0.73259058 0.97855529
v -0.10891053 -0.75031118 0.94310552
v -0.11875049 -0.79130579 0.81362052
v -0.11986605 -0.70666733 0.88351061
v -0.10238055 -0.73375133 -0.85283165
v -0.11990624 -0.68716752 0.76992386
v -0.11690552 -0.68783242 0.90613948
v -0.11513995 -0.68052946 0.81286760
v -0.12163913 -0.59250088 0.77517289
v -0.11455430 -0.52369232 0.78712583
v -0.11359207 -0.23666212 0.78702541
v -0.12370666 -0.12950221 0.78782622
v -0.11481529 -0.10576202 0.77610359
v -0.10594587 -0.07351877 0.75545214
v -0.10365862 -0.03896258 -0.85602417
v -0.14350245 -0.01116989 0.86830690
v -0.14406881 0.13860846 -0.77447915
v -0.17890585 0.26170473 -0.60585196
v -0.04468236 0.28777720 0.48057422
v -0.15542443 0.30189834 0.45491165
v -0.17913850 0.31024779 -0.53050165
v -0.14528652 0.35901702 -0.26338542
v -0.10687836 -0.79751669 0.62550312
v -0.11542135 -0.80453409 0.79802394
v -0.10871378 -0.79333359 0.81816847
v -0.10000526 -0.80240812 0.94601596
v -0.10782087 -0.79513666 0.76569642
v -0.10737060 -0.74813106 0.77291469
v -0.11268498 -0.71926338 0.91334021
v -0.10881480 -0.72682640 0.84491624
v -0.10708112 -0.68769618 0.62470607
v -0.10714417 -0.68679220 0.83567039
v -0.11062881 -0.68156016 0.85765111
v -0.11461823 -0.67789934 0.76755307
v -0.10771717 -0.68769301 0.76995701
v -0.09820440 -0.64185361 0.77531865
v -0.16863032 -0.11473639 -0.84314615
v -0.10340450 -0.06048016 0.80666979
v -0.10948094 -0.02709271 0.87618898
v -0.09889440 -0.02129990 0.85999819
v -0.13233916 -0.02036584 0.61612052
v -0.11364975 0.01392015 0.85954702
v -0.11861095 0.01812258 -0.95364222
v -0.13640359 0.05629312 -0.90725413
v -0.15013852 0.25472472 0.52043794
v -0.21676880 0.52103619 -0.03572441
v -0.11391643 -0.80596850 0.77194621
v -0.09844195 -0.73417486 0.94459329
v -0.10318934 -0.75427953 -0.84835618
v -0.10466038 -0.68713305 0.81296377
v -0.09580972 -0.68666221 0.77638830
v -0.09284839 -0.12145870 0.77526372
v -0.10359232 -0.11228347 0.80695335
v -0.10451362 -0.06289680 0.75770513
v -0.09235920 -0.06284050 0.77521219
v -0.10076955 -0.05624349 0.79735405
v 0.02175695 -0.01146340 -0.96043423
v -0.07119832 0.01105330 0.61824458
v 0.01572564 0.05596131 -0.90848113
v -0.10022010 0.13868198 0.68006009
v 0.03575774 0.18200219 0.44363560
v -0.17293911 0.25280081 0.34498433
v -0.08101137 0.37582749 -0.41644597
v -0.02063017 0.52023722 -0.03429145
v -0.08493480 -0.80044808 -0.87320875
v -0.10260580 -0.79111493 -0.84140731
v -0.09990674 -0.79726943 0.80447728
v -0.09280138 -0.67532864 -0.84691865
v -0.08614317 -0.67712843 0.78184747
v -0.09641424 -0.65793888 -0.84163799
v -0.11887058 -0.66481560 0.79633201
v -0.12963971 -0.52389520 -0.85526217
v -0.09343799 -0.11806922 0.78726478
v -0.09948819 -0.06512186 0.79082258
v -0.04046475 -0.04881540 -0.92328087
v -0.19541573 -0.01567673 -0.96278270
v -0.05755774 0.01189914 -0.95907016
v -0.00690758 0.01702928 -0.72710012
v -0.07242953 0.04249645 -0.91483780
v -0.11746194 0.20469720 -0.68045406
v -0.11254335 0.31806292 0.44838238
v -0.17537443 0.42080151 -0.36672616
v -0.09480057 0.42006471 0.28876487
v -0.02593131 0.50482774 -0.21648045
v -0.09853405 -0.74289226 0.80697818
v -0.07892104 -0.64860259 -0.83768770
v -0.08596008 -0.63290205 -0.84368280
v -0.10084074 0.02719868 -0.73044738
v -0.00810824 0.19457064 0.61837897
v 0.04109024 0.20256344 -0.68215238
v 0.00610553 0.24781666 0.52872792
v -0.07155714 0.27825201 0.30737094
v -0.09121478 0.33492094 -0.48314752
v 0.01905941 0.33737776 0.40721882
v -0.11724314 0.36483586 0.35484212
v -0.11254006 0.52373480 -0.21172277
v -0.09528742 -0.78059991 0.77956929
v -0.07780315 -0.77434788 -0.85280833
v -0.10001283 -0.68195636 0.80458420
v -0.07828100 -0.67788038 -0.85449240
v -0.08540665 -0.65462811 0.76712401
v -0.05531295 -0.66215894 0.80447971
v -0.08304407 -0.63573732 -0.85532642
v -0.12695189 -0.52414268 -0.84399470
v 0.02237218 -0.38062663 0.78733277
v -0.01472391 -0.03820113 -0.80847367
v -0.13112636 -0.01192636 0.85768876
v -0.04388544 0.44597376 0.23999256
v 0.01883904 0.55221786 -0.16050419
v -0.06820230 0.55287031 0.07527130
v -0.06333222 -0.80473816 0.77565090
v -0.04930212 -0.79410651 0.76915971
v -0.08741366 -0.72073381 0.78262541
v -0.09284544 -0.30991382 -0.85596950
v 0.07518766 -0.04357008 -0.84396643
v -0.10203200 -0.01948379 0.88062638
v -0.10516027 0.01974356 -0.73075345
v -0.12766133 0.26567084 0.52003543
v 0.02219128 0.31628998 0.44958958
v 0.01277197 -0.80404198 -0.86619324
v -0.08734494 -0.68349395 -0.88026024
v -0.06455376 -0.64760542 -0.84050918
v 0.00718497 -0.51214410 -0.85586301
v -0.12191050 -0.35934095 0.77544643
v -0.08915895 -0.05978391 0.78701299
v 0.01918138 -0.03939772 -0.75043571
v -0.04619274 0.09775416 0.72586102
v -0.06338173 0.15525812 -0.76194971
v 0.00780117 -0.72215494 0.80843328
v -0.02644449 -0.65670112 0.76678957
v -0.08308952 -0.63994226 0.78724572
v -0.08784975 -0.03322680 0.77548783
v -0.13644239 -0.01664222 0.66320903
v -0.11237259 -0.00610854 0.87634658
v 0.00915556 0.01659776 -0.95450669
v -0.02966792 0.11375925 0.71876304
v -0.01891808 0.18860842 -0.69373200
v 0.00219813 0.25452990 0.52087444
v -0.01121557 0.26522102 0.51809171
v -0.16198353 0.33679470 0.22247281
v -0.04487311 0.46192287 0.23445115
v -0.01296910 -0.78940108 -0.84119243
v -0.02089728 -0.65329172 0.79813193
v 0.07063102 -0.04857637 0.82919477
v 0.13348197 -0.03635885 -0.79712552
v -0.17929121 -0.03859205 0.73280479
v -0.02176664 -0.00267018 -0.97921122
v -0.05058656 0.01940402 0.62236574
v -0.12970236 0.24295016 -0.61534794
v 0.00103485 0.40607737 0.29879001
v 0.01238640 0.57095982 -0.15466687
v -0.09215482 -0.78325773 -0.87998973
v -0.02803497 -0.79504118 0.80689547
v -0.03113204 -0.78562088 0.78289859
v -0.08082539 -0.72657488 -0.85518972
v -0.05146417 -0.64104126 0.77756578
v 0.07289991 -0.06051351 0.78677806
v -0.01810130 0.10128366 -0.84502670
v 0.03308417 0.10436605 0.72164831
v -0.08695508 0.26557669 -0.59833094
v 0.01914370 0.45917660 -0.29020796
v 0.00733323 -0.80428799 0.79755694
v 0.04163033 -0.79515253 -0.87736295
v -0.03289469 -0.77286636 -0.85326860
v -0.02970706 -0.63263138 0.77601790
v -0.04645497 -0.01174636 0.88107826
v 0.02227606 0.12694298 0.69905401
v -0.00604329 0.33565186 -0.48345616
v -0.05281615 0.45578939 -0.29531839
v 0.01385940 0.61608906 -0.11852179
v -0.00032961 -0.79878129 -0.84208843
v -0.00772699 -0.75389556 -0.85226292
v -0.03191636 -0.75077162 0.78114497
v -0.01867757 -0.72663809 0.78246226
v -0.02140697 -0.67341045 -0.85334533
v 0.01922744 -0.63851046 -0.85591177
v -0.01109667 -0.64086044 0.77855240
v -0.05154351 -0.02895885 -0.95605175
v 0.03655848 -0.02700899 0.61683974
v 0.00172153 -0.01169357 0.86830983
v 0.04656110 -0.00587166 -0.97108296
v -0.01947200 0.00339716 0.86028649
v -0.08913626 0.03106559 -0.93483731
v -0.01636060 0.04038450 0.80269076
v -0.00915286 0.08999562 -0.85115318
v -0.03880759 0.40371229 -0.37154464
v 0.13333413 0.42660341 -0.16529950
v 0.03840868 0.57560433 0.07420807
v 0.02604139 0.60964435 -0.13333378
v -0.02590163 -0.80188332 0.76980355
v -0.01345217 -0.66104952 -0.87800756
v -0.14364823 -0.12348626 -0.84386297
v 0.03103549 -0.03534110 0.77698456
v 0.07008654 -0.03045133 0.77428689
v 0.11101766 -0.01526567 -0.96304352
v -0.01581708 0.01222715 0.85872911
v 0.00243744 0.05101555 0.79086974
v 0.08703308 0.22785660 -0.63969573
v -0.02879191 0.42050642 0.28980094
v -0.11288243 0.50354737 0.15119612
v 0.01638672 0.51594815 0.14705105
v -0.00269872 -0.76340216 -0.84862235
v 0.00456537 0.00387450 -0.95627437
v 0.06468895 0.03057788 -0.93469068
v 0.01614110 0.14161634 0.67438832
v -0.10295166 0.15525474 0.66321417
v 0.00310425 0.26364114 -0.60020559
v -0.02513983 0.37573850 0.16893136
v -0.10316312 0.37706728 0.34908595
v -0.00167971 0.45220569 0.23407656
v -0.00206806 0.46049529 0.23097576
v -0.01435944 0.49062695 0.17089422
v 0.00538644 -0.73770676 -0.88193152
v -0.00083733 -0.77507097 0.77822407
v -0.01657522 -0.67504385 0.77980007
v -0.00259855 -0.68239862 -0.84929466
v -0.01410526 -0.66870426 0.80382378
v -0.00585374 -0.64949702 -0.84016789
v 0.01378493 -0.05482422 -0.88383988
v 0.04921316 -0.02751110 0.65920662
v -0.01540537 0.05936272 0.79066121
v -0.11376267 0.07245154 -0.87974262
v 0.00041168 0.29647591 -0.53932366
v 0.00996917 0.34774961 -0.47295715
v 0.02063486 0.43366908 0.08243574
v 0.00376606 -0.80511391 0.78734777
v 0.00649799 -0.77759837 -0.84815825
v 0.01633699 -0.78181709 0.77479303
v 0.00931546 -0.73461125 -0.85298358
v 0.01450044 -0.76961086 0.77966439
v 0.01683190 -0.69004067 -0.85437869
v 0.01121175 -0.65691718 0.76896767
v -0.01811962 -0.64155233 0.78711934
v -0.10002564 -0.36252462 -0.84420972
v 0.04562893 -0.15619713 0.78713831
v 0.08764071 -0.03816122 0.72834504
v 0.05268183 0.04449320 0.62342992
v 0.01511693 0.37683023 -0.41630456
v -0.00242444 0.46922359 -0.28595306
v 0.03071527 0.52399731 -0.20765287
v -0.00023626 0.53104833 0.11856952
v 0.01241807 -0.66077222 -0.85426330
v 0.01268666 -0.64197222 -0.84370582
v -0.02221911 -0.60316359 0.77594623
v -0.02062480 -0.03911119 0.75910064
v -0.08742257 -0.02186437 -0.97983201
v 0.02172685 0.02763170 0.63095692
v 0.00521641 0.03528405 0.63081808
v 0.02568484 0.04336435 0.80085820
v -0.11028200 0.05588262 0.61133492
v -0.01433876 0.21422266 -0.47356080
v 0.02034474 0.24785515 -0.60981160
v -0.00614588 0.31055520 -0.53039999
v 0.04809358 0.37799218 0.34709622
v -0.02050022 0.42040491 -0.36683163
v 0.00918658 0.61248204 0.04480020
v 0.00274104 -0.80583983 -0.85404531
v -0.00731168 -0.79661075 0.76920452
v 0.08067995 -0.64318437 0.78767227
v 0.00159127 -0.01186339 -0.98529908
v 0.11332591 -0.00530945 -0.72274201
v 0.10620751 0.31197967 -0.53144790
v 0.05769815 0.55226396 -0.16232366
v 0.04850754 -0.78573321 -0.88084149
v 0.02222995 -0.76775803 -0.85358785
v 0.01286004 -0.67648426 0.77887956
v 0.00494898 -0.05950735 0.80500025
v 0.08383118 -0.03096037 -0.76519051
v 0.17353931 0.01175219 -0.72470279
v 0.17753168 0.01227939 0.61872787
v 0.06834237 0.10436309 -0.84431885
v 0.05611217 0.17642583 0.62567884
v 0.04731947 0.23868844 0.36420023
v 0.10915071 0.28270215 -0.56663194
v 0.01958178 0.36447969 0.35322675
v 0.03022221 0.50601484 -0.21587108
v -0.00004193 0.61669627 0.01192514
v 0.04865923 -0.75640675 0.77873963
v 0.05134890 -0.73315446 -0.85408267
v 0.02662736 -0.49400782 0.77560117
v 0.04725141 -0.16161939 0.77558917
v -0.10695354 -0.04999132 0.78905776
v 0.06964556 -0.00757842 0.87630870
v 0.02931911 0.15504539 -0.76234005
v -0.01758358 0.30330827 -0.34331557
v 0.04067249 0.42112213 -0.36777149
v 0.04784517 -0.79992230 0.77221495
v 0.05348587 -0.78447130 -0.84269601
v 0.05122671 -0.67324101 -0.85313806
v 0.04914152 -0.05162565 0.79040549
v 0.18053905 -0.02706457 0.87565083
v 0.00059829 0.06787858 0.77945920
v 0.07426326 0.15357815 0.66433619
v 0.10479808 0.19018144 -0.69461257
v 0.03445038 0.50231535 0.15201555
v 0.08126329 0.52489284 -0.21364641
v 0.06727953 -0.64402182 -0.85553150
v 0.16558745 -0.51630233 -0.85557558
v -0.08920548 -0.06034141 -0.89940187
v 0.23615178 -0.03812940 0.64837147
v 0.19483711 0.02736157 -0.72930589
v 0.02455438 0.30049391 0.45668712
v 0.05066034 0.56818826 -0.16039741
v 0.06164544 -0.79393687 -0.84065249
v 0.08081076 -0.80605346 0.79379369
v 0.00514674 -0.79409863 0.80491996
v 0.07503579 -0.65970828 -0.87816246
v 0.07245509 -0.67556842 0.77320739
v 0.02677714 -0.30795133 0.77581087
v 0.11555692 -0.00007119 -0.95702858
v 0.08620713 0.19458622 0.61666682
v 0.08751527 0.37289893 -0.42440382
v 0.06711153 0.60905547 -0.13270517
v 0.06398402 -0.80226929 -0.86909697
v 0.06157675 -0.77415131 -0.85693834
v 0.06906799 -0.72950583 -0.85594893
v 0.06414882 -0.65534914 -0.84412822
v 0.17791882 -0.12396004 0.78724620
v 0.19823436 -0.05963036 0.81478590
v 0.17223198 -0.01196805 0.86891886
v 0.10207807 0.01197552 -0.96110901
v 0.13861855 0.01993928 -0.72993830
v 0.10566496 0.09045592 -0.85295711
v 0.04662919 0.13826647 -0.77487312
v 0.08782983 0.26494434 0.51958998
v 0.13720261 0.50796693 -0.21488730
v 0.04629117 -0.80296370 -0.84599623
v 0.13968825 -0.79166881 0.80771779
v 0.08988212 -0.67976436 -0.85355247
v 0.08364817 -0.65086027 -0.83678446
v 0.08854676 -0.01896941 0.70254090
v 0.14320348 0.01898707 0.84593309
v 0.07705897 0.14505121 -0.76588318
v 0.17025111 0.30110569 0.45673770
v 0.12189114 -0.78114734 -0.85253559
v 0.08365864 -0.76321664 0.78199342
v 0.08940030 -0.65026556 0.77597067
v 0.08350017 -0.62789937 -0.85594170
v 0.10944941 -0.02767670 -0.86057550
v 0.06790298 0.55291607 0.07586949
v 0.10815441 -0.67324946 -0.88085379
v 0.08242235 -0.03337822 -0.79011408
v 0.11602541 0.01521008 -0.95819560
v 0.11583498 0.04364709 -0.91531181
v 0.10836538 0.05765257 -0.90706505
v 0.07585608 0.24865146 0.52532786
v 0.14902069 0.33302577 0.41740121
v 0.10284455 0.45961774 0.23173362
v 0.13988847 0.46856095 0.03423195
v 0.17541066 -0.46312979 -0.85620371
v 0.19283610 -0.05988809 0.80224043
v -0.04429060 -0.03703660 0.62245479
v 0.14492712 0.04979338 0.79237194
v 0.16897227 0.31636550 0.44971852
v 0.12129946 0.33419128 -0.48425877
v 0.11189751 0.34940612 -0.47422540
v 0.07424319 0.35890757 -0.26353768
v 0.10872014 -0.79726277 0.76764586
v 0.14464933 -0.72133867 -0.85725785
v 0.09716144 -0.64624323 -0.86487781
v 0.16918555 -0.03574975 0.71677795
v 0.21493813 -0.03792070 0.72829487
v 0.10265412 -0.02048231 0.86019056
v 0.12971782 0.00427719 0.85946882
v 0.15321052 0.11371479 0.71784976
v 0.12032711 0.29822421 -0.53911169
v 0.13210169 0.40397240 -0.37201841
v 0.11679845 0.42085044 0.28984881
v 0.09558868 -0.80560982 -0.85468617
v 0.18970185 -0.51760647 0.78728384
v 0.12347329 -0.05561239 -0.91571452
v 0.12616405 -0.03743230 -0.83713571
v 0.14853441 -0.03803900 -0.80588650
v 0.19157881 -0.03581308 0.77683616
v 0.14495420 0.01209365 0.85906939
v 0.13277101 0.03527069 0.63087693
v 0.14456445 0.05447192 0.61247883
v -0.01832002 0.09133102 0.56602381
v 0.10035340 0.15580826 -0.76186807
v 0.12125946 0.17972705 -0.52197442
v 0.17771083 0.17646783 0.62544774
v 0.24063246 0.24759765 0.52936743
v 0.12119769 0.43429003 0.26029013
v 0.12606582 0.44612781 0.23851128
v 0.10961674 0.52529153 0.12926275
v 0.06744016 0.57050515 -0.15566408
v 0.10924978 -0.79450449 -0.84145961
v 0.11751165 -0.66399081 0.78065856
v 0.10209269 -0.65299102 -0.84101085
v 0.08296165 -0.62102901 -0.84347747
v 0.07249129 -0.03524766 0.83958874
v 0.02889345 -0.03949961 -0.73572641
v 0.17710742 -0.01981733 0.87958405
v 0.23347920 0.25509635 0.52144345
v 0.13966718 0.28501539 0.29705452
v 0.12251459 0.37693112 -0.41549945
v 0.14128961 0.40468611 0.29728223
v -0.01175273 0.47836944 -0.09142262
v 0.12911926 0.55279705 -0.16356545
v 0.14293535 0.59349000 0.06313972
v 0.14797433 -0.80116259 -0.84174296
v 0.07066037 -0.68807403 0.78034893
v 0.16443336 -0.67299748 -0.85318080
v 0.13452418 -0.63958233 -0.84297713
v 0.20601769 -0.03516692 -0.75815835
v 0.23817605 -0.02973129 -0.96027064
v 0.14365784 0.24817958 -0.60952280
v 0.11726670 0.47077175 -0.28673223
v 0.11990483 0.48572084 0.18335263
v 0.15320616 0.51431931 0.14499586
v 0.14404870 0.55283005 0.07386476
v 0.14540471 0.57573008 0.07367391
v 0.15398131 -0.78663851 -0.84321346
v 0.13199539 -0.67896528 0.76985007
v 0.14444152 -0.63504863 -0.85566360
v 0.20826741 -0.55749946 0.77588066
v 0.05572712 -0.12771742 -0.85565250
v 0.14972065 -0.03626468 -0.85633373
v 0.16931304 -0.03600344 0.85409979
v 0.11368484 -0.03099505 -0.94118153
v 0.16047961 0.15377438 -0.76361614
v 0.15857879 0.23579414 -0.62594516
v 0.07566265 0.22659317 0.56317907
v 0.13098480 0.30953751 -0.53002289
v 0.12579370 0.34623044 -0.46916370
v 0.14036170 0.41943293 0.28592736
v 0.16894368 0.47028635 -0.28029896
v 0.16635451 0.52065012 -0.03498504
v 0.14918548 0.61207129 0.04597222
v 0.12385223 0.61624351 -0.03295231
v 0.15422320 -0.80298617 -0.87042813
v 0.14529992 -0.78110178 -0.88233142
v 0.17314766 -0.78436613 0.77097737
v 0.15817259 -0.78542839 0.78411960
v 0.14186952 -0.65710175 0.79926192
v 0.17159339 -0.52129387 -0.84392819
v 0.16931060 -0.45985675 -0.84364883
v 0.21414973 -0.05667331 0.79030095
v 0.19364549 -0.04977271 -0.92393167
v 0.11124850 -0.03626930 -0.86485357
v 0.10777495 -0.03327220 -0.77808149
v 0.27134850 -0.01177908 -0.95933771
v 0.15015017 0.05966738 0.79140449
v 0.15594493 0.25560289 -0.60767080
v 0.14156369 0.37377128 0.35131727
v 0.22052903 0.44580211 0.24139254
v 0.12865352 0.45825840 -0.29109748
v 0.10239016 0.50379085 0.14959698
v 0.16096572 0.57940495 0.07625594
v 0.17310857 -0.80514764 0.77420004
v 0.15688064 -0.69246024 0.78103416
v 0.15997370 -0.66120266 0.77476698
v 0.18488101 -0.65168391 0.80062671
v 0.24215584 -0.63109513 -0.84347302
v 0.19078884 -0.00237708 -0.97942490
v 0.14400642 0.07059436 0.77566741
v 0.13064399 0.24529112 -0.42867738
v 0.19971971 0.50097218 0.15364942
v 0.17496309 0.61379447 0.04581949
v 0.17947302 -0.80578317 0.79714035
v 0.20688858 -0.74055014 0.80822086
v 0.16556994 -0.79461311 -0.87750551
v 0.16277090 -0.77968452 -0.85364676
v 0.15426022 -0.68610999 0.80655880
v 0.18449640 -0.65746287 -0.83825718
v 0.16146290 -0.64957349 -0.87218792
v 0.02280433 -0.34322616 -0.85610412
v 0.27281665 -0.03120804 0.71158778
v 0.08181060 -0.03233468 0.86722845
v 0.14225146 -0.01641404 0.67207658
v 0.21373344 -0.01179598 0.88134723
v 0.12332641 -0.01080111 0.85553341
v 0.16328898 0.01457922 -0.95964685
v 0.14333137 0.12736545 -0.59549418
v 0.18524248 0.14110273 0.67732079
v 0.10346465 0.13289159 0.50995162
v 0.19919161 0.26436477 -0.60056937
v 0.14697002 0.33477257 0.22553355
v 0.18051419 -0.80671355 -0.84783445
v 0.19404502 -0.79657929 0.76966934
v 0.17195424 -0.79797906 0.76694123
v 0.16927807 -0.70007574 -0.85629228
v 0.18160132 -0.63502847 0.78748131
v 0.17511409 -0.50711490 -0.86304686
v 0.18575894 -0.46200234 0.77551344
v 0.13221364 -0.34512964 -0.84406416
v 0.20887444 -0.23408288 0.78768530
v 0.19377930 -0.06830748 0.78771686
v 0.16110614 -0.05422971 -0.88290648
v 0.13238085 0.06845840 -0.67515268
v 0.15877405 0.14295206 -0.76688012
v 0.16271760 0.19180503 -0.69017840
v 0.15959979 0.20308334 -0.67996922
v 0.17859925 0.36394724 0.35434199
v 0.21134776 0.42034738 0.29074484
v 0.15687218 0.52364304 -0.20974098
v 0.18647780 -0.80086528 -0.87408452
v 0.18883550 -0.78803564 0.78270381
v 0.17849535 -0.67887750 -0.88040391
v 0.18004275 -0.51362656 -0.83701335
v 0.17718158 -0.46838197 -0.83719951
v 0.20779654 -0.42856985 -0.84398120
v 0.20824689 -0.20242071 -0.84409155
v 0.15724201 -0.27077108 0.77568905
v 0.21598760 -0.04352704 -0.84388444
v 0.31009193 -0.03685381 0.62281981
v 0.22958730 -0.03246783 0.77608320
v 0.23407910 -0.00019408 -0.95789327
v 0.22733829 0.06240026 0.79239344
v 0.19980609 0.15395285 0.66577909
v 0.20895335 0.29473804 -0.54203310
v 0.10075699 0.38880552 -0.40431660
v 0.13851757 0.42044135 -0.36623903
v 0.18413817 0.50752959 0.14853904
v 0.21993147 0.51468789 0.14591630
v 0.17422358 0.55393849 0.07602663
v 0.19642099 -0.80192674 -0.84185937
v 0.18272193 -0.78290982 -0.84421942
v 0.17884390 -0.75745884 0.78075077
v 0.19425270 -0.71861973 -0.85587809
v 0.22119296 -0.67294715 0.77216697
v 0.18026934 -0.64195317 -0.84315730
v 0.18532917 -0.51009845 0.77562679
v 0.18722291 -0.51191884 -0.87755835
v 0.19532785 -0.50081805 -0.84850231
v 0.19374401 -0.50753923 0.80444680
v 0.18553249 -0.46719398 0.78727844
v 0.18514666 -0.46785951 -0.87767351
v 0.19443055 -0.45890596 -0.84279168
v 0.21023147 -0.45062385 0.77650946
v 0.19956451 -0.39815480 -0.85556483
v 0.21212608 -0.14421444 0.78796803
v 0.20000604 -0.11386442 -0.85607615
v 0.19389941 -0.11812131 0.77576097
v 0.23537382 -0.06036075 -0.90025657
v 0.13478224 -0.05570865 0.82169500
v 0.12966625 -0.01750761 0.66297734
v 0.20215547 0.55012603 -0.16079954
v 0.19411602 -0.78534377 -0.85437540
v 0.20092479 -0.75921272 0.77900963
v 0.18592067 -0.67246641 -0.84935233
v 0.15890417 -0.64213509 0.77508888
v 0.18489380 -0.50644943 -0.82079615
v 0.19491520 -0.50820968 0.76267217
v 0.19390015 -0.47447143 -0.83801037
v 0.19159323 -0.47217801 -0.82501915
v 0.18619703 -0.46829741 -0.81828402
v 0.22223895 -0.45988470 -0.81576702
v 0.19514639 -0.46726448 0.80713111
v 0.20863204 -0.45221340 0.78821738
v 0.20058141 -0.25208160 -0.85564802
v 0.20348847 -0.10009192 -0.84351011
v 0.19283753 -0.12755763 0.79065755
v 0.20354182 -0.11206325 0.76143321
v 0.20250420 -0.06966393 0.75846868
v 0.19696857 -0.05977989 0.77575507
v 0.13189559 -0.02703391 -0.72251525
v 0.13723862 0.10066737 -0.84722332
v 0.21469120 -0.79592432 0.76750310
v 0.21110362 -0.50957935 0.76499422
v 0.20592055 -0.48537840 0.78873428
v 0.21946558 -0.45508819 -0.83572431
v 0.20750660 -0.45114357 -0.85705274
v 0.20898202 -0.32318734 -0.85695225
v 0.20891818 -0.14281261 -0.85562318
v 0.21062662 -0.13152016 -0.85878437
v 0.19829152 -0.07386893 0.81142384
v 0.20331288 -0.05977159 -0.84358251
v 0.21172166 -0.06538100 0.79982680
v 0.25880157 -0.02998421 -0.78970507
v 0.18104589 0.02766187 0.62804522
v 0.20051935 0.50125049 -0.22375078
v 0.21753169 0.52174514 -0.21132426
v 0.21024930 0.61422878 -0.11231110
v 0.20251012 -0.52047265 0.77643032
v 0.20709815 -0.48743101 -0.85646626
v 0.20139277 -0.47092412 0.76088289
v 0.21277900 -0.45569584 0.79669234
v 0.21565497 -0.45592762 0.76499275
v 0.21920818 -0.43815716 -0.86862952
v 0.21550174 -0.44192051 -0.80147716
v 0.21555778 -0.44737151 -0.83682192
v 0.21794897 -0.30519572 0.79736940
v 0.21615327 -0.23718237 0.76610696
v 0.21549723 -0.28122015 -0.83713707
v 0.21633510 -0.20275398 -0.86529029
v 0.21551124 -0.31860001 -0.80485160
v 0.21550082 -0.25616889 -0.80512240
v 0.21048093 -0.15500930 0.77598731
v 0.20917919 -0.17989511 -0.85677958
v 0.21663482 -0.13295111 -0.81537809
v 0.21541601 -0.13198659 -0.83690430
v 0.21684634 -0.12154657 0.76991568
v 0.21530350 -0.10617389 -0.83659444
v 0.21345654 -0.10340614 0.78464051
v 0.21751342 -0.07217406 -0.83578067
v 0.21174821 -0.06946781 -0.86048318
v 0.12792261 -0.03918626 0.63608117
v 0.19619031 -0.03795245 0.84007219
v 0.20795941 0.02011032 0.62046809
v 0.22439755 0.54952438 0.07965468
v 0.22238960 0.56006796 -0.15510207
v 0.20675805 0.57368082 -0.16144325
v 0.21130341 0.60900574 -0.13471934
v 0.23873305 -0.78928237 -0.84149074
v 0.23584799 -0.65767670 0.77282117
v 0.26453544 -0.64031232 0.78760193
v 0.22117086 -0.50036425 0.78980500
v 0.23401114 -0.47891462 0.78975224
v 0.22318298 -0.45038425 -0.83565498
v 0.22873563 -0.44635061 -0.81734654
v 0.21689803 -0.42794034 0.75096650
v 0.21709830 -0.26153164 0.75084339
v 0.22397411 -0.32458876 0.74702000
v 0.22536646 -0.26637770 0.80092642
v 0.22354511 -0.19040107 -0.80494850
v 0.22439780 -0.17616882 -0.86872416
v 0.21845350 -0.13368126 0.75109953
v 0.22399997 -0.13105057 0.74624945
v 0.22610975 -0.12430699 -0.81014889
v 0.22375373 -0.14628561 0.79923076
v 0.19888149 -0.13200295 0.81215982
v 0.22799691 -0.09820356 -0.83622953
v 0.20135251 -0.05953704 -0.85599730
v 0.16899470 -0.02831288 -0.76638931
v 0.29187294 -0.03229536 0.86713283
v 0.22609639 0.05051738 0.79533801
v 0.26350204 0.08976405 -0.85143823
v 0.12229194 0.09853693 0.72643549
v 0.22065540 0.42011980 -0.36693945
v 0.22398241 0.59586753 -0.13834824
v 0.22255247 0.60934823 -0.11356489
v 0.22535379 0.61312176 0.04406218
v 0.20982734 -0.78301317 -0.88040604
v 0.27028574 -0.68243549 0.80537134
v 0.25604330 -0.65277253 0.79833146
v 0.28133836 -0.52280199 -0.84422426
v 0.34248059 -0.51802327 -0.86865896
v 0.18503297 -0.51537481 -0.86060910
v 0.25296181 -0.50676980 0.76665344
v 0.22522991 -0.45294656 -0.86832750
v 0.22882378 -0.46831288 0.76495329
v 0.23183217 -0.43298461 -0.85337784
v 0.22419395 -0.44310493 -0.80083220
v 0.22622948 -0.43678347 0.75420342
v 0.22628760 -0.42642539 -0.83848697
v 0.22447746 -0.45171977 0.80110405
v 0.22732836 -0.29283459 0.75108036
v 0.22734785 -0.42329352 -0.81582382
v 0.23125353 -0.34942183 -0.82240627
v 0.22745954 -0.45922955 0.78277772
v 0.22374911 -0.29514893 -0.80672592
v 0.23175638 -0.34940743 0.78708592
v 0.22728877 -0.31680820 0.77792550
v 0.22762604 -0.32091499 0.75779851
v 0.23059923 -0.22643595 -0.82119405
v 0.22701827 -0.29694070 -0.83697913
v 0.23099960 -0.25575729 -0.85338579
v 0.23148742 -0.20979605 -0.82212466
v 0.22784992 -0.15413865 0.75170483
v 0.22731843 -0.22846790 0.77988565
v 0.22970147 -0.14566791 0.78494705
v 0.22271653 -0.13898552 -0.86283315
v 0.22652746 -0.13933179 -0.83660750
v 0.23396897 -0.12915626 -0.83682457
v 0.21482832 -0.12310450 -0.87965359
v 0.23137018 -0.11745014 0.75884199
v 0.23194016 -0.10670473 -0.84446730
v 0.20904797 -0.07674405 0.77199902
v 0.24950127 0.07494555 0.76838628
v 0.24075514 0.15603029 -0.76366721
v 0.28544542 0.37596475 0.35164394
v 0.18867993 0.42619161 0.09282223
v 0.21828504 0.46085236 -0.28696597
v 0.24586359 -0.80539685 0.77276293
v 0.23702331 -0.78455367 0.78246886
v 0.23926112 -0.77901910 -0.85330627
v 0.19307335 -0.68637415 0.77990718
v 0.24151578 -0.65151366 -0.83463649
v 0.37525055 -0.51828788 -0.86061539
v 0.33126429 -0.48075154 -0.85561075
v 0.22229270 -0.46719500 -0.80336559
v 0.23974129 -0.45875372 -0.84044061
v 0.24605773 -0.44559636 -0.81543934
v 0.24268914 -0.45140166 0.80083120
v 0.22944875 -0.44440321 -0.83255234
v 0.24440285 -0.46080037 0.78507408
v 0.24546874 -0.42644119 -0.84756725
v 0.24369364 -0.43466118 -0.86838030
v 0.23582302 -0.22956353 -0.86892784
v 0.24768011 -0.30338211 -0.86685261
v 0.24117040 -0.34108845 0.78774025
v 0.23951952 -0.24196580 -0.85302107
v 0.24762696 -0.17550695 -0.82156881
v 0.24581538 -0.15539863 -0.86647665
v 0.24629634 -0.14293775 0.78710624
v 0.23027473 -0.14904176 -0.82118521
v 0.25514090 -0.13742010 -0.86116837
v 0.23425218 -0.14378524 -0.85112012
v 0.23143269 -0.13347426 -0.82807694
v 0.19178535 -0.03923647 0.75870976
v 0.22828093 -0.01194549 0.85567056
v 0.21642089 0.04344561 -0.91452979
v 0.22601546 0.26425799 0.52004064
v 0.28949962 0.30074128 0.45600074
v 0.33562429 0.48958607 -0.07636423
v 0.22878871 0.58420973 0.07276451
v 0.24062565 0.55708975 -0.15982054
v 0.26221744 0.59354005 -0.14087796
v 0.25873076 -0.78740952 0.77125387
v 0.21739883 -0.79514469 0.80377126
v 0.23859597 -0.47841357 -0.85306005
v 0.20042910 -0.46962797 0.81060083
v 0.24690727 -0.44600843 -0.83930633
v 0.23197236 -0.43655320 -0.82112907
v 0.24860539 -0.27437934 -0.82056109
v 0.25488196 -0.27696221 0.79897430
v 0.24947862 -0.40368948 0.78449232
v 0.24236214 -0.14626388 0.80067071
v 0.24418837 -0.13446409 0.76785776
v 0.22472306 -0.13027434 -0.87570110
v 0.21854262 -0.08435209 0.79027106
v 0.27074838 -0.06893177 0.76626033
v 0.26330841 -0.05943377 0.78704379
v 0.25169288 -0.06232301 0.80105810
v 0.25551391 -0.03859703 -0.83747283
v 0.20169471 -0.01071311 -0.96870766
v 0.10304942 0.04168926 -0.71218832
v 0.20054433 0.18457464 0.43953267
v 0.30091415 0.26553157 0.51954174
v 0.23628609 0.33444633 -0.48341050
v 0.23552082 0.34745529 -0.47296691
v 0.22686071 0.37037510 -0.24662851
v 0.22891089 0.38386039 0.33729883
v 0.23292412 0.55371120 0.07358623
v 0.25408243 0.61354185 0.04610884
v 0.23758137 -0.80593460 -0.86626756
v 0.25909370 -0.72566825 -0.85764622
v 0.24080771 -0.71457241 -0.88217292
v 0.25674824 -0.67629020 -0.85495400
v 0.25481695 -0.65658734 -0.83999933
v 0.26490860 -0.63761984 0.77569578
v 0.28115213 -0.47126246 -0.81218054
v 0.25933061 -0.47278871 0.76640114
v 0.26370683 -0.45907090 -0.81734127
v 0.25309496 -0.44464702 -0.80340682
v 0.26031485 -0.44299648 0.73654508
v 0.25670698 -0.45754290 0.76588616
v 0.24935374 -0.44766284 0.78175161
v 0.25181113 -0.43762114 -0.81707685
v 0.25493102 -0.43629754 -0.80148360
v 0.25995364 -0.45217306 -0.85481446
v 0.24633092 -0.42486688 -0.82240842
v 0.25546031 -0.30120464 0.73166433
v 0.24799377 -0.33450737 -0.82171878
v 0.25535824 -0.36592037 -0.80255797
v 0.25621898 -0.32960118 -0.80957042
v 0.25023682 -0.43525959 0.75433383
v 0.25302126 -0.35265184 -0.81385390
v 0.25251397 -0.35171077 0.73494417
v 0.25218045 -0.39591929 -0.83693666
v 0.25133315 -0.42247317 0.77388104
v 0.25051982 -0.28795675 0.75318061
v 0.25281679 -0.24083175 0.77337247
v 0.24814690 -0.22456739 -0.82347621
v 0.24840035 -0.27928401 -0.84709516
v 0.25197993 -0.23015013 -0.81293420
v 0.25544343 -0.27028055 -0.79931620
v 0.25488653 -0.14852747 -0.79526875
v 0.25177720 -0.18735039 0.73490964
v 0.25241524 -0.14704299 0.78218002
v 0.25209059 -0.21541139 -0.83634817
v 0.25179107 -0.13879681 -0.83750220
v 0.25402047 -0.14588328 0.77448627
v 0.25898276 -0.14522422 0.73247963
v 0.25417121 -0.14648926 0.74510148
v 0.25129557 -0.14781359 0.75753084
v 0.24858985 -0.14360811 -0.82133907
v 0.25580654 -0.13700545 -0.80386634
v 0.24746310 -0.12517360 -0.81052291
v 0.25498508 -0.12722606 0.75777035
v 0.21477968 -0.07356616 -0.87870099
v 0.24972565 -0.06697280 0.80101434
v 0.26859633 -0.04927455 0.77619721
v 0.35672086 -0.03935456 0.63658465
v 0.26674829 0.01360438 -0.95948565
v 0.24016617 0.01355096 0.85913342
v 0.20321304 0.03060882 0.82868044
v 0.20068416 0.05941803 -0.90740045
v 0.26862988 -0.68739810 0.77874080
v 0.27335862 -0.67208063 -0.85224124
v 0.26839395 -0.66240104 0.77049890
v 0.24985896 -0.63996653 -0.85522039
v 0.26399568 -0.46888094 0.75491873
v 0.30910972 -0.47394889 0.78339946
v 0.25396488 -0.45485410 0.79933350
v 0.27343224 -0.44751249 -0.80575368
v 0.26440307 -0.44399039 -0.80274116
v 0.26835956 -0.43570682 0.74820540
v 0.25578765 -0.43582122 0.73350465
v 0.27051484 -0.40555974 -0.81101034
v 0.26293040 -0.32177142 0.73526722
v 0.26243525 -0.34075067 -0.84828127
v 0.25617806 -0.31359503 -0.86104170
v 0.26243814 -0.26585447 -0.80240442
v 0.26213958 -0.22948520 -0.85049944
v 0.26243036 -0.14465467 -0.84919655
v 0.26209812 -0.15596307 -0.80195305
v 0.26204932 -0.15396553 -0.83131141
v 0.26497664 -0.15238101 0.79030971
v 0.26263106 -0.14026950 0.73983005
v 0.25151401 -0.12933213 -0.87497690
v 0.29493867 -0.06577010 -0.86068190
v 0.23552573 -0.06063512 0.77737533
v 0.26863348 -0.03498145 0.77514214
v 0.28048206 -0.02890827 -0.77615754
v 0.29235256 0.05736558 -0.90541294
v 0.20577917 0.09018142 -0.85220423
v 0.24369895 0.09866126 0.72597613
v 0.26750074 0.09989817 -0.84726977
v 0.27030885 0.12295112 -0.80883146
v 0.26519348 0.15484518 -0.76154638
v 0.25373216 0.19225238 -0.68904501
v 0.24292003 0.20335365 -0.68144346
v 0.26341255 0.25532755 -0.60769869
v 0.23233865 0.37772153 -0.41336445
v 0.24789040 0.40353078 -0.36896221
v 0.27259489 0.40516919 0.29946568
v 0.19422955 0.36865663 0.17867640
v 0.27261792 -0.79361695 0.80618239
v 0.29087753 -0.79323914 0.77051737
v 0.26657226 -0.66896028 -0.87849576
v 0.18399598 -0.52264050 -0.85495448
v 0.25686819 -0.46855453 0.73855662
v 0.24778274 -0.46041503 -0.87548522
v 0.26435977 -0.45258976 -0.82349575
v 0.26556359 -0.42741280 0.76928435
v 0.26715961 -0.43529185 -0.82551144
v 0.27010445 -0.34939142 0.74571811
v 0.26890772 -0.32986802 -0.82652268
v 0.26458009 -0.32030976 0.78858379
v 0.26982938 -0.32561959 0.74527955
v 0.26439093 -0.32162402 0.76644528
v 0.26237068 -0.29097650 -0.83192336
v 0.26491684 -0.15700489 0.76687709
v 0.27047368 -0.14534701 -0.84461121
v 0.27077877 -0.14329114 -0.80763641
v 0.27906819 -0.13507992 -0.80578735
v 0.27158062 -0.12860486 -0.79744423
v 0.33370441 -0.11304103 -0.83327315
v 0.26508456 -0.11247394 0.76192617
v 0.27349030 -0.08772032 0.79028321
v 0.27217473 -0.04687475 0.78899710
v 0.38564398 -0.03611837 0.71792413
v 0.16382556 -0.03461903 0.65556652
v 0.28887909 0.04413172 -0.91551661
v 0.25679465 0.06048863 0.79200655
v 0.26540448 0.10607495 0.72031662
v 0.23659231 0.50407654 -0.21729789
v 0.22432887 0.52488743 0.12784143
v 0.25633655 0.58261432 0.07342107
v 0.26037098 -0.77802738 -0.85314306
v 0.28230252 -0.77872017 0.78207850
v 0.28325587 -0.73738236 0.80958450
v 0.27539681 -0.74820313 -0.85356832
v 0.25597908 -0.50742926 -0.83464781
v 0.27305526 -0.46134108 0.75671486
v 0.27047931 -0.45160380 0.78365446
v 0.27102579 -0.43601714 -0.81237829
v 0.28877055 -0.42365620 -0.82091161
v 0.27329717 -0.31584290 -0.82248410
v 0.27160519 -0.26378840 -0.81164827
v 0.26912043 -0.15153348 0.74772624
v 0.27120621 -0.16677789 0.75699672
v 0.27099043 -0.15377670 -0.81184686
v 0.27133603 -0.13774262 -0.84847267
v 0.22440952 -0.11676970 -0.82537523
v 0.25140100 -0.05722787 0.82105864
v 0.25780472 -0.00658197 0.87639246
v 0.22231194 0.00341789 0.85981312
v 0.28545984 0.29065910 -0.36211270
v 0.27323784 0.29798927 -0.53743245
v 0.39661176 0.32554741 0.23868836
v 0.23811437 0.31094738 -0.53096721
v 0.29244514 0.38499638 -0.40471123
v 0.61071124 0.38245070 0.15875052
v 0.26772022 0.55208920 0.07530316
v 0.32626435 -0.80444315 -0.85285262
v 0.25036536 -0.79985145 -0.84208773
v 0.27482227 -0.65627863 0.79713433
v 0.30788991 -0.51488492 0.76938522
v 0.22822503 -0.05033161 0.82917737
v 0.30869499 -0.04011430 -0.75028095
v 0.27689992 0.09822592 0.55718870
v 0.31361869 0.17884332 -0.71497309
v 0.26721261 0.24885632 0.35095705
v 0.25176891 0.24777488 -0.60911056
v 0.25907648 0.45589744 -0.29124285
v 0.25059974 0.61029640 -0.12233975
v 0.30523096 -0.80380743 0.77394755
v 0.29339057 -0.74579274 -0.85471374
v 0.28023412 -0.65853425 0.76956071
v 0.25569813 -0.64107154 -0.84397367
v 0.37715776 -0.32448919 -0.81148780
v 0.26867501 -0.26460083 0.74687586
v 0.34325924 -0.13754603 -0.81769136
v 0.29514433 -0.14431960 0.75041387
v 0.25921723 -0.12162695 0.76530551
v 0.26199641 -0.06683943 -0.83112848
v 0.33584458 -0.05892167 0.78447655
v 0.25113056 -0.03677370 -0.72564006
v 0.31990364 -0.02410003 -0.76498653
v 0.36911999 -0.00715613 -0.95858197
v 0.32940487 0.15480993 -0.76275440
v 0.27113370 0.61092486 0.03828346
v 0.29903651 0.61354231 -0.03293422
v 0.28556965 -0.79355147 -0.87826259
v 0.31089197 -0.74682626 0.78088955
v 0.25981182 -0.65485007 -0.87194695
v 0.32519730 -0.51488075 -0.83790161
v 0.26747363 -0.46367927 0.74458201
v 0.27985402 -0.45096497 0.75441533
v 0.37643058 -0.44378271 -0.80426791
v 0.30960317 -0.43624735 -0.81190839
v 0.27129871 -0.41627275 0.75650364
v 0.26843534 -0.13136469 -0.85713653
v 0.25440353 -0.13179356 0.72426447
v 0.23238168 -0.08246781 -0.84327461
v 0.27029035 -0.06460543 -0.83723615
v 0.33570718 -0.03418545 0.65536636
v 0.13400820 -0.02846538 -0.97136033
v 0.30877506 0.01751855 0.85267970
v 0.37232545 0.09810736 0.72430412
v 0.34667548 0.10668515 -0.84491536
v 0.25468542 0.14333881 -0.76594013
v 0.28147156 0.38102807 0.34828991
v 0.25435512 0.54373818 -0.17958384
v 0.27948809 -0.80594292 0.79664741
v 0.29678679 -0.50053775 -0.85461734
v 0.33726167 -0.44636128 -0.83819270
v 0.26888749 -0.32820767 -0.81115902
v 0.29423561 -0.13666292 0.74316859
v 0.34650189 -0.13816982 0.72677147
v 0.26927774 -0.12630800 0.73165578
v 0.26899412 -0.12884855 0.81162629
v 0.30093647 -0.07335744 0.77136462
v 0.26250789 -0.07588781 0.81269328
v 0.23160664 0.14108044 0.67521784
v 0.28684762 0.31638502 0.44898218
v 0.30522237 0.41948618 -0.36799419
v 0.25631718 0.46908577 -0.28424275
v 0.37244660 0.55313888 -0.16143021
v 0.40516847 0.57099765 0.07497214
v 0.37085011 -0.79463168 0.80789146
v 0.30621564 -0.77935093 0.76933704
v 0.31202289 -0.77994237 -0.84375519
v 0.37425736 -0.65475316 -0.84045619
v 0.26705852 -0.46766537 -0.87921682
v 0.33112109 -0.45268967 0.78565895
v 0.34371077 -0.43741774 0.76783471
v 0.27095239 -0.33192246 0.75806334
v 0.27180838 -0.14422190 0.77751465
v 0.22310603 -0.01185502 -0.98582279
v 0.28518302 0.04912683 0.79289349
v 0.33879197 0.07271533 -0.88178485
v 0.34665911 0.11230271 -0.61642141
v 0.28168321 0.11339699 0.71781140
v 0.28796123 0.27350481 -0.58078779
v 0.34648230 0.38741361 0.32890140
v 0.29779521 0.48010877 0.19475934
v 0.30607122 0.50056887 0.15269417
v 0.30992697 0.51507507 0.14565658
v 0.32060753 -0.80061915 -0.87729824
v 0.34726587 -0.78606540 0.77306685
v 0.31884035 -0.78267656 0.78568279
v 0.28181433 -0.53133229 -0.85492640
v 0.33040169 -0.46070123 0.76026490
v 0.28229934 -0.34530594 -0.82218091
v 0.36053290 -0.32939802 -0.82436191
v 0.34982686 -0.17971943 0.74751133
v 0.27129312 -0.15366243 -0.82231760
v 0.31870225 -0.09148387 -0.83443933
v 0.39979561 -0.03794779 -0.79940998
v 0.29518021 -0.03548733 0.84852800
v 0.20893966 -0.02101175 -0.98013986
v 0.35470176 0.04811760 0.79470818
v 0.42532063 0.05960761 -0.90824786
v 0.36316846 0.09103885 -0.85486722
v 0.26679914 0.19354221 0.62021289
v 0.31970079 0.23008074 -0.63473499
v 0.40442016 0.33661246 -0.48247236
v 0.39312185 0.46243037 0.22777046
v 0.25077787 0.52360047 -0.21394971
v 0.37110878 -0.79973047 0.77143328
v 0.37956466 -0.46130000 0.74281213
v 0.37546395 -0.45124634 -0.81512203
v 0.27091189 -0.31903963 0.75662997
v 0.34883572 -0.11150408 0.76122862
v 0.31622828 -0.03958199 -0.85548192
v 0.23072952 -0.03674552 -0.86424121
v 0.26248364 -0.03984537 -0.73481792
v 0.33120368 0.04283804 -0.71005122
v 0.38962610 0.19302835 0.61975694
v 0.48463117 0.26142210 0.33306172
v 0.29013775 0.36406251 0.35369378
v 0.31439593 0.50614967 -0.21740218
v 0.35152913 -0.72839915 0.80974520
v 0.32005861 -0.68825175 0.77970669
v 0.37395383 -0.46762546 0.73758195
v 0.34955226 -0.45987522 -0.87512504
v 0.38628138 -0.43647081 -0.82473522
v 0.35205004 -0.32764215 0.74590586
v 0.35408753 -0.16480747 -0.82204778
v 0.27088086 -0.15212491 0.76157213
v 0.35476847 -0.12845564 0.75148713
v 0.34390698 -0.05402961 -0.88383430
v 0.29871520 -0.03874685 0.77296457
v 0.44096858 0.29960348 -0.53712306
v 0.29969932 0.37234567 -0.42262391
v 0.28950360 0.46032033 0.23355845
v 0.28589433 0.60936683 -0.12118738
v 0.45278509 -0.64151916 0.78768821
v 0.34144528 -0.50676664 -0.87914643
v 0.37206593 -0.45072822 0.75297798
v 0.35720564 -0.42454351 -0.82079773
v 0.36973750 -0.31526915 0.75694523
v 0.35630694 -0.31357966 -0.82208692
v 0.34653799 -0.14063022 0.75157539
v 0.25714116 -0.14196401 0.79825302
v 0.38026853 -0.12514233 -0.80527185
v 0.33598858 -0.12879071 0.72583433
v 0.39415199 -0.10621992 -0.84199508
v 0.40571524 -0.06675607 -0.83036157
v 0.23762238 -0.02947406 -0.86051039
v 0.36065281 0.00943996 -0.72348597
v 0.30285512 0.34806569 -0.46903491
v 0.32906795 0.44340563 0.23910271
v 0.34256631 0.45802672 -0.28944037
v 0.37837106 0.47004293 -0.28249186
v 0.41950197 -0.80564587 0.78650991
v 0.37197641 -0.76923025 -0.85272858
v 0.36083679 -0.67478635 0.80490523
v 0.45167847 -0.65414681 0.79778117
v 0.33231262 -0.63939613 -0.85618463
v 0.28918934 -0.52181922 0.78769283
v 0.32886552 -0.49958243 0.79079430
v 0.36010157 -0.46951781 0.81017406
v 0.34777515 -0.47216275 -0.83597032
v 0.47235053 -0.46667496 -0.80143936
v 0.40506243 -0.13336876 -0.85079491
v 0.35991057 -0.14423668 0.74673377
v 0.43356883 -0.13064219 -0.79957097
v 0.37231034 -0.12206653 0.76380579
v 0.32224489 -0.08637420 0.79077490
v 0.39820268 -0.05837825 -0.84443903
v 0.40889112 -0.03699125 -0.72548596
v 0.34971995 0.14462818 -0.76786287
v 0.37314661 0.19187262 -0.69012563
v 0.37823497 0.21659079 0.57806394
v 0.40082933 0.24696643 -0.61106069
v 0.43934529 0.37416096 0.35058631
v 0.49916705 0.41845183 0.10261863
v 0.40792341 -0.78078587 0.77100055
v 0.37639623 -0.72161142 -0.88328374
v 0.37163674 -0.32979258 0.74390111
v 0.22369798 -0.13895316 0.80774224
v 0.38832572 -0.13299100 0.73438382
v 0.39592583 -0.09834754 -0.83552446
v 0.38919585 -0.08009558 0.78098339
v 0.34315023 -0.05893387 0.78097122
v 0.42269444 -0.05428167 0.79481717
v 0.30211700 -0.03952369 0.75821963
v 0.37851504 0.01043182 0.86096555
v 0.53495274 0.11405059 -0.61422503
v 0.36080600 0.17647654 0.62557202
v 0.33495224 0.20190535 -0.68188043
v 0.36963410 0.37815881 -0.41312132
v 0.33057302 0.41752698 0.29256901
v 0.40699035 0.52722445 0.12247514
v 0.26476909 0.59019488 0.06372762
v 0.36923988 0.59160997 -0.14593556
v 0.42203336 0.61598893 -0.09026348
v 0.36902956 -0.77814339 -0.84380787
v 0.36708703 -0.72033556 -0.85706784
v 0.37226060 -0.66727138 -0.85205193
v 0.37108299 -0.64013071 -0.84440325
v 0.39545174 -0.56476209 -0.84360914
v 0.43700047 -0.58088315 0.77598862
v 0.39630001 -0.52269656 -0.85583030
v 0.45898180 -0.52043153 0.77664406
v 0.31345703 -0.46767350 -0.80253018
v 0.38653027 -0.43679835 -0.81372643
v 0.37259051 -0.25554386 -0.81174277
v 0.37090522 -0.23186895 0.74515411
v 0.35664403 -0.18949886 0.75612015
v 0.38061905 -0.14100050 0.75329296
v 0.38811595 -0.11198924 -0.83664176
v 0.41478831 -0.11111141 0.76682152
v 0.39081980 -0.09759220 -0.87983247
v 0.32034176 -0.09836220 0.79042057
v 0.37790820 -0.07406671 0.77136796
v 0.35806619 -0.01994311 0.70278486
v 0.36749704 0.07628721 0.76393107
v 0.36738011 0.15268487 0.66435571
v 0.29034962 0.32088599 -0.51004028
v 0.37848495 0.52125418 -0.21379270
v 0.36258617 0.57076249 -0.15577309
v 0.37286426 -0.67387442 0.77268520
v 0.41353729 -0.63749962 -0.85591875
v 0.37433832 -0.41865671 0.74701232
v 0.39354432 -0.21016503 -0.81398602
v 0.36784744 -0.15069138 -0.82541022
v 0.36923208 -0.14527372 -0.81251611
v 0.38936691 -0.15849936 -0.82232660
v 0.34931698 -0.15781321 0.75767860
v 0.37182644 -0.03065240 -0.94995087
v 0.39490608 -0.01852497 0.86056863
v 0.39598718 0.44357657 0.23604683
v 0.34593816 -0.76293757 0.77949575
v 0.40017847 -0.68983603 0.78016851
v 0.25996027 -0.51743796 0.79778582
v 0.37058504 -0.34976707 -0.82288365
v 0.37128869 -0.26315815 -0.82433697
v 0.39136813 -0.31233058 -0.81657039
v 0.40520848 -0.14460296 -0.84431404
v 0.46323824 -0.12964231 0.81143659
v 0.39936861 -0.07120241 0.80938862
v 0.38217165 -0.03459260 -0.93929728
v 0.37663576 0.06010208 0.79219044
v 0.41626349 0.06173341 0.79268413
v 0.37111074 0.13534217 0.50662133
v 0.39701530 0.13801684 0.67997206
v 0.32241832 0.23682503 -0.44081401
v 0.39880313 0.26145099 -0.60343406
v 0.38483659 0.31466739 0.44499203
v 0.39922957 0.34121640 0.39623043
v 0.46349220 0.38040229 0.34197845
v 0.37863780 0.41912159 -0.36460926
v 0.33666359 0.46181741 0.04312541
v 0.41954359 0.61106354 -0.12880947
v 0.40561285 -0.64256858 0.77706991
v 0.39548998 -0.64654126 -0.84075848
v 0.35821750 -0.43624772 0.75100296
v 0.41398315 -0.13141592 0.73372856
v 0.37819015 -0.13203294 0.74320189
v 0.29066682 -0.12196902 -0.82148298
v 0.33004477 -0.10490439 0.78207821
v 0.35722507 -0.07132595 -0.87660827
v 0.45001419 0.02812319 0.62889989
v 0.40402587 0.04502716 0.62404339
v 0.37030317 0.25122624 0.52118841
v 0.46091197 0.36503347 0.35371156
v 0.39284673 0.40365666 -0.37002727
v 0.41992870 0.57683638 -0.15646363
v 0.39056289 0.60536149 0.05400567
v 0.42815475 -0.79904234 -0.84296001
v 0.44478006 -0.67242262 0.77116051
v 0.36681626 -0.65440169 -0.87449312
v 0.36573161 -0.50451177 0.78212571
v 0.37196191 -0.46024177 0.75044669
v 0.42474439 -0.45343517 0.78107789
v 0.38678846 -0.33241461 0.74645934
v 0.37175620 -0.32668762 -0.82533303
v 0.43563816 -0.32844372 0.74512732
v 0.39578564 -0.17550329 0.74740348
v 0.38922754 -0.16938865 0.75583376
v 0.34989601 -0.14024359 0.80692203
v 0.41504556 -0.12896773 0.75602052
v 0.39260256 -0.04956788 0.82873358
v 0.53670363 -0.03601617 0.84550502
v 0.42944090 0.11454099 0.71794066
v 0.41532476 0.18001379 0.62546007
v 0.34650383 0.18597048 -0.69853497
v 0.41220737 0.31331985 -0.53216258
v 0.41476889 0.35023999 -0.46775227
v 0.42725291 0.44236780 0.23620334
v 0.41453445 0.46281798 0.23245353
v 0.43206433 0.50632017 -0.21728027
v 0.42650653 -0.77110131 0.78066840
v 0.41481126 -0.77629592 -0.85014245
v 0.42388322 -0.73108299 -0.85489799
v 0.48001812 -0.50680349 -0.83493332
v 0.41283812 -0.46766233 -0.87892750
v 0.43000189 -0.44664127 -0.83817902
v 0.39235745 -0.31725523 0.75558023
v 0.34310277 -0.03744382 0.83701199
v 0.39764186 -0.01113738 0.85590791
v 0.43482807 0.01492600 -0.96106012
v 0.41350528 0.04872925 0.79792581
v 0.49070305 0.21691443 0.39635408
v 0.47776875 0.40295172 -0.37121419
v 0.42131981 0.45985403 -0.29231480
v 0.41397273 0.50303157 0.15120477
v 0.41993474 0.52344683 -0.21479864
v 0.40192494 -0.78080822 -0.88181108
v 0.43738496 -0.67185353 -0.85376575
v 0.41341297 -0.46101257 0.76190877
v 0.36410975 -0.44514801 0.73600275
v 0.41061504 -0.43758512 0.76274399
v 0.36608772 -0.41221347 0.75605588
v 0.37958035 -0.41188881 -0.81149630
v 0.38094136 -0.14474108 0.76661433
v 0.41116281 -0.15016469 -0.82778167
v 0.41667901 -0.13459615 0.74045786
v 0.48286659 -0.02864826 -0.97144935
v 0.40914816 -0.02107527 0.87843909
v 0.33111188 0.01999127 -0.72867825
v 0.48218392 0.20273783 -0.68362478
v 0.37842602 0.26368703 0.51693252
v 0.39070870 0.29954833 0.45207964
v 0.51411876 0.28890550 0.47475450
v 0.49547742 0.31039139 0.45026884
v 0.41361144 0.41883601 0.28938411
v 0.42086728 0.61611601 0.03174289
v 0.42277022 -0.80841131 -0.86651082
v 0.43764041 -0.74887337 -0.85031125
v 0.44199887 -0.71008963 0.77936927
v 0.37401498 -0.67204652 -0.87954436
v 0.46121205 -0.51438183 -0.83673840
v 0.38082973 -0.47051618 0.74295750
v 0.38098705 -0.47033128 0.75888061
v 0.48892356 -0.45911984 -0.87395408
v 0.43016381 -0.43570840 -0.81748200
v 0.48533120 -0.41779429 0.74732587
v 0.48152715 -0.15100610 0.74910488
v 0.47538251 -0.08273012 -0.84282128
v 0.57008399 -0.03729800 -0.86521821
v 0.48665446 -0.02701403 -0.72178195
v 0.41883421 0.01309048 0.86068551
v 0.47461446 0.13860322 0.67736949
v 0.47127433 0.31055836 -0.53148540
v 0.42972312 0.40422546 0.29803092
v 0.41753112 0.55510542 0.07513935
v 0.42986585 0.59566896 -0.15649380
v 0.42610116 0.61023803 0.05110154
v 0.44310180 -0.79891556 -0.85311693
v 0.43249766 -0.79025236 -0.84111666
v 0.44218784 -0.76961540 0.77697008
v 0.42841269 -0.68781037 0.78184847
v 0.53515229 -0.52279939 -0.86771251
v 0.37038498 -0.47916956 0.79113443
v 0.48067869 -0.47156734 -0.81375635
v 0.48222340 -0.47302838 0.76557249
v 0.42030497 -0.45727980 -0.81699580
v 0.43044929 -0.46516131 0.75792272
v 0.43036216 -0.12128595 -0.82198675
v 0.49932268 -0.02508227 -0.76426678
v 0.45073124 -0.01170374 -0.98506715
v 0.45781165 0.08744751 0.74331218
v 0.47725256 0.15459816 -0.75849766
v 0.45178712 0.26172206 -0.60307843
v 0.38636869 0.32039948 -0.31899119
v 0.41586533 0.42212506 -0.36833368
v 0.43645142 0.46046086 0.22977696
v 0.41609164 0.54863156 0.08188123
v 0.42494258 0.55320026 -0.16566447
v 0.43256709 0.61610753 -0.12961804
v 0.43824622 -0.80061085 0.76758070
v 0.44666404 -0.79962754 -0.87392110
v 0.43594023 -0.79407943 -0.86265322
v 0.43731871 -0.80460197 0.79861541
v 0.44448440 -0.79827245 -0.85812541
v 0.44426030 -0.77666497 -0.86597334
v 0.44253561 -0.69939724 -0.88015376
v 0.42884373 -0.66755000 0.80312049
v 0.47081582 -0.51452873 0.76833595
v 0.20129228 -0.50646407 0.81024094
v 0.49106849 -0.45113693 0.75467133
v 0.43512769 -0.41910998 -0.81333338
v 0.43374374 -0.42810606 -0.82314912
v 0.47335578 -0.16207346 -0.81786842
v 0.43675721 -0.08265382 0.81297553
v 0.46215035 -0.06006521 0.80593082
v 0.43330623 -0.04158200 0.77384918
v 0.47798367 -0.05863965 0.78403789
v 0.39799698 -0.03123151 -0.86054674
v 0.37504747 -0.01741946 0.67312365
v 0.47895034 0.19381303 0.61857417
v 0.47667152 0.37639061 -0.41503674
v 0.47190368 0.51343139 0.14507986
v 0.43116455 -0.79400834 0.80577144
v 0.45558627 -0.76478531 -0.84443919
v 0.45790171 -0.78076628 0.78227934
v 0.47401011 -0.46257752 0.74551171
v 0.47114602 -0.41669822 0.75622822
v 0.37220793 -0.33511116 0.75680928
v 0.42605858 -0.34141612 -0.81451916
v 0.44258893 -0.16682829 -0.81356962
v 0.48491350 -0.13456575 -0.85145532
v 0.49014094 -0.14126099 0.80517412
v 0.43504885 -0.08948985 0.79049117
v 0.45200143 -0.07505231 0.76347010
v 0.44988847 -0.07403815 -0.87921552
v 0.41723662 -0.04658347 0.78909897
v 0.52676238 -0.02376766 0.70375526
v 0.33328629 -0.02655921 0.61704507
v 0.37471869 -0.01847489 0.66360119
v 0.42701976 -0.00212270 -0.97800712
v 0.45721020 0.01205895 0.85766720
v 0.44602940 0.10048752 0.72223967
v 0.47498305 0.33527677 -0.48329906
v 0.45071235 0.48081749 0.19104374
v 0.51373076 0.57244113 -0.16661206
v 0.51698492 0.61098953 -0.14578965
v 0.45827031 -0.79646513 -0.87860897
v 0.47739749 -0.65596968 -0.84044936
v 0.49098722 -0.47265118 -0.83680865
v 0.47101193 -0.45931219 0.75770733
v 0.49042262 -0.45756015 -0.82014533
v 0.47839491 -0.44927891 -0.80557381
v 0.48962759 -0.44586778 0.73323970
v 0.48270962 -0.16099598 -0.82339985
v 0.46299828 -0.05872983 -0.85558478
v 0.46097445 0.04270847 -0.91558560
v 0.43222301 0.08984085 -0.85400022
v 0.51611110 0.24817449 0.52687564
v 0.47786987 0.42059167 -0.36738548
v 0.46219066 0.45899711 -0.28963282
v 0.44354566 0.47211558 -0.28249954
v 0.48536586 -0.80564785 -0.86511883
v 0.46814138 -0.65050572 0.76753696
v 0.46526448 -0.64066537 0.77671525
v 0.52382825 -0.52304865 -0.86046298
v 0.23824835 -0.51549386 0.80651300
v 0.48998118 -0.49092477 -0.85607601
v 0.47727008 -0.46769115 0.73656346
v 0.45551830 -0.47431282 0.78470910
v 0.46749287 -0.43582630 -0.81547027
v 0.48415604 -0.43561165 0.74923046
v 0.48449165 -0.42365706 -0.81237301
v 0.42856544 -0.25550987 -0.81422567
v 0.47131486 -0.31243420 0.75598397
v 0.48311230 -0.16273807 0.75521165
v 0.48625657 -0.14752256 0.76622594
v 0.47604785 -0.12599597 -0.80497152
v 0.46178147 -0.12809532 0.72241308
v 0.39352073 -0.01486279 -0.96327336
v 0.46336169 0.05768800 -0.90597438
v 0.50553835 0.06283049 0.60241880
v 0.51246783 0.26456839 0.51998343
v 0.48241996 0.35073065 -0.46672770
v 0.47301795 0.49850493 0.15389916
v 0.43813400 0.57985713 0.07493363
v 0.45288779 -0.80377426 -0.84176033
v 0.48392947 -0.77670996 -0.85407281
v 0.47317588 -0.67677970 0.77682758
v 0.45027435 -0.63381359 -0.84497273
v 0.39168779 -0.50644101 0.76775132
v 0.47319796 -0.47068976 0.75001458
v 0.36787237 -0.46019355 0.80486919
v 0.49278535 -0.46281909 0.80643683
v 0.48313504 -0.43929087 -0.82562956
v 0.48636238 -0.45666297 0.78450314
v 0.48589962 -0.36728628 -0.81036209
v 0.48285126 -0.30625628 -0.81297295
v 0.48224417 -0.17322807 -0.81276498
v 0.48668835 -0.16379770 0.74727769
v 0.46028296 -0.13738192 0.74371752
v 0.47925057 -0.13019703 -0.86410886
v 0.48566919 -0.10642940 0.77902542
v 0.50712994 -0.06136650 0.78059054
v 0.41622317 -0.06665734 0.79367128
v 0.58267999 -0.03963632 -0.75180241
v 0.54856497 -0.03448051 0.65460892
v 0.48452845 -0.00913830 -0.97010386
v 0.55296018 0.01265303 -0.72356258
v 0.51409421 0.01971888 0.62068816
v 0.45770710 0.41262295 -0.37138667
v 0.45646237 0.50383703 -0.21741390
v 0.46213512 -0.78843877 0.77157904
v 0.45859368 -0.74088984 -0.88370674
v 0.46795500 -0.74876573 -0.85618697
v 0.45113734 -0.53052354 -0.85476894
v 0.55702184 -0.46870648 -0.87828906
v 0.48799021 -0.45513203 -0.86366006
v 0.48237624 -0.44343374 -0.80210949
v 0.48652148 -0.42757965 -0.82158302
v 0.48361115 -0.43424566 0.75727588
v 0.48544391 -0.34469141 -0.82444982
v 0.48475875 -0.34309909 0.74617300
v 0.48233049 -0.33150818 -0.82556885
v 0.48514509 -0.31809185 0.74608470
v 0.48441419 -0.14902174 -0.84626483
v 0.48356398 -0.14606273 -0.80859249
v 0.49204381 -0.13756333 -0.81934462
v 0.48186107 -0.13625252 0.73449769
v 0.48830239 -0.13414420 0.74856652
v 0.41700525 0.03527928 0.63204080
v 0.62050859 0.15927842 0.47360143
v 0.45248677 0.38852897 -0.40467805
v 0.49201067 0.51964616 -0.03497452
v 0.51289699 0.54680673 0.08010609
v 0.47733082 -0.79294319 -0.84180751
v 0.54728084 -0.52142862 0.77598153
v 0.52958368 -0.49961452 0.79045620
v 0.50152002 -0.45572040 0.76698785
v 0.48774498 -0.43539605 0.76618532
v 0.49034896 -0.40564094 0.78850343
v 0.49175150 -0.44580027 -0.85939459
v 0.48776148 -0.33243236 -0.83730154
v 0.49017481 -0.32892966 0.73209189
v 0.48821138 -0.29791157 0.76634508
v 0.49122189 -0.44232709 -0.79524163
v 0.48323052 -0.33327257 0.75788179
v 0.48975796 -0.22504204 -0.79529412
v 0.48614567 -0.21447013 -0.82471995
v 0.48992567 -0.16865650 0.73234755
v 0.48824136 -0.32415808 -0.80407817
v 0.48843728 -0.16516945 -0.84931850
v 0.49026523 -0.14625969 -0.80024723
v 0.48725977 -0.15383447 -0.82822555
v 0.49066590 -0.15156655 0.78860091
v 0.49068496 -0.13586257 -0.85857816
v 0.48711378 -0.14233454 0.73753246
v 0.50146021 -0.14585112 0.79830015
v 0.48528586 -0.12920805 0.75670056
v 0.46619094 -0.12691078 -0.87653322
v 0.50941321 -0.10589850 -0.84386199
v 0.47778162 -0.09408826 -0.83602601
v 0.54344624 -0.06762429 0.76603165
v 0.50954170 -0.03831496 0.73497044
v 0.52577363 -0.02884516 -0.77381062
v 0.52161557 -0.00330059 -0.97883857
v 0.46866711 0.01448388 -0.95880258
v 0.43579167 0.15414105 0.66525250
v 0.56554088 0.46960896 -0.28259346
v 0.48778871 0.55372308 0.07423376
v 0.48525036 -0.64878706 -0.84251865
v 0.53617713 -0.52145139 0.78746065
v 0.53379053 -0.51513094 0.80613949
v 0.48431778 -0.49966662 -0.85380395
v 0.50398417 -0.45072087 -0.84079298
v 0.49894026 -0.44308655 -0.86577746
v 0.50190485 -0.44797890 -0.81152545
v 0.50003216 -0.44207538 -0.79723288
v 0.49839557 -0.44217161 0.73496533
v 0.49895526 -0.28833654 0.73430486
v 0.49908986 -0.29060640 0.79725104
v 0.49879665 -0.15634857 -0.79823241
v 0.49913288 -0.27749431 -0.86572995
v 0.49967115 -0.15586975 0.73418386
v 0.50044594 -0.14649748 0.75160710
v 0.49984097 -0.13560918 -0.86481406
v 0.49033684 -0.13048323 -0.80281324
v 0.49883064 -0.12404439 0.76822921
v 0.50122127 -0.11398552 0.76722929
v 0.49137171 -0.11471864 -0.83024458
v 0.50131185 -0.09905664 0.79074197
v 0.50998197 -0.06598862 -0.86110357
v 0.51650819 0.06082690 0.79156753
v 0.45343704 0.10267948 -0.84756941
v 0.52672109 0.09921692 -0.84713560
v 0.49812094 0.14497580 -0.76681504
v 0.50788872 0.19284577 -0.68921254
v 0.50778299 0.55233187 -0.16234613
v 0.50734077 0.57429885 0.07569529
v 0.50747392 -0.65349839 -0.87188637
v 0.50806865 -0.63658416 -0.85613984
v 0.47931993 -0.48019232 -0.85484060
v 0.50462161 -0.45860111 0.78197259
v 0.51012664 -0.45164421 -0.86907848
v 0.50609020 -0.34743057 0.78285051
v 0.50140794 -0.45577174 0.79922881
v 0.50798896 -0.44181217 -0.85083678
v 0.50097484 -0.43383889 -0.83608260
v 0.50221775 -0.36658123 0.77184767
v 0.50134933 -0.27338579 -0.83327338
v 0.49909794 -0.31406175 -0.79751065
v 0.50108273 -0.15003679 -0.83636153
v 0.50240973 -0.15193962 0.77282462
v 0.50833271 -0.15862550 -0.85148205
v 0.51428630 -0.13594608 -0.86818192
v 0.50145661 -0.12169908 -0.87937905
v 0.50092008 -0.12367128 -0.82518825
v 0.52275892 -0.05054841 -0.92322561
v 0.61109024 -0.03839111 0.64839320
v 0.47353983 0.05098517 0.79142644
v 0.53555676 0.09037795 -0.85203082
v 0.48881369 0.12910629 -0.79509196
v 0.51935195 0.11485786 0.71920901
v 0.49995580 0.24566700 -0.61270804
v 0.51988093 0.25469833 0.52132484
v 0.53183167 0.41952510 0.28884897
v 0.54643314 -0.80118337 -0.87258217
v 0.50732807 -0.65813810 -0.83851854
v 0.52194911 -0.66300054 -0.87654462
v 0.55888469 -0.65225863 0.79698913
v 0.51378793 -0.63696352 -0.84359876
v 0.56946366 -0.53119020 -0.85556052
v 0.49718443 -0.50549755 0.76530781
v 0.50461233 -0.47446172 0.81026116
v 0.53707820 -0.47056470 -0.83583323
v 0.48789500 -0.46868243 0.75673539
v 0.52888493 -0.47545994 0.78098019
v 0.53707451 -0.46241352 -0.83824583
v 0.50833743 -0.28098909 -0.85066576
v 0.51072693 -0.31869988 -0.86893338
v 0.52579681 -0.14555438 0.80067389
v 0.50767325 -0.12358337 0.77579898
v 0.51303789 -0.03414486 -0.94105995
v 0.42480661 -0.01169167 0.88165300
v 0.41943786 -0.00624617 0.87623738
v 0.46080257 0.00363735 0.86024398
v 0.48476367 0.04285541 0.79968150
v 0.51710164 0.10002749 0.72277564
v 0.50788162 0.55408035 0.06391222
v 0.51444948 0.61795133 0.04032447
v 0.51375102 0.61790761 -0.12776620
v 0.46326433 -0.80223879 0.77100898
v 0.54842230 -0.80171254 0.77266261
v 0.52817825 -0.77805809 0.78188239
v 0.53719253 -0.79461005 0.80606822
v 0.48737003 -0.67234482 -0.88029614
v 0.52468843 -0.66057294 -0.84685805
v 0.53349158 -0.50676390 0.80986427
v 0.55336563 -0.51523481 -0.87876862
v 0.52397605 -0.44945711 0.78763241
v 0.51231781 -0.29992545 0.80012589
v 0.53238137 -0.31334082 -0.85242242
v 0.51585490 -0.28087599 0.78534216
v 0.50740443 -0.14657632 0.78349843
v 0.50521926 -0.12998833 -0.84250594
v 0.53313088 -0.03898688 -0.85558825
v 0.53195178 -0.03086632 -0.79001231
v 0.53070285 0.01130279 0.61853225
v 0.46099121 0.07692259 -0.87420117
v 0.50532246 0.17319511 -0.52816475
v 0.52255190 0.23635265 -0.44051844
v 0.54705561 0.42198131 -0.36704911
v 0.51273840 0.44382028 0.23952584
v 0.54864247 0.45999025 -0.28787194
v 0.53769751 -0.76734123 -0.85486165
v 0.51355333 -0.71570175 -0.85562312
v 0.52231764 -0.68512581 0.78123059
v 0.54496797 -0.51442822 0.76425607
v 0.55342798 -0.50810519 -0.83474964
v 0.53499927 -0.48474639 -0.85078996
v 0.54420511 -0.45860673 0.79945517
v 0.53075827 -0.28995515 0.78580892
v 0.53142894 -0.15255807 -0.85400679
v 0.53190451 -0.13452009 0.78412814
v 0.53503461 -0.08424444 -0.84371402
v 0.53574103 -0.08442370 0.79017410
v 0.61164822 -0.01086499 0.85732677
v 0.46059820 -0.00260197 -0.95781047
v 0.46640474 0.02766048 -0.72789088
v 0.57792874 0.02844774 0.62889635
v 0.51263977 0.04884879 -0.70253377
v 0.52143322 0.26438478 -0.60397651
v 0.57914538 0.37837916 -0.41335501
v 0.61840700 0.45421158 0.05212550
v 0.54955851 0.50722179 -0.21746451
v 0.52026410 0.60355790 0.05977954
v 0.53087390 0.60364878 -0.14644304
v 0.53608407 0.61430720 0.03197188
v 0.54282608 -0.78578455 0.77085124
v 0.52319688 -0.65082788 -0.85589068
v 0.52232947 -0.65944276 0.77284270
v 0.53748930 -0.45227793 -0.86847997
v 0.53083073 -0.44411129 -0.85205096
v 0.54127566 -0.29327704 -0.86684424
v 0.53973052 -0.18441572 -0.84247687
v 0.53801810 -0.27639173 0.78006048
v 0.53518262 -0.18788658 0.80009908
v 0.54007611 -0.14058509 -0.86768722
v 0.54125094 -0.12716620 -0.84073657
v 0.54914983 -0.12825360 0.81128490
v 0.54302172 -0.11456114 -0.82577301
v 0.53754931 -0.11463366 0.76215999
v 0.53681147 -0.06825479 -0.83267078
v 0.54930724 -0.07290977 0.80915127
v 0.50349711 -0.06489261 -0.83711265
v 0.55453736 -0.05250343 0.78981371
v 0.57854225 -0.02033158 0.66417036
v 0.56467219 -0.01445212 -0.96203797
v 0.57831021 -0.00691649 -0.97117772
v 0.53857900 0.01373076 0.85864047
v 0.53219357 0.31793025 0.44426871
v 0.57599852 0.40493379 0.29729776
v 0.55175929 0.51353813 0.14407447
v 0.54576567 -0.76757772 0.77647214
v 0.53530303 -0.77750858 -0.88140660
v 0.53728530 -0.72132614 0.80897328
v 0.53263278 -0.68214120 -0.85327897
v 0.56390595 -0.64064727 0.78790916
v 0.55827715 -0.51519774 -0.87619304
v 0.53979958 -0.50507124 0.76150147
v 0.53525050 -0.50373981 0.78378767
v 0.54658283 -0.50268126 0.75930697
v 0.53814590 -0.48365120 0.79015854
v 0.53445687 -0.46875111 0.76890073
v 0.54066690 -0.45898853 0.76061205
v 0.54505830 -0.45936174 0.74884012
v 0.53693742 -0.44340946 0.78081679
v 0.54470080 -0.44459231 -0.79581942
v 0.54071668 -0.35387231 0.75186935
v 0.53949973 -0.45293006 -0.83818045
v 0.53924807 -0.44529227 -0.80581713
v 0.53999215 -0.29431181 -0.83652448
v 0.54222195 -0.27980991 0.75064607
v 0.54267807 -0.30963416 -0.79772369
v 0.54638809 -0.12250509 -0.79572318
v 0.54079215 -0.24253483 0.76147420
v 0.54634903 -0.14523366 0.79723101
v 0.53986923 -0.15624396 -0.80526892
v 0.54242407 -0.13577518 0.75075923
v 0.54627781 -0.12247615 0.74835444
v 0.54239405 -0.15506724 -0.79769196
v 0.53918935 -0.13069883 0.77262546
v 0.55306948 -0.12226415 -0.87706769
v 0.53766927 -0.10747218 -0.84305302
v 0.54686865 -0.10367639 0.75907041
v 0.53721060 -0.11081312 0.78322262
v 0.54413884 -0.07498547 0.75892714
v 0.54852586 -0.07734197 -0.83453111
v 0.54889627 -0.07468940 -0.87818280
v 0.51622708 -0.05591789 -0.91576725
v 0.54674201 -0.05868241 -0.84418733
v 0.55871581 -0.06763210 0.78750570
v 0.55244117 -0.04195798 0.77563519
v 0.60233845 -0.02790134 -0.86066480
v 0.52643486 0.13798603 0.67988482
v 0.51578314 0.15373368 0.66622062
v 0.51516233 0.34953168 -0.47124798
v 0.55609507 0.37646969 0.35185068
v 0.56497050 0.44462689 0.23790790
v 0.54518022 -0.80528524 -0.85308011
v 0.53768474 -0.67443261 0.80490374
v 0.56001547 -0.64951672 0.76995700
v 0.55891556 -0.63581704 -0.85618648
v 0.55938867 -0.52231463 0.78708858
v 0.54402752 -0.50425756 -0.84172531
v 0.55192345 -0.51113501 0.80017723
v 0.54875709 -0.48105090 -0.83733760
v 0.55183076 -0.47664362 0.80816810
v 0.55565284 -0.47261711 -0.80851138
v 0.55066608 -0.46310784 0.75506944
v 0.55168214 -0.47810343 0.76526407
v 0.54845642 -0.46768728 -0.80160348
v 0.55109825 -0.45061552 -0.80313534
v 0.55624346 -0.45196578 0.77580404
v 0.55411263 -0.43729833 -0.84220287
v 0.54559164 -0.36437345 0.79825431
v 0.55054711 -0.43403725 -0.83689168
v 0.55412048 -0.32049879 -0.84234500
v 0.55106410 -0.32985345 0.75376070
v 0.55151746 -0.31266863 -0.80508230
v 0.54769062 -0.28690118 -0.79508670
v 0.54787839 -0.30324224 0.74793415
v 0.55078199 -0.26332403 -0.83718749
v 0.55085315 -0.13212460 0.75320924
v 0.55397080 -0.14824481 -0.84178961
v 0.55081869 -0.13599727 -0.80170755
v 0.55102570 -0.16298683 0.76628193
v 0.55065579 -0.14322390 -0.83566969
v 0.55442105 -0.14359270 0.77367358
v 0.55226879 -0.12606072 -0.81435701
v 0.54708086 -0.06460944 -0.85694232
v 0.55838950 -0.06683848 0.77560416
v 0.54220561 0.11263882 0.53728762
v 0.51556605 0.15518766 -0.76107481
v 0.47847043 0.21824383 0.57901309
v 0.62707980 0.27380401 -0.38660708
v 0.55121240 0.45879093 0.22960739
v 0.56030250 0.48296515 0.17790491
v 0.54590078 0.52086925 -0.21010205
v 0.52996732 0.61559984 -0.12465285
v 0.55701992 -0.78476646 -0.84475762
v 0.56345588 -0.77146495 0.78137903
v 0.55785845 -0.68138929 0.78174732
v 0.55707024 -0.66944152 0.77710764
v 0.56883922 -0.52321726 -0.84386138
v 0.56204359 -0.51717744 -0.85968260
v 0.55963146 -0.51190335 0.77596368
v 0.55425636 -0.51101196 -0.82744950
v 0.55681211 -0.47147629 0.78757183
v 0.55962498 -0.46670779 -0.83692189
v 0.56180894 -0.35338747 -0.84401143
v 0.55721873 -0.32223202 0.78746939
v 0.55888761 -0.13348850 0.78730141
v 0.55986948 -0.12255980 0.77581283
v 0.55993935 -0.06895372 -0.84326937
v 0.50945717 -0.03876109 -0.83739215
v 0.58838300 0.01440712 -0.96152193
v 0.57071800 0.09710578 0.72345882
v 0.53317633 0.55032632 0.07387507
v 0.57987171 -0.79852828 -0.84653736
v 0.56165171 -0.67735712 -0.85512455
v 0.55437321 -0.64715474 -0.84113352
v 0.58327896 -0.64495096 -0.84397206
v 0.56557159 -0.46667600 -0.85534447
v 0.55426239 -0.45296220 -0.85511828
v 0.55890921 -0.12975120 -0.85542811
v 0.46899798 -0.04351683 -0.84394951
v 0.56512966 -0.03857703 -0.79940652
v 0.51575850 -0.02997243 -0.96293653
v 0.55029381 0.04422241 -0.91649453
v 0.53566941 0.05993898 -0.90844629
v 0.56176593 0.13281719 -0.78170515
v 0.58909386 0.15257235 0.66537005
v 0.49980711 0.17882247 0.62498360
v 0.58171260 0.19333480 0.61902759
v 0.56471698 0.26507525 -0.60208443
v 0.53596776 0.34013323 0.39797397
v 0.59738666 0.41196843 -0.37095504
v 0.56584592 0.49882346 0.15086638
v 0.60463056 0.57585777 -0.16532796
v 0.58413247 0.61409907 -0.12606004
v 0.57198893 -0.66856814 0.77085490
v 0.69740556 -0.44292243 0.78665917
v 0.56241613 -0.14302960 -0.84365171
v 0.57061150 -0.03891125 0.83759464
v 0.58119725 -0.03799158 0.71967779
v 0.62649751 -0.02429013 0.68569162
v 0.58053287 0.04290798 0.79957425
v 0.53424689 0.02784683 -0.72811103
v 0.56954253 0.05915750 0.79045213
v 0.56660030 0.11380131 0.71532225
v 0.56810612 0.14351196 -0.76588161
v 0.57990842 0.15436667 -0.76080895
v 0.60266407 0.17774049 0.62505144
v 0.59555951 0.31094564 0.45043238
v 0.58555774 0.46236652 0.22796717
v 0.61093959 0.60745568 -0.13737267
v 0.60301665 -0.78194325 0.77057857
v 0.56185883 -0.63433251 0.77555843
v 0.49107591 -0.05538059 0.82203784
v 0.64279136 -0.03977534 0.75877584
v 0.51922018 -0.03541514 -0.75800319
v 0.58617622 0.01261933 0.85895747
v 0.60544097 0.22094664 0.57157853
v 0.59479236 0.24886126 -0.61025427
v 0.52096180 0.30324851 0.45232989
v 0.61619352 0.34736337 -0.47167812
v 0.46053573 0.44983769 -0.13206611
v 0.61677022 0.45517102 0.22951988
v 0.54390129 0.56545779 -0.16809188
v 0.56609394 -0.79814395 -0.87810639
v 0.54066054 -0.80454839 0.79822528
v 0.56736389 -0.77066740 -0.85453894
v 0.55663445 -0.63182694 -0.84368826
v 0.56848113 -0.46612532 -0.84427671
v 0.67124434 -0.03593651 0.71088180
v 0.64533835 -0.02754020 -0.76577000
v 0.49935523 -0.02074368 -0.97960360
v 0.59214280 0.18940631 -0.69171184
v 0.53124896 0.29975014 -0.53814429
v 0.52817806 0.36531670 -0.25452525
v 0.62361985 0.37590714 0.35133059
v 0.57566091 0.40377772 -0.37129333
v 0.61933260 0.41942839 -0.36694994
v 0.59080402 0.50254924 0.15072772
v 0.59904481 0.61488568 -0.03424892
v 0.60567592 -0.79400282 -0.84484941
v 0.55957627 -0.73489679 -0.88289576
v 0.66352085 -0.64565439 0.78777029
v 0.66915944 0.00324418 0.85913385
v 0.59506588 0.32645252 0.23670886
v 0.59710094 0.44748907 -0.30669017
v 0.57761384 0.54794382 -0.16610583
v 0.59972111 0.58811871 0.06626198
v 0.62032601 -0.77096344 0.80859448
v 0.62278511 -0.73249887 -0.85657984
v 0.52925795 -0.02972285 -0.95585215
v 0.59970433 -0.03050314 -0.94737488
v 0.63579836 0.41935463 0.29034259
v 0.61864864 0.44592210 0.23616596
v 0.62130991 0.52261024 -0.21363839
v 0.62716560 0.55572085 0.07284200
v 0.62488261 -0.76895636 0.78185951
v 0.59762408 -0.67397192 -0.85555187
v 0.63737221 -0.66346435 -0.83530698
v 0.66499010 -0.66850024 0.77297751
v 0.58881472 -0.65246127 0.77459021
v 0.65502245 -0.60898700 -0.85564741
v 0.65756926 -0.15676138 -0.85567749
v 0.68532601 -0.03896231 -0.83728499
v 0.43127745 -0.03057497 0.86867533
v 0.67543024 -0.02848073 0.87268445
v 0.82542560 -0.01982030 0.88101622
v 0.76528062 -0.01187897 0.88268785
v 0.61657207 0.11426112 0.71779740
v 0.75982678 0.26601066 0.32492139
v 0.62481670 0.25060485 0.51990728
v 0.61817268 0.26455293 0.51984052
v 0.59167147 0.31081224 -0.53257570
v 0.64721982 0.33816510 -0.48225444
v 0.64515114 0.36459432 0.35577982
v 0.63427634 0.50662799 -0.21761258
v 0.64702817 0.61118914 -0.12726723
v 0.61854195 -0.80334748 0.77724217
v 0.62823776 -0.79597547 -0.84667836
v 0.70391713 -0.52429647 0.77551026
v 0.63419430 -0.03419609 -0.93883698
v 0.74446675 -0.02080553 -0.97927792
v 0.65593240 0.01188307 0.85875377
v 0.59560104 0.10077498 0.72145171
v 0.59266391 0.10109767 -0.84764210
v 0.59699966 0.31800921 0.44333431
v 0.66555520 0.45900006 -0.28891749
v 0.61893157 0.49778989 0.15544203
v 0.61909831 0.57411414 0.07403275
v 0.66897903 -0.79801938 -0.87838295
v 0.61732667 -0.72056162 0.80999740
v 0.47834862 -0.06027398 -0.89703716
v 0.59195561 -0.06642821 0.78715525
v 0.58624447 -0.05008739 0.82918254
v 0.84818415 -0.02811319 -0.97107157
v 0.65336243 0.07000930 -0.67477606
v 0.62652355 0.06132463 0.79293685
v 0.60808467 0.52347968 0.13380476
v 0.62353580 0.55489882 -0.15960465
v 0.68126452 0.55492812 0.07611284
v 0.61228673 -0.80517363 -0.86800821
v 0.74605041 -0.72045661 -0.88371757
v 0.73776217 -0.51038609 -0.85585394
v 0.55433846 -0.29153998 -0.85523997
v 0.62178061 -0.13848142 -0.84368327
v 0.64483001 -0.02797345 0.61641565
v 0.65133160 0.38066653 -0.41352596
v 0.62951061 0.50175244 0.14971562
v 0.63765600 -0.80303752 -0.85296964
v 0.65770815 -0.79180168 0.76804553
v 0.61988792 -0.76424588 -0.84927979
v 0.63694956 -0.64080744 -0.85596199
v 0.56105960 -0.34523705 0.77642761
v 0.67548354 -0.21482583 0.77553091
v 0.62940688 -0.05239799 0.79065513
v 0.67055549 -0.01806508 0.86066705
v 0.76206101 -0.00794527 -0.97020188
v 0.68078271 0.04348680 -0.91522986
v 0.62904616 0.04890233 0.79411248
v 0.76833264 0.06139926 0.79226048
v 0.60010917 0.13906838 0.67655613
v 0.61624413 0.30046793 0.45510373
v 0.66527605 0.31913525 0.44734647
v 0.65339171 0.33987963 -0.48174805
v 0.75779796 0.51111077 0.14506519
v 0.62160049 0.59673386 -0.14605305
v 0.64211124 -0.80305262 0.80146116
v 0.66456376 -0.67226413 -0.88118908
v 0.65575037 -0.65302326 -0.86953532
v 0.63906143 -0.64362468 -0.84324279
v 0.65575961 -0.65496739 0.77766107
v 0.65549159 -0.60888106 -0.84361556
v 0.55841124 -0.07056022 -0.85559786
v 0.60945391 -0.05450565 -0.88540989
v 0.65545039 0.03524308 0.63221796
v 0.63941713 0.03875710 0.81115793
v 0.66979735 0.10251383 -0.84852937
v 0.76688917 0.36694585 -0.25127521
v 0.64019428 0.38957577 -0.40502979
v 0.73338432 -0.78106936 -0.88098678
v 0.66093047 -0.72936764 -0.85476751
v 0.65621313 -0.67674301 -0.85365636
v 0.66856047 -0.66767462 0.80534030
v 0.66504595 -0.65417197 -0.83699554
v 0.67057159 -0.63703820 -0.84509368
v 0.72011371 -0.32358313 -0.85624612
v 0.70457676 -0.00504614 -0.97859964
v 0.68098979 0.01289345 -0.95873469
v 0.63459517 0.46113390 0.22976592
v 0.68721265 -0.80666186 0.79484580
v 0.66267228 -0.80621680 0.77648755
v 0.65998934 -0.78776768 -0.84407620
v 0.67009505 -0.78078017 -0.85722262
v 0.67248523 -0.78004139 0.77998293
v 0.67139443 -0.69049492 0.78134984
v 0.67369050 -0.65705801 0.76539745
v 0.67149337 -0.63924050 -0.85558597
v 0.66969143 0.28127708 0.49199343
v 0.76159170 0.61554461 -0.08534673
v 0.68660099 -0.67119183 0.77959395
v 0.62770093 -0.29633150 0.78740342
v 0.74934368 -0.05003019 0.78954728
v 0.76191677 0.10697181 0.71901809
v 0.61633295 0.17532767 -0.71770510
v 0.63634448 0.19795373 -0.49432505
v 0.76678983 0.34311990 0.39542530
v 0.70460797 0.52343692 -0.21344587
v 0.73362046 -0.74799335 0.78177404
v 0.67306588 -0.63708918 0.77398108
v 0.76480026 -0.52332217 -0.84380222
v 0.70119052 -0.03850227 -0.79968791
v 0.60838131 -0.00278018 -0.95851397
v 0.67019529 0.02115362 0.62261305
v 0.70409108 0.02746112 0.63051924
v 0.65323570 0.08934919 -0.85184053
v 0.77119904 0.10454255 0.54775401
v 0.68553728 -0.80593096 -0.86866911
v 0.67616304 -0.79681024 0.77090479
v 0.68568398 -0.64863470 0.78902398
v 0.66817247 -0.04438843 -0.84412399
v 0.77314931 -0.03557910 -0.86357503
v 0.61260888 -0.01178198 -0.98414231
v 0.77113341 0.09879575 0.72675654
v 0.69777363 0.12104454 -0.60483301
v 0.71824498 0.41881292 0.28885406
v 0.81664521 0.61618481 0.03158738
v 0.71865299 -0.25646437 -0.85608769
v 0.76593060 -0.03935955 -0.75127332
v 0.65677648 -0.03447427 0.85267060
v 0.72571060 0.15578308 -0.76098353
v 0.61712409 0.20327752 -0.68366568
v 0.72949129 0.31081409 -0.33142455
v 0.69255065 0.47160691 -0.28225742
v 0.73617070 -0.80292880 0.77206324
v 0.73383969 -0.67166449 -0.85103881
v 0.59680138 -0.03718178 0.62196888
v 0.62674702 -0.03954787 0.63736753
v 0.87986780 -0.03468858 0.85432701
v 0.67221832 0.04285231 -0.71150390
v 0.64068734 0.07308641 -0.88028171
v 0.73473154 0.13927647 0.67516197
v 0.75963140 0.21089294 0.40526927
v 0.71525821 0.40506295 -0.37299770
v 0.68969282 0.55700291 -0.16051491
v 0.68577927 -0.80588557 -0.85193978
v 0.69449376 -0.80031242 -0.84273761
v 0.71196156 -0.78075436 -0.85577615
v 0.72390199 -0.72167700 0.80938731
v 0.71584650 -0.62987930 0.78747115
v 0.71581695 -0.43073751 0.77554265
v 0.73680437 -0.33684629 -0.84399684
v 0.77352633 -0.09283727 -0.85705351
v 0.77793690 -0.02700019 0.65925736
v 0.68212027 0.04358070 0.62517479
v 0.76565147 0.15383703 0.66636848
v 0.76321972 0.18355323 0.61830805
v 0.65126261 0.26233641 -0.60371252
v 0.80747393 0.28665791 0.48041801
v 0.67894633 0.31151869 -0.53161322
v 0.66966911 0.37473063 0.35319297
v 0.76160465 0.41894739 0.28800547
v 0.61815479 0.61023137 0.04504288
v 0.73283266 -0.78921382 0.80597229
v 0.64471251 -0.63111626 0.77588547
v 0.73447978 -0.29828304 -0.83951993
v 0.76138139 -0.03880151 -0.85653947
v 0.70846334 -0.03125955 -0.78955898
v 0.70295554 -0.02642785 0.70457552
v 0.66029712 0.05791440 -0.90731369
v 0.78405074 0.10009910 -0.84690019
v 0.72307161 0.19085255 -0.69429813
v 0.69874920 0.24972724 0.52199488
v 0.67100282 0.40414755 0.29789936
v 0.72068333 0.47622066 0.19813469
v 0.72143507 0.50670168 -0.21928032
v 0.73123956 -0.78734547 -0.84652294
v 0.72583553 -0.65999692 -0.87976303
v 0.75279473 -0.69526870 0.80759282
v 0.74047657 -0.64713646 -0.84146245
v 0.74550077 -0.63314470 0.77582789
v 0.75446465 -0.57524715 0.78729933
v 0.76006175 -0.35983042 0.77555116
v 0.73763767 -0.26352653 -0.84149302
v 0.71904946 -0.25362410 -0.84434547
v 0.77192812 -0.03814539 0.62280059
v 0.70695026 0.11548688 0.71670855
v 0.74645698 0.20174606 -0.68337578
v 0.79309272 0.26388592 0.51895453
v 0.72102616 0.42057475 -0.36490721
v 0.76509378 0.52968118 0.11317107
v 0.75199495 -0.62909522 -0.85791450
v 0.74732542 -0.28017250 -0.85346555
v 0.73497629 -0.27705276 -0.86671765
v 0.74267842 -0.14467176 -0.85690764
v 0.64332561 -0.06024896 0.80946975
v 0.73351332 -0.02010158 0.66425639
v 0.82817534 0.10953234 -0.62227922
v 0.76823398 0.31193246 -0.53235973
v 0.81444919 0.36425621 0.35559488
v 0.74483489 -0.80464926 0.80012068
v 0.74935141 -0.78110182 -0.85746294
v 0.74362299 -0.76603580 0.77453677
v 0.75005443 -0.67369513 0.78104795
v 0.75552880 -0.67220775 -0.85454265
v 0.74558474 -0.36814521 -0.85574697
v 0.77776287 -0.34411818 0.78665347
v 0.74212630 -0.24305202 -0.85612003
v 0.75302636 -0.02924595 -0.76579417
v 0.77776343 -0.00160873 -0.95795932
v 0.79663330 0.01207977 -0.72380432
v 0.72757664 0.14203257 -0.76791132
v 0.75747105 0.18814836 -0.69508336
v 0.70259146 0.19274417 0.61584557
v 0.72474811 0.35032918 -0.46801597
v 0.76262224 0.44366014 0.24055404
v 0.76980267 0.55335364 0.07459990
v 0.77048761 -0.79756320 0.77454044
v 0.75582367 -0.79845740 -0.84425301
v 0.73283769 -0.75499139 -0.85511378
v 0.75802025 -0.72049617 0.78159378
v 0.76234284 -0.65954404 0.80272004
v 0.72640930 -0.64526429 0.79300201
v 0.75786154 -0.62752049 -0.84520449
v 0.77112389 -0.54359695 0.77526567
v 0.79009535 -0.47754160 0.77597077
v 0.76060053 -0.38303217 -0.84454960
v 0.76960580 -0.42010958 0.77596416
v 0.73874622 -0.33624254 -0.86636916
v 0.77416057 -0.25047396 -0.85648845
v 0.75606020 -0.16814218 0.78750130
v 0.75763566 -0.15479609 -0.84425116
v 0.81196158 -0.05350381 -0.91955745
v 0.81193534 -0.04292411 0.77570059
v 0.88207959 -0.03541145 0.83944787
v 0.72078197 -0.03375847 -0.77508681
v 0.73100987 0.01116924 0.61835047
v 0.73389369 0.01411499 -0.96048259
v 0.66525845 0.29791724 -0.53921575
v 0.81723122 0.61418547 -0.11753371
v 0.75661237 -0.78988025 -0.84448977
v 0.79503142 -0.64317175 -0.85183195
v 0.77605621 -0.61450354 0.77578993
v 0.68173095 -0.46012850 -0.84377247
v 0.77556831 -0.35636191 -0.86446945
v 0.75403351 -0.33334848 -0.85515819
v 0.78600973 -0.26077153 0.78806049
v 0.77578191 -0.23576160 0.78660543
v 0.76605482 -0.25316682 -0.84341651
v 0.77096331 -0.22371823 -0.86521527
v 0.75925478 -0.22395644 -0.84482483
v 0.79425631 -0.06431660 0.78638785
v 0.70549622 -0.04017537 0.77546031
v 0.64311137 0.01851589 0.85096792
v 0.78349307 0.05044095 0.79414903
v 0.78523954 0.31546410 0.45223255
v 0.71998147 0.37860709 -0.41510138
v 0.80461266 0.41304546 -0.37020535
v 0.71711180 0.46136627 -0.29003683
v 0.77620237 0.51588748 0.14185255
v 0.80113315 0.55517956 -0.16012144
v 0.78132875 -0.80627381 0.78380891
v 0.78777721 -0.73309564 0.77883142
v 0.76727279 -0.69197507 0.77648058
v 0.78147507 -0.66891554 0.78176566
v 0.77091765 -0.55136239 -0.85607694
v 0.78188262 -0.41555543 -0.84426755
v 0.77461793 -0.36887849 0.76382733
v 0.76520226 -0.35093353 -0.84723840
v 0.81523365 -0.24620796 0.78574717
v 0.77617411 -0.14292614 -0.84175362
v 0.79524371 -0.08415666 0.77492172
v 0.81326521 -0.05999570 0.80240271
v 0.78243920 -0.05566821 -0.88729509
v 0.73976125 -0.03339171 -0.93884985
v 0.76631762 0.05101263 0.61662788
v 0.80881976 0.09639971 0.72718540
v 0.71950871 0.38905043 -0.40248572
v 0.77988990 0.45061769 -0.30633907
v 0.77207581 0.50054374 0.15330582
v 0.79093174 0.57804101 -0.15664644
v 0.82347818 -0.61260807 -0.84129427
v 0.77038454 -0.57359302 -0.84416396
v 0.79137717 -0.58180065 -0.83265457
v 0.77842948 -0.55883118 -0.82882834
v 0.79925771 -0.47833403 0.78840701
v 0.78295811 -0.43378991 -0.85723411
v 0.79260497 -0.43943636 0.78403276
v 0.79186537 -0.40468663 -0.86499822
v 0.78184745 -0.35944400 -0.84447031
v 0.77433332 -0.33795292 0.77548027
v 0.76809900 -0.26680028 0.77531164
v 0.77942625 -0.19436449 0.77469269
v 0.76998176 -0.15878847 -0.86553142
v 0.80645692 -0.18974518 -0.86927383
v 0.77907273 -0.09017587 -0.84563783
v 0.77845047 -0.05969407 -0.90078963
v 0.71547994 -0.00609608 0.87645013
v 0.81437066 0.08964697 -0.85053482
v 0.79066334 0.32863433 0.23345267
v 0.82854716 0.61009386 0.04864469
v 0.83256494 -0.80434578 -0.86852810
v 0.78702204 -0.77645345 -0.85427462
v 0.75118504 -0.65443238 0.76721142
v 0.77985516 -0.63991707 0.77918309
v 0.78827637 -0.55076800 0.75945958
v 0.79777783 -0.51208978 0.76676884
v 0.78694065 -0.53545099 -0.86239548
v 0.79608767 -0.52765673 -0.84482090
v 0.79178315 -0.43950723 0.77990137
v 0.78373923 -0.41222462 0.76881657
v 0.78867761 -0.40516442 -0.83842451
v 0.79016707 -0.38560420 0.77557517
v 0.78151030 -0.27175934 0.76174318
v 0.77938491 -0.26601794 -0.86825753
v 0.78951509 -0.24162121 0.77567254
v 0.81160383 -0.24275665 -0.86635389
v 0.78022602 -0.21861654 -0.85268430
v 0.79428456 -0.21467790 0.76518715
v 0.77952300 -0.15996852 -0.85527300
v 0.84132645 -0.04343045 -0.87510085
v 0.89294637 -0.02859353 0.61552468
v 0.82034224 0.02016047 0.62406158
v 0.70391075 0.13138998 -0.78730900
v 0.76291055 0.33809252 -0.48024434
v 0.83995074 0.45908273 -0.28758097
v 0.80916672 0.50500558 -0.21925874
v 0.83200792 0.55325381 0.07667250
v 0.78147729 0.57423823 0.07537250
v 0.82062560 -0.66371445 -0.85184199
v 0.78545412 -0.63580444 0.78778662
v 0.80202121 -0.62537367 -0.83940697
v 0.80358725 -0.54271876 0.78840229
v 0.80468983 -0.58411842 -0.83063332
v 0.79702766 -0.56616246 -0.84740781
v 0.78948164 -0.56325789 -0.82209707
v 0.78745292 -0.53919594 -0.83147899
v 0.80025755 -0.50183280 -0.83610973
v 0.79013294 -0.47320357 -0.84566751
v 0.78420773 -0.34501983 0.76858864
v 0.79651947 -0.35420372 -0.85407298
v 0.78252500 -0.34665367 -0.83924537
v 0.79828272 -0.32523360 0.77515069
v 0.79050780 -0.33227604 0.76493309
v 0.78869462 -0.26867518 -0.85133609
v 0.79368891 -0.25418438 0.76902493
v 0.80903347 -0.23117937 0.78816627
v 0.79831069 -0.24433893 -0.84132400
v 0.79724010 -0.16192965 -0.84866560
v 0.80411275 -0.14801086 0.73380728
v 0.79498622 -0.15278016 0.77396793
v 0.79694439 -0.11377597 0.76581697
v 0.81906253 -0.06202225 -0.85887276
v 0.80848969 -0.05561493 0.78785260
v 0.72344415 -0.02936985 -0.94922299
v 0.79140288 0.05761431 -0.90922762
v 0.79139546 0.24424380 -0.42904444
v 0.81438137 0.46826643 -0.28162059
v 0.84853184 -0.78755081 -0.83972906
v 0.78944118 -0.78137264 0.77116056
v 0.74624707 -0.78192942 0.80645644
v 0.81330540 -0.63504181 -0.87061646
v 0.81078935 -0.63457267 0.76771683
v 0.79380633 -0.60156841 0.77433150
v 0.80587367 -0.52564583 -0.83707596
v 0.80618526 -0.53995609 -0.82784585
v 0.80638696 -0.44845676 0.76718026
v 0.79923443 -0.33294996 -0.85367499
v 0.80982029 -0.11577423 0.73214435
v 0.79936878 -0.10640108 0.73466493
v 0.80605014 -0.10215626 0.76384919
v 0.81214665 -0.12184340 0.78912218
v 0.79977610 -0.09222044 -0.84069375
v 0.81180377 -0.06928818 0.76866792
v 0.80748935 -0.03861422 0.71930504
v 0.79555773 -0.03950632 0.76534245
v 0.80546640 -0.03415942 -0.77794944
v 0.78081966 -0.02441440 0.70385959
v 0.75635062 -0.01357463 -0.96140270
v 0.79956411 0.04294386 -0.91579637
v 0.78710741 0.24825680 0.52302499
v 0.77327807 0.26438538 -0.60109714
v 0.81854187 0.32014167 0.44299726
v 0.77270770 0.40536984 0.12089418
v 0.80667450 0.42129372 -0.36633465
v 0.77526751 0.48847062 -0.07683930
v 0.84177948 -0.80634866 0.79491108
v 0.83793668 -0.80015127 0.76968764
v 0.82783352 -0.78699530 0.76671500
v 0.83579118 -0.77226511 -0.85320828
v 0.81688479 -0.69627131 -0.85539865
v 0.79960567 -0.66308859 -0.88122280
v 0.82529429 -0.52902850 0.76743276
v 0.80464625 -0.48674980 0.76579645
v 0.81875068 -0.45506304 0.77303609
v 0.81244666 -0.50520710 0.77662892
v 0.81211693 -0.44436729 0.78750030
v 0.80544194 -0.46450105 -0.86602459
v 0.80794941 -0.43490728 0.76616410
v 0.79869089 -0.38075552 -0.85333880
v 0.79678910 -0.26290986 0.77448797
v 0.81403608 -0.25425064 -0.84579538
v 0.81504079 -0.25197117 0.76364396
v 0.80927240 -0.23707561 -0.85389891
v 0.81330839 -0.16126017 -0.85442228
v 0.80179539 -0.14744419 -0.83950495
v 0.80752451 -0.13263113 0.76670198
v 0.79491020 -0.12886247 -0.84578381
v 0.90583020 -0.11028413 -0.86690379
v 0.72887383 -0.03683754 -0.72564877
v 0.89101701 -0.03746868 0.71112468
v 0.89610720 -0.02919882 -0.96303489
v 0.85105937 -0.00571789 0.85704941
v 0.76187924 0.02761960 -0.73080463
v 0.80289756 0.03980915 0.80965991
v 0.82495209 0.17833805 0.62427824
v 0.80705088 0.19229578 0.61234166
v 0.81915539 0.20067519 -0.68472905
v 0.82973057 0.52300751 -0.21070201
v 0.82072426 -0.79323295 0.80716874
v 0.89094096 -0.79482979 -0.87758438
v 0.79474038 -0.65339369 0.77068725
v 0.81981388 -0.53825924 0.77493900
v 0.81722428 -0.55556197 0.75168070
v 0.82748167 -0.55402090 0.74515167
v 0.81976836 -0.52621283 -0.84607259
v 0.81520060 -0.56466205 -0.86373797
v 0.81574544 -0.51619972 -0.84920983
v 0.81054773 -0.44219924 -0.83589462
v 0.80724153 -0.42845451 -0.84015231
v 0.83183491 -0.43861450 0.77193985
v 0.81551110 -0.35098754 0.77425519
v 0.84373949 -0.34355243 0.76994451
v 0.82712358 -0.33655163 -0.86779509
v 0.81896589 -0.23731716 0.77424881
v 0.78647365 -0.11235614 -0.83774114
v 0.81594679 -0.10056897 -0.84952398
v 0.79385720 -0.10175891 -0.86460032
v 0.71416791 -0.05472943 0.82186156
v 0.75730775 -0.02651088 -0.72116775
v 0.83975970 0.01413508 -0.95903081
v 0.89370939 0.04398517 -0.91504712
v 0.78473055 0.11916515 0.71147638
v 0.80080622 0.30159703 0.45704030
v 0.81554831 0.37560774 0.35123356
v 0.89717751 0.44123428 0.24354601
v 0.89895103 0.56797535 -0.16117257
v 0.79344804 0.59746980 0.06287290
v 0.79567184 0.60826114 -0.13524982
v 0.79458385 -0.80549047 -0.85807995
v 0.80317609 -0.77975328 0.78287725
v 0.84565376 -0.59287920 -0.84935535
v 0.83107675 -0.55857550 0.75227677
v 0.82995974 -0.53620318 0.74381950
v 0.80069214 -0.43379644 -0.85936514
v 0.83174136 -0.41513606 -0.84960668
v 0.83042744 -0.37925772 0.76596813
v 0.78610194 -0.41112478 0.78859312
v 0.81396510 -0.34131447 -0.85072290
v 0.83225049 -0.34723328 0.78755345
v 0.79954650 -0.16398846 0.77535034
v 0.82452310 -0.14625731 0.78959603
v 0.80988227 -0.14855319 0.76513603
v 0.81255779 -0.11957649 0.77107362
v 0.89078943 -0.06687240 0.77359606
v 0.81990775 -0.04395558 -0.84476571
v 0.89023650 -0.02884248 -0.76627759
v 0.81279431 -0.02910815 -0.78950109
v 0.82672746 -0.01801618 0.86072392
v 0.91723550 -0.00786467 0.87631721
v 0.79416580 0.03464556 0.63290613
v 0.81571673 0.06085425 0.78935917
v 0.82275411 0.13886391 0.67505751
v 0.89250434 0.21950848 -0.46529076
v 0.79371675 0.22347262 -0.64943675
v 0.93274189 0.29727221 -0.53913789
v 0.89224898 0.40512272 -0.19479518
v 0.82051356 0.40490505 0.29740253
v 0.76763895 0.52099399 -0.21191645
v 0.84829981 -0.75499238 -0.88211805
v 0.79473577 -0.67773560 0.78276809
v 0.85441174 -0.53700292 0.77333479
v 0.83387584 -0.53925422 -0.85190221
v 0.83480795 -0.42892663 0.77581081
v 0.82298076 -0.40674537 0.77427458
v 0.87314929 -0.34464440 -0.85454401
v 0.90274958 -0.13161378 0.77640718
v 0.86245225 -0.12767897 -0.84622731
v 0.81984253 -0.10879220 0.76429411
v 0.82698138 -0.03788096 -0.83711234
v 0.81771672 0.02694618 0.63427835
v 0.89133382 0.15862342 0.47337754
v 0.82337668 0.15488023 0.66351106
v 0.81160276 0.20183181 0.60086689
v 0.89231984 0.28527386 0.29439412
v 0.77595734 0.40364927 -0.37149018
v 0.86915774 0.41881085 -0.36556143
v 0.74305842 0.51884013 -0.03519233
v 0.85099037 -0.65424688 0.77117572
v 0.83111410 -0.54638345 0.75136683
v 0.85408664 -0.52644586 0.73624585
v 0.82954101 -0.10769020 0.73702806
v 0.82029446 -0.10236561 0.77582903
v 0.89830476 -0.03488137 0.65473886
v 0.89011159 -0.03202360 -0.85985766
v 0.85356476 0.02217265 0.63260288
v 0.82631155 0.24868707 0.52623612
v 0.86023501 0.33582641 -0.48425154
v 0.81820412 0.38659139 -0.40612011
v 0.89949878 0.50190056 0.15208814
v 0.89547927 0.51713484 -0.03458393
v 0.84227032 -0.80013254 -0.84086273
v 0.85260360 -0.78656505 0.73603219
v 0.87542816 -0.65694964 0.76606988
v 0.87274752 -0.63579862 0.76743741
v 0.87079884 -0.62395129 0.78906255
v 0.83848281 -0.57841809 0.74744868
v 0.84678259 -0.58519214 0.77401820
v 0.87330545 -0.56497697 0.77423658
v 0.84933903 -0.56969661 0.75815980
v 0.86527990 -0.54234506 -0.85117778
v 0.90619403 -0.34768871 0.78878641
v 0.83106805 -0.26523229 -0.85467489
v 0.86276933 -0.14564754 -0.84070445
v 0.84425308 -0.11542933 0.72502403
v 0.88617380 -0.11220899 -0.83628639
v 0.87563885 -0.10809744 0.73152000
v 0.89116596 -0.10775263 0.76657390
v 0.89309177 -0.09884903 -0.84966392
v 0.79438457 -0.03147147 -0.85996388
v 0.90930491 -0.03019611 -0.94198183
v 0.89517968 0.02770071 -0.73439789
v 0.89736868 0.04233380 -0.71457014
v 0.74626448 0.18210418 -0.51674271
v 0.69760114 0.24735955 -0.61021204
v 0.80405312 0.29981473 -0.53960084
v 0.89253816 0.35495533 0.19595000
v 0.85367466 0.37508192 -0.42052827
v 0.89568865 0.37193546 -0.24353979
v 0.79718137 0.46755644 0.03223827
v 0.82660116 0.45945788 0.23196463
v 0.85145499 -0.79369339 0.74791847
v 0.83791693 -0.67226508 0.80773137
v 0.85681667 -0.57694916 0.67742805
v 0.85402040 -0.57950248 0.76711517
v 0.85528248 -0.52661186 -0.84350510
v 0.82851366 -0.44632107 -0.84771278
v 0.86156795 -0.34754533 0.67221678
v 0.86024412 -0.33571782 0.76773897
v 0.85570263 -0.32727426 0.77594077
v 0.90373371 -0.25884454 -0.86795626
v 0.90452880 -0.23845720 -0.85492849
v 0.81448956 -0.13844278 0.77712426
v 0.67814079 -0.03993111 -0.73550378
v 0.84284272 -0.03627196 -0.80844009
v 0.89946990 -0.02945444 0.70376318
v 0.83111703 0.12933746 -0.79149225
v 0.81773452 0.15434144 -0.76032467
v 0.83523338 0.34942928 -0.46972213
v 0.89228459 0.44751390 -0.13537435
v 0.68825459 0.42248443 -0.17100310
v 0.89771835 0.51620451 0.14349737
v 0.84657180 -0.78049333 0.78304798
v 0.91028210 -0.63951891 0.80064219
v 0.85230516 -0.57060848 0.73153494
v 0.87711130 -0.53209052 0.75320482
v 0.84490464 -0.40380434 0.77506046
v 0.83617930 -0.11278917 0.68601978
v 0.89221211 -0.04492092 -0.84970169
v 0.87709601 -0.05046719 0.82719779
v 0.83539716 -0.02029805 0.66456118
v 0.81393400 0.01801006 0.85283033
v 0.85815378 0.02789291 0.63864978
v 0.89709770 0.05044727 0.61860786
v 0.89170790 0.10963437 0.54021939
v 0.84170004 0.18968873 -0.69187383
v 0.89747287 0.24932201 0.34717157
v 0.93150820 0.41288659 -0.36758171
v 0.93248276 0.50323944 -0.22072565
v 0.91085754 0.57290132 0.07343331
v 0.88416563 -0.79428996 0.73570149
v 0.88644836 -0.78596559 0.78156731
v 0.84922359 -0.77855877 0.74562412
v 0.88320184 -0.77694391 -0.85602647
v 0.89003637 -0.66978422 0.78117496
v 0.85358164 -0.62089138 -0.84526069
v 0.85897868 -0.58130159 0.71847855
v 0.89604833 -0.54273230 0.77571046
v 0.89367554 -0.51800954 -0.85436278
v 0.84398209 -0.51953250 0.77373684
v 0.87399636 -0.46821234 0.05775655
v 0.87556733 -0.46703933 -0.18461384
v 0.88300818 -0.45882639 0.16205136
v 0.87493129 -0.44425747 -0.21539608
v 0.87353107 -0.44556109 -0.16068982
v 0.87299353 -0.44490093 -0.02261179
v 0.88183138 -0.43617600 0.77258142
v 0.87205974 -0.41031671 0.00672535
v 0.87577145 -0.44565801 0.15330976
v 0.89722315 -0.37411493 0.77487427
v 0.87274436 -0.39750145 0.12650915
v 0.87167907 -0.39353659 0.14504123
v 0.87372100 -0.33586705 -0.16567374
v 0.87046385 -0.36209232 -0.02682835
v 0.85259777 -0.34392428 0.75251528
v 0.85614660 -0.33948278 0.66946433
v 0.87557335 -0.37619356 0.15640858
v 0.87201756 -0.36382495 -0.09907593
v 0.86903327 -0.26607050 0.77279541
v 0.87295399 -0.26313521 0.11084271
v 0.87142319 -0.25651544 0.14547291
v 0.85367181 -0.24799570 -0.84777702
v 0.87044703 -0.28759329 -0.04086531
v 0.87222434 -0.30088751 -0.15062184
v 0.87211779 -0.27860015 0.00358467
v 0.87488286 -0.24769124 -0.16903799
v 0.87653573 -0.24908579 0.15540438
v 0.87276909 -0.13616245 0.12184595
v 0.89319081 -0.15480093 0.77470244
v 0.87407975 -0.11683476 -0.21564767
v 0.87170909 -0.13536367 -0.15140121
v 0.87150910 -0.11322567 -0.08791787
v 0.87098631 -0.11417946 0.07011561
v 0.87613537 -0.10758563 -0.02071520
v 0.87335724 -0.10938204 0.14675662
v 0.89227678 -0.03902657 0.64740664
v 0.90023595 -0.03947905 0.70935887
v 0.85311914 -0.01174210 -0.98377795
v 0.90344728 -0.00318672 -0.97888583
v 0.88840290 0.11596821 0.71530351
v 0.92949814 0.24682532 -0.60958191
v 0.89227345 0.39728708 0.13248403
v 0.88078010 0.44231309 -0.32110479
v 0.89334168 0.46991896 -0.28498649
v 0.88215599 -0.80492987 -0.86710417
v 0.88349238 -0.79238830 -0.84326390
v 0.89340751 -0.78064276 0.73588738
v 0.87942627 -0.65508680 -0.84403750
v 0.87621743 -0.62797196 -0.86864615
v 0.87702357 -0.57750992 0.76643671
v 0.89185055 -0.56957538 0.74732842
v 0.88972521 -0.53072049 0.77191925
v 0.88370489 -0.47300259 -0.12943553
v 0.88452601 -0.47310203 0.16436996
v 0.88239985 -0.46455159 0.19832036
v 0.88449997 -0.46856512 0.20756148
v 0.87949986 -0.46516783 -0.24288539
v 0.88289734 -0.45957818 -0.10408914
v 0.88291387 -0.45970458 -0.00546518
v 0.88630383 -0.45325218 -0.22019919
v 0.88489569 -0.45762809 -0.20310644
v 0.87794332 -0.45136751 -0.06476792
v 0.88011766 -0.45210621 0.01909048
v 0.89762113 -0.43645472 -0.84749333
v 0.88011141 -0.43174807 -0.22530328
v 0.88351473 -0.42874252 -0.14383637
v 0.88394687 -0.43327851 -0.00758673
v 0.88175773 -0.42702653 0.02571516
v 0.88488511 -0.44377629 0.15958193
v 0.89915570 -0.42753797 0.77513162
v 0.88514179 -0.42898666 -0.09149747
v 0.88222496 -0.34374435 -0.02299514
v 0.88214916 -0.38139264 -0.20476004
v 0.88155502 -0.42526495 -0.12041248
v 0.88420933 -0.32526632 -0.22690150
v 0.89526053 -0.34788017 0.76796638
v 0.89301092 -0.33456975 0.67208372
v 0.88292493 -0.30213075 -0.11928512
v 0.88240560 -0.25527109 -0.07328222
v 0.88187531 -0.32033068 -0.25352589
v 0.89241879 -0.26522854 0.77112413
v 0.89097236 -0.25529134 0.76459692
v 0.88294069 -0.19942964 0.02484728
v 0.88214554 -0.18407137 -0.11881169
v 0.88215149 -0.24581340 -0.01735506
v 0.87456036 -0.30517296 -0.22042770
v 0.87766843 -0.12178891 0.15638555
v 0.88253476 -0.14564486 -0.08181447
v 0.89896175 -0.15967246 -0.85484050
v 0.88358060 -0.12974140 -0.00397489
v 0.88434404 -0.12727501 -0.26007241
v 0.88380042 -0.12462275 -0.22417918
v 0.88402826 -0.12761013 -0.15754100
v 0.87730960 -0.10382161 -0.25508953
v 0.88316715 -0.13064471 0.09056391
v 0.88075360 -0.10942921 -0.24684344
v 0.87742915 -0.10842355 0.16465810
v 0.88090292 -0.11751997 0.16322275
v 0.88297440 -0.10775547 0.19578560
v 0.87809036 -0.10798152 -0.20411534
v 0.88432518 -0.08577936 -0.25040194
v 0.89229849 -0.10371057 -0.01933050
v 0.89234662 -0.10343328 0.15448990
v 0.88044228 -0.09885359 0.21032947
v 0.88455310 -0.08554553 -0.26325623
v 0.88441824 -0.08889889 -0.21676788
v 0.87724748 -0.08247367 -0.23659951
v 0.87661240 -0.08252918 0.10537208
v 0.88420605 -0.08890911 0.03233505
v 0.88411162 -0.08785162 0.16066826
v 0.87867721 -0.08218520 0.18503925
v 0.88790962 -0.06905911 -0.84361184
v 0.88429994 -0.07714496 -0.22678185
v 0.88427648 -0.07745316 0.15835991
v 0.87747192 -0.05715239 0.20965599
v 0.87992305 -0.04556708 -0.25526005
v 0.89958895 -0.05913824 -0.24706861
v 0.88334685 -0.05355678 0.20309863
v 0.87921452 -0.05380081 0.78907964
v 0.89469911 -0.04924189 -0.85326058
v 0.88291260 -0.04820043 -0.24437283
v 0.87842001 -0.04334934 -0.15216096
v 0.87789878 -0.04314529 0.00145616
v 0.88466364 -0.04815901 0.01273700
v 0.88303678 -0.03849727 0.00311481
v 0.88338673 -0.04783034 0.18565134
v 0.87787213 -0.04325211 0.07127373
v 0.87861347 -0.04325521 0.19807026
v 0.89192125 -0.04000543 -0.74831434
v 0.87898977 -0.04281575 -0.24628442
v 0.88431283 -0.03819763 -0.09581083
v 0.88436134 -0.03845980 0.07850602
v 0.88473375 -0.03853945 0.19305523
v 0.88662533 -0.04268296 0.20798335
v 0.89564330 0.02678083 0.64042889
v 0.89478703 0.17462359 -0.52828006
v 0.89270354 0.34107385 -0.28895869
v 0.92920916 0.40310466 0.29366569
v 0.89777743 0.41716100 0.29038807
v 0.88317132 -0.80177083 -0.85880160
v 0.90010666 -0.80485160 -0.84225828
v 0.88014461 -0.68012036 -0.85444074
v 0.88807960 -0.67245833 -0.88002961
v 0.89086548 -0.65579142 -0.83229645
v 0.88967810 -0.63077574 0.76120979
v 0.89005443 -0.63149988 -0.84830163
v 0.89189477 -0.60870637 0.77551431
v 0.88810785 -0.57470703 0.62017919
v 0.89100371 -0.58003694 0.67974565
v 0.89109022 -0.53243223 -0.85216932
v 0.88757236 -0.53024888 0.74265644
v 0.88542181 -0.50697981 -0.25959977
v 0.88536704 -0.50700622 -0.13350328
v 0.89200968 -0.51385797 -0.05751057
v 0.89168439 -0.51279103 0.20778027
v 0.88540661 -0.50694294 0.20023901
v 0.88461431 -0.50150997 0.20900183
v 0.89211383 -0.50266026 -0.22527930
v 0.89203943 -0.50307949 -0.06308238
v 0.89316455 -0.50286752 0.19310766
v 0.88715077 -0.49487872 -0.26018581
v 0.88047645 -0.47621797 -0.25957634
v 0.88433103 -0.47287256 -0.22734892
v 0.90395039 -0.47268108 0.05376806
v 0.88292951 -0.45328611 -0.25637744
v 0.88327403 -0.45186139 -0.18828915
v 0.88366608 -0.45165355 0.15218760
v 0.90056660 -0.44619404 -0.20696970
v 0.88959508 -0.43728950 -0.20801721
v 0.88995638 -0.43791079 -0.09353685
v 0.88504414 -0.43349911 0.13493075
v 0.85203199 -0.43357148 -0.86380765
v 0.88269261 -0.42750184 -0.20915489
v 0.88758327 -0.43390280 0.00864757
v 0.89297160 -0.43146135 0.14572029
v 0.89642250 -0.45069062 0.21517578
v 0.88235006 -0.42800300 -0.07560017
v 0.88353821 -0.43283661 0.05184135
v 0.88531494 -0.39047420 -0.14500849
v 0.88840476 -0.39533897 0.00976557
v 0.90122420 -0.33569789 0.69038823
v 0.88379901 -0.29360549 -0.19494455
v 0.89126239 -0.32629596 0.77191243
v 0.88612901 -0.22726430 -0.14917600
v 0.88484633 -0.30002122 0.13630513
v 0.89215960 -0.33199384 0.21426090
v 0.88421795 -0.29412375 0.02483764
v 0.88448545 -0.27672634 -0.25961872
v 0.88512570 -0.28048213 -0.08539839
v 0.88599860 -0.32214376 0.20829421
v 0.88493396 -0.27109850 -0.20585143
v 0.89900941 -0.25505853 -0.84587756
v 0.88664123 -0.20339024 0.00832348
v 0.88489248 -0.13116783 0.13761868
v 0.89218306 -0.12022825 0.20244428
v 0.90816198 -0.23663773 0.78880394
v 0.89213447 -0.13272405 0.21399005
v 0.90251889 -0.21527979 -0.24843061
v 0.89886911 -0.14552977 0.76904514
v 0.89981108 -0.13651511 -0.85042012
v 0.89146543 -0.14491065 -0.76617107
v 0.88117054 -0.13329430 -0.25362550
v 0.88596215 -0.12356483 0.20833611
v 0.88837042 -0.11387504 -0.76439043
v 0.88876097 -0.12349547 -0.21105049
v 0.89028300 -0.11967737 0.00041874
v 0.89352147 -0.12178386 -0.73142910
v 0.88930258 -0.12012948 0.13450733
v 0.90021033 -0.11893525 0.68833050
v 0.89818666 -0.10526543 -0.26384159
v 0.89253128 -0.10343190 -0.23416745
v 0.89126043 -0.09863362 0.77488272
v 0.89752594 -0.08148762 -0.24746948
v 0.89543922 -0.08905276 -0.22117438
v 0.89501361 -0.09939898 0.20145942
v 0.89968048 -0.07608790 -0.22890421
v 0.89196730 -0.07685543 -0.12803946
v 0.89229589 -0.07736434 0.17396182
v 0.91254331 -0.06107864 -0.85927045
v 0.90402285 -0.06030057 0.80971817
v 0.88424838 -0.04945136 -0.10086775
v 0.89451570 -0.05003115 -0.23400697
v 0.89851188 -0.05593120 -0.09054449
v 0.89321706 -0.04236850 0.77320118
v 0.89339925 -0.03354583 -0.83183239
v 0.89252603 -0.03729530 -0.72459611
v 0.88553163 -0.03941619 -0.22097533
v 0.89978371 -0.03764917 -0.09449442
v 0.89707225 -0.04082807 0.01313773
v 0.89020355 -0.03258429 -0.78072390
v 0.89193438 -0.03736207 0.62229715
v 0.89515750 -0.02978198 0.87302237
v 0.89896942 -0.01884315 0.66463292
v 0.88654668 -0.01923109 -0.79899619
v 0.93646003 -0.00479890 -0.97081189
v 0.89236719 0.02006853 -0.72391879
v 0.90612298 0.06156341 0.79130713
v 0.90272465 0.08011655 -0.66023997
v 0.89133148 0.20689331 0.40894420
v 0.89121286 0.27214964 -0.38770548
v 0.89071824 0.34687080 -0.47062246
v 0.89214991 0.50472682 -0.05542863
v 0.88725300 0.60218251 -0.14147926
v 0.86824975 0.61481018 -0.11323872
v 0.89986888 -0.80582661 0.61721826
v 0.88846221 -0.79930392 0.76532105
v 0.89479431 -0.79776192 -0.75976758
v 0.90133143 -0.80407946 -0.77646383
v 0.90072764 -0.80551615 -0.71663794
v 0.89371872 -0.79683766 -0.67764629
v 0.90077759 -0.80485723 -0.58906585
v 0.89367680 -0.79601418 -0.54289568
v 0.89613846 -0.78739692 -0.44321109
v 0.89375337 -0.80137660 -0.43747946
v 0.89741609 -0.80066624 -0.39260272
v 0.89338817 -0.79769298 -0.31919001
v 0.89257339 -0.79768122 -0.22025631
v 0.89968963 -0.80424898 -0.21975274
v 0.89393850 -0.79814098 -0.12407279
v 0.90014000 -0.80466625 -0.12470649
v 0.89821034 -0.79844189 -0.05011019
v 0.89761707 -0.79980388 0.01601107
v 0.89601184 -0.80035266 0.09112157
v 0.89419407 -0.79872771 0.13346787
v 0.89398740 -0.79730907 0.31221252
v 0.90060942 -0.80457494 0.31249239
v 0.89452794 -0.79817681 0.38906221
v 0.89618858 -0.79959828 0.42625319
v 0.89664739 -0.80092793 0.46651486
v 0.89970041 -0.80587121 0.53874033
v 0.89532472 -0.79340827 0.50170377
v 0.89352105 -0.79692102 0.54686767
v 0.89809837 -0.80215898 0.60780973
v 0.89441543 -0.79819843 0.64708399
v 0.89774442 -0.80271179 0.70621391
v 0.89290579 -0.79259622 -0.82534890
v 0.89513730 -0.78458916 -0.59627434
v 0.89384852 -0.79580908 -0.46685203
v 0.89807362 -0.78093658 -0.38834710
v 0.89649142 -0.78776109 -0.29959998
v 0.89529244 -0.78849908 -0.22887762
v 0.89586546 -0.78554439 -0.13572706
v 0.89563373 -0.78466905 -0.00250762
v 0.89477749 -0.79173932 0.06817734
v 0.89558187 -0.78740057 0.12708455
v 0.89257817 -0.79457674 0.27082306
v 0.89155707 -0.79252701 0.41059246
v 0.90265032 -0.79072015 0.60715767
v 0.89242576 -0.79005360 0.61499299
v 0.90014126 -0.78912611 0.72521321
v 0.90883108 -0.78522237 -0.82305753
v 0.89535203 -0.78709118 -0.76696693
v 0.89783536 -0.78826815 -0.69417920
v 0.90085553 -0.77960576 -0.68235140
v 0.89814227 -0.78608827 -0.64140976
v 0.89813689 -0.78810919 -0.52370697
v 0.89987676 -0.78320846 -0.48029660
v 0.90812564 -0.78170739 -0.41167431
v 0.89721334 -0.78848456 -0.35763019
v 0.90560399 -0.77677963 -0.29357605
v 0.89754723 -0.78741452 -0.27700466
v 0.90773360 -0.77164046 -0.12496260
v 0.89929384 -0.78793858 -0.11288130
v 0.89645417 -0.78581062 -0.06320471
v 0.90772333 -0.78191880 -0.01379820
v 0.91146976 -0.76541459 0.04383261
v 0.89649765 -0.78541230 0.17355439
v 0.89784967 -0.78699792 0.23951380
v 0.90696089 -0.77834428 0.26782001
v 0.89812853 -0.78850733 0.28009670
v 0.89696417 -0.78491271 0.31862595
v 0.89642208 -0.78584591 0.33245415
v 0.89859303 -0.78713809 0.38850690
v 0.89747054 -0.78671018 0.44642653
v 0.89653863 -0.78494070 0.49110942
v 0.90208210 -0.78759408 0.56642638
v 0.89744820 -0.78531532 0.66895367
v 0.89305561 -0.78514097 -0.05335380
v 0.91187666 -0.67996752 -0.24157136
v 0.89069416 -0.66352543 -0.84427398
v 0.89652047 -0.65982347 -0.80224259
v 0.89830166 -0.67012730 -0.44317523
v 0.89617122 -0.66724204 -0.37562557
v 0.89788215 -0.66288920 0.22580386
v 0.89502011 -0.65907817 0.39673004
v 0.90774259 -0.67166743 0.42836530
v 0.90591821 -0.67933044 0.44270529
v 0.89374857 -0.65931985 0.75567422
v 0.89728110 -0.65744650 -0.70981797
v 0.89671428 -0.66434961 -0.57531012
v 0.89513624 -0.65832901 -0.45436828
v 0.89554082 -0.66565899 -0.19797437
v 0.89652034 -0.65887492 -0.00711119
v 0.89398786 -0.65340569 0.10491938
v 0.90229332 -0.64762955 0.16918076
v 0.89498991 -0.65790858 0.25396140
v 0.89615177 -0.66277646 0.30487080
v 0.89624809 -0.66106156 0.48047062
v 0.89561957 -0.65834853 0.60080258
v 0.90893869 -0.64632222 -0.87885224
v 0.90182610 -0.64214835 -0.76995839
v 0.89309316 -0.64605900 -0.70338694
v 0.89593696 -0.65584841 -0.53768346
v 0.89551924 -0.65312260 -0.39108956
v 0.89697607 -0.65677620 -0.14692647
v 0.90278945 -0.63964274 -0.14671385
v 0.89506934 -0.65483797 0.44773546
v 0.89717370 -0.65714877 0.65360660
v 0.90233006 -0.64329505 0.63311692
v 0.89406913 -0.64331988 0.76717011
v 0.90084196 -0.60220654 0.61557492
v 0.89767308 -0.63382743 0.68279254
v 0.89775535 -0.58547419 0.73467555
v 0.90280204 -0.58548846 -0.84711357
v 0.89769689 -0.58017657 0.64268244
v 0.89791702 -0.58552097 0.67127268
v 0.89898262 -0.58478213 0.76492168
v 0.89207873 -0.57996440 0.75266861
v 0.89057996 -0.57118459 0.67512154
v 0.90011738 -0.56483687 0.76551349
v 0.90000052 -0.56142397 0.69339106
v 0.90240131 -0.54062338 0.61226361
v 0.89674916 -0.54086787 0.67495478
v 0.89186664 -0.53569960 0.71656195
v 0.89961056 -0.52332496 0.66274951
v 0.90019448 -0.52226782 0.69360855
v 0.89203425 -0.51295674 -0.23400701
v 0.89993079 -0.51753709 -0.06111101
v 0.89971338 -0.51597026 0.20863889
v 0.89581720 -0.52194819 0.77545587
v 0.90584117 -0.48934700 0.78984568
v 0.90254600 -0.50604963 -0.26991479
v 0.90016355 -0.50257469 -0.17250481
v 0.90029939 -0.50267348 0.01920505
v 0.89227604 -0.49779064 0.69637581
v 0.90245461 -0.46965822 -0.27037986
v 0.89387776 -0.47208392 0.19970865
v 0.89518532 -0.45824923 -0.85175909
v 0.90718539 -0.47272133 -0.13583055
v 0.89224263 -0.45237050 0.77383527
v 0.90005552 -0.44954149 0.76348701
v 0.90664751 -0.45058675 -0.19406557
v 0.90449920 -0.45360006 0.16504745
v 0.90175140 -0.44265579 0.00682940
v 0.90083249 -0.43549914 0.68705305
v 0.89150686 -0.43900809 0.70230211
v 0.89824442 -0.43697690 0.76588377
v 0.89951406 -0.44625270 -0.26428249
v 0.90046127 -0.41841232 -0.85179335
v 0.91772007 -0.42446904 -0.86417222
v 0.90400464 -0.35659895 -0.85005340
v 0.90123854 -0.36342788 0.76667756
v 0.89750549 -0.34222116 0.66411984
v 0.89371384 -0.34900476 0.67161013
v 0.89816601 -0.34164397 -0.79073483
v 0.89448861 -0.25268550 0.14667208
v 0.89830438 -0.34268659 0.63324684
v 0.89847805 -0.34164246 -0.85328691
v 0.90187229 -0.33408263 -0.78490205
v 0.89862714 -0.34382556 -0.73143753
v 0.89475082 -0.33623882 0.76460675
v 0.89579078 -0.25549874 -0.73663834
v 0.89367063 -0.32898722 -0.73069595
v 0.90280035 -0.33295151 -0.72047482
v 0.89999970 -0.43297647 -0.21600013
v 0.90025195 -0.32677494 0.76370955
v 0.90758885 -0.26544280 0.78899626
v 0.89833884 -0.25484163 0.63306597
v 0.90238760 -0.24717163 -0.71989272
v 0.89969188 -0.25311571 0.67233637
v 0.90054002 -0.25699069 0.75984006
v 0.90131825 -0.23925502 0.76793238
v 0.89306768 -0.21804636 -0.72766917
v 0.89782230 -0.21874275 0.62540803
v 0.89227336 -0.23984071 0.77404729
v 0.89567071 -0.16054725 -0.73018477
v 0.89268780 -0.33390928 -0.21449104
v 0.90226385 -0.14556797 0.64745777
v 0.88900678 -0.14866789 -0.73842210
v 0.89979845 -0.12308709 0.15052465
v 0.89804303 -0.13534923 0.62601578
v 0.90218936 -0.13428434 -0.75577932
v 0.89867618 -0.15167353 -0.77395892
v 0.89964141 -0.13748703 -0.26345049
v 0.89897855 -0.10943556 -0.81269039
v 0.90618800 -0.11982955 -0.21728212
v 0.91326164 -0.11542147 -0.01255437
v 0.89448003 -0.11347857 0.66723873
v 0.90445548 -0.11846925 0.76255882
v 0.89879936 -0.09819213 -0.01389342
v 0.89878913 -0.09819915 0.13455019
v 0.90058880 -0.08165684 -0.82903459
v 0.89883063 -0.09823160 -0.21774813
v 0.89444574 -0.08952921 -0.05384534
v 0.89316426 -0.08981283 0.09205271
v 0.89693740 -0.08887324 0.17365797
v 0.90365329 -0.09139920 -0.24695608
v 0.89397798 -0.11100200 0.62931963
v 0.89961041 -0.07426167 -0.08170998
v 0.90196854 -0.07144130 0.18243805
v 0.95483341 -0.06068333 -0.89669060
v 0.90172971 -0.05846232 -0.20504705
v 0.89290832 -0.04968241 0.00803829
v 0.90056114 -0.05806094 0.01023071
v 0.90041322 -0.05790533 0.08027446
v 0.90106429 -0.03827478 -0.77183816
v 0.90007359 -0.04292001 -0.25921365
v 0.90130879 -0.03584337 -0.24289527
v 0.89894146 -0.03751868 -0.03676862
v 0.90193038 -0.03735958 0.09481603
v 0.89479599 -0.02909664 0.69008425
v 0.90194888 -0.02803903 0.00255217
v 0.89879461 -0.02653959 -0.71926085
v 0.95625436 -0.01190864 -0.98331794
v 0.91540986 0.01133375 -0.96102198
v 0.90156111 0.02091091 0.62449779
v 0.90272201 0.11264336 -0.61049029
v 0.89234971 0.11706257 -0.61222198
v 0.90224753 0.17339303 0.44594771
v 0.91685052 0.22697955 0.56315114
v 0.88844683 0.26350835 -0.60359579
v 0.89267333 0.31080587 -0.53153327
v 0.90207898 0.43184233 0.07399847
v 0.90183445 0.41834919 -0.16795593
v 0.89061735 0.45875674 0.04308444
v 0.89614028 0.46172288 0.23217714
v 0.90192257 0.47632501 -0.08670708
v 0.89618646 -0.80275279 -0.63475942
v 0.92487946 -0.80175710 -0.86895064
v 0.90025751 -0.80324863 -0.46750075
v 0.91782854 -0.80499143 -0.37337717
v 0.90075138 -0.80420083 -0.27020962
v 0.91441090 -0.80258168 0.02596670
v 0.89861060 -0.80261480 0.24145223
v 0.91021495 -0.80229151 0.72616690
v 0.89632159 -0.79775518 -0.60874692
v 0.89687726 -0.78518718 0.53833546
v 0.91297258 -0.78640788 -0.67080004
v 0.91263747 -0.78467307 -0.61020250
v 0.90792633 -0.78901428 -0.50644474
v 0.90873846 -0.78850612 -0.35939389
v 0.91326810 -0.78215632 -0.30486202
v 0.90235144 -0.78581852 -0.20741302
v 0.90361917 -0.78783043 -0.17836496
v 0.91128501 -0.78537992 -0.11464135
v 0.91209757 -0.78027470 -0.07052971
v 0.90989856 -0.78031367 0.15985571
v 0.91178463 -0.78483080 0.27840689
v 0.91273320 -0.78753545 0.46360417
v 0.90148639 -0.78559490 0.62433694
v 0.91286489 -0.78587531 0.65400861
v 0.91540400 -0.78528086 -0.57967008
v 0.90385258 -0.77228789 -0.42670030
v 0.90660156 -0.77417312 0.41257978
v 0.91169557 -0.77494202 0.61930357
v 0.90137157 -0.76753728 -0.37490412
v 0.90685442 -0.77146707 -0.59429143
v 0.90751600 -0.68040767 -0.42964291
v 0.90899842 -0.67895213 -0.22678915
v 0.89732088 -0.67003127 -0.25742121
v 0.90735439 -0.68011097 -0.09700221
v 0.89636134 -0.65890627 0.15446665
v 0.89539241 -0.66299264 0.32480038
v 0.89745518 -0.66005899 -0.29696523
v 0.90904975 -0.67256405 -0.13569208
v 0.91176227 -0.67104878 -0.11488039
v 0.89706482 -0.66150593 -0.09752581
v 0.90375911 -0.66387671 0.66565292
v 0.90242074 -0.65202756 -0.37135796
v 0.91114481 -0.66877622 0.12668532
v 0.90406639 -0.64187394 -0.68861954
v 0.90376264 -0.63912688 -0.64823761
v 0.90259255 -0.64309610 -0.44405412
v 0.90333441 -0.64855295 -0.18946608
v 0.89980595 -0.65313404 -0.02339982
v 0.90378474 -0.64526091 -0.71519765
v 0.90282170 -0.64063350 -0.57520268
v 0.90266705 -0.63509314 -0.00724619
v 0.90268223 -0.63839003 0.09599953
v 0.90242088 -0.64167159 0.31725046
v 0.90231847 -0.63859669 0.39563169
v 0.90270589 -0.63925128 0.46853706
v 0.90310393 -0.64186947 0.58981736
v 0.90024794 -0.65001737 -0.60858381
v 0.90256587 -0.63663660 -0.37851998
v 0.90234948 -0.64126823 0.24226610
v 0.90215090 -0.62950780 -0.82133778
v 0.89989490 -0.64589105 -0.84344804
v 0.90265482 -0.63986490 0.49978275
v 0.90283682 -0.64916558 -0.25130115
v 0.90267485 -0.57428031 -0.58380131
v 0.90232672 -0.61555246 -0.72997860
v 0.90258235 -0.52234496 -0.26649351
v 0.89704835 -0.53959194 0.62821069
v 0.89986875 -0.52488951 -0.73154473
v 0.90208740 -0.52671253 -0.84665067
v 0.90255885 -0.52293638 0.04178389
v 0.90265741 -0.52180723 0.21597835
v 0.89987820 -0.51630509 -0.25918898
v 0.90227283 -0.51886562 0.70823363
v 0.90238888 -0.53115230 -0.77380291
v 0.91667594 -0.49544092 -0.04486174
v 0.90062481 -0.50576964 0.21531785
v 0.90131719 -0.51941638 0.73973171
v 0.90935462 -0.50166152 -0.86587462
v 0.92043495 -0.49569936 -0.24645754
v 0.90269194 -0.50142636 -0.23986807
v 0.90013740 -0.45220511 0.71140956
v 0.91844676 -0.47324612 -0.24335171
v 0.91503984 -0.47431659 0.14790192
v 0.90049927 -0.44369378 -0.81699808
v 0.90162264 -0.43466209 -0.72992066
v 0.90291510 -0.44544615 0.61107965
v 0.90264229 -0.44321507 -0.74218600
v 0.90634743 -0.44884360 -0.23994648
v 0.90209561 -0.44288818 -0.19026316
v 0.90024451 -0.44323133 -0.10996184
v 0.89354498 -0.45593298 0.20247486
v 0.90255013 -0.46380985 0.41723669
v 0.90153411 -0.44945200 -0.24979830
v 0.89913789 -0.44972372 -0.22748280
v 0.90201140 -0.44418974 0.14556100
v 0.90791142 -0.43541831 -0.78836482
v 0.90732693 -0.34688740 0.20072167
v 0.90403488 -0.42111086 -0.84152595
v 0.90639237 -0.44127773 0.16718640
v 0.90101781 -0.36108882 0.67135592
v 0.90306447 -0.43090364 0.76555631
v 0.90040397 -0.41594804 -0.73176093
v 0.90257764 -0.47861696 -0.71710526
v 0.90150236 -0.37996375 -0.24857101
v 0.90762785 -0.38002600 -0.23991033
v 0.90365849 -0.34459521 0.61304135
v 0.90285688 -0.36712093 -0.22807906
v 0.90268680 -0.46329933 0.22358838
v 0.90275435 -0.30111615 0.39257711
v 0.90409459 -0.33335174 -0.84519311
v 0.90596786 -0.33286821 -0.74548800
v 0.90259594 -0.35194596 -0.33029626
v 0.90893751 -0.27909766 0.17024003
v 0.90192635 -0.33832560 0.66088282
v 0.90325766 -0.25702084 0.61837716
v 0.90249307 -0.26691299 -0.85522999
v 0.91312090 -0.34482265 -0.86761511
v 0.90202235 -0.26661214 -0.75746333
v 0.91002625 -0.26573060 -0.24142687
v 0.89966526 -0.25733849 0.16276348
v 0.90673120 -0.24297517 -0.76661299
v 0.90231477 -0.12309125 0.22308242
v 0.91539111 -0.23446335 -0.21828141
v 0.90172712 -0.25379377 0.21642800
v 0.90189754 -0.16506441 -0.71901217
v 0.90134579 -0.24212324 -0.74296250
v 0.90203974 -0.21495169 0.64111322
v 0.90605105 -0.28565802 -0.23081621
v 0.90048987 -0.23857797 -0.22841628
v 0.90818171 -0.11703172 0.19879884
v 0.90138961 -0.15926378 -0.74938030
v 0.90267851 -0.08981304 -0.27144578
v 0.90403467 -0.15292522 -0.84229193
v 0.90733065 -0.16543173 -0.85001535
v 0.90332945 -0.23521260 0.57328043
v 0.90158053 -0.16110921 0.76901072
v 0.90748783 -0.16327905 -0.76821807
v 0.90245513 -0.15364794 -0.49384354
v 0.90119394 -0.14765198 0.72322805
v 0.90253085 -0.14220134 -0.70038946
v 0.90366555 -0.16016363 0.60869626
v 0.90719931 -0.12451774 0.16578672
v 0.90473886 -0.14074345 -0.83813680
v 0.90462516 -0.13373921 0.67183082
v 0.90328676 -0.12124292 -0.84478739
v 0.90202483 -0.11855233 -0.77913944
v 0.91207440 -0.11704262 -0.24699281
v 0.90738523 -0.12281243 0.16810769
v 0.90206107 -0.10817365 -0.72150273
v 0.90095741 -0.09927727 -0.76856329
v 0.90738829 -0.13489128 0.78926206
v 0.90289634 -0.09756025 0.19064427
v 0.90346747 -0.09564664 0.21576421
v 0.90232212 -0.10002142 0.64140902
v 0.90115418 -0.10306137 0.68494962
v 0.90055911 -0.10413226 0.76919144
v 0.90521092 -0.07967057 0.19659902
v 0.90309426 -0.07442343 0.76957758
v 0.90217131 -0.07853862 0.61908762
v 0.90656084 -0.07004579 0.78868670
v 0.90256122 -0.06693483 -0.14699901
v 0.90265788 -0.06691177 0.02123790
v 0.89867398 -0.05101877 0.19242596
v 0.90239347 -0.10407412 0.27500395
v 0.90286584 -0.06592360 0.48588924
v 0.90246896 -0.04727273 0.63913366
v 0.90028875 -0.06625126 0.67563285
v 0.89976300 -0.06234003 0.76590055
v 0.90246859 -0.04141616 -0.71850127
v 0.90181013 -0.04387130 -0.83564192
v 0.90230097 -0.03081493 -0.26282598
v 0.90240245 -0.02626066 0.21073830
v 0.90115469 -0.04528144 0.76453761
v 0.90065324 -0.02447243 -0.80243211
v 0.90023048 -0.03558313 0.19813880
v 0.90318655 -0.04501642 0.21488358
v 0.90274600 -0.02641119 0.61014671
v 0.90765994 -0.02082050 -0.97912495
v 0.90442808 -0.03051309 0.66588571
v 0.94865320 -0.01355035 0.88219663
v 0.90221563 -0.02845056 -0.12275527
v 0.90249613 0.01004216 0.61719209
v 0.90257920 0.02428250 -0.72103715
v 0.90307576 0.05982482 0.60085205
v 0.90223452 0.09194513 0.55791589
v 0.90206977 0.08248962 -0.05024048
v 0.89261842 0.09884221 -0.84718503
v 0.90252447 0.13353217 0.49920615
v 0.90211312 0.21582758 0.15797930
v 0.90248994 0.08688299 -0.56064758
v 0.90265261 0.14702910 -0.55904386
v 0.90235630 0.12637718 0.38164726
v 0.90260884 0.20560335 0.40092414
v 0.90211452 0.20532504 -0.47725542
v 0.92120666 0.19322545 0.62119402
v 0.90224059 0.25581539 -0.40150516
v 0.90216544 0.27178953 0.30639568
v 0.90302044 0.24224544 0.34304342
v 0.90202912 0.25694150 -0.28761182
v 0.90199420 0.31257597 -0.32143983
v 0.90221949 0.29458393 0.27359857
v 0.90199499 0.36426052 -0.24561208
v 0.93113976 0.31389727 0.44874859
v 0.90191841 0.32259896 0.23273920
v 0.89423055 0.34216852 0.39444712
v 0.90191199 0.35099637 0.19274730
v 0.90237670 0.38822613 0.13615211
v 0.89377077 0.38492407 -0.40483900
v 0.90654758 0.40352886 -0.36894128
v 0.90203980 0.41846974 -0.01081854
v 0.90195869 0.49400175 -0.01530238
v 0.92980011 0.51451137 0.13698744
v 0.91747316 -0.80540065 0.56611791
v 0.92858021 -0.80303629 -0.84780478
v 0.93041077 -0.79783189 -0.77111757
v 0.91381171 -0.80584916 -0.70004976
v 0.92183818 -0.80433179 -0.60224454
v 0.93069489 -0.79963179 -0.44558207
v 0.92101505 -0.80365560 -0.44471111
v 0.91697555 -0.80392282 0.07175635
v 0.92009391 -0.80460111 0.12764352
v 0.92105072 -0.80439051 0.35158966
v 0.90204095 -0.80598511 0.39300269
v 0.90984266 -0.77865429 -0.76012053
v 0.91516044 -0.78501611 -0.69692881
v 0.91339109 -0.78100173 -0.35645424
v 0.90903858 -0.78763081 -0.23464060
v 0.91018275 -0.78232769 -0.09200407
v 0.90865283 -0.78102408 0.20818819
v 0.91403836 -0.78436497 0.30906369
v 0.91044643 -0.78502974 0.33689013
v 0.91228018 -0.78174724 0.49641590
v 0.91317066 -0.78096538 0.56951023
v 0.91536047 -0.77415963 -0.82485798
v 0.90970653 -0.77822967 -0.54904163
v 0.91018796 -0.78295391 -0.45063760
v 0.91162039 -0.78225787 0.13704287
v 0.91260319 -0.78748911 0.39638721
v 0.91338781 -0.78417435 0.42613326
v 0.91123181 -0.78097531 0.54160581
v 0.91357093 -0.78377291 -0.77260756
v 0.91026020 -0.77292134 -0.04949434
v 0.90443097 -0.75808830 0.18026993
v 0.91095157 -0.78243610 0.23962651
v 0.91438246 -0.74569583 0.29167888
v 0.90984840 -0.78322429 0.77042297
v 0.91575500 -0.78206207 0.80403919
v 0.91208318 -0.72246274 -0.68248844
v 0.91302310 -0.76878675 -0.11038757
v 0.90631985 -0.76665767 0.32364435
v 0.90925524 -0.78134995 0.44030392
v 0.90713639 -0.77516294 -0.84553397
v 0.91466678 -0.72572000 -0.57470386
v 0.91109182 -0.73041816 -0.36667736
v 0.91230253 -0.71811356 -0.05649416
v 0.91171635 -0.77381694 0.01024171
v 0.91371128 -0.74095590 0.17737894
v 0.90989603 -0.73827514 -0.77155215
v 0.91273767 -0.78357295 -0.27725511
v 0.91428829 -0.78007055 -0.24055654
v 0.90994604 -0.75121846 -0.22457938
v 0.91105261 -0.72089549 -0.59601347
v 0.91423082 -0.78227105 -0.53499139
v 0.91163390 -0.78133625 -0.14985263
v 0.91232580 -0.74593432 0.22494911
v 0.91142300 -0.68995074 0.41062362
v 0.91237722 -0.72137560 0.42891559
v 0.91262619 -0.78420432 0.59632748
v 0.91139700 -0.68665990 0.64750666
v 0.90929413 -0.68356701 0.15147586
v 0.91189342 -0.67788684 0.16960411
v 0.91244051 -0.74936483 0.77537162
v 0.91281670 -0.75764352 -0.39319781
v 0.91321340 -0.77247112 -0.02571991
v 0.90675724 -0.68642426 -0.01118701
v 0.91099060 -0.67326010 -0.41332245
v 0.90865948 -0.72896883 -0.09609626
v 0.91148480 -0.67802326 0.00588584
v 0.91105670 -0.67269012 -0.77355180
v 0.91366729 -0.76531676 -0.45562551
v 0.91024405 -0.73606837 -0.42824609
v 0.91317910 -0.78318349 0.09189765
v 0.91293551 -0.76327166 0.33322960
v 0.91259912 -0.67081814 0.58107349
v 0.91436308 -0.67035294 0.62160926
v 0.91207202 -0.78124892 0.70447763
v 0.91144435 -0.68081461 -0.60318121
v 0.91343418 -0.78001601 -0.20092500
v 0.91205626 -0.67449393 0.52268116
v 0.91253015 -0.67926575 -0.17150417
v 0.91002210 -0.66858194 -0.05038822
v 0.91264556 -0.67473429 0.45660447
v 0.91068244 -0.67058091 -0.68607839
v 0.91243391 -0.67577636 -0.47322393
v 0.91142355 -0.68089094 -0.37062671
v 0.91243147 -0.68471737 -0.28713092
v 0.91070408 -0.67983794 0.23239482
v 0.91057329 -0.69622248 0.31499518
v 0.91170134 -0.67018771 0.34117800
v 0.91240359 -0.67299293 0.69974604
v 0.91310877 -0.67405178 0.76035168
v 0.91022192 -0.67327294 -0.85163999
v 0.89842120 -0.66222202 -0.63074326
v 0.91089001 -0.67768888 -0.55743822
v 0.91313298 -0.66303988 -0.02215039
v 0.91149302 -0.67316169 0.29925084
v 0.91316326 -0.67337146 0.66705832
v 0.90822098 -0.66755208 0.77376144
v 0.91382899 -0.64572985 0.22703617
v 0.91361999 -0.64670377 0.27734992
v 0.92813068 -0.65401633 -0.69756612
v 0.91355303 -0.64145938 -0.42711475
v 0.91345978 -0.64532082 -0.26083668
v 0.91341131 -0.63898855 0.03386651
v 0.91290217 -0.64147332 0.15798284
v 0.91335086 -0.64218695 0.47562326
v 0.91610470 -0.64069073 0.56333240
v 0.91570927 -0.64310314 0.60609503
v 0.91431559 -0.64252099 -0.54516656
v 0.91412778 -0.62020304 0.28104054
v 0.91392875 -0.64460843 0.44488005
v 0.91407845 -0.64029419 0.35660214
v 0.91513932 -0.55967511 -0.72999131
v 0.91400000 -0.61978259 0.79104417
v 0.91376551 -0.63920403 -0.04402236
v 0.91456427 -0.59818987 0.52808434
v 0.91456835 -0.55280976 0.33705296
v 0.91356343 -0.56019095 -0.02243660
v 0.91369014 -0.51624514 0.20776281
v 0.91413407 -0.62185932 -0.59306713
v 0.91311604 -0.52291033 -0.23745646
v 0.90886282 -0.54014811 0.78784849
v 0.91394739 -0.51863400 -0.06168284
v 0.91278177 -0.52298548 0.14145272
v 0.91401158 -0.51300326 -0.27066500
v 0.91575269 -0.51751652 -0.23223177
v 0.91568634 -0.51715131 0.12613133
v 0.91423944 -0.49912165 0.22016451
v 0.91593146 -0.49703150 0.12424938
v 0.91386685 -0.61314254 -0.37424241
v 0.91418509 -0.49600542 -0.22043545
v 0.91843689 -0.49360090 -0.17031296
v 0.91802204 -0.49670817 0.18869709
v 0.91530698 -0.58282427 0.61096210
v 0.91374759 -0.43288514 -0.59916200
v 0.91416447 -0.45346145 -0.26911967
v 0.91410886 -0.45280704 -0.21725014
v 0.90873968 -0.45163804 -0.14173503
v 0.91002403 -0.45135481 0.01025937
v 0.90891656 -0.44957067 0.19365504
v 0.91502787 -0.43559828 0.15447226
v 0.91423237 -0.37679944 0.47740136
v 0.91377075 -0.40746983 0.21918478
v 0.91148821 -0.34795456 0.19264050
v 0.90917255 -0.44291332 0.78800691
v 0.91407266 -0.39422599 -0.27086868
v 0.90957233 -0.37246670 0.79013059
v 0.91870411 -0.35091586 -0.79578472
v 0.91478052 -0.34591556 0.64156846
v 0.91373787 -0.33020789 -0.71732063
v 0.91830094 -0.25679506 0.66516031
v 0.91366830 -0.15560829 -0.65097030
v 0.91447534 -0.38215948 -0.42894247
v 0.91442446 -0.24133829 -0.86950823
v 0.91550810 -0.24666735 0.15554937
v 0.91460317 -0.24952935 0.61150066
v 0.91365840 -0.13864939 -0.23977918
v 0.91195549 -0.12393033 0.19203586
v 0.91352260 -0.22346325 -0.26717659
v 0.91638446 -0.11466036 -0.21890651
v 0.91405517 -0.11067691 0.21783791
v 0.91413342 -0.25013830 0.22385345
v 0.91025429 -0.11736593 0.15016397
v 0.91359172 -0.10967535 -0.26844599
v 0.90411008 -0.11799823 -0.14280810
v 0.91727640 -0.06659739 0.78169153
v 0.91408744 -0.13225299 -0.41963176
v 0.91743402 -0.09825120 -0.86187225
v 0.91433611 -0.11610897 0.57525943
v 0.91279700 -0.03783069 0.65877637
v 0.91436436 -0.10675058 -0.71656695
v 0.91407666 -0.09091738 0.26367935
v 0.91241829 -0.04160091 -0.75134546
v 0.91221472 -0.06521423 0.63655475
v 0.91793917 -0.05767669 0.78885229
v 0.91288498 -0.04190789 -0.80351076
v 0.91509606 -0.03553016 0.71090814
v 0.91334934 -0.02965279 -0.83541557
v 0.91312606 -0.03267776 -0.73852959
v 0.91393278 -0.03312101 0.61153989
v 0.91605667 -0.04058384 -0.23816438
v 0.91572958 -0.04066719 -0.03235971
v 0.91259374 -0.03574938 0.13203680
v 0.91398764 -0.07064216 0.48388569
v 0.91542872 -0.02892807 -0.78282605
v 0.91276791 -0.03531544 -0.17599395
v 0.91311801 -0.03711857 0.00417487
v 0.91348603 -0.04013640 -0.26782139
v 0.93525877 -0.01868537 0.85987701
v 0.91307884 0.16844072 -0.38302884
v 0.91348030 0.02140776 0.61282315
v 0.91820730 0.01116996 0.61796357
v 0.93402396 0.01071046 0.86146566
v 0.91352995 0.01830151 0.21824504
v 0.91341684 -0.00342330 -0.51545014
v 0.91146748 0.04300409 0.61747578
v 0.91344271 0.02840925 -0.72914888
v 0.91307278 0.06491881 0.59374011
v 0.84343162 0.05739293 -0.90551419
v 0.91378633 0.08570862 0.56650713
v 0.93518134 0.08643353 -0.84866544
v 0.91322941 0.07761431 -0.65997105
v 0.91308806 0.13849338 0.47968386
v 0.91338623 0.08268120 0.13116883
v 0.91325218 0.09123986 -0.55697611
v 0.91358338 0.10912527 0.53301363
v 0.91223667 0.12568122 -0.58842204
v 0.91341282 0.18009371 0.34639948
v 0.91566863 0.13898812 -0.57610313
v 0.91247244 0.16103834 -0.53019728
v 0.91297089 0.18854246 0.42298384
v 0.91677415 0.17110512 -0.53287156
v 0.91261010 0.24158554 -0.41807835
v 0.91281523 0.22931576 0.36666026
v 0.91345679 0.21097635 -0.46968571
v 0.91298479 0.28603842 -0.36060362
v 0.91327997 0.26193509 0.32187161
v 0.91289175 0.31672945 0.07932239
v 0.91346760 0.11616301 -0.13993079
v 0.91383172 0.29026982 0.28124623
v 0.89014738 0.30123234 0.45694504
v 0.91259118 0.31939742 0.23807001
v 0.91629865 0.33008443 -0.30285879
v 0.91276688 0.34721879 0.19811571
v 0.91273074 0.33153446 -0.28587992
v 0.93207126 0.37413051 0.34630124
v 0.91517376 0.37136093 -0.24026221
v 0.91253023 0.39821090 -0.19712019
v 0.91223718 0.39829701 0.12222142
v 0.93658914 0.42016866 -0.35738802
v 0.91233068 0.43654850 -0.13603048
v 0.91703910 0.43236022 -0.15563041
v 0.91255804 0.43320604 -0.02189796
v 0.91251982 0.44369862 0.05932899
v 0.91363221 0.48295025 -0.00015147
v 0.94864455 0.49378879 0.16268373
v 0.91561893 0.47716049 -0.09050670
v 0.93029677 -0.80007414 0.51664059
v 0.93162625 -0.79934265 -0.67838358
v 0.91806391 -0.80334523 -0.28768064
v 0.92673636 -0.80221699 -0.21822088
v 0.93145713 -0.79910688 0.43986642
v 0.91606453 -0.80588917 0.46438334
v 0.91295676 -0.80167072 0.79638260
v 0.92019184 -0.79833892 -0.05412845
v 0.92923808 -0.78941229 0.79931663
v 0.92030458 -0.70151406 -0.88237975
v 0.91627070 -0.64266123 -0.60591691
v 0.91306414 -0.65133262 -0.57649700
v 0.91415659 -0.64043310 -0.44815765
v 0.91619177 -0.64493056 -0.38156022
v 0.93189955 -0.66009213 -0.23677422
v 0.91404731 -0.64254594 -0.18321448
v 0.92715501 -0.65082900 0.38050620
v 0.92778099 -0.65318654 0.45239671
v 0.91358241 -0.63903848 -0.69139387
v 0.92808028 -0.65272580 -0.00201197
v 0.92248845 -0.64363170 0.62958423
v 0.92107702 -0.58544684 0.77764471
v 0.91919941 -0.59260649 0.67521718
v 0.92038592 -0.54545764 0.69492980
v 0.92243544 -0.49369249 -0.85782843
v 0.91886772 -0.49473846 0.78195046
v 0.91489025 -0.47678864 -0.72365891
v 0.93339761 -0.50759293 -0.26338605
v 0.92256463 -0.51443535 0.12538791
v 0.92278331 -0.51444290 -0.23103903
v 0.91897872 -0.48798213 0.11231105
v 0.91702044 -0.47769074 -0.03890782
v 0.91976870 -0.48178124 0.19752681
v 0.91816575 -0.47555899 0.16583388
v 0.91474847 -0.43924399 0.65443111
v 0.93149856 -0.45892325 -0.26266949
v 0.91812098 -0.44906785 -0.79316022
v 0.93062877 -0.45596764 -0.22292998
v 0.93002347 -0.45526816 0.00847419
v 0.91051673 -0.45232393 0.14340514
v 0.91625458 -0.43987284 -0.85977653
v 0.92281335 -0.44809074 0.20824247
v 0.91910309 -0.43872334 0.75339381
v 0.92363309 -0.42271444 -0.85208008
v 0.91952548 -0.42712604 -0.79470331
v 0.91408054 -0.43134972 -0.74002776
v 0.92036002 -0.42878602 0.78126311
v 0.92433693 -0.45169844 -0.25600196
v 0.92143608 -0.36685275 0.77769562
v 0.91848233 -0.35000200 0.69169557
v 0.92049086 -0.30082201 -0.74481072
v 0.92061806 -0.34446652 -0.86192155
v 0.91887255 -0.34542143 0.78231404
v 0.91817886 -0.26554445 -0.80420635
v 0.92030115 -0.26154441 -0.85976514
v 0.91705927 -0.24741168 0.78552821
v 0.91389663 -0.24624456 -0.72968179
v 0.91968036 -0.25066231 0.77456350
v 0.91603750 -0.13876054 -0.72317558
v 0.91957641 -0.13566060 0.74542629
v 0.92298187 -0.21906865 0.20823452
v 0.90757449 -0.12152521 -0.23158486
v 0.91928531 -0.14394987 0.65295614
v 0.91801226 -0.13908898 0.78466478
v 0.91023199 -0.11815934 -0.18437348
v 0.91712421 -0.10325749 0.71435196
v 0.91417953 -0.09840084 -0.77263195
v 0.92874323 -0.12061141 -0.78352632
v 0.92733818 -0.11861795 -0.25701612
v 0.92340899 -0.10631955 -0.03151390
v 0.92280169 -0.10741682 0.13173984
v 0.92347462 -0.10614603 -0.16784328
v 0.91816993 -0.08823646 -0.26096142
v 0.91286458 -0.05844936 0.21480889
v 0.91695064 -0.04540404 -0.25493278
v 0.90227878 -0.05469085 -0.88339185
v 0.92207134 -0.04389067 -0.18820603
v 0.92208782 -0.04358078 0.00112142
v 0.91681865 -0.04291408 0.13879952
v 0.91362393 -0.04091804 0.19958103
v 0.95574908 -0.06013997 0.81849018
v 0.95736713 -0.03353287 0.84433899
v 0.91016348 -0.04118306 -0.86293135
v 0.91704851 -0.03796702 0.62254974
v 0.95086457 -0.02678255 -0.77646897
v 0.93144634 -0.02509048 0.71334894
v 0.91333044 -0.01594585 -0.79817790
v 0.91436097 -0.01044567 0.69674886
v 0.91754470 0.05284025 0.61542254
v 0.93052503 0.05007637 0.79594392
v 0.92317016 0.09926092 0.55419689
v 0.92339304 0.08091478 -0.66438381
v 0.92071163 0.09742602 0.72640895
v 0.91657196 0.09997727 -0.63355379
v 0.90981000 0.14085765 -0.76701955
v 0.91509642 0.13335495 0.50167134
v 0.92755218 0.13994160 0.67904511
v 0.89818796 0.15479362 -0.76003617
v 0.93076362 0.19006827 -0.69215541
v 0.91822282 0.16997732 0.45517432
v 0.91847745 0.19447511 -0.50038531
v 0.91671935 0.24262190 -0.42839910
v 0.92199715 0.24961945 0.52623859
v 0.92412799 0.27746729 0.30662534
v 0.92303621 0.31806099 0.24742007
v 0.91271995 0.37498809 0.15831481
v 0.92354524 0.38272549 0.15313046
v 0.93035317 0.40259375 -0.36751502
v 0.93370645 0.43612200 0.24905521
v 0.93146851 0.45554235 0.22781631
v 0.91282419 0.50869206 -0.03422631
v 0.95247479 0.55362123 0.07546181
v 0.91624745 -0.80545343 -0.13166166
v 0.93356683 -0.79128268 -0.03484992
v 0.91405967 -0.80477338 0.24214944
v 0.92651352 -0.80099166 0.63841179
v 0.92440970 -0.80356588 -0.53935703
v 0.93187119 -0.79057421 0.20651298
v 0.92864815 -0.79865004 0.55792492
v 0.93068510 -0.79667436 0.70268975
v 0.92331948 -0.79587478 -0.87846035
v 0.93243770 -0.67562750 -0.87428217
v 0.93182479 -0.65726986 -0.74456510
v 0.93213440 -0.65753361 -0.54939838
v 0.92918378 -0.65490628 0.13872857
v 0.92385539 -0.65325572 0.22240500
v 0.92602851 -0.64118849 -0.86844282
v 0.92508992 -0.64415406 -0.79983665
v 0.92445583 -0.60993458 -0.86247774
v 0.92391002 -0.56090571 -0.78167395
v 0.92547621 -0.55204109 -0.86410112
v 0.93136635 -0.51393836 -0.22943204
v 0.93140543 -0.51391790 0.11652429
v 0.93216240 -0.51102166 0.21108003
v 0.93430654 -0.45792151 0.16030862
v 0.92476367 -0.45072642 0.16417320
v 0.93476306 -0.46418263 0.21031852
v 0.92568465 -0.45061070 -0.23425482
v 0.92429803 -0.27944635 0.16288388
v 0.92451864 -0.24701817 0.19407670
v 0.92396425 -0.45255557 -0.22500694
v 0.92540125 -0.30791820 -0.25529874
v 0.92286430 -0.24901843 -0.77599060
v 0.92421507 -0.19619974 -0.25650244
v 0.92465600 -0.21968206 -0.22579348
v 0.92870645 -0.18809197 -0.86394223
v 0.92771479 -0.15896621 -0.23582246
v 0.92455134 -0.12281799 0.16302646
v 0.93011952 -0.11587183 -0.85986189
v 0.92623703 -0.11950762 0.19223769
v 0.93307608 -0.09705096 0.20829543
v 0.92549541 -0.11287350 -0.22515347
v 0.93148480 -0.10432964 -0.14507961
v 0.93140749 -0.10453450 -0.03326597
v 0.93615517 -0.05931718 0.20866102
v 0.93301871 -0.05721986 -0.91716992
v 0.93124917 -0.04527395 -0.24429123
v 0.93136602 -0.04480776 0.01432433
v 0.93206579 -0.04645343 0.19248131
v 0.92876049 -0.01580375 -0.96160818
v 0.93778472 -0.01081743 -0.80103202
v 0.91849397 0.02373365 -0.74298871
v 0.92937156 0.03732886 0.81550274
v 0.95973376 0.05557836 -0.90265111
v 0.93621882 0.13954572 -0.76549059
v 0.93867487 0.15156625 -0.75477545
v 0.93135915 0.20017360 -0.68302918
v 0.92363253 0.23070966 0.37160159
v 0.94183523 0.25957702 -0.60483479
v 0.94221859 0.31468211 -0.32793031
v 0.93203080 0.33392627 -0.48074999
v 0.92373280 0.37001754 -0.24670819
v 0.93018009 0.37345879 -0.41415495
v 0.95016848 0.38779445 0.14760219
v 0.93216224 0.45450315 -0.29145811
v 0.95238623 0.51335058 -0.04154056
v 0.93318809 0.51949463 -0.21506833
v 0.91012428 0.55294446 -0.16526414
v 0.95581376 0.59926855 0.05482118
v 0.95676183 0.61279393 -0.10160220
v 0.92553083 -0.80414057 0.74999411
v 0.93777945 -0.78849939 -0.75880588
v 0.93798978 -0.78813506 -0.42159883
v 0.93683461 -0.79385098 -0.40191718
v 0.93603078 -0.79085423 -0.29972958
v 0.93232359 -0.79041436 0.05192679
v 0.93271823 -0.79735601 0.32075985
v 0.93572752 -0.78653669 0.56313024
v 0.93753017 -0.78765665 0.60995500
v 0.93516154 -0.78963885 -0.85949090
v 0.93709779 -0.78821308 -0.68905680
v 0.93613856 -0.78072102 -0.07389093
v 0.93721447 -0.78858851 0.13907854
v 0.93834560 -0.78736643 -0.53366745
v 0.93720887 -0.77043286 0.20624895
v 0.93744893 -0.78971365 0.40552043
v 0.93374853 -0.78972300 -0.10192419
v 0.93781063 -0.77258890 0.17664222
v 0.93747238 -0.78941764 0.33270136
v 0.93665777 -0.78931817 0.77927226
v 0.93673013 -0.78863799 -0.77928989
v 0.93826739 -0.74243295 -0.40329933
v 0.93653428 -0.78772430 -0.19449852
v 0.93815257 -0.78834165 0.51208573
v 0.93748200 -0.77317976 0.62649299
v 0.93797043 -0.79009401 -0.66307427
v 0.93778498 -0.73617095 -0.07932590
v 0.93722394 -0.70249637 -0.23674528
v 0.92693355 -0.68337706 0.80152084
v 0.93743665 -0.67714834 -0.59756375
v 0.93747530 -0.73831098 -0.43480282
v 0.93707961 -0.71193779 0.55812213
v 0.93553037 -0.67452889 0.41186731
v 0.93605884 -0.67250137 -0.68376804
v 0.93745554 -0.77691487 0.07372134
v 0.93793509 -0.68150835 0.77764682
v 0.93742955 -0.67580187 -0.55459883
v 0.93153918 -0.72037363 -0.41635336
v 0.93462571 -0.66263491 -0.35459833
v 0.93679544 -0.68082420 -0.14470639
v 0.93619799 -0.67103513 -0.81859816
v 0.93469316 -0.66913069 -0.41081378
v 0.93713053 -0.67264452 -0.01218968
v 0.93614446 -0.66590493 0.65282046
v 0.93563539 -0.67015832 -0.77625657
v 0.93476758 -0.66999601 -0.10780980
v 0.93636416 -0.67382627 0.46427524
v 0.92598704 -0.62227826 0.78232783
v 0.93617829 -0.67236565 -0.70822268
v 0.93170403 -0.65911146 -0.60312411
v 0.93234954 -0.66443866 -0.56945028
v 0.93096339 -0.65525512 -0.42752821
v 0.92828542 -0.65624433 -0.12147912
v 0.93733181 -0.67208063 0.12596914
v 0.93512346 -0.67580716 0.18404409
v 0.92871479 -0.65629649 0.25303272
v 0.93594012 -0.67228450 0.27542236
v 0.93237579 -0.65729163 0.48580970
v 0.93672826 -0.67080730 0.59311439
v 0.93755502 -0.67365753 0.06195392
v 0.93159151 -0.65494164 0.58421582
v 0.93905132 -0.50619014 -0.25250430
v 0.93906153 -0.50690186 0.07387071
v 0.93909193 -0.50448251 0.18824071
v 0.93918093 -0.46916548 0.00992221
v 0.93928293 -0.46920434 0.15759896
v 0.93901605 -0.46820720 -0.25495606
v 0.93580415 -0.45990951 -0.21620578
v 0.93599511 -0.45977329 0.01355137
v 0.93131807 -0.16597444 -0.76931059
v 0.93362170 -0.15237868 -0.86248306
v 0.93197144 -0.10499107 0.14810261
v 0.93897536 -0.09845490 -0.20779827
v 0.93892053 -0.09841922 0.15604111
v 0.93684737 -0.10394264 -0.25816633
v 0.93881615 -0.09827164 -0.02916773
v 0.93057742 -0.05551339 -0.25932281
v 0.93840265 -0.05109907 -0.02878574
v 0.93883518 -0.05282076 0.18490309
v 0.91790134 -0.04373040 0.76585620
v 0.94812955 -0.03610429 -0.85145034
v 0.95687841 -0.03747543 -0.74718266
v 0.94711833 -0.02531600 -0.97114849
v 0.92985752 -0.02744489 0.61637633
v 0.93836287 -0.00233996 0.85890270
v 0.93255640 0.03525933 -0.72965809
v 0.94604900 0.07702211 -0.67093656
v 0.95699335 0.05947263 0.61460327
v 0.92688534 0.17833598 0.62720812
v 0.94555888 0.22521492 -0.45915844
v 0.94780376 0.24972620 0.53712690
v 0.95403541 0.26294334 0.33113481
v 0.92859269 0.29866739 0.45560621
v 0.92876712 0.36302555 0.35351348
v 0.95443865 0.38325303 -0.22729625
v 0.95143662 0.39357773 -0.39970028
v 0.94742085 0.41701705 0.28298365
v 0.95550905 0.44621335 -0.14180598
v 0.95845407 0.46934956 -0.28048293
v 0.91610503 0.50907264 -0.04406203
v 0.95457266 0.55807082 -0.15876889
v 0.93924930 -0.10623637 0.17737531
v 0.93934503 -0.08647434 -0.01721329
v 0.93864183 -0.05267946 -0.25250151
v 0.94899476 -0.03119522 -0.94011883
v 0.95084509 -0.02598490 0.87511834
v 0.95967855 -0.00509668 -0.97645651
v 0.94194763 -0.00289131 -0.95862526
v 0.94939222 -0.00553591 0.87463415
v 0.92857049 0.00424450 0.67119728
v 0.95959825 0.00285995 0.70323087
v 0.91661239 0.03609037 0.62864504
v 0.93836418 0.10380364 -0.82818320
v 0.94570819 0.11908648 0.71035019
v 0.94731496 0.15841679 0.66183059
v 0.95164909 0.19362200 -0.70034993
v 0.94470683 0.21328953 0.39669604
v 0.93353210 0.26349541 0.51783095
v 0.95176659 0.28734200 -0.36441784
v 0.94966009 0.31492265 0.25354546
v 0.94928431 0.35778399 0.37348816
v 0.95663363 0.41570176 -0.36746462
v 0.95957596 0.43281739 0.25790832
v 0.96248617 -0.05855091 0.80598251
v 0.95884189 -0.01552244 -0.93497676
v 0.96040703 -0.03221048 -0.85997256
v 0.96000898 -0.02732544 0.76318831
v 0.94983317 -0.02692328 0.66497542
v 0.96403151 0.00537009 -0.95841724
v 0.93739407 -0.00701592 -0.78840845
v 0.95604289 0.01021507 0.62056019
v 0.94901702 0.01766841 -0.75633272
v 0.96083367 0.02751268 0.67455223
v 0.95543836 0.03524019 0.64256400
v 0.95074649 0.06085359 0.79027617
v 0.96190869 0.10157852 -0.83773992
v 0.95502049 0.10891913 0.54372276
v 0.96155871 0.14095322 -0.77185265
v 0.96223833 0.19341226 0.62093620
v 0.95314715 0.23919284 -0.43869517
v 0.96377949 0.27267728 -0.58742692
v 0.95873299 0.29726965 0.46805337
v 0.95125437 0.35062680 0.20170380
v 0.94887676 0.34637439 -0.47078396
v 0.94881219 0.44124750 0.06848492
v 0.95994944 0.46222580 0.21504533
v 0.95331617 0.48289190 0.00730616
v 0.95819216 0.60581635 -0.13120660
v 0.94576637 0.61399806 0.02195539
v 0.95923926 -0.01138713 -0.83212092
v 0.95730568 -0.03443241 0.62489052
v 0.96122697 -0.03623499 0.65318030
v 0.96196705 0.00604270 -0.81583231
v 0.96507864 -0.01034693 0.87037456
v 0.95695470 0.00450910 -0.79736954
v 0.96140474 0.02317372 0.65409298
v 0.96231296 0.01935830 0.85207809
v 0.96267767 0.01552860 -0.89829784
v 0.96701066 0.04025882 -0.91782992
v 0.96189442 0.03545441 -0.76365062
v 0.96468146 0.04667328 0.80605449
v 0.95738421 0.03373862 -0.74973295
v 0.96199728 0.08160978 -0.68692511
v 0.96143494 0.08453686 0.59126957
v 0.95306239 0.10549474 -0.63328699
v 0.96217185 0.11338329 0.55768170
v 0.96218401 0.14083077 0.51740669
v 0.95110569 0.14351847 0.49276607
v 0.96249484 0.16660760 0.58358257
v 0.95323431 0.16597434 -0.54782459
v 0.96237672 0.15142787 -0.58782328
v 0.96265156 0.17349499 0.47534337
v 0.96628906 0.17996392 0.62546675
v 0.96180589 0.19314262 0.44011162
v 0.96275469 0.26818867 0.44154076
v 0.96983394 0.23167232 -0.63554000
v 0.96019241 0.21925575 0.40345503
v 0.96182037 0.24802563 0.47502228
v 0.96180005 0.21448032 -0.49246365
v 0.96136615 0.24607726 0.36642077
v 0.96282241 0.24757490 0.53405999
v 0.96194143 0.28592980 0.31990290
v 0.96213660 0.27284038 -0.40574603
v 0.95501983 0.30551256 -0.54034185
v 0.96238842 0.31377764 0.37367647
v 0.96304511 0.31624345 0.44136823
v 0.96139733 0.30683108 0.28061781
v 0.96268298 0.34857928 0.31871867
v 0.96187211 0.33370770 0.24071363
v 0.95976225 0.32425862 -0.32774293
v 0.96386795 0.39218609 0.25376278
v 0.96221143 0.36550412 0.20260313
v 0.96451758 0.37732128 0.33641840
v 0.96186723 0.39153585 -0.23592706
v 0.96217829 0.39202735 0.16287759
v 0.96758278 0.41185208 0.27649464
v 0.96090955 0.40902027 0.13029692
v 0.96177439 0.45598447 0.06938224
v 0.96063530 0.43524844 0.09219910
v 0.96260191 0.45473289 0.15562817
v 0.96213092 0.49357460 0.10468768
v 0.96986762 0.49395867 0.14705302
v 0.96087754 0.47836535 0.02743909
v 0.96204946 0.50713229 -0.01173094
v 0.95989479 0.52375635 0.12213541
v 0.96350452 0.54217634 0.09272046
v 0.96295240 0.51014084 -0.22038475
v 0.97016620 0.54861166 -0.15134137
v 0.96610865 0.60388412 0.04069178
v 0.96377276 -0.05077953 -0.91144145
v 0.96913877 0.00702943 0.86449518
v 0.96408062 0.00640085 0.80919645
v 0.97083480 0.02102425 0.82617079
v 0.97052361 0.02698265 -0.90497961
v 0.97130634 0.03932268 0.79034198
v 0.96228467 0.04518787 0.74536419
v 0.96400841 0.09429282 0.74133016
v 0.96700567 0.08233233 0.70865814
v 0.96221930 0.06169053 -0.82418785
v 0.96277051 0.10969559 0.66112308
v 0.97175665 0.11341356 -0.77945366
v 0.97129116 0.11756563 -0.79538455
v 0.96256490 0.13645901 -0.71716353
v 0.96446443 0.14128732 0.62614301
v 0.97139552 0.14480931 0.66641475
v 0.97119178 0.14988063 -0.74488523
v 0.97183523 0.16246242 -0.70758926
v 0.96368422 0.18686633 -0.70601958
v 0.97156717 0.19052556 -0.68631504
v 0.96325834 0.19651601 -0.62985988
v 0.96298201 0.20219034 0.53689125
v 0.97133740 0.20025355 0.59381674
v 0.97231319 0.22156091 0.54724811
v 0.97159685 0.24025110 0.51954364
v 0.97244015 0.27743742 -0.54556441
v 0.97091112 0.28247979 0.45779474
v 0.96287971 0.27857606 -0.50341309
v 0.96486603 0.34365136 -0.39596698
v 0.97045878 0.30366935 0.42713734
v 0.96718409 0.33303478 0.40139961
v 0.96968524 0.32125357 -0.49513143
v 0.97044466 0.32190365 0.39101979
v 0.97140707 0.36146279 0.33691039
v 0.97078174 0.35135571 0.36334322
v 0.96403834 0.39602256 -0.32324896
v 0.97052847 0.38342211 0.30331868
v 0.97231964 0.40951167 -0.33146805
v 0.96804403 0.39437671 -0.38692492
v 0.96315055 0.45972418 -0.22758648
v 0.97022938 0.42384148 0.23944955
v 0.97067689 0.45608117 0.19561344
v 0.96319500 0.45037488 -0.15553681
v 0.96350453 0.48137263 -0.10197184
v 0.97063642 0.51425967 0.10907066
v 0.97210544 0.49675190 -0.21340687
v 0.96236853 0.52750688 0.05038542
v 0.96285648 0.52876195 -0.14086578
v 0.96945533 0.54898134 0.05421275
v 0.97135818 0.53382306 0.08178537
v 0.96241250 0.53372590 -0.03471843
v 0.96855361 0.56225543 -0.06771548
v 0.96732949 0.58794750 -0.14101689
v 0.96957584 0.58951985 -0.07298520
v 0.96785747 0.58228552 0.05747458
v 0.96488736 0.60701559 -0.10661507
v 0.97105075 0.07670937 -0.85637325
v 0.97244629 0.18260742 0.59448353
v 0.97242496 0.21355471 -0.63563912
v 0.97251651 0.26608326 0.49068810
v 0.96775227 0.35254241 -0.45061315
v 0.97270428 0.34071525 -0.43729822
v 0.97152215 0.43013993 -0.32200466
v 0.97302783 0.46751587 -0.25984085
f 3 19 1
f 20 3 1
f 354 19 3
f 20 2 3
f 2 24 3
f 22 24 2
f 21 22 2
f 46 11 44
f 7 8 6
f 44 11 48
f 47 8 9
f 47 6 8
f 49 9 10
f 9 53 10
f 11 54 48
f 52 13 11
f 11 13 54
f 10 12 51
f 51 12 62
f 51 62 56
f 14 58 13
f 61 65 15
f 77 81 17
f 19 103 1
f 18 1 103
f 20 1 18
f 18 104 20
f 20 104 170
f 20 21 2
f 21 20 170
f 3 24 354
f 22 21 23
f 354 24 823
f 28 230 1412
f 25 109 230
f 25 230 28
f 30 29 26
f 28 175 32
f 32 31 25
f 28 32 25
f 30 33 29
f 36 30 27
f 36 27 110
f 114 29 33
f 35 33 30
f 33 37 114
f 35 37 33
f 36 35 30
f 31 38 25
f 25 38 39
f 38 42 39
f 35 40 37
f 45 35 36
f 46 45 36
f 39 5 117
f 41 42 38
f 41 38 31
f 45 40 35
f 42 4 39
f 39 4 5
f 40 45 43
f 4 6 5
f 6 4 7
f 4 125 7
f 42 125 4
f 45 44 43
f 46 44 45
f 5 6 47
f 132 44 48
f 47 9 49
f 52 11 46
f 8 53 9
f 50 51 133
f 10 51 49
f 53 187 10
f 14 13 52
f 133 51 56
f 55 142 57
f 133 142 55
f 13 58 54
f 56 142 133
f 59 58 14
f 57 142 138
f 60 59 14
f 58 63 139
f 58 59 63
f 64 59 60
f 139 63 145
f 59 64 63
f 56 62 61
f 66 64 60
f 56 61 142
f 61 62 251
f 63 64 145
f 16 64 66
f 61 15 142
f 61 251 65
f 142 15 146
f 64 16 145
f 15 69 146
f 15 65 68
f 16 66 67
f 69 15 154
f 16 67 192
f 69 73 146
f 152 153 74
f 146 73 70
f 69 154 73
f 77 67 66
f 152 74 71
f 75 74 153
f 153 155 75
f 73 72 70
f 192 67 17
f 17 67 77
f 154 156 73
f 75 80 74
f 78 75 155
f 72 76 70
f 156 72 73
f 74 80 92
f 78 80 75
f 160 71 74
f 70 76 159
f 72 164 76
f 92 160 74
f 76 79 159
f 156 164 72
f 259 79 76
f 259 76 164
f 196 17 81
f 79 88 159
f 83 79 259
f 82 196 81
f 80 99 92
f 159 88 87
f 92 84 160
f 78 95 80
f 79 83 88
f 86 196 82
f 163 85 78
f 162 91 82
f 85 95 78
f 88 89 87
f 89 93 87
f 90 88 83
f 90 89 88
f 82 91 86
f 162 94 91
f 92 94 84
f 87 93 85
f 97 86 91
f 92 99 94
f 93 165 85
f 90 93 89
f 94 97 91
f 85 165 95
f 96 165 93
f 90 96 93
f 95 100 80
f 99 97 94
f 99 262 97
f 95 165 167
f 102 262 99
f 98 102 99
f 167 101 100
f 18 100 101
f 80 103 99
f 99 103 98
f 100 103 80
f 100 18 103
f 98 103 19
f 24 22 823
f 823 22 23
f 333 27 811
f 27 333 110
f 30 811 27
f 172 811 30
f 230 109 105
f 172 30 107
f 30 26 107
f 34 110 106
f 26 586 107
f 109 112 108
f 26 111 586
f 26 176 111
f 29 176 26
f 108 112 113
f 175 179 32
f 25 112 109
f 36 110 34
f 32 179 814
f 116 34 115
f 115 118 116
f 112 39 113
f 25 39 112
f 37 243 114
f 113 117 182
f 814 244 32
f 116 36 34
f 242 182 117
f 39 117 113
f 41 31 244
f 244 31 32
f 40 243 37
f 242 117 119
f 116 46 36
f 118 122 116
f 118 128 122
f 119 123 121
f 117 123 119
f 116 122 46
f 121 123 120
f 42 41 125
f 120 129 124
f 5 123 117
f 128 127 122
f 123 129 120
f 124 129 126
f 123 47 129
f 47 49 129
f 5 47 123
f 339 127 128
f 129 49 126
f 122 52 46
f 126 49 50
f 126 50 131
f 49 51 50
f 130 8 7
f 127 52 122
f 185 127 339
f 50 133 131
f 53 8 130
f 127 60 52
f 185 134 127
f 55 131 133
f 132 48 54
f 134 185 189
f 187 53 186
f 54 188 132
f 341 55 135
f 52 60 14
f 12 10 187
f 58 188 54
f 134 60 127
f 57 137 135
f 55 57 135
f 249 12 187
f 58 139 188
f 189 136 134
f 137 57 138
f 249 62 12
f 134 66 60
f 137 138 140
f 189 143 136
f 142 140 138
f 251 62 249
f 136 66 134
f 142 146 140
f 143 149 136
f 145 147 252
f 70 141 140
f 145 16 147
f 149 66 136
f 148 149 143
f 144 141 70
f 140 146 70
f 68 154 15
f 149 77 66
f 16 192 147
f 158 149 148
f 149 162 77
f 151 158 148
f 144 159 150
f 70 159 144
f 348 150 157
f 17 193 192
f 159 157 150
f 149 158 162
f 158 195 160
f 157 161 348
f 160 195 71
f 161 257 348
f 159 161 157
f 17 196 193
f 77 162 81
f 82 81 162
f 156 450 164
f 161 163 257
f 160 162 158
f 161 87 163
f 257 163 78
f 159 87 161
f 160 84 162
f 198 83 259
f 87 85 163
f 86 199 196
f 84 94 162
f 90 83 198
f 86 166 199
f 97 166 86
f 198 96 90
f 97 262 166
f 167 165 96
f 262 102 168
f 95 167 100
f 168 102 200
f 101 104 18
f 102 98 200
f 200 98 169
f 171 354 823
f 263 23 21
f 172 1476 811
f 110 333 106
f 105 109 173
f 586 583 107
f 106 236 34
f 335 181 177
f 173 109 108
f 238 180 174
f 180 178 174
f 181 335 429
f 176 29 239
f 236 115 34
f 241 177 181
f 182 181 429
f 115 236 237
f 814 179 240
f 431 29 114
f 237 178 115
f 182 241 181
f 178 118 115
f 182 242 241
f 114 243 431
f 121 183 119
f 183 242 119
f 183 121 120
f 124 183 120
f 44 246 43
f 125 247 7
f 184 124 126
f 44 132 246
f 341 184 131
f 184 126 131
f 130 7 247
f 1306 53 130
f 186 53 1306
f 189 185 190
f 341 131 55
f 139 191 188
f 189 190 253
f 189 253 143
f 145 191 139
f 140 344 137
f 141 344 140
f 145 252 191
f 344 141 144
f 65 251 254
f 254 68 65
f 143 253 148
f 344 144 348
f 150 348 144
f 445 154 68
f 153 347 155
f 156 154 445
f 195 158 151
f 156 445 256
f 450 156 256
f 193 196 194
f 164 450 819
f 199 197 196
f 96 198 261
f 261 167 96
f 201 822 170
f 170 822 21
f 23 264 823
f 280 303 297
f 301 319 276
f 324 319 301
f 202 203 206
f 206 203 208
f 208 203 204
f 203 205 204
f 204 205 207
f 205 209 207
f 206 326 202
f 210 326 206
f 214 213 207
f 208 211 206
f 204 212 208
f 213 204 207
f 211 210 206
f 208 212 211
f 214 207 209
f 213 212 204
f 211 216 210
f 215 216 211
f 212 215 211
f 213 215 212
f 218 215 213
f 219 218 213
f 214 219 213
f 215 217 216
f 218 217 215
f 426 220 223
f 223 220 221
f 220 332 221
f 221 332 222
f 332 331 222
f 331 417 222
f 222 417 225
f 221 228 223
f 224 228 221
f 222 224 221
f 225 229 222
f 427 426 223
f 226 228 224
f 224 222 229
f 224 229 226
f 227 427 223
f 228 227 223
f 226 227 228
f 233 427 227
f 231 233 227
f 226 231 227
f 232 231 226
f 229 232 226
f 568 105 173
f 231 334 233
f 234 334 231
f 232 234 231
f 107 813 172
f 235 236 106
f 174 178 237
f 179 337 240
f 590 113 182
f 244 814 815
f 433 242 183
f 338 41 244
f 128 118 600
f 43 245 40
f 601 125 41
f 43 246 245
f 601 247 125
f 246 132 1090
f 247 607 130
f 132 435 1090
f 435 132 342
f 188 342 132
f 1557 186 1306
f 1557 187 186
f 248 187 1557
f 248 249 187
f 249 248 343
f 191 252 250
f 151 148 346
f 152 255 153
f 255 152 71
f 147 192 1122
f 192 636 1122
f 636 192 349
f 192 193 349
f 71 195 447
f 155 449 78
f 196 351 194
f 258 351 196
f 353 164 819
f 353 259 164
f 198 259 260
f 198 260 261
f 168 200 1315
f 200 169 1315
f 98 19 169
f 638 170 104
f 823 264 1133
f 23 263 1781
f 644 269 287
f 356 276 364
f 265 276 356
f 266 285 265
f 277 285 266
f 642 277 266
f 267 277 642
f 294 267 278
f 287 268 644
f 359 279 269
f 270 279 359
f 291 279 270
f 271 291 270
f 272 290 360
f 293 290 272
f 273 293 272
f 274 280 273
f 281 280 274
f 362 281 274
f 282 281 362
f 283 282 362
f 275 284 362
f 284 283 362
f 289 284 275
f 365 364 276
f 267 286 277
f 268 294 278
f 279 298 269
f 273 297 293
f 267 313 286
f 360 292 288
f 295 292 290
f 280 297 273
f 310 283 284
f 301 265 285
f 290 292 360
f 293 295 290
f 281 303 280
f 282 303 281
f 283 296 282
f 301 276 265
f 293 300 295
f 310 296 283
f 277 306 285
f 286 306 277
f 291 314 279
f 288 292 271
f 297 300 293
f 289 311 284
f 302 301 285
f 306 302 285
f 287 299 268
f 269 298 287
f 279 314 298
f 282 317 303
f 311 304 284
f 294 313 267
f 268 299 294
f 303 308 297
f 296 317 282
f 284 304 310
f 313 306 286
f 298 307 287
f 271 292 305
f 323 292 295
f 319 365 276
f 294 299 313
f 291 305 314
f 271 305 291
f 300 323 295
f 374 317 296
f 287 307 299
f 310 374 296
f 319 366 365
f 313 321 306
f 309 307 298
f 314 309 298
f 315 305 292
f 373 315 292
f 323 373 292
f 308 318 300
f 297 308 300
f 303 316 308
f 317 316 303
f 312 324 301
f 302 312 301
f 306 321 302
f 305 322 314
f 318 323 300
f 370 366 319
f 302 320 312
f 321 320 302
f 299 371 313
f 368 309 314
f 372 368 314
f 322 372 314
f 305 315 322
f 316 318 308
f 468 324 312
f 371 321 313
f 469 371 299
f 471 368 372
f 493 468 312
f 320 493 312
f 309 470 307
f 368 470 309
f 375 370 319
f 324 375 319
f 203 202 380
f 203 380 502
f 205 203 502
f 205 502 325
f 205 325 209
f 216 327 210
f 395 327 216
f 216 217 395
f 217 515 392
f 218 515 217
f 218 770 515
f 219 396 218
f 328 327 395
f 329 327 328
f 414 329 330
f 422 329 328
f 330 329 422
f 417 418 225
f 220 426 556
f 220 556 807
f 220 807 557
f 331 332 558
f 552 559 225
f 225 559 229
f 559 570 229
f 811 1476 1574
f 229 570 232
f 173 571 568
f 1412 1298 28
f 812 174 237
f 233 428 427
f 233 334 428
f 234 575 334
f 232 576 234
f 578 173 108
f 336 237 236
f 577 182 429
f 29 431 239
f 432 180 589
f 177 241 587
f 178 180 432
f 178 432 118
f 241 242 587
f 243 1580 431
f 242 433 595
f 183 124 434
f 604 339 128
f 124 184 434
f 184 603 434
f 604 185 339
f 604 340 185
f 341 609 606
f 1481 130 607
f 1306 130 1481
f 437 185 340
f 188 436 342
f 190 185 437
f 614 341 135
f 191 436 188
f 436 191 439
f 135 137 438
f 439 191 250
f 440 253 190
f 249 343 625
f 625 251 249
f 252 817 250
f 254 251 625
f 252 147 1117
f 252 1117 817
f 147 345 1117
f 148 253 628
f 444 68 254
f 148 628 346
f 147 1122 345
f 444 445 68
f 153 255 347
f 446 155 347
f 151 346 634
f 634 195 151
f 446 449 155
f 449 352 78
f 352 350 257
f 257 78 352
f 258 196 197
f 259 353 260
f 199 451 197
f 104 1717 638
f 170 638 201
f 19 354 171
f 822 263 21
f 264 355 1133
f 264 455 355
f 264 23 1781
f 356 364 456
f 265 356 458
f 265 458 266
f 642 266 357
f 267 642 358
f 267 358 643
f 278 267 643
f 278 643 459
f 268 278 459
f 268 459 644
f 269 644 645
f 269 645 359
f 270 359 460
f 270 460 461
f 271 270 461
f 271 461 641
f 288 271 641
f 288 641 360
f 272 360 361
f 273 272 648
f 273 648 649
f 273 649 650
f 274 273 650
f 274 462 362
f 362 363 651
f 275 362 651
f 289 367 311
f 463 311 367
f 299 307 469
f 369 322 315
f 317 374 481
f 493 320 464
f 321 464 320
f 474 464 321
f 371 474 321
f 469 474 371
f 470 475 307
f 373 479 315
f 486 479 373
f 318 466 323
f 467 466 318
f 316 467 318
f 317 473 316
f 481 473 317
f 481 374 377
f 374 310 376
f 324 468 478
f 374 376 377
f 376 310 304
f 375 324 478
f 304 378 376
f 311 378 304
f 376 485 377
f 378 485 376
f 506 379 381
f 202 326 497
f 202 497 380
f 209 325 505
f 379 394 381
f 767 382 383
f 382 384 383
f 499 397 379
f 499 768 397
f 767 507 387
f 387 1210 767
f 384 382 389
f 388 384 389
f 385 384 388
f 386 385 390
f 397 394 379
f 326 210 391
f 382 767 1210
f 390 385 388
f 209 505 214
f 505 503 214
f 214 503 219
f 327 391 210
f 217 392 395
f 218 524 770
f 396 524 218
f 219 503 393
f 396 409 524
f 534 219 393
f 398 219 534
f 523 395 772
f 219 398 396
f 397 400 394
f 328 395 523
f 394 529 525
f 399 400 397
f 394 400 529
f 403 400 399
f 398 409 396
f 540 524 409
f 516 401 526
f 329 539 327
f 401 405 526
f 407 405 401
f 401 527 407
f 400 402 529
f 403 402 400
f 405 404 526
f 402 410 529
f 411 410 402
f 405 406 404
f 406 412 404
f 403 411 402
f 405 408 406
f 407 408 405
f 408 407 535
f 420 328 523
f 398 418 409
f 529 410 531
f 419 406 408
f 414 539 329
f 406 416 412
f 412 416 413
f 419 416 406
f 411 541 410
f 546 398 534
f 541 543 410
f 416 415 413
f 410 547 531
f 543 424 410
f 418 398 546
f 410 424 547
f 422 328 420
f 416 421 415
f 419 421 416
f 419 548 421
f 417 409 418
f 423 540 409
f 808 540 423
f 424 543 1011
f 417 423 409
f 424 554 547
f 330 422 807
f 331 808 423
f 552 418 546
f 563 424 1011
f 330 425 414
f 425 426 414
f 556 426 425
f 417 331 423
f 418 552 225
f 332 220 557
f 332 557 558
f 1060 106 333
f 105 568 1632
f 1632 230 105
f 174 812 238
f 238 812 569
f 106 572 235
f 812 237 336
f 334 575 428
f 576 575 234
f 232 570 576
f 335 585 429
f 173 578 571
f 236 235 336
f 335 177 585
f 108 430 578
f 238 569 180
f 569 589 180
f 1532 175 28
f 1577 175 1532
f 585 177 587
f 108 113 430
f 430 113 588
f 590 588 113
f 577 590 182
f 589 118 432
f 242 595 587
f 589 600 118
f 244 815 338
f 243 40 598
f 434 433 183
f 600 604 128
f 41 338 601
f 245 1089 1773
f 606 603 184
f 184 341 606
f 341 611 609
f 610 611 341
f 341 614 610
f 248 1557 1583
f 616 190 437
f 135 438 614
f 190 616 440
f 137 441 438
f 344 441 137
f 344 627 441
f 253 440 628
f 442 627 344
f 444 1504 1639
f 254 1504 444
f 442 344 348
f 443 442 348
f 443 348 448
f 637 255 71
f 71 447 637
f 348 257 448
f 1777 256 445
f 349 193 818
f 448 257 350
f 447 195 634
f 166 451 199
f 260 1716 261
f 262 1588 166
f 1536 452 820
f 452 453 820
f 820 453 454
f 19 821 169
f 640 355 452
f 19 171 821
f 453 452 355
f 454 453 455
f 455 453 355
f 640 1485 355
f 355 1485 1133
f 641 361 360
f 358 642 826
f 359 645 460
f 272 361 648
f 274 650 1142
f 362 462 363
f 367 289 275
f 307 475 469
f 470 368 465
f 368 471 465
f 372 322 477
f 472 372 477
f 369 315 479
f 373 466 486
f 373 323 466
f 467 316 473
f 471 372 472
f 369 477 322
f 467 484 466
f 473 484 467
f 493 480 468
f 475 495 469
f 470 495 475
f 471 476 465
f 472 476 471
f 477 476 472
f 466 484 486
f 491 370 375
f 478 468 480
f 469 483 474
f 489 477 369
f 483 464 474
f 465 494 470
f 476 494 465
f 369 479 489
f 377 482 481
f 378 311 765
f 765 311 463
f 487 375 478
f 480 487 478
f 518 493 464
f 477 489 476
f 486 503 479
f 481 482 473
f 473 482 484
f 489 498 476
f 484 393 486
f 378 490 499
f 490 378 765
f 487 488 375
f 493 487 480
f 483 518 464
f 495 492 469
f 492 483 469
f 498 494 476
f 503 489 479
f 377 485 482
f 499 485 378
f 375 488 491
f 487 510 488
f 493 510 487
f 518 510 493
f 495 497 492
f 503 486 393
f 482 520 484
f 494 496 470
f 485 506 482
f 499 506 485
f 470 496 495
f 488 500 491
f 498 501 494
f 503 498 489
f 509 520 482
f 496 497 495
f 494 501 496
f 506 509 482
f 768 499 490
f 499 379 506
f 488 508 500
f 510 508 488
f 496 380 497
f 501 502 496
f 498 502 501
f 325 502 498
f 505 325 498
f 503 505 498
f 326 492 497
f 502 380 496
f 484 520 393
f 508 951 500
f 384 504 383
f 766 504 384
f 385 766 384
f 940 766 385
f 386 940 385
f 506 514 509
f 381 514 506
f 510 516 508
f 391 483 492
f 326 391 492
f 390 769 386
f 382 1210 511
f 389 382 511
f 389 511 512
f 388 389 512
f 388 512 513
f 390 388 513
f 510 519 516
f 508 521 951
f 516 521 508
f 772 395 392
f 518 519 510
f 515 1219 392
f 770 517 515
f 381 394 514
f 391 327 539
f 525 514 394
f 391 533 483
f 776 522 956
f 509 530 520
f 514 528 509
f 483 545 518
f 391 539 533
f 520 532 393
f 525 528 514
f 768 399 397
f 519 401 516
f 516 526 521
f 537 530 509
f 528 537 509
f 521 526 951
f 519 527 401
f 519 545 527
f 483 533 545
f 540 1233 524
f 518 545 519
f 532 534 393
f 542 522 776
f 778 542 776
f 542 799 522
f 520 530 532
f 399 1524 403
f 529 528 525
f 535 527 545
f 531 528 529
f 786 773 781
f 531 537 528
f 1524 784 403
f 403 784 411
f 407 527 535
f 536 781 790
f 536 786 781
f 532 546 534
f 1252 1233 540
f 538 404 412
f 535 419 408
f 411 784 541
f 537 566 530
f 412 413 538
f 791 538 413
f 545 548 535
f 545 533 561
f 809 544 790
f 547 537 531
f 415 791 413
f 555 791 415
f 533 562 561
f 539 562 533
f 530 553 532
f 553 546 532
f 549 422 420
f 535 548 419
f 414 562 539
f 537 551 566
f 547 551 537
f 806 542 778
f 540 808 1256
f 545 561 548
f 550 542 806
f 421 555 415
f 547 554 551
f 422 1259 807
f 549 1259 422
f 553 552 546
f 530 566 553
f 425 550 806
f 425 806 556
f 550 425 330
f 550 330 556
f 556 330 807
f 551 564 566
f 563 1011 1030
f 1038 555 560
f 421 560 555
f 548 560 421
f 414 426 562
f 807 1032 557
f 557 1033 558
f 1033 808 558
f 808 331 558
f 553 559 552
f 566 582 553
f 426 565 562
f 582 559 553
f 554 564 551
f 563 554 424
f 812 560 548
f 426 427 565
f 563 567 554
f 571 567 563
f 582 570 559
f 568 571 563
f 333 811 1574
f 812 548 569
f 554 567 564
f 333 1574 1631
f 1060 333 1631
f 561 569 548
f 562 565 561
f 571 578 567
f 572 106 1060
f 235 572 573
f 573 574 235
f 565 427 579
f 576 570 582
f 567 585 564
f 429 585 567
f 577 429 567
f 578 577 567
f 172 813 2012
f 2012 1476 172
f 336 235 574
f 428 579 427
f 580 579 428
f 575 580 428
f 581 580 575
f 576 581 575
f 582 581 576
f 564 594 566
f 430 588 578
f 28 1298 1532
f 594 591 566
f 585 594 564
f 1742 176 239
f 581 584 580
f 566 591 582
f 585 587 594
f 1742 111 176
f 565 608 561
f 579 593 565
f 584 593 579
f 580 584 579
f 597 584 581
f 588 590 577
f 561 592 569
f 582 597 581
f 431 1580 1636
f 593 608 565
f 587 595 594
f 569 600 589
f 591 597 582
f 594 595 599
f 592 600 569
f 594 599 591
f 608 592 561
f 595 433 599
f 597 593 584
f 602 591 599
f 40 1773 598
f 602 603 591
f 245 1773 40
f 433 434 599
f 622 597 591
f 434 602 599
f 592 604 600
f 597 624 593
f 434 603 602
f 246 1089 245
f 246 1090 1089
f 608 340 592
f 605 609 591
f 603 605 591
f 606 605 603
f 612 622 591
f 609 611 591
f 592 340 604
f 597 622 624
f 591 610 612
f 611 610 591
f 606 609 605
f 608 437 340
f 593 620 608
f 608 617 437
f 612 615 622
f 614 613 612
f 610 614 612
f 616 437 617
f 612 613 615
f 620 617 608
f 622 615 623
f 613 619 615
f 614 619 613
f 614 438 619
f 248 1583 1105
f 619 618 615
f 620 440 617
f 438 618 619
f 616 617 440
f 618 441 615
f 441 623 615
f 438 441 618
f 626 440 620
f 624 629 593
f 623 627 622
f 250 816 439
f 593 621 620
f 441 627 623
f 593 629 621
f 622 631 624
f 442 622 627
f 633 620 621
f 628 440 626
f 1421 817 1117
f 631 630 624
f 442 631 622
f 346 628 626
f 633 626 620
f 624 632 629
f 635 632 624
f 630 635 624
f 442 443 631
f 346 626 633
f 621 637 633
f 635 446 632
f 443 630 631
f 255 637 629
f 629 637 621
f 632 255 629
f 347 255 632
f 443 448 630
f 445 444 1777
f 634 346 633
f 637 634 633
f 347 632 446
f 447 634 637
f 635 449 446
f 630 448 635
f 349 818 636
f 635 350 449
f 448 350 635
f 818 193 1587
f 193 194 1587
f 350 352 449
f 1313 353 819
f 1641 258 197
f 197 1483 1641
f 1483 197 451
f 168 1423 262
f 452 1536 639
f 1537 820 454
f 1537 454 1316
f 452 639 640
f 454 455 1316
f 823 1133 1719
f 364 824 456
f 356 456 457
f 356 457 1134
f 458 356 1134
f 266 458 825
f 266 825 1135
f 1135 357 266
f 1135 1136 357
f 358 826 654
f 358 1330 643
f 645 644 829
f 460 1323 1334
f 461 460 830
f 461 646 647
f 641 461 647
f 462 274 1142
f 363 835 1340
f 363 1340 651
f 651 840 1325
f 1144 275 651
f 652 656 653
f 653 728 657
f 679 1149 693
f 844 685 661
f 668 669 670
f 677 836 696
f 653 656 728
f 679 697 1150
f 680 681 654
f 660 708 844
f 844 708 685
f 845 661 685
f 685 709 845
f 845 709 662
f 709 686 662
f 662 686 687
f 663 664 846
f 846 664 665
f 688 695 848
f 666 848 695
f 838 855 839
f 840 691 841
f 841 691 692
f 656 652 677
f 680 1150 697
f 854 665 664
f 710 666 695
f 667 666 710
f 669 850 670
f 838 1147 699
f 674 673 705
f 690 691 853
f 659 683 724
f 663 846 687
f 716 664 663
f 668 667 710
f 689 655 850
f 672 671 689
f 1147 672 698
f 673 703 704
f 852 675 701
f 712 852 718
f 676 852 712
f 690 676 712
f 692 691 706
f 678 657 723
f 697 679 713
f 719 681 680
f 729 659 725
f 708 660 714
f 686 709 715
f 854 664 716
f 854 716 688
f 669 668 710
f 672 689 738
f 699 1147 698
f 705 673 704
f 675 674 700
f 701 675 700
f 718 852 701
f 733 691 690
f 706 691 733
f 657 728 723
f 658 678 707
f 693 658 707
f 719 680 697
f 724 683 682
f 725 659 724
f 709 685 760
f 695 688 716
f 699 698 702
f 699 855 838
f 674 705 700
f 679 693 707
f 687 686 720
f 663 687 720
f 695 716 754
f 710 695 754
f 698 672 738
f 703 855 717
f 704 703 717
f 701 700 727
f 727 700 711
f 718 701 727
f 712 722 690
f 733 690 722
f 656 677 746
f 728 656 746
f 678 723 707
f 713 679 707
f 697 713 734
f 682 681 719
f 684 694 735
f 660 684 714
f 709 760 864
f 715 709 864
f 669 710 755
f 689 850 737
f 738 689 737
f 733 722 764
f 719 697 734
f 682 719 753
f 724 682 753
f 684 735 732
f 754 716 736
f 704 717 726
f 704 726 744
f 705 704 744
f 711 757 727
f 718 727 745
f 712 718 745
f 1425 706 733
f 696 1157 731
f 694 729 735
f 755 710 866
f 742 669 755
f 721 850 742
f 702 698 762
f 745 727 757
f 677 696 746
f 747 728 746
f 725 724 748
f 760 685 708
f 663 720 750
f 716 663 750
f 736 716 750
f 710 754 866
f 737 850 721
f 762 698 738
f 726 717 730
f 726 756 744
f 751 711 700
f 723 728 857
f 758 723 857
f 707 723 758
f 734 713 740
f 729 725 759
f 714 684 732
f 708 714 749
f 700 705 751
f 712 745 869
f 722 712 739
f 753 719 741
f 724 753 748
f 729 759 735
f 743 717 855
f 730 717 743
f 751 705 744
f 712 869 739
f 764 722 739
f 1425 733 752
f 367 1653 463
f 746 696 731
f 728 747 857
f 707 758 740
f 713 707 740
f 719 734 741
f 725 748 759
f 760 708 749
f 720 686 715
f 757 711 751
f 764 752 733
f 714 732 749
f 720 715 761
f 750 720 761
f 762 856 702
f 751 744 756
f 746 731 860
f 747 746 860
f 741 734 740
f 873 864 760
f 750 761 1162
f 736 858 754
f 745 757 869
f 869 757 763
f 738 737 1164
f 763 757 751
f 764 739 869
f 366 370 1753
f 765 1517 490
f 490 1517 768
f 386 1208 940
f 386 769 1208
f 387 1356 1210
f 390 513 769
f 771 773 1212
f 517 770 524
f 961 772 392
f 515 517 1219
f 962 517 524
f 786 994 773
f 962 524 1233
f 768 774 399
f 968 522 799
f 790 771 775
f 773 771 781
f 781 771 790
f 966 777 972
f 970 778 776
f 1242 783 1240
f 1240 783 980
f 975 797 420
f 523 975 420
f 788 790 775
f 780 779 782
f 782 1542 780
f 785 982 980
f 785 980 787
f 980 783 992
f 787 980 992
f 1237 778 970
f 779 1238 1378
f 992 783 1244
f 782 779 1378
f 787 992 789
f 782 1378 1525
f 1385 782 1525
f 538 791 1459
f 809 790 788
f 786 536 798
f 793 794 1249
f 541 1004 543
f 536 790 544
f 798 536 544
f 793 796 803
f 794 793 803
f 795 794 803
f 998 792 804
f 803 796 802
f 1019 809 788
f 792 1008 1014
f 1004 1011 543
f 792 1014 804
f 1252 540 1256
f 796 801 802
f 803 802 805
f 795 803 805
f 799 542 1255
f 542 550 1255
f 778 800 806
f 806 1031 556
f 550 556 1031
f 1259 1032 807
f 1034 544 809
f 798 544 1034
f 1033 557 1032
f 560 573 1038
f 560 574 573
f 563 1030 568
f 560 812 574
f 1038 573 1413
f 810 1055 1058
f 1060 1413 572
f 573 572 1413
f 577 578 588
f 813 107 1832
f 812 336 574
f 1577 1743 175
f 337 1578 240
f 1743 179 175
f 596 815 814
f 248 1105 343
f 254 625 1504
f 1750 819 450
f 260 353 1313
f 1422 1716 260
f 820 1484 1536
f 1484 820 1537
f 101 1717 104
f 1317 171 823
f 263 1718 1781
f 457 456 824
f 458 1134 825
f 357 1136 642
f 642 1136 826
f 1330 358 654
f 643 1330 827
f 459 643 828
f 644 459 829
f 459 828 829
f 645 829 1321
f 645 1321 1138
f 645 1138 1323
f 460 645 1323
f 461 830 1324
f 646 461 1324
f 641 647 831
f 361 641 831
f 361 831 1140
f 648 361 832
f 649 648 1141
f 649 1141 839
f 650 649 833
f 649 839 833
f 650 1336 1142
f 462 1142 851
f 835 363 1143
f 1144 651 1325
f 1155 668 670
f 832 671 1146
f 841 1325 840
f 696 836 1318
f 837 1318 836
f 836 677 837
f 652 837 677
f 1148 837 652
f 653 1148 652
f 657 678 1156
f 658 842 678
f 678 842 1156
f 842 658 693
f 679 1150 1149
f 680 654 1329
f 654 681 1330
f 1151 1330 682
f 1330 681 682
f 694 1331 729
f 660 1332 684
f 660 843 1332
f 844 843 660
f 661 843 844
f 688 847 854
f 848 847 688
f 666 849 848
f 666 1154 849
f 667 1154 666
f 668 1155 1154
f 672 1146 671
f 672 1147 1146
f 838 839 1147
f 674 1337 673
f 674 851 1337
f 674 675 851
f 852 1338 675
f 676 1338 852
f 676 1339 1338
f 1339 853 835
f 853 1340 835
f 1157 696 1318
f 693 1149 842
f 1153 665 854
f 1154 667 668
f 1145 670 850
f 1145 850 655
f 1140 655 689
f 689 671 1140
f 833 839 855
f 833 855 703
f 673 1341 703
f 690 1339 676
f 853 1339 690
f 365 366 1594
f 850 669 742
f 699 702 856
f 855 699 856
f 743 855 856
f 726 730 756
f 1160 741 740
f 1162 858 750
f 750 858 736
f 860 731 1167
f 731 1344 1167
f 860 1168 1158
f 860 1158 747
f 747 1158 857
f 861 857 1159
f 758 857 861
f 740 758 861
f 1171 1160 740
f 741 1160 1161
f 753 741 1161
f 748 753 1173
f 748 1173 1174
f 759 748 1174
f 735 759 871
f 732 735 862
f 735 871 862
f 732 862 1175
f 749 732 1175
f 872 749 863
f 749 872 760
f 864 761 715
f 858 865 754
f 755 866 1163
f 742 755 1163
f 742 1163 859
f 721 742 859
f 762 738 875
f 762 875 867
f 856 762 867
f 743 856 867
f 730 743 867
f 730 867 868
f 730 868 756
f 763 876 869
f 869 876 764
f 876 870 764
f 752 764 870
f 752 870 1166
f 1425 752 1166
f 871 881 862
f 873 760 872
f 858 1162 1186
f 1186 865 858
f 1176 754 865
f 866 754 1176
f 874 721 859
f 737 721 874
f 1164 737 874
f 875 897 898
f 1172 878 879
f 871 912 881
f 891 862 881
f 872 863 882
f 873 883 1162
f 910 1176 865
f 1176 910 884
f 1182 897 875
f 901 1166 870
f 877 911 1170
f 1170 911 1171
f 911 878 1171
f 1172 879 888
f 880 1172 888
f 1345 880 888
f 1345 889 1179
f 1179 889 890
f 881 912 909
f 891 881 909
f 882 1175 909
f 872 882 892
f 873 892 883
f 1162 883 904
f 1186 1162 904
f 1186 910 865
f 894 884 893
f 905 906 1181
f 906 895 874
f 1177 906 874
f 874 895 1164
f 1182 896 897
f 898 897 915
f 885 898 899
f 899 900 1184
f 887 886 1189
f 1169 887 902
f 1169 902 877
f 879 878 911
f 1345 888 903
f 889 1345 903
f 890 889 903
f 912 890 903
f 910 1186 904
f 905 894 893
f 899 898 915
f 900 899 915
f 1185 900 907
f 1190 902 887
f 919 877 902
f 888 879 911
f 904 883 892
f 915 897 896
f 901 870 916
f 911 877 919
f 907 900 914
f 911 919 929
f 909 912 930
f 913 904 892
f 910 904 913
f 893 910 913
f 915 896 935
f 902 1190 1193
f 912 903 930
f 882 909 930
f 908 907 914
f 902 1193 919
f 906 905 935
f 895 906 935
f 916 908 921
f 901 916 921
f 1193 917 919
f 888 911 903
f 914 900 915
f 908 914 921
f 901 921 918
f 917 1192 1194
f 903 911 929
f 892 882 930
f 922 921 1198
f 918 921 922
f 921 914 936
f 896 895 935
f 936 914 915
f 926 928 924
f 924 928 925
f 932 919 920
f 1348 932 920
f 1198 921 936
f 923 1427 1200
f 1431 923 1200
f 905 893 931
f 936 1349 1198
f 927 926 1199
f 928 926 927
f 1200 1427 1430
f 929 919 932
f 903 929 955
f 893 913 931
f 936 915 958
f 892 930 913
f 905 931 935
f 915 935 990
f 930 903 955
f 913 930 933
f 934 913 933
f 931 913 934
f 943 931 934
f 935 931 943
f 990 935 983
f 1538 1349 936
f 933 930 941
f 1538 936 938
f 942 1538 938
f 500 951 1606
f 383 939 767
f 383 504 939
f 766 1206 504
f 766 940 1206
f 954 932 1348
f 937 954 1348
f 950 941 930
f 939 507 767
f 1202 1201 952
f 932 954 960
f 915 990 958
f 942 938 1221
f 1218 1519 942
f 953 1202 952
f 953 937 1202
f 929 932 960
f 944 941 950
f 507 1209 387
f 935 943 969
f 1221 1218 942
f 953 954 937
f 387 1209 1356
f 511 1210 1356
f 511 1356 945
f 512 511 945
f 512 945 946
f 513 512 947
f 513 947 769
f 938 936 958
f 948 938 958
f 949 938 948
f 1220 938 949
f 1221 938 1220
f 983 935 969
f 950 930 955
f 522 968 956
f 771 1212 1216
f 1212 773 994
f 969 943 957
f 961 392 1219
f 1216 1217 771
f 772 961 1227
f 1227 975 772
f 963 949 948
f 771 1217 775
f 948 958 971
f 965 963 948
f 1229 963 965
f 1436 964 966
f 1437 1436 966
f 1446 959 966
f 966 959 1437
f 951 526 1362
f 959 967 954
f 966 964 777
f 976 1229 965
f 985 954 967
f 944 950 974
f 958 990 984
f 965 948 971
f 976 965 971
f 772 975 523
f 777 964 1490
f 972 1446 966
f 971 958 979
f 960 954 985
f 974 950 973
f 976 971 979
f 1236 777 1490
f 986 985 967
f 968 799 1002
f 979 958 978
f 972 777 1236
f 1235 972 1236
f 929 960 1023
f 1243 957 1234
f 958 984 978
f 779 977 1238
f 1239 977 779
f 780 1239 779
f 1239 780 1542
f 1240 980 1523
f 1523 980 982
f 974 973 1026
f 969 957 1003
f 979 978 981
f 969 1003 999
f 983 969 999
f 788 775 987
f 1242 1244 783
f 955 929 1023
f 950 955 973
f 960 985 988
f 1023 960 988
f 1010 957 1243
f 1003 957 1010
f 782 1493 1542
f 799 1255 1002
f 978 984 995
f 981 978 991
f 785 993 982
f 989 985 986
f 988 985 989
f 991 978 995
f 991 1245 981
f 984 990 1006
f 1000 984 1006
f 995 984 1000
f 1493 782 1385
f 785 787 1247
f 993 785 1247
f 988 989 996
f 994 786 1012
f 995 1000 997
f 991 995 997
f 1245 991 997
f 786 798 1012
f 796 793 1001
f 1001 793 1249
f 1495 1004 541
f 1008 792 1250
f 1005 988 996
f 997 1000 1007
f 796 997 1007
f 1001 997 796
f 1253 1249 794
f 996 998 1005
f 1052 955 1023
f 1005 998 1009
f 1023 988 1005
f 778 1237 800
f 990 983 1006
f 1007 1000 1020
f 794 795 1253
f 998 804 1009
f 973 955 1018
f 999 1003 1028
f 1020 1000 1006
f 1007 1020 801
f 1005 1009 1025
f 1023 1005 1025
f 1003 1010 1028
f 1048 999 1028
f 796 1007 801
f 420 797 549
f 797 1013 549
f 1052 1023 1025
f 983 999 1048
f 804 1017 1009
f 802 1015 805
f 805 1015 795
f 804 1014 1017
f 1018 955 1052
f 1026 973 1018
f 801 1020 1036
f 1021 801 1036
f 802 801 1021
f 1015 802 1021
f 1009 1017 1025
f 1255 550 1396
f 1395 1019 788
f 1012 798 1258
f 1015 1021 1024
f 1017 1016 1022
f 1527 1017 1022
f 1025 1017 1527
f 1006 983 1048
f 1263 1021 1036
f 1024 1021 1263
f 1029 1015 1024
f 1029 1264 1015
f 1527 1551 1025
f 549 1013 1259
f 1036 1020 1069
f 1026 1018 1035
f 800 1027 1031
f 806 800 1031
f 1032 1259 1260
f 1032 1260 1033
f 808 1033 1262
f 1262 1256 808
f 1019 1395 809
f 809 1395 1265
f 809 1265 1034
f 798 1034 1258
f 1048 1028 1040
f 1020 1006 1069
f 1035 1018 1041
f 810 1273 1279
f 1037 1039 1042
f 1006 1048 1072
f 1006 1072 1069
f 1043 1037 1042
f 1284 1037 1043
f 1025 1551 1405
f 1018 1052 1083
f 1409 1263 1036
f 1045 1053 1046
f 1046 1053 1054
f 1054 1047 1046
f 1036 1069 1049
f 1049 1409 1036
f 1025 1405 1074
f 1074 1405 1474
f 1052 1025 1074
f 1041 1018 1083
f 1050 1041 1083
f 1045 1044 1051
f 1053 1045 1051
f 1055 1047 1054
f 1059 1048 1040
f 1048 1059 1072
f 1074 1474 1293
f 1053 1051 1056
f 1058 1055 1057
f 1040 1063 1059
f 1042 1409 1049
f 1070 1043 1042
f 1474 1288 1293
f 1056 1051 1410
f 1289 1053 1056
f 1054 1053 1289
f 1055 1054 1057
f 1057 1054 1289
f 1064 1042 1049
f 1043 1070 1415
f 1411 1632 568
f 1065 1052 1074
f 1041 1050 1061
f 1289 1056 1414
f 1062 1057 1289
f 1070 1042 1064
f 1299 1413 1060
f 1066 1071 1417
f 1417 1071 1067
f 1501 1069 1418
f 1049 1069 1501
f 1297 1049 1501
f 1297 1064 1049
f 1070 1064 1075
f 2000 1070 1075
f 1576 1415 1070
f 1419 1415 1576
f 1061 1050 1081
f 1066 1061 1081
f 1071 1066 1081
f 1059 1067 1071
f 1068 1067 1059
f 1063 1068 1059
f 1301 1418 1069
f 1073 1064 1297
f 1059 1071 1095
f 1072 1059 1092
f 1064 1073 1302
f 1075 1064 1302
f 1970 337 179
f 1080 1074 1076
f 1095 1071 1081
f 1092 1059 1095
f 1970 179 1743
f 239 431 1744
f 1069 1072 1077
f 1077 1579 1069
f 1080 1076 1078
f 1074 1080 1086
f 1065 1074 1086
f 1420 1579 1077
f 1082 1077 1072
f 1420 1077 1079
f 1580 243 598
f 1050 1083 1081
f 1077 1082 1304
f 1079 1077 1304
f 1080 1078 1581
f 815 1637 338
f 1581 1086 1080
f 1081 1083 1101
f 1072 1092 1091
f 1095 1081 1101
f 1065 1086 1087
f 1083 1052 1101
f 1072 1091 1084
f 1085 1072 1084
f 1082 1072 1085
f 1052 1065 1101
f 1085 1304 1082
f 601 1892 247
f 1086 1305 1087
f 1085 1084 1088
f 1065 1087 1098
f 1101 1065 1098
f 1088 1084 1091
f 1305 1094 1087
f 1091 1092 1093
f 1096 1091 1093
f 1088 1091 1096
f 1098 1087 1094
f 1092 1095 1113
f 1107 1092 1113
f 1093 1092 1099
f 1096 1093 1100
f 1307 342 436
f 1098 1094 1097
f 1100 1093 1099
f 1101 1098 1097
f 1094 1584 1097
f 1099 1092 1102
f 1102 1092 1103
f 1100 1099 1102
f 1106 1101 1097
f 1097 1584 1106
f 1095 1101 1124
f 1092 1107 1103
f 1104 1102 1103
f 439 1534 436
f 1534 439 816
f 1308 1534 816
f 1101 1106 1110
f 1113 1095 1111
f 1584 1110 1106
f 1103 1107 1109
f 1104 1103 1109
f 1120 1095 1124
f 1111 1095 1120
f 1111 1126 1113
f 1109 1107 1108
f 1124 1101 1110
f 1107 1113 1108
f 250 1585 816
f 1503 1110 1584
f 1108 1113 1112
f 1585 250 817
f 1109 1108 1112
f 1113 1126 1127
f 625 1482 1504
f 1120 1124 1119
f 1112 1113 1114
f 1116 1112 1114
f 1116 1109 1112
f 1115 1113 1127
f 1114 1113 1115
f 1124 1110 1503
f 1116 1114 1115
f 1118 1116 1115
f 1124 1503 1508
f 1115 1127 1121
f 1121 1118 1115
f 1126 1111 1120
f 1121 1127 1123
f 1125 1120 1119
f 1126 1120 1125
f 1506 1126 1125
f 1311 1119 1124
f 1506 1310 1126
f 1129 1126 1310
f 1127 1126 1129
f 1123 1127 1129
f 1508 1311 1124
f 1128 1123 1129
f 1119 1311 1507
f 1129 1310 1130
f 1128 1129 1130
f 450 256 1750
f 1311 1312 1507
f 1130 1310 1132
f 351 1715 194
f 1131 1130 1132
f 260 1313 1314
f 260 1314 1422
f 451 1558 1483
f 166 1588 451
f 261 1716 1590
f 262 1644 1588
f 639 1647 640
f 1485 640 1647
f 1720 1133 1485
f 826 1136 1329
f 826 1329 654
f 828 643 827
f 828 1137 1320
f 829 828 1320
f 832 361 1140
f 832 1140 671
f 1146 648 832
f 1146 1141 648
f 1336 650 833
f 834 462 851
f 462 834 1143
f 363 462 1143
f 651 1340 1342
f 840 651 1342
f 1138 1321 1333
f 830 460 1334
f 1335 830 1334
f 831 647 1145
f 1140 1145 655
f 1140 831 1145
f 1141 1146 1147
f 839 1141 1147
f 834 675 1338
f 1339 835 1143
f 657 1148 653
f 683 1151 682
f 659 1151 683
f 659 1331 1151
f 694 1332 1331
f 684 1332 694
f 661 1333 843
f 1333 661 845
f 845 1322 1333
f 662 1322 845
f 662 1152 1322
f 687 1152 662
f 846 1152 687
f 846 1153 1152
f 665 1153 846
f 848 1335 847
f 848 849 1335
f 670 1145 1155
f 1341 833 703
f 673 1337 1341
f 675 834 851
f 840 1342 691
f 659 729 1331
f 854 847 1153
f 691 1342 853
f 1343 841 692
f 1343 692 706
f 1594 366 1651
f 1559 1515 1157
f 1167 1168 860
f 1158 1159 857
f 740 861 1171
f 1161 1173 753
f 1174 871 759
f 1175 863 749
f 1176 1163 866
f 1164 1182 738
f 738 1182 875
f 868 1165 756
f 756 1178 751
f 1165 1178 756
f 751 1178 763
f 1178 876 763
f 1169 1158 1168
f 1159 1158 1169
f 1170 861 1159
f 1171 861 1170
f 1161 1160 1172
f 880 1161 1172
f 1173 1161 880
f 1179 1173 1345
f 871 1174 1180
f 1175 862 891
f 864 873 761
f 1162 761 873
f 1163 1176 884
f 894 1163 884
f 1181 1163 894
f 1177 1163 1181
f 859 1163 1177
f 1177 874 859
f 867 875 898
f 885 867 898
f 886 1168 1167
f 1159 1169 877
f 878 1160 1171
f 1172 1160 878
f 1180 1173 1179
f 1180 1174 1173
f 871 1180 912
f 863 1175 882
f 1182 1164 895
f 896 1182 895
f 1183 867 885
f 868 867 1183
f 1165 868 1183
f 1184 1165 1183
f 1185 1165 1184
f 1178 1165 1185
f 907 1178 1185
f 907 908 1178
f 908 876 1178
f 916 876 908
f 870 876 916
f 1344 1188 1187
f 1167 1344 1187
f 886 1167 1187
f 1168 886 887
f 1169 1168 887
f 877 1170 1159
f 1180 1179 890
f 912 1180 890
f 873 872 892
f 893 884 910
f 905 1181 894
f 1177 1181 906
f 1183 885 899
f 1184 1183 899
f 1185 1184 900
f 886 1187 1189
f 1175 891 909
f 1346 1166 901
f 1189 1190 887
f 1187 1188 1192
f 1193 1187 1192
f 1189 1187 1193
f 1346 901 1191
f 463 1848 765
f 1193 1192 917
f 1190 1189 1193
f 901 918 1191
f 919 917 1195
f 1195 920 919
f 922 1196 1426
f 918 922 1426
f 1426 1191 918
f 922 1198 1196
f 1427 1428 1197
f 923 1428 1427
f 923 1347 1428
f 1347 923 1431
f 1203 1204 933
f 933 1204 934
f 1204 1205 934
f 934 1205 943
f 1348 1202 937
f 1203 933 941
f 943 1205 1353
f 1488 1520 1201
f 507 939 1354
f 504 1206 939
f 940 1207 1206
f 940 1208 1207
f 1353 1211 943
f 507 1354 1209
f 1517 774 768
f 1201 1520 952
f 941 944 1355
f 769 1211 1208
f 512 946 947
f 1211 1212 1241
f 956 1213 944
f 968 1213 956
f 968 1214 1213
f 1212 994 1241
f 943 1211 957
f 953 952 1215
f 953 1215 1361
f 954 953 1361
f 944 970 956
f 1214 968 1364
f 1215 952 1520
f 1361 959 954
f 956 970 776
f 961 1219 1223
f 1219 517 1225
f 517 962 1225
f 959 1361 1437
f 1223 1222 961
f 1219 1224 1223
f 1225 1224 1219
f 963 1226 949
f 1229 1226 963
f 1367 959 1446
f 1367 967 959
f 1217 1228 775
f 964 1230 1490
f 944 974 1231
f 1229 976 1564
f 968 1002 1364
f 1366 962 1233
f 1227 1371 975
f 976 979 1564
f 1376 1377 1224
f 975 1371 797
f 775 1228 987
f 1241 994 1254
f 526 404 1619
f 982 993 1494
f 974 1026 1231
f 1373 1233 1252
f 1238 1454 1378
f 1231 1026 1251
f 404 538 1546
f 989 1457 996
f 994 1012 1254
f 784 1495 541
f 787 789 1382
f 787 1382 1247
f 1550 1493 1385
f 538 1459 1546
f 998 1248 792
f 792 1248 1250
f 1248 998 996
f 997 1001 1245
f 1380 1002 1255
f 1246 1391 797
f 1237 1027 800
f 1243 1390 1010
f 797 1391 1013
f 987 1395 788
f 1010 1390 1028
f 1767 555 1676
f 1014 1389 1017
f 1257 795 1015
f 1017 1389 1016
f 1012 1258 1254
f 1257 1015 1264
f 1013 1391 1259
f 1259 1391 1260
f 1261 1393 1262
f 1026 1035 1251
f 1031 1396 550
f 1261 1033 1260
f 1262 1033 1261
f 1283 1028 1390
f 1028 1283 1040
f 1266 1268 1267
f 1268 1269 1399
f 1258 1034 1273
f 1037 1398 1039
f 1403 1266 1499
f 1268 1266 1274
f 1269 1268 1274
f 1269 1404 1399
f 1275 1401 1280
f 1275 1270 1401
f 1270 1271 1401
f 1401 1271 1402
f 1271 1272 1402
f 1402 1272 1273
f 1272 1279 1273
f 1035 1041 1280
f 1276 1270 1275
f 1271 1270 1276
f 1277 1271 1276
f 1278 1271 1277
f 1272 1271 1278
f 1272 1278 1279
f 1266 1403 1285
f 1266 1286 1274
f 1404 1274 1286
f 1404 1269 1274
f 1551 1624 1405
f 1276 1275 1044
f 1277 1276 1406
f 1278 1277 1281
f 1279 1278 1282
f 1282 810 1279
f 810 1397 1273
f 1040 1283 1063
f 1266 1285 1286
f 1280 1041 1044
f 1047 1408 1046
f 1055 1408 1047
f 1055 1282 1408
f 1282 1055 810
f 810 1058 1397
f 1285 1287 1286
f 1287 1288 1286
f 1474 1404 1288
f 1044 1041 1410
f 1051 1044 1410
f 1397 1058 1296
f 1415 1284 1043
f 1411 568 1030
f 1283 1296 1063
f 1292 1288 1287
f 1478 1288 1292
f 1288 1478 1293
f 1410 1041 1061
f 1056 1410 1416
f 1062 1289 1290
f 1057 1062 1295
f 1058 1057 1296
f 1057 1295 1296
f 2028 1298 1412
f 1292 1287 1291
f 1061 1294 1410
f 1066 1294 1061
f 1066 1416 1294
f 1067 1290 1417
f 1068 1290 1067
f 1068 1062 1290
f 1068 1295 1062
f 1068 1296 1295
f 1063 1296 1068
f 1293 1300 1074
f 1300 1076 1074
f 1301 1069 1579
f 111 1945 586
f 111 1742 1945
f 1302 1073 1479
f 1679 240 1578
f 814 1679 1680
f 1679 814 240
f 1079 1303 1420
f 2060 1086 1581
f 607 247 1481
f 342 1307 435
f 1100 1102 1104
f 1118 1309 1116
f 1123 1128 1121
f 194 1748 1587
f 1130 1131 1128
f 262 1423 1644
f 1423 168 1315
f 1316 455 1593
f 1133 1720 1719
f 824 1319 457
f 1319 1148 457
f 457 1148 1134
f 1148 1327 1134
f 1134 1327 825
f 1136 1135 1149
f 827 1137 828
f 1320 1321 829
f 1138 1322 1323
f 1323 1139 1334
f 1336 1337 1142
f 1144 367 275
f 1318 1319 824
f 825 1327 1328
f 1135 825 1328
f 1135 1328 1149
f 1329 1136 1149
f 1151 827 1330
f 1137 827 1151
f 1331 1137 1151
f 1332 1137 1331
f 1320 1137 1332
f 843 1320 1332
f 1321 1320 843
f 1321 843 1333
f 1322 1138 1333
f 1322 1139 1323
f 1324 830 1335
f 849 1324 1335
f 646 1324 849
f 851 1142 1337
f 1143 834 1338
f 1339 1143 1338
f 1144 1513 367
f 1157 1318 1326
f 1318 837 1319
f 1148 1319 837
f 1327 1148 657
f 1156 1327 657
f 1156 1328 1327
f 842 1328 1156
f 1149 1328 842
f 1150 1329 1149
f 680 1329 1150
f 1139 1322 1152
f 1153 1139 1152
f 1334 1139 847
f 847 1139 1153
f 1335 1334 847
f 1154 646 849
f 1155 646 1154
f 647 646 1155
f 1145 647 1155
f 1336 833 1341
f 1337 1336 1341
f 1342 1340 853
f 1325 841 1343
f 1173 880 1345
f 1188 1597 1192
f 1192 1597 1194
f 917 1194 1195
f 1599 491 500
f 1354 1350 941
f 941 1350 1203
f 1203 1350 1204
f 1350 1351 1204
f 1204 1351 1205
f 1351 1352 1205
f 1352 1353 1205
f 1354 941 1355
f 939 1350 1354
f 1206 1350 939
f 1351 1350 1206
f 1207 1351 1206
f 1352 1351 1207
f 1208 1352 1207
f 1353 1352 1208
f 1353 1208 1211
f 1354 1355 1209
f 1432 1356 1209
f 1212 1211 769
f 1209 1355 1213
f 1432 1209 1213
f 1432 1213 1214
f 1358 1216 1359
f 1357 1358 1359
f 1241 1234 1211
f 1213 1355 944
f 1360 1357 1433
f 1358 1357 1360
f 1442 1358 1360
f 1358 1442 1216
f 1211 1234 957
f 944 1368 970
f 1217 1216 1435
f 1606 951 1362
f 1444 1217 1435
f 964 1436 1563
f 944 1231 1368
f 1227 961 1222
f 1365 1223 1224
f 1224 1225 1370
f 1225 962 1366
f 1217 1444 1228
f 949 1226 1521
f 1367 1446 1361
f 1446 1437 1361
f 1234 1241 1243
f 1369 1222 1223
f 1224 1377 1365
f 1444 1451 1228
f 1232 1369 1223
f 1365 1232 1223
f 1229 1564 1448
f 1369 1375 1222
f 1369 1232 1372
f 1365 1374 1232
f 1222 1375 1227
f 1362 526 1619
f 1377 1374 1365
f 1451 1384 1228
f 1370 1376 1224
f 1225 1376 1370
f 1373 1225 1366
f 972 1235 1491
f 1227 1375 1371
f 1236 1490 1615
f 1236 1615 1491
f 970 1368 1237
f 1238 977 1614
f 1240 1565 1242
f 1523 1565 1240
f 1375 1246 1371
f 1228 1384 987
f 1241 1254 1243
f 1364 1002 1380
f 1375 1381 1246
f 1366 1233 1373
f 1542 1493 1671
f 1383 1381 1375
f 1369 1383 1375
f 1225 1373 1376
f 986 1457 989
f 1371 1246 797
f 1373 1387 1376
f 1368 1251 1379
f 1231 1251 1368
f 1368 1379 1237
f 1372 1383 1369
f 1237 1379 1027
f 1387 1374 1377
f 1376 1387 1377
f 1382 1248 1247
f 1247 1248 993
f 1248 996 1457
f 1232 1374 1372
f 1525 1378 1549
f 1248 1382 1250
f 1249 1567 1001
f 1459 791 1386
f 1250 1497 1008
f 1387 1392 1374
f 1381 1391 1246
f 1392 1372 1374
f 1387 1393 1392
f 1373 1388 1387
f 791 555 1767
f 1383 1394 1260
f 1260 1381 1383
f 1372 1394 1383
f 1373 1252 1388
f 1252 1256 1388
f 1387 1388 1393
f 1243 1254 1390
f 1260 1391 1381
f 1392 1394 1372
f 1254 1258 1390
f 1389 1737 1016
f 1261 1260 1394
f 1392 1261 1394
f 1393 1261 1392
f 1262 1393 1388
f 1256 1262 1388
f 1251 1035 1379
f 1027 1379 1031
f 1390 1258 1397
f 1390 1397 1283
f 1266 1267 1499
f 1268 1399 1267
f 1379 1035 1280
f 1031 1379 1280
f 1400 1031 1280
f 1400 1396 1031
f 1265 1472 1273
f 1034 1265 1273
f 1273 1397 1258
f 1400 1280 1401
f 1471 1401 1402
f 1273 1472 1402
f 555 1038 1676
f 1280 1044 1275
f 1044 1406 1276
f 1277 1406 1407
f 1281 1277 1407
f 1282 1278 1281
f 1045 1407 1406
f 1046 1407 1045
f 1046 1281 1407
f 1408 1281 1046
f 1281 1408 1282
f 1397 1296 1283
f 1404 1286 1288
f 230 1632 1412
f 1287 1285 1291
f 1294 1416 1410
f 1292 1291 1477
f 1478 1292 1861
f 1066 1414 1416
f 1417 1414 1066
f 1501 1418 1890
f 813 1633 2012
f 2000 1075 1635
f 2068 1479 1073
f 1302 1969 1075
f 431 1636 1744
f 1078 1533 1502
f 1556 1304 1085
f 1085 1088 1556
f 1089 1090 2080
f 1090 435 1582
f 1094 1305 1864
f 1104 1745 1100
f 1503 1584 1893
f 1104 1109 1745
f 1117 345 1685
f 1309 1118 1121
f 1128 1586 1121
f 636 1950 1122
f 194 1715 1748
f 351 258 1715
f 1131 1132 1509
f 638 1815 201
f 821 171 1693
f 201 1649 822
f 1144 1325 1486
f 706 1425 1514
f 1938 366 1753
f 1727 1188 1344
f 1654 1696 1188
f 1188 1696 1597
f 491 1599 1819
f 1426 1196 1699
f 920 1195 1698
f 1198 1699 1196
f 1428 1655 1197
f 920 1702 1348
f 1427 1658 1430
f 1200 1430 1703
f 927 1199 1603
f 1201 1605 1488
f 1202 1605 1201
f 1348 1605 1202
f 1349 1538 1429
f 1519 1662 942
f 1488 1489 1520
f 1356 1432 945
f 945 1432 946
f 1432 1359 946
f 946 1359 947
f 1359 1212 947
f 947 1212 769
f 1433 1432 1214
f 1357 1432 1433
f 1359 1432 1357
f 1212 1359 1216
f 1434 1360 1433
f 1364 1438 1214
f 1433 1214 1438
f 1434 1433 1438
f 1442 1435 1216
f 1220 949 1363
f 1436 1539 1563
f 1445 1434 1438
f 1440 1434 1439
f 1360 1434 1440
f 1442 1360 1441
f 1443 1435 1442
f 1444 1435 1443
f 1443 1442 1441
f 1367 1666 967
f 1438 1364 1449
f 1445 1438 1450
f 1447 1441 1360
f 1438 1449 1450
f 1444 1443 1451
f 1564 1540 1448
f 1616 986 967
f 1235 1236 1491
f 1360 1440 1456
f 1618 1523 982
f 1450 1449 1458
f 1440 1439 1452
f 1456 1440 1452
f 1439 1434 1452
f 1360 1456 1447
f 1443 1441 1453
f 1449 1364 1380
f 1450 1458 1462
f 1242 1544 1244
f 1445 1450 1462
f 1463 1445 1455
f 1434 1445 1463
f 1452 1434 1463
f 1449 1380 1461
f 1458 1449 1461
f 1462 1458 1468
f 1445 1462 1455
f 1456 1452 1463
f 1441 1447 1464
f 1453 1441 1464
f 1620 992 1244
f 1620 789 992
f 1458 1461 1468
f 1382 789 1547
f 1248 1494 993
f 1494 1248 1457
f 1525 1550 1385
f 1382 1547 1497
f 1382 1497 1250
f 1245 1001 1460
f 1496 1459 1386
f 1455 1462 1465
f 1456 1463 1466
f 1380 1255 1461
f 1447 1456 1466
f 1464 1447 1466
f 1497 1389 1008
f 1396 1461 1255
f 1453 1464 1469
f 1384 1453 1469
f 1674 1253 795
f 1463 1455 1465
f 791 1767 1386
f 1008 1389 1014
f 1462 1468 1465
f 1674 795 1257
f 1384 1469 987
f 1464 1466 1470
f 1469 1464 1467
f 1470 1466 1463
f 987 1469 1395
f 1463 1465 1470
f 1461 1396 1400
f 1468 1461 1400
f 1467 1464 1470
f 1016 1528 1022
f 1029 1024 1626
f 1029 1626 1264
f 1011 1529 1030
f 1468 1400 1465
f 1470 1465 1471
f 1467 1470 1471
f 1469 1467 1471
f 1395 1469 1265
f 1469 1471 1472
f 1265 1469 1472
f 1037 1473 1398
f 1465 1400 1401
f 1471 1465 1401
f 1472 1471 1402
f 1039 1628 1042
f 1045 1406 1044
f 1263 1409 1530
f 1409 1042 1530
f 1531 1038 1413
f 1060 1631 1575
f 1056 1416 1414
f 1414 1417 1289
f 1289 1417 1290
f 1060 1575 1299
f 1861 1292 1805
f 1418 1301 2076
f 107 583 1634
f 583 586 1927
f 586 1945 1927
f 1300 2134 1076
f 814 1680 596
f 1076 1480 1078
f 1480 1533 1078
f 815 596 1637
f 1117 1685 1421
f 1309 1121 1586
f 444 1639 1776
f 1506 1125 1505
f 1950 636 818
f 1314 1840 1422
f 1483 1558 1841
f 1590 1716 1643
f 639 1536 1592
f 101 1752 1717
f 639 1592 1647
f 201 1815 1649
f 1486 1325 1725
f 1326 1595 1157
f 1157 1595 1559
f 367 1513 1653
f 1343 706 1514
f 731 1515 1344
f 1652 1425 1166
f 1487 1652 1166
f 1727 1654 1188
f 370 491 1819
f 1166 1346 1487
f 1195 1194 1698
f 924 925 1700
f 920 1698 1702
f 1699 1198 1349
f 928 927 1601
f 500 1792 1599
f 1702 1605 1348
f 500 1606 1792
f 1361 1215 1561
f 949 1521 1363
f 1363 1562 1220
f 1221 1220 1562
f 1706 1218 1221
f 1562 1706 1221
f 964 1563 1230
f 1539 1436 1437
f 1229 1608 1226
f 1437 1446 1539
f 1611 1490 1230
f 1446 972 1491
f 979 981 1522
f 977 1239 1614
f 1491 1615 1709
f 1443 1453 1451
f 1451 1453 1384
f 1618 1494 1566
f 1547 789 1620
f 1245 1460 1545
f 1497 1568 1389
f 1004 1529 1011
f 1264 1675 1257
f 1263 1552 1553
f 1263 1553 1024
f 1264 1626 1627
f 1398 1554 1039
f 1267 1713 1499
f 1499 1713 1629
f 1473 1554 1398
f 1676 1038 1531
f 1403 1570 1285
f 1624 1572 1405
f 1474 1571 1404
f 1572 1474 1405
f 1571 1474 1572
f 1413 1475 1531
f 1285 1630 1291
f 1413 1299 1475
f 1477 1805 1292
f 1478 1861 1770
f 1293 1478 1500
f 813 1832 1633
f 1293 1500 1300
f 1297 1967 1073
f 1073 1967 2068
f 1302 1479 1969
f 2134 1480 1076
f 1420 1303 2015
f 1637 1638 338
f 2060 1581 2048
f 338 1638 601
f 1088 1096 1556
f 436 2017 1972
f 436 1534 2017
f 1309 1109 1116
f 1504 1929 1639
f 1685 345 1640
f 1640 345 1122
f 1119 1507 1778
f 1746 1950 818
f 256 1777 1747
f 256 1747 1750
f 1558 451 1510
f 1645 1644 1423
f 1315 1645 1423
f 1537 1316 1689
f 824 364 1511
f 824 1326 1318
f 1594 364 365
f 1512 1325 1343
f 1425 1652 1514
f 1194 1697 1698
f 1598 1191 1426
f 926 924 1600
f 925 928 1601
f 1200 1703 1660
f 1538 1662 1518
f 942 1662 1538
f 1608 1229 1448
f 1609 1608 1448
f 1361 1666 1367
f 1666 1616 967
f 774 1758 399
f 1490 1612 1615
f 1454 1238 1614
f 1242 1670 1544
f 1541 1523 1618
f 986 1616 1457
f 982 1494 1618
f 1619 404 1546
f 1671 1493 1550
f 1001 1567 1460
f 1567 1249 1253
f 1674 1567 1253
f 1039 1554 1498
f 1399 1569 1677
f 1039 1498 1628
f 1499 1629 1403
f 1399 1404 1569
f 1629 1570 1403
f 1628 1573 1042
f 1042 1573 1530
f 1070 1999 1576
f 1419 1576 2148
f 1299 1575 2133
f 1999 1070 2000
f 1301 1579 2076
f 337 1970 1771
f 1078 1502 1581
f 1773 1089 1833
f 1305 2060 1864
f 1582 1555 1090
f 1306 1481 1774
f 1582 435 1307
f 436 1972 1307
f 1105 1987 343
f 1987 625 343
f 1987 1482 625
f 817 1421 1585
f 1894 1506 1505
f 1950 1775 1122
f 1535 1125 1119
f 1778 1535 1119
f 1778 1507 1749
f 1311 1508 1837
f 1837 1312 1311
f 1641 1976 258
f 1841 1641 1483
f 261 1590 1589
f 167 261 1589
f 1589 1752 167
f 167 1752 101
f 1484 1646 1536
f 1484 1537 1424
f 1649 263 822
f 1316 1593 1648
f 823 1719 1317
f 1511 1326 824
f 1725 1325 1512
f 1512 1343 1514
f 1157 1515 731
f 370 1819 1753
f 1848 1657 765
f 1427 1197 1731
f 1197 1655 1731
f 1428 1516 1655
f 1347 1516 1428
f 924 1700 1600
f 1427 1731 1658
f 1431 1656 1347
f 1601 927 1603
f 1488 1604 1489
f 1517 1602 774
f 1664 1519 1218
f 1489 1607 1520
f 1666 1361 1561
f 1448 1540 1609
f 1362 1619 1610
f 1539 1446 1491
f 1564 979 1522
f 1564 1613 1540
f 1491 1709 1668
f 1542 1617 1239
f 1565 1523 1541
f 1522 981 1543
f 1457 1616 1492
f 1543 981 1545
f 1244 1544 1620
f 981 1245 1545
f 1454 1548 1378
f 1494 1457 1492
f 784 1799 1495
f 1566 1494 1492
f 1378 1548 1549
f 1525 1549 1550
f 1497 1547 1712
f 1527 1022 1526
f 1527 1526 1551
f 1626 1024 1553
f 1016 1737 1528
f 1399 1677 1267
f 1267 1677 1713
f 1552 1263 1530
f 1473 1037 1284
f 1285 1570 1630
f 1412 1632 2028
f 1415 1419 1284
f 1631 2115 1575
f 1478 1770 1831
f 1478 1831 1500
f 1532 1298 2088
f 1681 596 1680
f 601 1638 1682
f 2060 1305 1086
f 601 1682 1892
f 2080 1833 1089
f 1892 1810 247
f 1096 2106 1556
f 1096 1100 2106
f 2069 1534 1308
f 819 1687 1313
f 1510 451 1588
f 1536 1646 1592
f 1484 1424 1646
f 1689 1424 1537
f 1690 1315 169
f 638 1846 1815
f 455 264 1593
f 1722 1511 364
f 1144 1783 1513
f 1513 1596 1653
f 1651 366 1938
f 1514 1652 1786
f 1426 1699 1560
f 1754 1426 1560
f 1754 1598 1426
f 1701 925 1601
f 926 1600 1199
f 1699 1349 1429
f 765 1657 1517
f 1199 1600 1661
f 1431 1200 1660
f 1660 1656 1431
f 1199 1661 1603
f 1488 1605 1604
f 1538 1518 1429
f 774 1602 1758
f 1215 1520 1607
f 1215 1607 1561
f 1611 1612 1490
f 1242 1565 1670
f 1524 1799 784
f 1674 1257 1623
f 1022 1528 1526
f 1551 1526 1624
f 1571 1569 1404
f 1576 2057 2148
f 107 1634 1832
f 1298 2058 2088
f 1579 2474 2076
f 1679 1891 1680
f 1502 1533 1581
f 247 1810 1481
f 1864 1584 1094
f 816 1585 1308
f 1585 1421 1866
f 1309 1745 1109
f 1503 1868 1508
f 1775 1640 1122
f 1505 1125 1834
f 444 1776 1777
f 1894 1310 1506
f 1131 1586 1128
f 819 1750 1687
f 1591 1589 1590
f 1589 1591 1752
f 1315 1688 1645
f 1845 821 1693
f 1316 1648 1689
f 1647 1720 1485
f 264 1721 1593
f 264 1781 1721
f 1726 1512 1514
f 1653 1848 463
f 1654 1729 1696
f 1191 1598 1346
f 1700 925 1701
f 1604 1663 1489
f 1218 1706 1664
f 1607 1539 1561
f 1708 1561 1539
f 1666 1561 1708
f 1562 1363 1665
f 1607 1230 1563
f 1539 1607 1563
f 1758 1852 399
f 1539 1491 1668
f 1564 1522 1613
f 1454 1614 1543
f 1565 1541 1670
f 1668 1541 1618
f 1542 1671 1763
f 1616 1618 1492
f 1543 1545 1621
f 1454 1621 1548
f 1492 1618 1566
f 1620 1735 1547
f 1766 1671 1550
f 1547 1735 1712
f 1621 1622 1548
f 1548 1622 1549
f 1549 1622 1550
f 1550 1622 1766
f 1545 1460 1621
f 1622 1621 1460
f 1567 1622 1460
f 1567 1766 1622
f 1567 1674 1766
f 1497 1712 1568
f 1736 1386 1767
f 1257 1675 1623
f 1553 1552 1628
f 1628 1625 1553
f 1553 1625 1626
f 1675 1264 1627
f 1498 1625 1628
f 1554 1625 1498
f 1626 1625 1554
f 1627 1626 1554
f 1554 1473 1627
f 1630 1570 1629
f 1624 1569 1572
f 1628 1530 1573
f 1552 1530 1628
f 1473 1284 2011
f 1569 1571 1572
f 1529 1859 1030
f 1476 1830 1574
f 2260 1577 1532
f 337 1771 1578
f 2474 1579 2059
f 1579 1420 2059
f 1533 1807 1581
f 1773 1833 1683
f 1090 1555 2080
f 1948 1306 1774
f 1306 1948 1557
f 1100 1745 2106
f 1503 1893 1868
f 1508 1868 1837
f 2181 1586 1131
f 1132 1779 1509
f 1687 1780 1313
f 1780 1314 1313
f 1510 1642 1558
f 1510 1588 1642
f 1591 1590 1643
f 1315 1690 1688
f 1845 169 821
f 1815 1909 1649
f 1718 263 1649
f 1723 1511 1722
f 364 1594 1722
f 1144 1486 2037
f 2037 1783 1144
f 1650 1559 1595
f 1344 1515 1727
f 1789 1346 1598
f 1598 1821 1789
f 1194 1597 1697
f 1821 1598 1754
f 1516 1347 1656
f 1698 1656 1702
f 1600 1705 1661
f 1430 1658 1703
f 1603 1662 1601
f 1517 1657 1602
f 1659 1656 1660
f 1661 1662 1603
f 1604 1605 1704
f 1659 1605 1702
f 1661 1705 1518
f 1662 1661 1518
f 1733 1663 1604
f 1489 1663 1607
f 1363 1521 1665
f 1707 1706 1562
f 1665 1707 1562
f 1230 1607 1663
f 1608 1521 1226
f 1665 1608 1609
f 1666 1669 1616
f 1539 1668 1708
f 1613 1522 1667
f 1543 1614 1761
f 1616 1669 1668
f 399 1880 1524
f 1541 1709 1670
f 1668 1709 1541
f 1616 1668 1618
f 1543 1621 1454
f 1542 1763 1617
f 1544 1670 1672
f 1711 1619 1764
f 1544 1672 1620
f 1619 1546 1764
f 1764 1546 1673
f 1620 1672 1735
f 1673 1546 1459
f 1712 1735 1765
f 1459 1496 1673
f 1568 1768 1389
f 1389 1768 1737
f 1526 1677 1624
f 1713 1677 1526
f 1569 1624 1677
f 1804 1676 1531
f 1804 1531 1475
f 1030 1859 1411
f 1284 1419 2011
f 1740 1291 1630
f 2067 1298 2028
f 1944 1298 2067
f 1298 1944 2058
f 1634 583 1926
f 2029 1742 239
f 1578 1771 1678
f 239 1744 2029
f 1679 1578 1678
f 1581 1807 2048
f 1808 1079 1304
f 1773 1863 598
f 1557 1948 1811
f 1583 1557 1811
f 1583 2091 1105
f 2002 2017 1534
f 1534 2069 2002
f 1105 2140 1987
f 1308 1986 2069
f 1584 1684 1893
f 1929 1504 1482
f 1639 1929 1949
f 1836 1310 1894
f 818 1587 1746
f 1312 1837 1838
f 1838 1507 1312
f 1642 1841 1558
f 1751 1644 1645
f 1591 1643 1953
f 1591 1953 1752
f 1646 1691 1592
f 1691 1646 1692
f 1646 1424 1692
f 1692 1424 1689
f 1845 1690 169
f 1717 1846 638
f 1691 1694 1592
f 1592 1694 1647
f 1695 1694 1691
f 1692 1695 1691
f 1689 1695 1692
f 1689 1648 1695
f 1648 1593 1695
f 1694 1720 1647
f 1593 1721 1695
f 1511 1723 1724
f 1511 1724 1915
f 1915 1326 1511
f 1595 1326 1915
f 1512 1782 1725
f 1782 1512 1726
f 1487 1728 1652
f 1487 1787 1728
f 1696 1730 1597
f 1697 1597 1730
f 1755 1821 1754
f 1697 1730 1655
f 1516 1697 1655
f 1698 1697 1516
f 1560 1699 1600
f 1700 1560 1600
f 1754 1560 1700
f 1730 1731 1655
f 1516 1656 1698
f 1699 1429 1600
f 1600 1429 1705
f 1701 1601 1732
f 1702 1656 1659
f 1601 1662 1732
f 1704 1703 1733
f 1703 1704 1660
f 1660 1704 1659
f 1733 1604 1704
f 1659 1704 1605
f 1429 1518 1705
f 1519 1664 1662
f 1665 1521 1608
f 1230 1734 1611
f 1611 1734 1612
f 1666 1708 1669
f 1734 1710 1612
f 1852 1880 399
f 1669 1708 1668
f 1543 1797 1522
f 1543 1761 1797
f 1239 1761 1614
f 1239 1617 1761
f 1619 1711 1610
f 1612 1710 1615
f 1710 1670 1615
f 1709 1615 1670
f 1671 1766 1823
f 1766 1674 1826
f 1801 1529 1004
f 1675 1627 1769
f 1769 1627 1714
f 1528 1737 1738
f 1713 1528 1738
f 1528 1713 1526
f 1629 1738 1739
f 1738 1629 1713
f 1714 1627 1473
f 1629 1739 1630
f 1859 1829 1411
f 1632 1860 2028
f 2011 1419 2148
f 1860 1632 1411
f 1291 1740 1477
f 1500 2087 1300
f 1681 1680 1891
f 1806 1303 1079
f 1806 1079 1808
f 1580 598 1946
f 598 1863 2047
f 1638 1947 1682
f 1684 1584 1864
f 1745 2062 2106
f 1893 1684 1865
f 1986 1585 1866
f 1987 2107 1482
f 1749 1507 1838
f 1976 1641 1839
f 1314 1977 1840
f 1314 1780 1977
f 1641 1841 1839
f 1422 1869 1716
f 1844 1717 1752
f 1721 1720 1694
f 1695 1721 1694
f 1595 1817 1650
f 1595 1915 1817
f 1650 1785 1559
f 1559 1785 1515
f 1727 1788 1654
f 1654 1788 1729
f 1787 1487 1789
f 1753 1819 1919
f 1487 1346 1789
f 1700 1701 1754
f 1732 1662 1791
f 1664 1706 1757
f 1757 1706 1707
f 1606 1362 1795
f 1663 1734 1230
f 1851 1759 1758
f 1795 1362 1610
f 1759 1852 1758
f 1853 1609 1540
f 1540 1760 1853
f 1734 1796 1710
f 1855 1670 1710
f 1735 1670 1855
f 1672 1670 1735
f 1524 1856 1799
f 1763 1671 1823
f 1823 1766 1857
f 1496 1736 1673
f 1736 1496 1386
f 1765 1800 1712
f 1712 1800 1568
f 1623 1675 1769
f 2011 1714 1473
f 1630 1739 1740
f 1476 2012 1830
f 1576 1999 2057
f 2260 1532 2088
f 1968 1945 1742
f 1678 2030 1679
f 2030 1891 1679
f 1533 1480 1772
f 596 1681 1809
f 596 1809 1637
f 1946 598 2047
f 1637 1862 1638
f 1862 1947 1638
f 1307 1984 1582
f 2091 1583 1811
f 1585 1986 1308
f 1309 2093 1745
f 1639 1949 1776
f 2050 1775 1950
f 1310 1836 1132
f 1836 1779 1132
f 1974 1748 1715
f 1422 1840 1869
f 1716 1869 1901
f 1642 1588 1842
f 1644 1751 1843
f 1688 1690 1814
f 171 1317 1693
f 1649 1909 1718
f 1781 1912 1721
f 1486 1725 1816
f 1784 1726 1786
f 1726 1514 1786
f 1652 1728 1786
f 1729 1788 1818
f 1729 1818 1696
f 1731 1730 1820
f 1732 1755 1754
f 1701 1732 1754
f 1599 1792 1849
f 1703 1658 1733
f 1662 1664 1791
f 1793 1663 1733
f 1793 1756 1663
f 1663 1756 1734
f 1522 1797 1667
f 1613 1667 1760
f 1540 1613 1760
f 1762 1617 1763
f 1880 1856 1524
f 1495 1801 1004
f 1674 1623 1802
f 1737 1768 1738
f 1739 1741 1740
f 1968 1742 2029
f 1075 1969 1635
f 1771 1970 2135
f 1744 1636 2137
f 1580 2079 1636
f 1807 1533 1772
f 1809 1862 1637
f 1307 1972 1984
f 1105 2091 2140
f 1421 1867 1866
f 1685 1867 1421
f 2019 1685 1640
f 2093 1309 1586
f 1125 1535 1834
f 1746 1587 1930
f 1587 1748 1930
f 1812 1750 1747
f 1131 1509 2181
f 1812 1687 1750
f 258 2021 1715
f 1932 1841 1642
f 1901 1643 1716
f 1588 1644 1843
f 1645 1688 1751
f 1721 1719 1720
f 1722 1875 1723
f 1486 1816 2037
f 1875 1722 1594
f 1816 1725 1782
f 1782 1784 1816
f 1782 1726 1784
f 1513 1783 1596
f 1515 1980 1727
f 1818 1730 1696
f 1732 1850 1755
f 1732 1791 1850
f 1733 1658 1790
f 1793 1733 1790
f 1791 1664 1822
f 1757 1822 1664
f 1756 1793 1794
f 1879 1756 1794
f 1602 1851 1758
f 1756 1879 1734
f 1665 1609 1961
f 1734 1879 1796
f 1667 1797 1760
f 1797 1762 1760
f 1610 1711 1854
f 1762 1797 1761
f 1617 1762 1761
f 1763 1798 1762
f 1764 1673 1884
f 1735 1885 1765
f 1736 1884 1673
f 1766 1826 1857
f 1568 1800 1803
f 1802 1826 1674
f 1568 1803 1768
f 1767 1676 1858
f 1804 1858 1676
f 1768 1888 1738
f 1769 1714 2011
f 583 1927 1926
f 2104 1480 2134
f 1480 2104 1772
f 1808 1304 1556
f 1773 1683 1863
f 1810 1774 1481
f 1555 1582 2033
f 2092 1929 1482
f 1505 1686 1894
f 1748 1974 1930
f 1715 2021 1974
f 1642 1842 1932
f 1813 1643 1901
f 1588 1843 1842
f 1953 1643 1813
f 1953 1902 1752
f 1688 1814 1751
f 1752 1902 1844
f 1781 1718 1912
f 1784 1874 1816
f 1650 1817 1785
f 1875 1594 1847
f 1874 1784 1916
f 1594 1651 1847
f 1784 1786 1916
f 1515 1785 1980
f 1848 1653 1918
f 1958 1753 1919
f 1818 1820 1730
f 1820 1658 1731
f 1877 1658 1820
f 1877 1790 1658
f 1850 1791 1822
f 1757 1878 1822
f 1757 1707 1878
f 1878 1707 1961
f 1707 1665 1961
f 1609 1853 1961
f 1853 1760 1939
f 1760 1762 1939
f 1762 1798 1939
f 1881 1710 1796
f 1710 1881 1855
f 1854 1711 1764
f 1798 1763 1882
f 1882 1763 1823
f 1855 1885 1735
f 1823 1824 1882
f 1800 1765 1825
f 1825 1765 1885
f 1825 1827 1800
f 1800 1827 1803
f 1803 1827 1888
f 1828 1736 1767
f 1803 1888 1768
f 1623 1769 1887
f 1738 1888 1739
f 1769 2011 2042
f 1475 1299 2086
f 1501 1890 1925
f 1501 1925 1297
f 2086 1299 2133
f 1582 1984 2049
f 2140 2070 1987
f 1505 1834 1686
f 1776 1835 1777
f 1835 1747 1777
f 1976 2021 258
f 1872 1690 1845
f 1721 1912 1719
f 1958 1938 1753
f 1728 1787 1957
f 1787 1789 2040
f 1788 1917 1818
f 2040 1789 1821
f 1819 1599 1849
f 1755 1876 1821
f 1850 1876 1755
f 1849 1792 1996
f 1790 1877 1995
f 1793 1790 1995
f 1793 1995 1794
f 1792 1606 1795
f 1960 1822 1878
f 1759 1851 1852
f 1610 1854 1795
f 1852 1921 1880
f 1798 1882 1923
f 1883 1855 1881
f 1885 1855 1883
f 1824 1823 1857
f 1886 1824 1857
f 1799 1801 1495
f 1857 1826 1942
f 1736 1828 1884
f 1767 1858 1828
f 1826 1802 1942
f 1802 1623 1887
f 1887 1769 2042
f 1574 1830 1631
f 1575 1982 2133
f 1577 2078 1743
f 2078 1970 1743
f 1580 1946 2079
f 2033 1582 2049
f 2092 1482 2107
f 1685 2019 2018
f 1776 1949 1988
f 1686 1834 1535
f 1686 1535 1894
f 1776 1988 1835
f 2122 1747 1835
f 1778 1749 1897
f 1749 1838 1897
f 1687 1931 1780
f 1813 1901 1952
f 1870 1843 1751
f 1870 1751 1814
f 1814 1979 1870
f 1979 1814 1871
f 1904 1844 1902
f 1907 1844 1904
f 1871 1690 1872
f 1814 1690 1871
f 1717 1844 1907
f 1815 1846 1909
f 1693 1317 1873
f 1317 1719 1873
f 1912 1873 1719
f 1912 1911 1873
f 1909 1912 1718
f 1816 1874 1914
f 1816 1914 2037
f 1817 1956 1785
f 1937 1916 1786
f 1783 2009 1596
f 1980 1785 1956
f 1727 1917 1788
f 1917 1920 1818
f 1819 1849 1919
f 1920 1820 1818
f 2040 1821 1876
f 1820 1920 1877
f 1960 1876 1850
f 1822 1960 1850
f 1853 1939 1961
f 1879 1922 1796
f 1796 1922 1881
f 1939 1798 1940
f 1940 1798 1923
f 1854 1764 1884
f 1856 1963 1799
f 1886 1882 1824
f 1883 1962 1885
f 1962 1825 1885
f 1942 1802 1887
f 1529 1966 1859
f 1804 1475 2086
f 1861 1889 1770
f 1500 1831 2044
f 2044 2087 1500
f 1297 2610 1967
f 1479 2068 1969
f 2015 1303 1806
f 1555 2033 2080
f 1983 1774 1810
f 1986 1866 2121
f 1535 1778 1895
f 1896 1535 1895
f 1894 1535 1896
f 1836 1894 1896
f 1896 1895 1898
f 1778 1897 1895
f 1836 1896 1779
f 1838 1837 1989
f 1897 1838 1989
f 1898 1895 1897
f 1896 1898 1899
f 1900 1896 1899
f 1896 1900 1779
f 1812 1973 1931
f 1687 1812 1931
f 1779 1900 2052
f 2052 1509 1779
f 1976 1839 2022
f 1899 1898 1933
f 1841 1932 1839
f 1952 1953 1813
f 1904 1902 1954
f 1903 1979 1871
f 2006 1979 1903
f 1903 1904 2006
f 2006 1904 1954
f 1904 1903 1905
f 1903 1871 1905
f 1871 1872 1906
f 1905 1871 1906
f 1907 1904 1905
f 1907 1905 1906
f 1906 1872 1935
f 1908 1906 1935
f 1907 1906 1908
f 1717 1907 1908
f 1872 1845 1935
f 1910 1935 1845
f 1693 1910 1845
f 1693 1873 1910
f 1910 1873 1911
f 1909 1913 1912
f 1913 1911 1912
f 2110 2009 1783
f 1786 1728 1937
f 1728 1957 1937
f 1653 1596 1918
f 1727 1980 1917
f 1787 1993 1957
f 1657 1848 1959
f 2066 1919 1849
f 2066 1849 1996
f 1995 1877 1920
f 1657 2073 1602
f 1792 1795 1996
f 1794 2041 1879
f 1880 1921 1856
f 1922 1924 1881
f 1882 1886 1923
f 1881 1924 1883
f 1856 1921 1963
f 1825 1962 1827
f 1886 1857 1942
f 1477 2075 1805
f 1636 2079 2137
f 1928 2104 2134
f 2170 1810 1892
f 1556 2106 2230
f 1948 1971 1811
f 2019 1640 1775
f 1746 2352 1950
f 1975 1837 1868
f 1973 1812 1747
f 1509 2052 2181
f 1897 1989 1898
f 1898 1989 2003
f 1931 1977 1780
f 2024 1900 1899
f 2024 2052 1900
f 1933 1898 2003
f 1933 2003 1934
f 1899 1933 2024
f 1933 1934 2024
f 1951 1952 1901
f 1870 2183 1843
f 1870 1979 2083
f 1717 1908 1846
f 1908 1935 1936
f 1846 1908 1913
f 1908 1936 1913
f 1935 1910 1936
f 1846 1913 1909
f 1913 1936 1910
f 1911 1913 1910
f 1874 1955 1914
f 2008 1817 1915
f 1990 1874 1916
f 2008 1956 1817
f 1938 1847 1651
f 1918 1596 2009
f 1959 1848 1918
f 1995 2041 1794
f 1996 1795 2196
f 1879 2041 1922
f 1941 1924 1922
f 1924 1962 1883
f 1963 1801 1799
f 1884 1828 1964
f 1962 1965 1827
f 1827 1965 1888
f 1887 2042 1942
f 1529 1801 1966
f 1858 1804 2086
f 1770 1889 1943
f 1770 1943 1831
f 2030 2045 1891
f 1420 2001 2059
f 2001 1420 2015
f 2046 1809 1681
f 2048 1807 2119
f 1683 1833 2105
f 1835 2180 2122
f 1975 1989 1837
f 1840 2082 1869
f 2025 1951 1901
f 1952 1978 1953
f 1953 1978 1902
f 1954 2026 2006
f 1875 2038 1723
f 1955 1874 1990
f 1875 1847 2038
f 1990 1916 1991
f 1916 1937 1991
f 1937 1957 1991
f 1787 2040 1993
f 1920 1917 1981
f 2074 2041 1920
f 1920 2041 1995
f 1602 2073 1851
f 1962 1924 1941
f 1964 1828 1858
f 1966 2389 1859
f 2012 2085 1830
f 1297 1925 2610
f 2029 1744 2137
f 2136 1928 2134
f 1681 1891 2045
f 1809 2046 1862
f 2048 2316 2060
f 1833 2080 2105
f 2139 1972 2017
f 2107 1987 2081
f 2093 2318 1745
f 1685 2018 1867
f 1746 1930 2352
f 1747 2122 1973
f 2082 1840 1977
f 2108 2022 1839
f 2108 1839 1932
f 1901 1869 2023
f 2023 2025 1901
f 1952 1951 1978
f 1902 1978 2005
f 2005 1954 1902
f 1915 2007 2008
f 2010 1917 1980
f 1917 2010 1981
f 1919 2066 1958
f 1981 2074 1920
f 1959 2073 1657
f 1960 1878 2254
f 1961 1939 1940
f 1851 1921 1852
f 1884 1997 1854
f 1962 1941 1965
f 1859 2389 1829
f 1861 1805 1889
f 1832 2199 1633
f 1889 1805 2103
f 2132 1418 2076
f 2166 1945 1968
f 1969 2068 2077
f 1681 2045 2031
f 1681 2031 2046
f 1862 2046 2032
f 1862 2032 1947
f 1947 2120 1682
f 1774 2177 1948
f 1948 2177 1985
f 2139 1984 1972
f 1811 1971 2091
f 2061 2017 2002
f 2050 2019 1775
f 1988 2180 1835
f 2071 1950 2352
f 1973 2034 1931
f 1931 2034 1977
f 1932 1842 2108
f 1954 2005 2026
f 2064 1783 2037
f 1990 1991 2112
f 2008 2056 1956
f 1991 1957 1992
f 1956 2039 1980
f 2039 2010 1980
f 1958 2066 1994
f 2041 1941 1922
f 1795 1854 1997
f 1997 1884 1964
f 1886 1942 1998
f 1998 1942 2042
f 1631 1830 2131
f 1575 2115 1982
f 2043 2103 1805
f 1771 2089 1678
f 1807 1772 2119
f 1772 2014 2119
f 1806 2013 2015
f 2032 2120 1947
f 1810 2170 1983
f 2140 2091 2265
f 2069 1986 2178
f 2178 1986 2121
f 2092 1949 1929
f 2247 1868 1893
f 2181 2093 1586
f 1950 2071 2050
f 2020 1973 2122
f 2021 2172 1974
f 1869 2082 2023
f 1978 1951 2004
f 2005 1978 2004
f 1979 2054 2083
f 2006 2054 1979
f 2026 2035 2006
f 2026 2036 2035
f 2010 2027 1981
f 2027 2074 1981
f 1876 1960 2254
f 2254 1878 1961
f 2410 1921 1851
f 1964 1858 2295
f 1888 2161 1739
f 1631 2131 2115
f 1969 2077 1635
f 2135 1970 2078
f 1892 1682 2169
f 1984 2016 2049
f 1866 2317 2121
f 2317 1866 1867
f 1989 1975 2094
f 1976 2051 2021
f 1976 2022 2051
f 2024 2152 2052
f 2183 1870 2214
f 2083 2054 2215
f 1955 2055 1914
f 1724 2007 1915
f 2064 2110 1783
f 1955 1990 2055
f 1956 2056 2039
f 1993 1992 1957
f 2160 2009 2111
f 2039 2065 2010
f 1851 2073 2410
f 2001 2015 2013
f 2061 2139 2017
f 2140 2204 2070
f 1973 2020 2034
f 2181 2052 2152
f 1842 2063 2108
f 1843 2063 1842
f 2026 2005 2053
f 2035 2054 2006
f 1723 2038 2154
f 1723 2154 1724
f 1914 2055 2125
f 1914 2125 2037
f 2007 2072 2008
f 1990 2112 2055
f 2008 2072 2084
f 2084 2056 2008
f 1991 1992 2112
f 1994 2066 2146
f 2027 2099 2074
f 1961 1940 2254
f 1923 1886 1998
f 1963 1966 1801
f 1829 1860 1411
f 1477 1740 2101
f 1477 2101 2075
f 2012 1633 2102
f 1805 2075 2043
f 2000 1635 2186
f 2089 2117 1678
f 2117 2030 1678
f 2104 1928 2136
f 2032 2149 2120
f 1556 2230 1808
f 1892 2169 2170
f 2080 2150 2105
f 1987 2070 2081
f 2318 2062 1745
f 2003 1989 2094
f 2003 2094 1934
f 1843 2183 2063
f 2053 2036 2026
f 1724 2095 2007
f 2097 1847 2113
f 1847 1938 2113
f 2010 2099 2027
f 1940 2444 2254
f 1940 1923 2444
f 1795 1997 2196
f 2388 1941 2041
f 1921 2410 1963
f 1965 2161 1888
f 1739 2161 1741
f 1860 2067 2028
f 2412 2011 2148
f 2012 2102 2085
f 1831 1943 2755
f 1831 2755 2044
f 2175 2046 2031
f 2046 2149 2032
f 2149 2046 2175
f 2119 2316 2048
f 1682 2120 2090
f 2267 2317 1867
f 2034 2153 1977
f 2004 1951 2189
f 1847 2097 2038
f 2160 1918 2009
f 1993 2040 2194
f 1994 2113 1958
f 2010 2065 2099
f 2240 2195 2041
f 2444 1923 1998
f 1418 2132 1890
f 1633 2199 2200
f 1633 2200 2102
f 2087 2227 1300
f 1300 2227 2134
f 1771 2135 2089
f 2246 1985 2177
f 1948 1985 1971
f 1893 1865 2421
f 2142 2050 2071
f 1974 2172 2211
f 2021 2051 2172
f 2054 2035 2215
f 2055 2096 2125
f 2096 2055 2143
f 2055 2127 2143
f 2112 2127 2055
f 2009 2110 2111
f 1958 2113 1938
f 1993 2194 2114
f 1959 1918 2193
f 2113 1994 2146
f 2066 1996 2427
f 2195 2388 2041
f 2410 1966 1963
f 2100 1944 2067
f 1999 2116 2057
f 2165 1634 1926
f 2329 1577 2260
f 2077 2187 1635
f 1577 2329 2078
f 1772 2118 2014
f 1863 2168 2047
f 1984 2139 2016
f 2210 2139 2061
f 1974 2211 1930
f 1977 2153 2082
f 2109 2108 2063
f 2025 2189 1951
f 2124 2053 2005
f 1724 2154 2095
f 2112 1992 2129
f 1992 1993 2114
f 2040 1876 2194
f 2146 2066 2427
f 1876 2254 2194
f 1996 2196 2427
f 1997 1964 2295
f 1982 2197 2133
f 1967 2243 2068
f 2030 2117 2045
f 1946 2047 2228
f 2203 1806 1808
f 2047 2168 2138
f 1863 1683 2168
f 2060 2316 1864
f 1774 1983 2177
f 2070 2179 2081
f 1867 2018 2267
f 2205 1949 2092
f 1988 1949 2188
f 2050 2142 2019
f 1988 2188 2180
f 2082 2123 2023
f 1934 2094 2320
f 2023 2189 2025
f 2004 2124 2005
f 2083 2215 2235
f 2072 2128 2084
f 2084 2128 2056
f 2056 2128 2098
f 2114 2129 1992
f 2039 2056 2098
f 2039 2098 2065
f 1918 2160 2193
f 2099 2147 2074
f 2042 2011 2412
f 2115 2131 2753
f 1741 2225 1740
f 1740 2225 2101
f 1944 2100 2198
f 1944 2198 2058
f 1889 2103 2207
f 2116 1999 2000
f 2089 2261 2117
f 1945 2528 1927
f 2166 2528 1945
f 2029 2137 2331
f 1772 2104 2118
f 2228 2047 2138
f 2149 2090 2120
f 2080 2033 2150
f 1985 2209 1971
f 2091 2209 2265
f 2141 2018 2019
f 2038 2252 2154
f 2095 2126 2007
f 2126 2072 2007
f 2130 2127 2112
f 2112 2129 2130
f 1959 2193 2073
f 2412 2148 2392
f 1889 2163 1943
f 2186 2116 2000
f 2329 2330 2078
f 2330 2135 2078
f 2033 2049 2263
f 1971 2209 2091
f 2061 2002 2210
f 2019 2142 2141
f 2182 2051 2022
f 2125 2064 2037
f 2110 2159 2111
f 2128 2072 2126
f 2129 2184 2130
f 2114 2145 2129
f 2065 2147 2099
f 2074 2240 2041
f 2115 2162 1982
f 1634 2242 1832
f 2242 1634 2165
f 2197 2164 2133
f 2314 2104 2136
f 1946 2228 2079
f 1682 2090 2169
f 1893 2421 2247
f 2093 2181 2152
f 2320 2024 1934
f 1870 2083 2235
f 2053 2236 2036
f 2095 2154 2190
f 2095 2190 2126
f 2064 2159 2110
f 2126 2190 2156
f 2127 2130 2143
f 2128 2192 2098
f 2113 2218 2097
f 2129 2145 2184
f 2144 2098 2192
f 2065 2098 2144
f 2218 2113 2146
f 2114 2194 2145
f 2147 2065 2144
f 2220 1965 1941
f 1830 2754 2131
f 1858 2086 2222
f 2085 2754 1830
f 2086 2133 2164
f 1926 1927 2165
f 2371 1968 2029
f 2089 2435 2261
f 2435 2089 2135
f 2029 2331 2371
f 2331 2137 2301
f 2137 2079 2301
f 2031 2045 2175
f 2314 2118 2104
f 2208 2001 2013
f 1806 2174 2013
f 2119 2014 2316
f 2170 2176 1983
f 2151 1684 1864
f 2171 2210 2002
f 2069 2171 2002
f 2092 2107 2268
f 2051 2353 2172
f 2248 2215 2035
f 2096 2143 2173
f 2155 2159 2064
f 2156 2158 2126
f 2157 2143 2130
f 2126 2158 2128
f 2128 2158 2192
f 2146 2238 2218
f 2146 2427 2274
f 1858 2222 2295
f 2450 2067 1860
f 2224 1860 1829
f 1889 2207 2201
f 2201 2163 1889
f 2474 2059 2282
f 2059 2167 2282
f 2001 2167 2059
f 2014 2118 2302
f 2358 2033 2263
f 2264 2049 2016
f 2140 2265 2204
f 2377 2107 2081
f 1949 2205 2188
f 2071 2352 2142
f 2051 2182 2353
f 2108 2182 2022
f 2082 2153 2123
f 2109 2063 2213
f 2004 2189 2270
f 2036 2248 2035
f 2036 2236 2248
f 2154 2249 2190
f 2154 2252 2249
f 2173 2125 2096
f 2125 2173 2064
f 2156 2190 2216
f 2191 2156 2216
f 2038 2097 2252
f 2159 2160 2111
f 2145 2185 2184
f 2194 2185 2145
f 2147 2240 2074
f 2186 1635 2187
f 2077 2068 2243
f 2079 2228 2301
f 1806 2203 2174
f 2014 2357 2316
f 2170 2169 2333
f 2170 2333 2176
f 2049 2264 2263
f 2178 2171 2069
f 2204 2179 2070
f 2405 2178 2121
f 2179 2377 2081
f 2317 2405 2121
f 2335 2093 2152
f 2122 2234 2212
f 2020 2122 2212
f 2020 2212 2034
f 2305 2182 2108
f 2183 2214 2206
f 2238 2146 2274
f 2193 2219 2073
f 1997 2295 2651
f 1965 2220 2161
f 2131 2754 2753
f 1943 2163 2279
f 2392 2148 2057
f 2103 2043 2299
f 2103 2299 2207
f 2882 2132 2076
f 2346 2116 2186
f 2186 2187 2415
f 2134 2227 2136
f 2202 2314 2136
f 2105 2150 2349
f 2176 2177 1983
f 2284 2264 2016
f 2377 2268 2107
f 2018 2319 2267
f 2268 2205 2092
f 2023 2287 2189
f 2217 2155 2064
f 2251 2155 2217
f 2173 2143 2157
f 2156 2191 2158
f 2252 2097 2354
f 2159 2292 2160
f 2184 2185 2239
f 2193 2160 2292
f 2144 2306 2147
f 2185 2194 2239
f 2306 2240 2147
f 2311 2196 2463
f 2086 2226 2222
f 1832 2242 2199
f 2075 2345 2043
f 2165 1927 2300
f 1927 2528 2300
f 2118 2314 2302
f 2013 2174 2208
f 2001 2208 2167
f 1985 2246 2209
f 2016 2139 2284
f 2142 2233 2141
f 2122 2180 2234
f 2352 1930 2336
f 1930 2211 2336
f 2109 2305 2108
f 2064 2173 2217
f 2184 2239 2340
f 2237 2306 2144
f 2161 2241 1741
f 2241 2223 1741
f 2162 2197 1982
f 2086 2164 2226
f 2883 2435 2135
f 2883 2135 2330
f 2117 2244 2045
f 2244 2175 2045
f 2208 2174 2245
f 2174 2203 2245
f 2014 2348 2357
f 2374 2203 1808
f 1683 2105 2349
f 2150 2033 2358
f 2139 2231 2284
f 2139 2210 2231
f 1865 1684 2360
f 1865 2360 2421
f 2024 2320 2152
f 2023 2123 2286
f 2023 2286 2287
f 2206 2063 2183
f 2270 2124 2004
f 2235 2214 1870
f 2190 2249 2216
f 2216 2250 2191
f 2159 2339 2292
f 2097 2218 2354
f 2354 2218 2293
f 2219 2193 2292
f 1941 2388 2220
f 2220 2275 2161
f 2275 2221 2161
f 2221 2258 2161
f 2389 2224 1829
f 1741 2223 2225
f 2101 2391 2075
f 2163 2414 2279
f 2930 2087 2044
f 2087 2930 2227
f 2414 2163 2201
f 2261 2404 2117
f 2117 2404 2244
f 2014 2302 2348
f 2175 2244 2229
f 2229 2149 2175
f 2169 2090 2304
f 2169 2350 2333
f 2177 2176 2262
f 2230 2106 2573
f 2171 2231 2210
f 2205 2232 2188
f 2142 2352 2285
f 2211 2172 2337
f 2189 2287 2270
f 2213 2063 2206
f 2217 2173 2290
f 2217 2290 2251
f 2130 2184 2364
f 2364 2184 2407
f 2366 2219 2292
f 2239 2194 2254
f 2427 2196 2311
f 2463 2196 1997
f 2221 2255 2258
f 2295 2222 2257
f 2161 2296 2241
f 2057 2346 2259
f 2412 2392 2659
f 2058 2198 2280
f 2058 2280 2088
f 2245 2167 2208
f 2203 2374 2245
f 2149 2229 2315
f 2149 2315 2090
f 2315 2304 2090
f 2374 1808 2230
f 2334 1864 2316
f 2246 2177 2262
f 2106 2062 2573
f 2179 2266 2377
f 2319 2141 2233
f 2205 2268 2232
f 2188 2269 2180
f 2142 2285 2233
f 2234 2180 2269
f 2172 2353 2337
f 2034 2361 2153
f 2216 2249 2250
f 2173 2363 2290
f 2291 2173 2157
f 2253 2191 2250
f 2158 2191 2253
f 2130 2364 2157
f 2158 2273 2192
f 2184 2340 2407
f 2237 2144 2192
f 2293 2218 2238
f 2237 2365 2306
f 2238 2367 2293
f 2238 2274 2367
f 2219 2410 2073
f 2195 2326 2388
f 2276 2258 2255
f 2258 2296 2161
f 2258 2276 2296
f 2042 2412 1998
f 2257 2277 2256
f 2257 2222 2277
f 2241 2298 2223
f 2278 1860 2224
f 2057 2116 2346
f 2043 2345 2313
f 2043 2313 2299
f 2187 2077 2415
f 2076 2474 2882
f 2167 2245 2303
f 2228 2138 2283
f 1864 2334 2151
f 2204 2265 2419
f 2319 2018 2141
f 2188 2232 2269
f 2270 2287 2271
f 2206 2214 2272
f 2288 2270 2271
f 2214 2235 2272
f 2270 2288 2124
f 2235 2322 2272
f 2235 2215 2322
f 2124 2288 2289
f 2124 2289 2053
f 2053 2289 2236
f 2249 2399 2250
f 2155 2251 2159
f 2251 2339 2159
f 2383 2192 2273
f 2254 2340 2239
f 2240 2306 2307
f 2409 2427 2311
f 2240 2294 2195
f 2221 2275 2255
f 2296 2297 2241
f 2241 2297 2298
f 1860 2278 2450
f 1890 2132 2434
f 1890 2434 1925
f 1968 2851 2166
f 2851 1968 2371
f 2136 2416 2202
f 2314 2202 2281
f 2283 2301 2228
f 2167 2303 2282
f 2169 2304 2350
f 2150 2417 2349
f 2417 2150 2358
f 2264 2351 2263
f 2351 2264 2284
f 1684 2151 3057
f 1684 3057 2360
f 2211 2337 2336
f 2423 2153 2361
f 2305 2379 2182
f 2248 2322 2215
f 2253 2250 2323
f 2253 2273 2158
f 2192 2383 2237
f 2307 2384 2240
f 2409 2308 2725
f 2409 2311 2308
f 2240 2384 2294
f 2308 2311 2309
f 2309 2311 2310
f 2294 2324 2326
f 2195 2294 2326
f 2463 1997 2651
f 2255 2275 2343
f 2295 2257 2342
f 2277 2390 2369
f 2222 2390 2277
f 2222 2226 2390
f 2223 2433 2225
f 2370 2226 2164
f 2171 2178 2405
f 2854 2319 2233
f 2247 1975 1868
f 2379 2353 2182
f 2478 2123 2153
f 2321 2289 2288
f 2236 2718 2248
f 2173 2291 2363
f 2323 2273 2253
f 2291 2157 2364
f 2294 2384 2385
f 2294 2385 2324
f 2220 2312 2275
f 2275 2312 2343
f 2343 2276 2255
f 2257 2256 2431
f 2431 2342 2257
f 2343 2327 2276
f 2276 2327 2328
f 2276 2328 2296
f 2297 2296 2448
f 2256 2277 2369
f 1925 2434 2495
f 1925 2495 2610
f 2372 2302 2314
f 2263 2351 2376
f 2266 2359 2377
f 2233 2502 2854
f 2502 2233 2285
f 2212 2361 2034
f 2305 2109 2379
f 2504 2398 2271
f 2271 2398 2288
f 2249 2252 2362
f 2399 2249 2362
f 2323 2250 2399
f 2367 2401 2293
f 2340 2254 2341
f 2384 2551 2385
f 2356 2324 2385
f 2310 2311 2428
f 2326 2673 2388
f 2563 2295 2342
f 2220 2875 2312
f 2256 3012 2431
f 2448 2296 2328
f 2471 2389 1966
f 2115 2753 2162
f 2164 2197 2347
f 2347 2370 2164
f 2186 2415 2346
f 2331 2301 2497
f 2245 2373 2303
f 2374 2373 2245
f 2168 2394 2138
f 1683 2349 2332
f 2176 2375 2262
f 2375 2176 2333
f 2358 2263 2376
f 2171 2476 2231
f 2265 2501 2477
f 2209 2501 2265
f 2993 2062 2318
f 2268 2437 2232
f 2681 2269 2232
f 2269 2438 2234
f 2109 2213 2380
f 2289 2321 2577
f 2338 2252 2354
f 2400 2273 2323
f 2364 2363 2291
f 2383 2365 2237
f 2367 2274 2368
f 2368 2274 2427
f 2651 2295 2563
f 2344 2448 2328
f 2880 2754 2085
f 2413 2197 2162
f 2402 2100 2067
f 2403 2100 2402
f 2101 2225 2796
f 2610 2756 1967
f 1967 2756 2243
f 2314 2281 2372
f 2372 2612 2302
f 2475 2229 2244
f 1683 2332 2168
f 2232 2856 2681
f 2234 2438 2212
f 2153 2423 2478
f 2455 2379 2109
f 2109 2380 2455
f 2206 2272 2456
f 2252 2338 2362
f 2406 2363 2364
f 2292 2339 2366
f 2354 2293 2510
f 2340 2341 2407
f 2407 2341 2355
f 2355 2341 2254
f 2308 2309 2461
f 2461 2309 2310
f 2385 2386 2356
f 2325 2324 2356
f 2388 2875 2220
f 2389 2472 2224
f 2101 2796 2391
f 2100 2403 2198
f 2200 2199 3211
f 2200 3211 2102
f 2393 2229 2475
f 2229 2393 2315
f 2315 2572 2304
f 2304 2572 2714
f 2334 2316 2357
f 2395 2333 2350
f 2692 2375 2333
f 2376 2396 2358
f 2453 2351 2284
f 2453 2284 2231
f 2760 2204 2419
f 2204 2420 2179
f 2420 2266 2179
f 2359 2266 2420
f 2352 2336 2503
f 2212 2438 2378
f 2422 2336 2337
f 2320 2094 3146
f 2206 2380 2213
f 2504 2271 2287
f 2398 2321 2288
f 2322 2248 2505
f 2289 2577 2236
f 2323 2426 2400
f 2401 2367 2460
f 2368 2427 2599
f 2326 2324 2485
f 2311 2463 2484
f 2673 2559 2388
f 2402 2067 2450
f 2224 2472 2449
f 2224 2449 2278
f 2299 2201 2207
f 2077 2527 2415
f 2613 2303 2373
f 2315 2393 2499
f 2315 2499 2572
f 2332 2394 2168
f 2304 2714 2350
f 2396 2417 2358
f 2171 2418 2476
f 2204 2760 2420
f 2319 2854 2615
f 2232 2437 2856
f 2438 2914 2378
f 2212 2378 2361
f 2531 2337 2353
f 3146 3125 2320
f 2287 2479 2504
f 2426 2323 2399
f 2381 2273 2400
f 2382 2406 2364
f 2381 2383 2273
f 2339 2441 2366
f 2510 2293 2401
f 2365 2383 2408
f 2367 2368 2460
f 2306 2548 2307
f 2461 2725 2308
f 2325 2356 2387
f 2310 2428 2866
f 2311 2484 2428
f 2325 2485 2324
f 2387 2485 2325
f 2485 2673 2326
f 1998 2412 2467
f 2410 2471 1966
f 2075 2391 2345
f 2415 3232 2346
f 2166 2851 2496
f 2077 2243 2527
f 2528 2166 2496
f 2301 2283 2660
f 2283 2138 2394
f 2332 2349 2417
f 2418 2171 2405
f 2397 2437 2268
f 2335 2318 2093
f 2681 2438 2269
f 2286 2479 2287
f 2272 2322 2480
f 2248 2718 2505
f 2425 2426 2399
f 2251 2290 2424
f 2424 2440 2251
f 2381 2400 2458
f 2365 2408 2548
f 2365 2548 2306
f 2219 2462 2410
f 2514 2254 2444
f 2385 2551 2386
f 2386 2726 2356
f 2559 2875 2388
f 2410 2489 2471
f 2312 2470 2343
f 2470 2327 2343
f 2525 2390 2494
f 2390 2226 2494
f 2057 2259 2392
f 2756 2757 2243
f 2371 2331 2497
f 2497 2301 3213
f 2404 2475 2244
f 2301 2660 3213
f 2333 2395 2692
f 2246 2501 2209
f 2477 2419 2265
f 2285 2823 2502
f 2823 2285 2352
f 2352 2503 2823
f 2337 2531 2422
f 2423 2683 2478
f 2123 2478 2286
f 2456 2272 2480
f 2505 2480 2322
f 2251 2440 2339
f 2364 2407 2382
f 2510 2401 2512
f 2366 2442 2219
f 2460 2368 2672
f 2387 2356 2726
f 2463 2651 2517
f 2875 2751 2312
f 2312 2751 2470
f 2470 2432 2327
f 2328 2327 2411
f 2328 2411 2344
f 2471 2472 2389
f 3332 2242 2165
f 2436 2372 2281
f 2302 2612 2348
f 2393 2475 2713
f 2715 2394 2332
f 2573 3094 2230
f 2992 2151 2334
f 2454 2377 2359
f 3124 2247 2421
f 2335 2152 2695
f 2456 2380 2206
f 2399 2362 2439
f 2400 2426 2458
f 2381 2458 2507
f 2507 2383 2381
f 2407 2355 2513
f 2460 2512 2401
f 2355 2254 2514
f 3031 2725 2461
f 2384 3006 2551
f 2516 2485 2387
f 2445 2602 2429
f 2462 2489 2410
f 2327 2432 2411
f 2390 2525 2369
f 2677 2223 2298
f 2412 2659 2521
f 2223 2677 2433
f 2226 2370 2494
f 2197 2413 2347
f 2392 2259 2473
f 2372 2436 2737
f 2612 2372 2451
f 2396 2376 2452
f 2351 2452 2376
f 2454 2268 2377
f 2682 2531 2353
f 2286 2478 2802
f 2286 2802 2479
f 2236 2577 2718
f 2362 2684 2439
f 2399 2439 2425
f 2458 2426 2457
f 2338 2354 2510
f 2339 2440 2441
f 2382 2407 2483
f 2407 2513 2483
f 2366 2441 2442
f 2672 2368 2599
f 2485 2516 2707
f 2445 2429 2486
f 2602 2647 2429
f 2445 2487 2602
f 2445 2446 2487
f 2446 2445 2486
f 2446 2518 2487
f 2468 2446 2486
f 2446 2430 2518
f 2430 2446 2468
f 2430 2447 2518
f 2430 2488 2447
f 2430 2468 2488
f 2488 2490 2447
f 2488 2491 2490
f 2491 2488 2604
f 2469 2342 2431
f 2256 2369 2523
f 2467 2412 2521
f 2085 2102 2880
f 2279 2414 2526
f 2526 2414 2201
f 2165 2300 3332
f 2372 2737 2451
f 2500 2417 2396
f 2396 2693 2500
f 2821 2262 2375
f 2262 2821 2246
f 2246 2821 2501
f 2476 2453 2231
f 2405 2317 2574
f 2529 3124 2421
f 2530 1975 2247
f 2681 2914 2438
f 2094 1975 3146
f 2290 2363 2532
f 2425 2457 2426
f 2363 2406 2532
f 2406 2382 2538
f 2458 2457 2507
f 2459 2538 2382
f 2459 2382 2483
f 2408 2639 2548
f 2355 2514 2513
f 2219 2442 2443
f 2516 2387 2747
f 2514 2444 2465
f 2429 2647 2707
f 2429 2707 2486
f 2464 2466 2486
f 2486 2466 2468
f 2444 1998 2467
f 2431 3012 2878
f 2878 2469 2431
f 2792 2432 2470
f 2297 2448 2850
f 2450 2278 2493
f 2493 2278 2449
f 2132 3272 2434
f 3272 2132 2882
f 2436 2281 2612
f 2436 2612 2451
f 2499 2393 2713
f 2351 2758 2452
f 2062 2993 2573
f 2405 2680 2418
f 2503 2663 2823
f 2361 2762 2423
f 2802 2616 2479
f 2290 2532 2424
f 2362 2338 2684
f 2684 2338 2699
f 2406 2538 2532
f 2338 2510 2699
f 2506 2482 2481
f 2441 2540 2442
f 2460 2640 2512
f 2460 2672 2640
f 2639 2641 2548
f 2219 2443 2462
f 2307 3006 2384
f 2707 2554 2485
f 2707 2777 2486
f 2648 2647 2602
f 2465 2444 2467
f 2875 2559 2788
f 2447 2490 2653
f 2468 2731 2488
f 2489 2565 2471
f 2471 2565 2472
f 2565 2492 2472
f 2850 2524 2297
f 2570 2523 2369
f 2298 2297 2524
f 2369 2525 2570
f 2449 2472 2492
f 2449 2492 2493
f 2659 2392 2473
f 2198 2403 3179
f 2299 2313 2798
f 3232 2820 2346
f 2198 3179 2280
f 2201 2299 2526
f 2404 2736 2475
f 2202 2416 2281
f 2451 2737 2498
f 2498 2436 2451
f 2303 2571 2282
f 2475 2736 2713
f 2332 2417 2500
f 2693 2396 2452
f 2351 2453 2758
f 2405 2574 2680
f 2268 2454 2397
f 2267 2319 2615
f 2503 2336 2422
f 2361 2378 2762
f 2353 2379 2682
f 2479 2616 2504
f 2506 2481 2581
f 2536 2482 2506
f 2440 2535 2441
f 2459 2541 2538
f 2507 2593 2383
f 2541 2459 2511
f 2509 2540 2441
f 2631 2508 2481
f 2481 2668 2631
f 2482 2668 2481
f 2459 2483 2511
f 2511 2483 2513
f 2443 2515 2462
f 2514 2465 2557
f 2462 2515 2489
f 2520 2432 2792
f 2467 2567 2519
f 2256 2523 3012
f 2411 2676 2344
f 2467 2521 2567
f 2606 2448 2344
f 2522 2492 2565
f 2569 2522 2565
f 2606 2850 2448
f 2521 2608 2567
f 2521 2659 2608
f 2522 2493 2492
f 2493 2522 2402
f 2493 2402 2450
f 2433 2609 2225
f 2225 2609 2796
f 2199 2242 2881
f 2199 2881 3211
f 2611 2737 2436
f 2281 2416 2611
f 2283 2932 2660
f 2303 2613 2571
f 2283 2394 2932
f 2230 3094 2374
f 2332 2500 2678
f 2821 2716 2501
f 2800 2453 2476
f 2716 2477 2501
f 2503 2422 2663
f 2422 2531 2717
f 2577 2321 2576
f 2505 2718 2575
f 2424 2585 2440
f 2582 2506 2581
f 2585 2535 2440
f 2585 2533 2535
f 2532 2538 2534
f 2589 2583 2582
f 2589 2582 2537
f 2535 2509 2441
f 2581 2481 2588
f 2482 2536 2590
f 2538 2541 2534
f 2509 2535 2533
f 2508 2542 2533
f 2539 2534 2541
f 2589 2537 2626
f 2542 2509 2533
f 2481 2508 2588
f 2668 2482 2590
f 2592 2508 2631
f 2541 2543 2539
f 2542 2508 2594
f 2509 2542 2540
f 2541 2544 2543
f 2549 2544 2541
f 2541 2513 2549
f 2541 2511 2513
f 2593 2670 2383
f 2540 2545 2705
f 2542 2545 2540
f 2596 2545 2542
f 2594 2596 2542
f 2546 2544 2549
f 2546 2549 2547
f 2513 2514 2549
f 2540 2705 2442
f 2442 2550 2443
f 2555 2547 2549
f 2552 2547 2555
f 2549 2557 2555
f 2514 2557 2549
f 2550 2515 2443
f 2599 2427 2409
f 2307 2921 3006
f 2515 2550 2556
f 2387 2726 2747
f 2553 2516 2747
f 2600 2554 2707
f 2516 2601 2707
f 2558 2552 2555
f 2554 2673 2485
f 2600 2707 2647
f 2465 2467 2557
f 2467 2519 2557
f 2557 2560 2555
f 2557 2519 2560
f 2561 2558 2555
f 2560 2561 2555
f 2466 2731 2468
f 2562 2558 2561
f 2731 2604 2488
f 2564 2562 2561
f 2560 2564 2561
f 2556 2489 2515
f 2605 2564 2567
f 2560 2567 2564
f 2519 2567 2560
f 2566 2565 2489
f 2566 2569 2565
f 2676 2606 2344
f 2568 2567 2607
f 2607 2567 2608
f 2659 2910 2608
f 2930 3428 2227
f 2611 2612 2281
f 2436 2498 2611
f 2693 2452 2614
f 3057 2151 2992
f 2478 2683 2802
f 2320 2696 2152
f 2763 2456 2480
f 2697 2398 2504
f 2321 2697 2576
f 2321 2398 2697
f 2480 2505 2763
f 2763 2505 2575
f 2617 2578 2539
f 2617 2539 2586
f 2534 2539 2578
f 2534 2578 2532
f 2578 2424 2532
f 2579 2580 2533
f 2582 2581 2664
f 2582 2583 2506
f 2583 2584 2506
f 2584 2536 2506
f 2585 2591 2533
f 2591 2579 2533
f 2588 2533 2580
f 2581 2588 2580
f 2537 2582 2664
f 2624 2537 2664
f 2507 2457 2665
f 2457 2425 2665
f 2588 2508 2533
f 2699 2510 2512
f 2507 2665 2593
f 2537 2624 2628
f 2627 2629 2587
f 2687 2702 2591
f 2586 2539 2543
f 2592 2597 2508
f 2508 2597 2594
f 2544 2595 2543
f 2544 2546 2595
f 2598 2546 2547
f 2598 2547 2645
f 2442 2705 2550
f 2550 2705 2644
f 2547 2552 2645
f 2548 2745 2307
f 2556 2550 2644
f 2310 3032 2461
f 2645 2552 2646
f 2310 2866 3032
f 2552 2558 2646
f 2674 2556 2644
f 2484 2463 2867
f 2486 2777 2464
f 2463 2517 2867
f 2602 2487 2729
f 2466 2464 2675
f 2487 2518 2729
f 2517 2651 2782
f 2518 2447 2784
f 2646 2558 2603
f 2558 2562 2603
f 2603 2562 2654
f 2562 2564 2654
f 2566 2556 2674
f 2563 2342 2928
f 2556 2566 2489
f 2491 2604 2655
f 2520 2848 2655
f 2848 2520 2792
f 2520 2690 2432
f 2654 2564 2605
f 3055 2432 2690
f 2567 2568 2605
f 2569 2795 2522
f 2088 2280 2963
f 2963 2260 2088
f 2881 2242 3332
f 2415 2527 3232
f 2243 2757 2527
f 2227 3428 2136
f 2348 2612 3080
f 2715 2332 2678
f 2476 2418 2759
f 2801 2419 2477
f 2317 2267 2574
f 2502 2823 2662
f 2379 2738 2682
f 2379 2455 2738
f 2152 2696 2695
f 2617 2619 2578
f 2619 2617 2618
f 2619 2622 2578
f 2620 2578 2622
f 2578 2620 2424
f 2579 2621 2580
f 2621 2664 2580
f 2581 2580 2664
f 2685 2536 2584
f 2622 2619 2627
f 2621 2579 2625
f 2536 2685 2590
f 2623 2622 2627
f 2579 2591 2702
f 2625 2579 2702
f 2589 2722 2583
f 2585 2634 2591
f 2627 2619 2632
f 2669 2619 2618
f 2632 2619 2669
f 2627 2587 2623
f 2630 2628 2624
f 2589 2626 2722
f 2627 2632 2633
f 2627 2633 2629
f 2630 2625 2635
f 2591 2634 2687
f 2625 2702 2635
f 2635 2702 2671
f 2633 2632 2636
f 2629 2633 2637
f 2592 2769 2597
f 2632 2669 2595
f 2636 2632 2595
f 2546 2636 2595
f 2637 2633 2636
f 2594 2704 2596
f 2594 2597 2704
f 2598 2636 2546
f 2637 2636 2598
f 2637 2598 2638
f 2638 2598 2645
f 2638 2645 2643
f 2548 2641 2745
f 2643 2645 2649
f 2409 2725 2772
f 2772 2599 2409
f 2649 2645 2646
f 2649 2646 2650
f 2673 2730 2559
f 2675 2731 2466
f 2652 2649 2650
f 2650 2646 2603
f 2650 2603 2656
f 2656 2652 2650
f 2656 2603 2654
f 2657 2652 2656
f 2653 2490 2733
f 2490 2491 2733
f 2604 2732 2844
f 2690 2520 2655
f 2654 2605 2691
f 2654 2691 2656
f 2657 2656 2691
f 2432 3055 2985
f 2712 2298 2524
f 2608 2929 2607
f 2608 2910 2929
f 2795 2402 2522
f 2452 2758 3046
f 2574 2267 2887
f 2530 2247 3124
f 2531 2682 2717
f 2423 2762 2889
f 2380 2456 2967
f 2764 2576 2697
f 2575 2940 2763
f 2577 2698 2718
f 2622 2740 2620
f 2622 2623 2740
f 2665 2425 2739
f 2739 2666 2665
f 2664 2621 2624
f 2624 2621 2625
f 2665 2666 2593
f 2625 2630 2624
f 2722 2626 2667
f 2587 2686 2623
f 2587 2629 2686
f 2628 2630 2767
f 2537 2628 2626
f 2592 2631 2804
f 2701 2686 2629
f 2767 2630 2700
f 2630 2635 2700
f 2804 2769 2592
f 2666 2670 2593
f 2629 2637 2701
f 2700 2635 2671
f 2670 2639 2383
f 2383 2639 2408
f 2638 2643 2688
f 2516 2728 2601
f 2728 2516 2553
f 2643 2649 2709
f 2709 2649 2689
f 2729 2518 2784
f 2649 2652 2689
f 2657 2689 2652
f 2734 2689 2657
f 2731 2732 2604
f 2875 3009 2751
f 2734 2657 2691
f 2566 3209 2569
f 2568 2658 2605
f 2658 2568 2607
f 2162 3702 2413
f 2259 2797 2473
f 3160 2329 2260
f 2394 2913 2932
f 2357 2348 3080
f 2678 2500 2679
f 2692 2395 3045
f 2500 2693 2679
f 3016 2821 2375
f 2758 2453 3081
f 3081 2453 2800
f 2759 2800 2476
f 2801 2477 2716
f 2359 2822 2454
f 2615 2887 2267
f 2502 2662 2854
f 2320 3125 2696
f 2802 3049 2616
f 2698 2577 2576
f 2425 2439 2996
f 2424 2620 2719
f 2425 2996 2739
f 2685 2766 2590
f 2631 3026 2804
f 2668 3168 2631
f 2826 2670 2666
f 2634 2723 2687
f 2596 2918 2545
f 2597 2898 2704
f 2898 2597 2769
f 3223 2512 2640
f 2644 2705 2642
f 2307 2745 2921
f 2551 2900 2386
f 2643 2709 2780
f 2644 2708 2674
f 2600 2647 2706
f 2647 2648 2706
f 2673 2869 2730
f 2780 2709 2749
f 2789 2709 2689
f 2784 2447 2653
f 2787 2651 2563
f 2928 2342 2906
f 2604 2844 2711
f 2491 2655 2790
f 2604 2711 2655
f 2751 2792 2470
f 2432 2985 2411
f 2691 2605 2794
f 2605 2658 2794
f 2499 2713 3180
f 2913 2394 2715
f 3235 2395 2350
f 2452 3046 2614
f 1975 2530 3146
f 2682 2965 2694
f 2965 2682 2738
f 2455 2380 3048
f 2825 2504 2616
f 2585 2424 2721
f 2584 2720 2944
f 2583 2720 2584
f 2944 2685 2584
f 2699 2915 2684
f 2583 2722 2720
f 2721 2634 2585
f 2666 2739 2826
f 2590 2766 2668
f 2631 3510 3026
f 2687 2723 2742
f 2687 2742 2702
f 2705 2545 2831
f 2639 2670 2641
f 2831 2642 2705
f 2640 2672 3029
f 2900 2901 2386
f 2643 2780 2688
f 2554 2727 2706
f 2554 2600 2727
f 2554 2706 2673
f 2600 2706 2727
f 2708 2710 2674
f 2733 2491 2790
f 2411 2879 2676
f 2879 2606 2676
f 3210 2298 2712
f 3210 2677 2298
f 2162 2753 3702
f 2044 2755 2735
f 2735 2930 2044
f 2395 3235 3045
f 2934 2375 2692
f 2801 2885 2419
f 2801 3163 2885
f 2360 2529 2421
f 2822 2359 2661
f 2993 2318 3143
f 2454 2855 2397
f 2855 2437 2397
f 2318 2335 3143
f 2663 2422 2717
f 2423 2889 2683
f 2683 2824 2802
f 2616 3049 2825
f 2456 2968 2967
f 2968 2456 2763
f 3286 2617 2586
f 2740 2623 2765
f 2626 2976 2667
f 2699 2512 2859
f 2768 2686 2701
f 2701 2860 2768
f 2671 2703 2700
f 2595 2743 2543
f 2741 2595 2669
f 2743 2595 2741
f 2724 2701 2637
f 2545 2918 2831
f 2641 2670 2919
f 2637 2638 2744
f 3029 3223 2640
f 2638 2688 2744
f 2744 2688 2746
f 2599 3192 2672
f 2642 2708 2644
f 2386 2901 2726
f 2707 2601 2950
f 2777 2707 2950
f 2673 2706 2869
f 2602 2729 2648
f 2786 2675 2464
f 2783 2749 2709
f 2783 2709 2789
f 2730 2787 2559
f 2782 2651 2787
f 2559 2787 2788
f 2689 2734 2789
f 2674 2710 2566
f 2710 2819 2566
f 2691 2794 2734
f 2566 2819 3209
f 2606 3013 2850
f 2102 3211 3424
f 2757 3040 2527
f 3234 2736 2404
f 2611 2416 3121
f 3121 2416 3390
f 2498 2612 2611
f 2612 2498 3141
f 2612 3141 3080
f 3161 2715 2678
f 2799 3161 2678
f 2799 2678 2679
f 2357 2933 2334
f 2454 2822 2855
f 2437 2855 2856
f 2857 2914 2681
f 2682 2694 2717
f 2455 3048 2937
f 2968 2763 2969
f 2943 2424 2719
f 2424 2943 2721
f 2623 2686 2765
f 2765 2686 2803
f 2626 2628 2976
f 2686 2768 2803
f 2669 2977 2741
f 2724 2860 2701
f 2700 2703 3002
f 2596 2704 2918
f 2637 2744 2724
f 2746 2688 2780
f 2748 2780 2749
f 2517 2730 2869
f 2749 2781 2748
f 2749 2783 2781
f 2675 2786 2731
f 2786 2750 2731
f 2750 2732 2731
f 2790 2655 2907
f 2848 2907 2655
f 2655 2752 2690
f 2658 2607 2909
f 2659 2962 2910
f 2659 2473 2962
f 2102 3424 2880
f 2756 2610 2495
f 2261 3234 2404
f 2611 3056 2737
f 2611 3121 3056
f 2736 2853 2713
f 2713 3043 3180
f 2350 2714 3214
f 2886 2759 2418
f 2886 2418 2680
f 2419 2885 2760
f 2680 2936 2886
f 2663 2717 2761
f 2694 2761 2717
f 2764 2970 2576
f 2576 2970 2698
f 2718 2942 2575
f 2718 2698 2942
f 3434 2618 2617
f 2684 2915 2891
f 2439 2858 2996
f 2719 2620 2893
f 2893 2620 2740
f 2765 2893 2740
f 2628 3631 2976
f 2631 3168 3510
f 2641 2919 2920
f 2920 3150 2641
f 2831 2770 2642
f 2744 2746 2771
f 2642 2770 2708
f 2774 2773 2771
f 2771 2746 2774
f 2770 2785 2708
f 2551 3006 2900
f 2746 2780 2774
f 2774 2775 2773
f 2776 2726 2901
f 2779 2775 2774
f 2726 2776 2747
f 2780 2779 2774
f 2464 2778 2786
f 2748 2779 2780
f 2648 2729 2870
f 2729 2784 2870
f 2708 2785 2710
f 2785 2816 2710
f 2730 2782 2787
f 2563 2928 2927
f 2750 2844 2732
f 2816 2817 2710
f 2789 2734 2791
f 2710 2817 2819
f 2690 2752 3055
f 2734 2794 2791
f 2794 2793 2791
f 2794 2658 2793
f 2402 2795 3078
f 3256 2402 3078
f 3256 2403 2402
f 2259 2346 2820
f 2852 2851 2371
f 2371 2497 2852
f 2853 2736 3234
f 2499 3180 2572
f 2990 2714 2572
f 2661 2359 2420
f 2574 2887 3019
f 2762 2378 2888
f 2380 2967 3048
f 2504 2939 2697
f 2739 2892 2826
f 2826 2892 2894
f 2669 2618 2977
f 2803 2768 2896
f 2827 2723 2634
f 2767 2700 3104
f 2860 2896 2768
f 2827 3103 2723
f 3001 2723 3103
f 2700 3002 3104
f 2724 2830 2860
f 2723 3001 2742
f 2671 2702 3064
f 2543 2743 2829
f 2830 2724 2805
f 2704 2898 3149
f 2724 2744 2805
f 2744 2771 2805
f 2773 2806 2805
f 2771 2773 2805
f 2770 2831 2834
f 2770 2834 2807
f 2773 2775 2806
f 2770 2807 2785
f 2807 2812 2785
f 2775 2779 2809
f 2836 2904 2807
f 2812 2807 2904
f 2777 2778 2464
f 2778 2923 2786
f 2779 2748 2809
f 2809 2748 2810
f 2748 2781 2810
f 2781 2839 2810
f 2811 2812 2904
f 2517 2782 2730
f 2781 2840 2839
f 2923 2871 2786
f 2781 2783 2840
f 2812 2816 2785
f 2871 2815 2786
f 2814 2811 2905
f 2812 2811 2814
f 2783 2813 2840
f 2786 2815 2750
f 2812 2814 2816
f 2813 2783 2789
f 2813 2789 2818
f 2818 2789 2846
f 2844 2750 2815
f 2875 2788 2874
f 2817 2816 2814
f 2846 2789 2791
f 2791 2877 2846
f 2817 2814 2847
f 2819 2817 2847
f 3072 3209 2819
f 2411 2985 2879
f 2879 3013 2606
f 2569 3209 2795
f 2929 2909 2607
f 2259 3015 2797
f 2299 2798 2526
f 3160 2260 2963
f 2435 2911 3079
f 2261 2435 3079
f 3259 2911 2435
f 2261 3079 3234
f 2435 2883 3259
f 3180 2990 2572
f 2715 3142 2913
f 2715 3161 3142
f 2759 3216 2800
f 3019 2680 2574
f 2615 2854 2994
f 2856 2857 2681
f 2694 3021 2761
f 3021 2694 2965
f 2683 2889 2824
f 2937 2738 2455
f 2969 2763 2940
f 2439 2684 2858
f 2996 2892 2739
f 2915 2699 2859
f 2765 2803 2895
f 2826 2897 2670
f 2860 2917 2828
f 2670 2897 2919
f 2543 2829 2586
f 2831 2918 3191
f 2805 2806 2861
f 2861 2806 2832
f 2861 2832 2862
f 2862 2832 2864
f 2832 2806 2837
f 2834 2833 2807
f 2864 2832 2838
f 2838 2868 2864
f 2806 2775 2837
f 2832 2837 2838
f 2836 2833 2835
f 2902 2836 2835
f 2833 2836 2807
f 2775 2809 2837
f 2601 3107 2950
f 2601 2728 3107
f 2838 2837 2809
f 2808 2836 2902
f 2904 2836 2808
f 2867 2517 2903
f 2838 2809 2810
f 2810 2868 2838
f 2648 2870 2951
f 3034 2810 2839
f 3034 2839 2841
f 2840 2841 2839
f 2841 2840 2842
f 2842 2840 2843
f 2840 2813 2843
f 2845 2814 2905
f 2787 2563 2927
f 2843 2813 2818
f 2843 2818 2876
f 2876 2818 2846
f 2847 2814 2845
f 2877 2791 2849
f 2494 2370 3388
f 2820 2987 2259
f 3388 2370 2347
f 3120 2329 3160
f 2329 3120 2330
f 3056 3141 2498
f 2713 2853 3043
f 3214 2714 2990
f 2614 3122 2693
f 2375 2934 3016
f 2886 3216 2759
f 2760 2935 2420
f 2935 2661 2420
f 2680 3019 2936
f 2378 2914 2888
f 2825 3049 2890
f 2504 2825 2938
f 2504 2938 2939
f 2970 2764 2939
f 2942 2941 2575
f 2893 2765 2895
f 2945 2893 2895
f 2721 2827 2634
f 2628 2767 3586
f 2803 2896 2895
f 2826 2894 2897
f 2860 2828 2896
f 2804 3221 2769
f 2805 2861 2830
f 2834 2831 2863
f 2512 3223 2859
f 2833 2834 2863
f 2641 3150 2745
f 2864 2868 2899
f 2835 2922 2902
f 3192 2599 2772
f 2553 2949 2728
f 2869 2706 3052
f 2648 2951 2706
f 3052 2903 2869
f 2903 2517 2869
f 2904 2924 2811
f 2924 2905 2811
f 2926 2841 2842
f 2926 2842 2872
f 2872 2842 2843
f 2815 2871 2873
f 2787 2927 2788
f 2815 2873 2844
f 2788 2927 2874
f 2653 2733 3113
f 2846 2983 2849
f 2876 2846 2849
f 2711 2957 2655
f 2983 2846 2877
f 2655 2957 2752
f 2908 3055 2752
f 2849 2791 2959
f 2792 2751 2848
f 2791 2793 2959
f 2850 2986 2524
f 2525 2494 3159
f 2259 2987 3015
f 2496 2851 3364
f 3364 3460 2496
f 2660 2884 3213
f 2884 2660 2932
f 2498 2737 3056
f 2932 2913 3142
f 2991 2374 3094
f 2933 2992 2334
f 2692 3045 2934
f 2821 3095 2716
f 2760 2885 3018
f 2760 3018 2935
f 2822 2661 3058
f 2615 3020 2887
f 2615 2994 3020
f 2823 2663 3183
f 2762 3394 2889
f 2966 2738 2937
f 2802 2824 3049
f 2697 2939 2764
f 3282 2617 3286
f 2719 2893 2972
f 2721 3188 2827
f 2767 3102 3586
f 2895 2896 2946
f 2767 3104 3102
f 2860 2830 3003
f 2860 3003 2917
f 2863 2835 2833
f 2862 2864 2899
f 2899 2868 2865
f 2725 3031 2772
f 3006 3132 2900
f 2747 2776 3152
f 2747 3152 2553
f 2484 3088 2428
f 2865 2868 3033
f 2706 3068 3052
f 2706 2951 3068
f 2810 3033 2868
f 2810 3034 3033
f 2923 2925 2871
f 2955 2845 2905
f 2872 2843 2956
f 2874 3009 2875
f 2843 2876 2956
f 3113 2733 2790
f 2845 2955 2847
f 2793 2960 2959
f 2879 2985 3013
f 2793 2658 3036
f 2850 3013 2986
f 2658 2909 3073
f 3073 2909 3093
f 2797 2988 2473
f 3120 2912 2330
f 2912 2883 2330
f 2357 3080 3274
f 3122 2679 2693
f 3095 2801 2716
f 2822 3059 2855
f 3183 2662 2823
f 3278 3146 2530
f 2825 2890 2938
f 2684 2891 2858
f 2997 2721 2943
f 2997 3188 2721
f 2893 2945 2972
f 2972 2945 2916
f 2973 2945 2895
f 3148 2722 2667
f 2946 2916 2895
f 2896 2828 3000
f 2917 3003 3004
f 2863 2979 2835
f 2862 2899 3028
f 2745 3557 2921
f 2902 3053 2808
f 2428 2948 2866
f 2428 3088 2948
f 2728 2949 3107
f 2484 2867 3088
f 2808 3053 2904
f 3007 2905 2924
f 2841 2926 3034
f 2925 3008 2871
f 2905 2952 2954
f 2905 2954 2955
f 3008 2873 2871
f 2872 2956 2953
f 2927 2928 2874
f 3010 2849 2983
f 2849 2959 2956
f 2876 2849 2956
f 2955 3117 2847
f 2984 2848 2751
f 2958 2983 2877
f 2877 2849 2958
f 2849 3010 2958
f 2847 3117 3178
f 2986 3306 2524
f 3158 2795 3209
f 2929 3362 2909
f 2473 2988 3014
f 3014 2962 2473
f 3310 2528 2496
f 2474 2931 2882
f 2474 2282 2931
f 2571 2989 2282
f 3095 2821 3016
f 3017 3081 2800
f 3017 2800 3216
f 2822 3058 3059
f 2854 2662 3165
f 2857 3082 2914
f 2914 3166 2888
f 3166 2914 3082
f 2738 2966 2965
f 3282 3434 2617
f 2719 3284 3024
f 2719 3024 2943
f 2974 2945 2973
f 2945 2974 2916
f 2999 2894 2892
f 2973 2895 2975
f 2946 2972 2916
f 2895 2916 2975
f 2828 3401 3000
f 2861 3028 3005
f 2861 2862 3028
f 2863 3051 2978
f 3051 2863 2831
f 2979 3030 2835
f 2835 3030 2922
f 2922 3053 2902
f 2950 3107 3195
f 3052 2867 2903
f 2904 3007 2924
f 2870 2784 3111
f 2926 2872 2953
f 2784 2653 3111
f 2874 2928 2981
f 2874 2981 3009
f 2790 2907 2982
f 2984 2907 2848
f 3010 2960 2958
f 2793 3036 2960
f 2819 2847 3011
f 3011 3072 2819
f 2985 2961 3013
f 3306 2712 2524
f 3271 2677 3210
f 2910 3075 2929
f 2910 2962 3075
f 2677 3038 2433
f 2433 3038 2609
f 1943 2279 3497
f 1943 3497 2755
f 2797 3015 3039
f 2797 3039 2988
f 2756 3040 2757
f 2300 2528 3310
f 2852 2497 3041
f 2497 3213 3041
f 3463 2989 2571
f 2571 2613 3463
f 3094 3465 2991
f 3163 3047 2885
f 2855 3059 3060
f 2854 3165 2994
f 3082 2857 2964
f 2888 3166 2762
f 2938 3083 2939
f 2970 2939 3083
f 2575 2941 2940
f 2942 2971 2941
f 2942 2698 2971
f 2974 2975 2916
f 2894 2999 2897
f 2946 2896 3000
f 2828 2917 3401
f 2830 2861 3003
f 2919 2897 2920
f 2863 2978 2979
f 3029 2672 3130
f 3130 2672 3192
f 2921 3132 3006
f 2923 3109 2925
f 2905 3007 2952
f 3111 2653 3113
f 3112 2844 2873
f 2844 3112 2711
f 3112 3115 2711
f 2953 2956 2980
f 2928 2906 2981
f 3117 2955 3035
f 2959 2960 2956
f 2958 2960 3070
f 2847 3178 3011
f 3073 3036 2658
f 3013 2961 3074
f 3159 2494 3077
f 3428 3257 2136
f 3460 3310 2496
f 2931 2282 2989
f 3366 2884 2932
f 3274 2933 2357
f 2679 3122 2799
f 3235 3044 3045
f 3123 2614 3046
f 2886 3096 3216
f 3047 3018 2885
f 3240 2696 3125
f 3022 2967 2968
f 3084 3022 2968
f 2968 2969 3084
f 2940 3023 2969
f 3023 3084 2969
f 2970 3083 3147
f 2970 3147 2698
f 2940 2995 3023
f 2940 2941 2995
f 2971 2995 2941
f 3147 2971 2698
f 2858 2891 3050
f 2719 3283 3284
f 2973 3061 2974
f 2998 3061 2973
f 3062 2892 3336
f 2720 2722 3148
f 2892 3062 2999
f 3434 2977 2618
f 2974 3220 2975
f 2628 3586 3631
f 3027 2897 2999
f 2586 2829 3723
f 2702 2742 3064
f 3053 2922 3193
f 2900 3151 2901
f 2778 3109 2923
f 3053 3007 2904
f 3155 2952 3007
f 2953 2980 3174
f 3035 2955 2954
f 2906 2342 3206
f 3206 2342 2469
f 2982 2907 2984
f 2983 2958 3118
f 2960 3010 3119
f 3119 2956 2960
f 2958 3070 3118
f 2929 3037 3362
f 2525 3159 2570
f 2929 3075 3037
f 2677 3271 3038
f 2962 3014 3076
f 3231 2820 3232
f 2853 3042 3043
f 2994 3431 3020
f 2662 3145 3165
f 2855 3060 2856
f 2856 2964 2857
f 2996 2858 3336
f 3024 2997 2943
f 3099 2685 2944
f 2996 3336 2892
f 2719 2972 3283
f 2974 3061 3220
f 2915 2859 3244
f 2973 2975 3025
f 3220 3063 2975
f 3025 2975 3127
f 2827 2947 3103
f 2804 3552 3221
f 2586 3723 3286
f 2861 3005 3065
f 3003 2861 3065
f 2897 3027 2920
f 3028 2899 3129
f 2899 2865 3129
f 3030 3193 2922
f 3194 2949 2553
f 3195 2777 2950
f 3089 2777 3195
f 2777 3089 2778
f 3090 2951 3091
f 2951 3054 3091
f 2926 2953 3174
f 3092 3110 3008
f 3008 3110 2873
f 2952 3035 2954
f 2981 3116 3009
f 2790 2982 3139
f 2980 2956 3114
f 3009 3116 2751
f 2711 3115 2957
f 2983 3118 3010
f 2960 3071 3070
f 2960 3036 3071
f 3013 3074 2986
f 2795 3158 3078
f 2347 2413 3331
f 3331 3388 2347
f 2313 2345 3273
f 2313 3273 2798
f 2136 3257 2416
f 2614 3123 3122
f 2936 3164 2886
f 3097 2661 2935
f 3019 2887 3311
f 2762 3166 3394
f 3083 3098 3147
f 2995 3126 3023
f 2720 3085 2944
f 2915 3187 2891
f 2720 3148 3085
f 3062 3336 3100
f 3026 3510 3718
f 2975 3063 3127
f 3401 2917 3314
f 3003 3315 3004
f 3314 2917 3004
f 2742 3001 3635
f 2742 3635 3064
f 3221 3761 2769
f 3761 2898 2769
f 3028 3066 3005
f 3028 3129 3066
f 2921 3557 3132
f 3193 3135 3053
f 3067 3088 2867
f 2867 3052 3067
f 3089 3137 2778
f 2778 3137 3109
f 2926 3174 3198
f 2870 3111 3054
f 3008 2925 3092
f 3113 2790 3139
f 3204 2981 2906
f 2981 3204 3116
f 3114 2956 3119
f 3055 3327 2985
f 3424 3780 2880
f 2494 3388 3077
f 2391 2796 3329
f 2391 3329 3330
f 2391 3330 2345
f 3080 3430 3274
f 3161 2799 3162
f 3044 2934 3045
f 3163 2801 3238
f 2661 3645 3058
f 2887 3020 3144
f 3145 2662 3183
f 2663 2761 3217
f 2696 3582 2695
f 2889 3312 2824
f 2696 3240 3582
f 2890 3049 3167
f 2890 3167 2938
f 3022 3084 3185
f 2938 3098 3083
f 3188 2947 2827
f 2973 3025 2998
f 2766 3189 2668
f 3026 3718 3552
f 2804 3026 3552
f 3003 3065 3086
f 3086 3315 3003
f 3224 3030 2979
f 3130 3192 3265
f 2900 3132 3151
f 2553 3152 3194
f 3196 2949 3194
f 3134 3170 3136
f 3052 3068 3067
f 3053 3069 3007
f 3033 3034 3171
f 3171 3034 3198
f 3109 3092 2925
f 3034 2926 3198
f 2951 2870 3054
f 2952 3173 3035
f 3173 3140 3035
f 2873 3110 3112
f 3140 3117 3035
f 3116 2984 2751
f 2752 2957 3177
f 2752 3177 2908
f 3010 3118 3453
f 3010 3453 3119
f 3458 3036 3073
f 3076 3075 2962
f 2796 2609 3329
f 2526 2798 3425
f 3425 2279 2526
f 2756 2495 3309
f 3261 3123 3046
f 3276 3016 2934
f 3016 3276 3095
f 3095 3276 3501
f 3019 3311 2936
f 3311 2887 3144
f 2966 2937 3334
f 3241 2967 3022
f 3023 3186 3084
f 2971 3147 3219
f 3243 3148 2667
f 3243 2667 2976
f 2668 3189 3168
f 2704 3105 2918
f 2831 3222 3051
f 2831 3191 3222
f 2978 3051 3087
f 2978 3289 2979
f 2979 3289 3224
f 2772 3031 3131
f 3131 3192 2772
f 2949 3196 3107
f 3053 3135 3069
f 3069 3108 3007
f 3007 3108 3155
f 3327 3055 2908
f 3093 2909 3362
f 2881 3427 3211
f 3235 3236 3044
f 3123 3261 3392
f 2992 3500 3181
f 3097 3645 2661
f 2856 3502 2964
f 2530 3124 3580
f 3580 3278 2530
f 3217 2761 3021
f 2966 3468 2965
f 2891 3187 3050
f 3244 3187 2915
f 2972 2946 3508
f 3099 2766 2685
f 3062 3101 2999
f 3063 3313 3127
f 2999 3190 3027
f 3101 3190 2999
f 3001 3169 3635
f 2671 3064 3472
f 2671 3472 2703
f 3065 3128 3086
f 2918 3105 3191
f 3065 3005 3128
f 3066 3128 3005
f 2920 3027 3106
f 2920 3106 3150
f 2461 3291 3031
f 2461 3032 3291
f 3054 3111 3138
f 2952 3155 3173
f 3111 3113 3139
f 3115 3112 3110
f 3174 2980 3114
f 3204 2906 3206
f 3119 3453 3452
f 3073 3157 3458
f 3012 2523 3328
f 3073 3093 3157
f 3270 3093 3362
f 2753 3573 4096
f 2754 3573 2753
f 2754 2880 3573
f 2963 2280 3389
f 3389 3160 2963
f 3257 3390 2416
f 3234 3042 2853
f 3366 2932 3142
f 2374 3543 2373
f 3215 2934 3044
f 2934 3215 3276
f 2758 3261 3046
f 3095 3501 3238
f 2992 3181 3057
f 3095 3238 2801
f 2993 3277 2573
f 2936 3311 3623
f 3058 3546 3059
f 3547 3166 3082
f 2967 3279 3048
f 3167 3184 2938
f 2938 3184 3098
f 2971 3219 3126
f 2971 3126 2995
f 3285 3100 3336
f 3100 3101 3062
f 3103 3169 3001
f 2704 3149 3105
f 3151 3133 2901
f 2951 3090 3068
f 3091 3054 3138
f 3109 3137 3092
f 3137 3156 3092
f 3110 3092 3156
f 3111 3139 3138
f 3110 3156 3115
f 3205 2982 2984
f 3452 3114 3119
f 2908 3177 3327
f 2985 3208 2961
f 2961 3208 3074
f 2986 3305 3306
f 2986 3074 3305
f 2755 3426 2735
f 2798 3273 3212
f 3500 2992 2933
f 2573 3277 3094
f 3060 3182 2856
f 2335 3432 3143
f 2964 3502 3082
f 3166 3262 3394
f 3394 3312 2889
f 3146 3218 3125
f 3369 3167 3049
f 3279 2967 3241
f 3023 3126 3186
f 3283 2972 3508
f 2898 3763 3149
f 3763 2898 3761
f 3244 2859 3338
f 2859 3223 3338
f 3027 3190 3106
f 3066 3129 3246
f 2978 3087 3289
f 3224 3193 3030
f 2865 3033 3248
f 3374 2776 2901
f 3032 2866 3344
f 3136 3170 3154
f 3153 3170 3134
f 3153 3134 3136
f 3154 3153 3136
f 3139 2982 3299
f 2957 3115 3269
f 3269 3115 3302
f 3177 2957 3269
f 3093 3270 3157
f 2753 4096 3702
f 2434 3272 3540
f 2434 3540 2495
f 2280 3179 3389
f 2851 3873 3364
f 3873 2851 2852
f 3232 2527 3258
f 2883 3618 3259
f 3618 2883 2912
f 2613 2373 3543
f 2350 3214 3235
f 3122 3260 2799
f 3123 3260 3122
f 3238 3333 3163
f 2335 2695 3239
f 3279 2937 3048
f 3369 3049 2824
f 3125 3218 3240
f 3084 3186 3185
f 2858 3050 3336
f 3435 3061 2998
f 3100 3285 3101
f 3508 2946 3000
f 2998 3025 3435
f 2977 3438 2741
f 3151 3373 3133
f 2776 3374 3152
f 3225 3170 3153
f 3153 3154 3225
f 3090 3091 3172
f 3091 3138 3172
f 3155 3230 3173
f 3137 3201 3156
f 3202 3172 3138
f 3201 3175 3156
f 3138 3139 3202
f 3175 3253 3156
f 3156 3253 3115
f 3174 3114 3300
f 3173 3203 3140
f 3176 3116 3204
f 3116 3176 2984
f 3176 3205 2984
f 3205 3299 2982
f 3118 3422 3453
f 3118 3070 3422
f 3071 3036 3458
f 3782 2820 3231
f 3427 2881 3332
f 3332 2300 3577
f 2300 3310 3577
f 2882 2931 3838
f 3056 3121 3462
f 3056 3462 3141
f 2799 3260 3162
f 3163 3333 3047
f 3164 3096 2886
f 2936 3623 3164
f 3059 3546 3579
f 3165 3431 2994
f 3082 3502 3547
f 3166 3547 3262
f 3468 3021 2965
f 2966 3334 3468
f 3505 3279 3241
f 3022 3185 3241
f 3147 3098 3219
f 3024 3284 3627
f 3627 2997 3024
f 3628 2997 3627
f 2997 3628 3188
f 3220 3398 3063
f 3063 3398 3313
f 3189 3798 3168
f 3103 2947 3169
f 2743 3689 2829
f 3689 2743 2741
f 3086 3128 3288
f 3066 3246 3128
f 3128 3246 3288
f 2745 3442 3557
f 3129 2865 3248
f 3133 3374 2901
f 3193 3197 3135
f 3225 3227 3170
f 3170 3227 3154
f 3294 3225 3154
f 3107 3226 3195
f 3196 3226 3107
f 3227 3294 3154
f 3197 3228 3135
f 3069 3199 3108
f 3155 3199 3230
f 3199 3155 3108
f 3200 3198 3174
f 3173 3230 3203
f 3201 3267 3175
f 3202 3139 3299
f 3177 3269 3327
f 3071 3207 3070
f 3071 3458 3207
f 3304 3255 3208
f 3255 3074 3208
f 3158 3537 3078
f 3308 2403 3256
f 2755 3497 3426
f 3179 2403 3576
f 2403 3308 3576
f 3179 3576 3389
f 2527 3040 3258
f 3366 3233 2884
f 3043 3542 3180
f 2374 2991 3543
f 3142 3161 3367
f 2360 3057 2529
f 3059 3579 3060
f 3579 3182 3060
f 2856 3182 3502
f 3239 2695 3582
f 3709 3369 2824
f 3101 3396 3190
f 2829 3689 3723
f 3438 3689 2741
f 3191 3554 3222
f 3129 3248 3246
f 3150 3442 2745
f 3224 3197 3193
f 3265 3192 3131
f 3131 3031 3291
f 3291 3032 3344
f 3195 3226 3295
f 3248 3033 3171
f 3266 3088 3067
f 3195 3295 3089
f 3067 3068 3266
f 3089 3296 3137
f 3069 3135 3249
f 3137 3297 3201
f 3171 3198 3319
f 3069 3249 3199
f 3198 3200 3229
f 3250 3172 3202
f 3230 3251 3203
f 3251 3252 3203
f 3254 3250 3202
f 3115 3268 3302
f 3140 3303 3117
f 2469 2878 3361
f 3117 3303 3178
f 2985 3327 3208
f 3210 2712 3363
f 2413 3702 3539
f 2988 3039 3498
f 3498 3014 2988
f 3211 3427 3783
f 3211 3783 3424
f 2413 3539 3331
f 2345 3330 3273
f 3041 3213 3233
f 3462 3430 3141
f 3080 3141 3430
f 3392 3261 3393
f 2758 3237 3261
f 3237 3081 3017
f 3058 3817 3546
f 3183 2663 3504
f 3184 3263 3098
f 3185 3242 3241
f 3242 3185 3186
f 3242 3186 3264
f 3186 3126 3264
f 3219 3281 3126
f 3370 3285 3336
f 3286 3755 3282
f 2944 3085 3713
f 3713 3099 2944
f 3220 3061 3398
f 3714 2766 3099
f 3396 3101 3285
f 3085 3148 3629
f 3629 3148 3243
f 3508 3000 3471
f 3288 3315 3086
f 3029 3245 3223
f 3106 3592 3150
f 3029 3130 3245
f 3245 3130 3317
f 3289 3341 3247
f 3224 3289 3247
f 3247 3197 3224
f 3695 3131 3291
f 3227 3225 3266
f 3227 3266 3294
f 3089 3295 3318
f 3296 3297 3137
f 3297 3267 3201
f 3090 3172 3250
f 3385 3174 3300
f 3203 3252 3301
f 3202 3299 3254
f 3115 3253 3268
f 3325 3299 3205
f 2469 3361 3326
f 3206 2469 3326
f 3205 3176 3325
f 3012 3328 2878
f 3306 3307 2712
f 3258 3231 3232
f 3213 2884 3233
f 3429 3042 3234
f 3042 3429 3542
f 3042 3542 3043
f 3180 3542 2990
f 3464 3214 2990
f 3367 3161 3275
f 3161 3162 3275
f 3044 3391 3215
f 3466 3501 3276
f 3238 3467 3333
f 3240 3218 3843
f 3281 3098 3263
f 3281 3219 3098
f 3126 3281 3264
f 3399 3102 3688
f 3169 2947 3720
f 3102 3104 3688
f 3169 3634 3635
f 2703 3472 3649
f 3105 3149 3650
f 3051 3222 3473
f 3341 3292 3247
f 3247 3292 3197
f 3248 3171 3343
f 3343 3171 3319
f 3228 3197 3292
f 3088 3293 2948
f 3225 3293 3266
f 3225 3294 3293
f 3266 3068 3090
f 3228 3249 3135
f 3199 3349 3230
f 3349 3251 3230
f 3174 3385 3200
f 3267 3298 3175
f 3300 3114 3386
f 3301 3140 3203
f 3303 3140 3301
f 3303 3491 3178
f 2878 3328 3361
f 3208 3327 3304
f 3178 3491 3011
f 3255 3305 3074
f 2712 3307 3363
f 3363 3271 3210
f 3463 2613 3741
f 2613 3543 3741
f 3543 2991 4047
f 3162 3260 3644
f 3465 3094 3277
f 3057 3706 2529
f 3124 2529 3819
f 2663 3217 3504
f 2937 3279 3368
f 3280 3369 3709
f 3127 3313 3509
f 3509 3025 3127
f 3191 3105 3650
f 3763 3650 3149
f 3190 3437 3106
f 3289 3087 3339
f 3339 3087 3372
f 3402 3223 3245
f 3289 3339 3341
f 3246 3248 3340
f 3130 3265 3317
f 3248 3343 3340
f 3266 3293 3088
f 3266 3345 3294
f 3090 3345 3266
f 3320 3345 3090
f 3318 3296 3089
f 3228 3377 3249
f 3198 3229 3319
f 3320 3090 3322
f 3249 3348 3199
f 3348 3349 3199
f 3090 3250 3322
f 3297 3298 3267
f 3250 3254 3323
f 3175 3298 3253
f 3268 3357 3302
f 3204 3206 3176
f 3176 3206 3326
f 3269 3456 3327
f 2570 3459 2523
f 3271 3363 3613
f 3496 3075 3076
f 3271 3613 3038
f 3076 3014 3538
f 3538 3014 3498
f 3079 3429 3234
f 3542 3464 2990
f 3123 3392 3814
f 3081 3237 2758
f 3501 3467 3238
f 3216 3545 3017
f 3216 3096 3545
f 3859 3277 2993
f 3859 2993 3143
f 3623 3311 3744
f 3432 2335 3239
f 3548 3241 3506
f 3241 3242 3506
f 3549 3281 3263
f 3264 3281 3507
f 3371 3050 3187
f 3187 3244 3371
f 3396 3285 3583
f 3435 3025 3509
f 3396 3437 3190
f 3191 3650 3554
f 3051 3372 3087
f 3372 3051 3473
f 3223 3402 3338
f 3288 3246 3316
f 3316 3246 3340
f 3150 3592 3442
f 3290 3342 3292
f 3292 3342 3228
f 3443 3194 3152
f 3443 3196 3194
f 2866 2948 3344
f 3294 3345 3293
f 3296 3321 3297
f 3297 3321 3298
f 3322 3250 3323
f 3252 3251 3353
f 3356 3252 3353
f 3321 3324 3298
f 3252 3356 3301
f 3298 3324 3253
f 3254 3324 3323
f 3385 3300 3386
f 3324 3254 3268
f 3268 3253 3324
f 3268 3254 3357
f 3299 3325 3357
f 3299 3357 3254
f 3269 3302 3456
f 3070 3423 3422
f 3070 3207 3423
f 3387 3305 3255
f 3616 2930 2735
f 2798 3212 3425
f 2930 3616 3428
f 3678 3160 3389
f 3142 3367 3366
f 3123 3814 3260
f 3393 3261 3237
f 3545 3237 3017
f 3058 3645 3817
f 3311 3144 3744
f 3217 3021 3879
f 3394 3433 3312
f 3505 3368 3279
f 3281 3395 3507
f 3370 3583 3285
f 3061 3397 3398
f 3397 3061 3435
f 3371 3244 3400
f 3244 3338 3400
f 3188 3720 2947
f 3004 3315 3337
f 3004 3337 3314
f 2703 3649 3002
f 3439 3315 3288
f 3222 3554 3473
f 3338 3402 3287
f 3341 3290 3292
f 3695 3291 3344
f 3152 3374 3443
f 3375 3196 3443
f 3293 3445 2948
f 3196 3375 3226
f 3226 3375 3295
f 3343 3319 3376
f 3318 3295 3346
f 3318 3346 3296
f 3345 3347 3293
f 3345 3320 3347
f 3346 3352 3296
f 3347 3380 3293
f 3296 3352 3321
f 3320 3322 3347
f 3346 3354 3352
f 3249 3410 3348
f 3347 3322 3351
f 3353 3251 3349
f 3351 3380 3347
f 3322 3323 3351
f 3321 3352 3324
f 3351 3359 3380
f 3351 3323 3359
f 3359 3358 3380
f 3352 3355 3324
f 3354 3355 3352
f 3355 3354 3382
f 3323 3357 3359
f 3323 3324 3357
f 3355 3357 3324
f 3382 3384 3355
f 3384 3357 3355
f 3358 3176 3360
f 3359 3176 3358
f 3357 3325 3359
f 3302 3357 3384
f 3301 3356 3303
f 3384 3456 3302
f 3326 3361 3360
f 3176 3326 3360
f 3176 3359 3325
f 3386 3114 3452
f 3255 3304 3387
f 3328 2523 3459
f 2570 3159 3459
f 3075 3572 3037
f 3572 3075 3496
f 2880 3780 3573
f 3076 3538 3496
f 3703 3272 2882
f 2911 3837 3079
f 3366 3365 3233
f 3815 3096 3164
f 3018 3622 2935
f 3622 3097 2935
f 3937 3143 3432
f 3124 3819 3580
f 3218 3146 3278
f 2824 3312 3709
f 2937 3368 3334
f 3684 3241 3548
f 3050 3371 3668
f 3336 3050 3370
f 3714 3099 3713
f 2976 3585 3243
f 3585 3629 3243
f 3102 3399 3586
f 2766 3756 3189
f 3000 3401 3471
f 3104 3002 3688
f 3554 3650 3830
f 3316 3340 3403
f 3340 3343 3403
f 3290 3341 3339
f 3403 3343 3376
f 2948 3445 3344
f 3295 3375 3444
f 3295 3444 3346
f 3293 3380 3445
f 3380 3381 3445
f 3346 3406 3354
f 3229 3200 3350
f 3349 3348 3353
f 3406 3378 3354
f 3380 3360 3381
f 3200 3385 3350
f 3353 3379 3356
f 3379 3383 3356
f 3380 3358 3360
f 3354 3378 3382
f 3382 3378 3421
f 3384 3382 3421
f 3415 3381 3360
f 3356 3383 3303
f 3420 3456 3384
f 3415 3360 3361
f 3456 3304 3327
f 3011 3491 3457
f 3457 3072 3011
f 3072 3457 3209
f 3458 3157 3676
f 3305 3494 3306
f 3306 3494 3307
f 2735 3426 3616
f 3272 4149 3540
f 3015 2987 3943
f 3015 3943 3039
f 2756 3930 3040
f 3813 2911 3259
f 3837 3904 3079
f 3904 3704 3079
f 3079 3704 3429
f 3233 3461 3041
f 3233 3365 3461
f 3499 3365 3366
f 3275 3162 3644
f 3044 3236 3391
f 3018 3842 3622
f 3020 3431 3144
f 3021 3581 3879
f 3240 3843 3582
f 3684 3505 3241
f 3242 3469 3506
f 3281 3549 3335
f 3242 3264 3469
f 3668 3370 3050
f 3396 3583 3470
f 3188 3669 3720
f 3398 3509 3313
f 3315 3439 3337
f 3400 3338 3287
f 3288 3316 3476
f 3317 3402 3245
f 3290 3339 3404
f 3375 3518 3444
f 3407 3444 3405
f 3444 3406 3346
f 3406 3444 3408
f 3444 3407 3409
f 3377 3483 3249
f 3444 3409 3408
f 3249 3483 3410
f 3408 3409 3412
f 3319 3229 3523
f 3406 3408 3378
f 3381 3487 3445
f 3411 3407 3446
f 3409 3407 3411
f 3525 3523 3229
f 3409 3411 3413
f 3413 3412 3409
f 3229 3350 3525
f 3348 3485 3353
f 3414 3408 3412
f 3378 3408 3414
f 3353 3485 3379
f 3417 3411 3446
f 3350 3385 3450
f 3379 3418 3383
f 3412 3413 3416
f 3414 3412 3416
f 3378 3414 3421
f 3381 3415 3487
f 3455 3411 3417
f 3419 3455 3417
f 3413 3411 3455
f 3416 3413 3420
f 3414 3416 3421
f 3413 3455 3420
f 3450 3385 3386
f 3418 3454 3383
f 3416 3420 3421
f 3383 3454 3303
f 3384 3421 3420
f 3386 3452 3488
f 3420 3455 3456
f 3305 3387 3493
f 3457 3537 3209
f 3305 3493 3494
f 3209 3537 3158
f 3363 3307 3494
f 3615 3256 3078
f 2279 3425 3497
f 2495 3540 3677
f 2987 2820 3943
f 3388 3331 3077
f 3276 3215 3466
f 3466 3743 3501
f 3183 3503 3145
f 3504 3503 3183
f 4195 3218 3278
f 3184 3549 3263
f 3281 3335 3395
f 3370 3648 3583
f 3397 3509 3398
f 3396 3470 3437
f 3401 3436 3471
f 3584 3438 2977
f 3401 3314 3436
f 3436 3314 3440
f 3314 3337 3440
f 3472 3064 3722
f 3288 3511 3439
f 3372 3473 3441
f 3372 3441 3339
f 3475 3402 3317
f 3476 3316 3477
f 3316 3403 3477
f 3404 3478 3290
f 3290 3478 3342
f 3557 3694 3132
f 3132 3694 3151
f 3478 3377 3342
f 3374 3599 3443
f 3342 3377 3228
f 3405 3517 3407
f 3517 3481 3407
f 3376 3319 3523
f 3407 3481 3446
f 3484 3446 3481
f 3410 3485 3348
f 3350 3447 3525
f 3417 3446 3484
f 3350 3450 3447
f 3485 3418 3379
f 3447 3450 3448
f 3417 3449 3419
f 3450 3386 3488
f 3415 3361 3524
f 3419 3533 3455
f 3454 3491 3303
f 3361 3328 3610
f 3304 3569 3570
f 3207 3641 3423
f 3641 3207 3458
f 3570 3387 3304
f 3270 3676 3157
f 3495 3270 3362
f 3536 3495 3362
f 3078 3537 3614
f 3389 3576 3738
f 2882 3838 3703
f 3499 3366 3367
f 3430 3787 3274
f 3367 3275 3578
f 3646 3431 3165
f 3021 3468 3581
f 3264 3507 3469
f 3685 3434 3282
f 3370 3668 3626
f 3370 3626 3648
f 3685 3282 3755
f 3434 3715 2977
f 3286 3723 3755
f 3397 3435 3509
f 3470 3633 3437
f 3552 3761 3221
f 3763 3762 3650
f 3473 3474 3441
f 3473 3590 3474
f 3287 3402 3475
f 3288 3476 3511
f 3474 3404 3441
f 3441 3404 3339
f 3474 3478 3404
f 3477 3403 3479
f 3474 3482 3478
f 3403 3376 3479
f 3482 3377 3478
f 3374 3133 3599
f 3480 3375 3443
f 3479 3376 3520
f 3444 3517 3405
f 3444 3518 3517
f 3480 3518 3375
f 3376 3523 3520
f 3482 3483 3377
f 3447 3448 3525
f 3486 3485 3410
f 3486 3489 3485
f 3489 3418 3485
f 3417 3484 3449
f 3448 3450 3451
f 3487 3415 3524
f 3488 3451 3450
f 3489 3454 3418
f 3492 3489 3486
f 3453 3535 3490
f 3488 3453 3490
f 3452 3453 3488
f 3524 3361 3610
f 3419 3449 3533
f 3453 3422 3535
f 3491 3454 3489
f 3492 3491 3489
f 3455 3533 3569
f 3456 3455 3569
f 3423 3535 3422
f 3456 3569 3304
f 3492 3457 3491
f 3641 3458 3676
f 3328 3459 3610
f 3570 3493 3387
f 3270 3495 3676
f 3078 3614 3615
f 3231 3785 3784
f 3784 3782 3231
f 3389 3738 3678
f 4043 3427 3332
f 3332 3577 4043
f 3040 3930 3258
f 3618 3813 3259
f 3461 3365 3619
f 3365 3499 3619
f 3429 3541 3542
f 3367 3578 3499
f 3464 3679 3214
f 3235 3214 3621
f 3621 3236 3235
f 3467 3665 3333
f 3047 3333 3666
f 3018 3666 3842
f 3666 3018 3047
f 3624 3165 3145
f 3624 3145 3503
f 3682 3468 3334
f 3715 3434 3685
f 3085 3712 3713
f 3551 3470 3583
f 3188 3628 3669
f 3470 3551 3633
f 2766 3714 3756
f 3508 3471 3758
f 3471 3436 3587
f 3437 3633 3553
f 3337 3588 3440
f 3472 3722 3649
f 3589 3337 3439
f 3589 3588 3337
f 3589 3439 3511
f 3437 3553 3106
f 3511 3476 3512
f 3556 3474 3590
f 3514 3511 3512
f 3476 3477 3512
f 3475 3317 3690
f 3513 3514 3512
f 3477 3479 3512
f 3479 3513 3512
f 3482 3474 3556
f 3556 3559 3482
f 3479 3520 3513
f 3559 3562 3482
f 3443 3599 3515
f 3480 3443 3515
f 3516 3514 3513
f 3445 3561 3344
f 3520 3516 3513
f 3487 3561 3445
f 3517 3528 3481
f 3517 3519 3528
f 3518 3519 3517
f 3518 3522 3519
f 3521 3518 3480
f 3522 3518 3521
f 3523 3516 3520
f 3481 3528 3484
f 3526 3516 3523
f 3561 3487 3524
f 3523 3525 3526
f 3482 3486 3410
f 3483 3482 3410
f 3486 3482 3562
f 3527 3526 3525
f 3525 3448 3527
f 3527 3529 3563
f 3527 3448 3529
f 3528 3531 3484
f 3519 3531 3528
f 3484 3531 3449
f 3519 3522 3531
f 3529 3530 3563
f 3448 3451 3529
f 3529 3451 3532
f 3529 3532 3530
f 3534 3522 3521
f 3532 3490 3530
f 3451 3488 3532
f 3565 3530 3490
f 3533 3449 3531
f 3522 3534 3531
f 3486 3566 3492
f 3534 3533 3531
f 3532 3488 3490
f 3569 3533 3534
f 3566 3457 3492
f 3037 3662 3362
f 3159 3661 3459
f 3037 3572 3662
f 3159 3077 3661
f 3613 3574 3038
f 3038 3574 2609
f 3812 3077 3331
f 2609 3574 3329
f 3677 3309 2495
f 3498 3039 3575
f 3538 3498 3617
f 3498 3575 3617
f 3258 3785 3231
f 3704 3541 3429
f 3274 3742 2933
f 3679 3621 3214
f 3789 3215 3391
f 3237 3544 3393
f 3057 3181 3706
f 3164 3623 3815
f 3744 3144 3818
f 2529 3706 3819
f 3431 3818 3144
f 3889 3143 3937
f 3165 3624 3646
f 3504 3217 3879
f 3394 3262 3880
f 3394 3880 3681
f 3581 3468 3682
f 3167 3647 3184
f 3647 3167 3369
f 3625 3506 3469
f 3507 3395 3550
f 3371 3400 3671
f 3283 3508 3750
f 3712 3085 3670
f 3715 3584 2977
f 3508 3758 3750
f 3551 3630 3633
f 2976 3632 3585
f 2976 3631 3632
f 3064 3635 3722
f 3593 3589 3511
f 3590 3473 3554
f 3556 3590 3652
f 3106 3651 3592
f 3511 3514 3593
f 3593 3514 3595
f 3559 3556 3652
f 3595 3514 3598
f 3344 3697 3695
f 3514 3516 3598
f 3561 3697 3344
f 3558 3697 3561
f 3480 3601 3521
f 3516 3560 3598
f 3516 3526 3560
f 3527 3560 3526
f 3527 3602 3560
f 3601 3608 3521
f 3527 3563 3602
f 3606 3563 3564
f 3563 3530 3564
f 3521 3608 3534
f 3564 3530 3565
f 3562 3566 3486
f 3608 3567 3534
f 3490 3535 3565
f 3534 3567 3569
f 3524 3610 3604
f 3568 3535 3423
f 3568 3423 3641
f 3571 3570 3569
f 3493 3570 3571
f 3612 3494 3493
f 3612 3493 3571
f 3612 3363 3494
f 3362 3662 3536
f 3496 3538 3643
f 3039 3943 3575
f 3643 3538 3617
f 3542 3705 3464
f 3275 4019 3578
f 3664 3644 3260
f 2991 3465 4175
f 3680 3544 3237
f 3501 3743 3467
f 3545 3680 3237
f 3946 3545 3096
f 3502 3792 3547
f 3262 3547 3880
f 3709 3312 3433
f 3369 3280 3647
f 3507 3625 3469
f 3284 3283 3747
f 3284 3747 3627
f 3670 3085 3629
f 3471 3587 3758
f 3688 3002 3649
f 3591 3589 3593
f 3590 3764 3652
f 3591 3593 3555
f 3593 3595 3555
f 3594 3591 3555
f 3317 3265 3869
f 3596 3555 3595
f 3596 3594 3555
f 3869 3265 3131
f 3597 3594 3596
f 3373 3653 3133
f 3653 3599 3133
f 3595 3598 3596
f 3655 3597 3596
f 3515 3599 3601
f 3515 3601 3480
f 3603 3599 3638
f 3601 3599 3603
f 3596 3598 3655
f 3600 3603 3638
f 3655 3598 3602
f 3602 3598 3560
f 3605 3558 3561
f 3561 3524 3605
f 3606 3602 3563
f 3606 3655 3602
f 3605 3524 3604
f 3657 3655 3606
f 3601 3603 3607
f 3608 3601 3607
f 3568 3657 3606
f 3607 3603 3600
f 3658 3657 3568
f 3565 3606 3564
f 3605 3604 3609
f 3606 3565 3568
f 3608 3607 3567
f 3609 3604 3611
f 3640 3607 3600
f 3568 3565 3535
f 3611 3604 3610
f 3567 3607 3571
f 3658 3568 3641
f 3834 3607 3640
f 3571 3607 3834
f 3567 3571 3569
f 3566 3775 3457
f 3571 3834 3612
f 3363 3612 3613
f 3496 3643 3572
f 3077 3812 3661
f 3272 3703 4149
f 3541 3620 3542
f 3578 3841 3499
f 3578 4019 3841
f 3705 3679 3464
f 3742 3500 2933
f 3664 3260 3814
f 3097 3622 3645
f 3182 3579 3892
f 3182 3892 3502
f 3892 4006 3502
f 3394 3681 3433
f 3709 3433 3707
f 3184 3647 3549
f 3283 3750 3747
f 3671 3400 3918
f 3756 3798 3189
f 3633 3687 3553
f 3400 3287 3918
f 3554 3805 3764
f 3590 3554 3764
f 3554 3830 3805
f 3636 3589 3591
f 3651 3106 3553
f 3690 3766 3475
f 3592 3727 3442
f 3591 3594 3637
f 3594 3597 3637
f 3694 3373 3151
f 3597 3655 3654
f 3599 3653 3638
f 3558 3605 3656
f 3605 3609 3656
f 3656 3609 3639
f 3609 3611 3639
f 3658 3641 3659
f 3775 3778 3457
f 3659 3641 3676
f 3610 3459 3642
f 3676 3495 3536
f 3642 3459 3661
f 3121 3875 3462
f 3875 3121 3390
f 3462 3885 3430
f 3430 3885 3787
f 3542 3620 3788
f 3542 3788 3705
f 3275 3982 4019
f 3789 3391 3236
f 3143 3889 3859
f 3502 4006 3792
f 3504 3983 3503
f 3581 3966 3879
f 3843 3218 4195
f 3670 3629 3585
f 3630 3687 3633
f 3632 3631 3672
f 3399 3688 3717
f 3169 3720 3634
f 3589 3636 3588
f 3591 3637 3673
f 3373 3696 3653
f 3558 3771 3697
f 3653 3698 3638
f 3559 3732 3562
f 3638 3698 3600
f 3654 3655 3674
f 3698 4031 3600
f 3657 3674 3655
f 3657 3675 3674
f 3562 3732 3566
f 3600 3989 3640
f 3639 3611 3660
f 3611 3610 3642
f 3642 3660 3611
f 3640 3989 3834
f 3457 3778 3537
f 3660 3642 3661
f 3834 3663 3612
f 3573 3780 4096
f 3612 3663 3613
f 3781 3780 3424
f 3425 3737 3497
f 3783 3427 3975
f 3425 3212 3737
f 3836 3160 3678
f 3739 3785 3258
f 2852 3041 3740
f 3310 3944 3577
f 3944 3310 3460
f 3499 3841 3876
f 3275 3644 3982
f 3215 3857 4003
f 3466 3215 4003
f 3857 3215 3789
f 3743 3466 4003
f 4048 3706 3181
f 3957 3815 3623
f 3546 3817 3878
f 3431 3646 3890
f 3667 3860 3624
f 3624 3503 3667
f 3547 3792 3880
f 3239 3582 3708
f 3709 3997 3280
f 3997 3710 3280
f 3507 3967 3625
f 3550 3395 4074
f 3751 3628 3627
f 3648 3686 3583
f 3686 3551 3583
f 3686 3630 3551
f 3631 3586 3672
f 3758 3587 3760
f 3760 3587 3436
f 3436 3440 3760
f 3634 3721 3635
f 3673 3636 3591
f 3651 3727 3592
f 3673 3637 3654
f 3442 3901 3557
f 3692 3559 3652
f 3693 3131 3695
f 3131 3693 3869
f 3637 3597 3654
f 3694 3696 3373
f 3558 3656 3771
f 3771 3656 3911
f 3657 3658 3675
f 3732 3734 3566
f 3658 3659 3675
f 3572 3851 3662
f 3572 3643 3851
f 2820 3782 3943
f 3575 3943 4042
f 3575 4042 3617
f 3836 3120 3160
f 3393 3544 3925
f 3181 3500 4177
f 3545 3946 3680
f 3096 3815 3946
f 3842 3915 3622
f 3431 3890 3818
f 3983 3504 3879
f 3368 3505 3893
f 3626 3668 4054
f 3627 3747 3821
f 3720 3721 3634
f 3553 3687 3725
f 3287 3475 3766
f 3636 3673 3691
f 3764 3692 3652
f 3690 3317 3869
f 3699 3691 3673
f 3654 3699 3673
f 3692 3732 3559
f 3901 3694 3557
f 3696 3698 3653
f 3654 3674 3699
f 3700 3699 3674
f 3674 3675 3700
f 3734 3775 3566
f 3675 3701 3700
f 3675 3659 3701
f 3676 3536 3659
f 3834 3989 3663
f 3662 3779 3536
f 3872 3780 3781
f 3643 3617 3929
f 4017 2756 3309
f 2756 4017 3930
f 3913 3120 3836
f 2911 3813 3837
f 3120 3913 2912
f 3618 3931 3813
f 3931 3618 2912
f 3704 3839 3541
f 3462 3875 3914
f 3462 3914 3885
f 3786 2989 3463
f 3463 3741 3786
f 3933 3789 3236
f 3392 3393 3925
f 3181 4177 4048
f 3815 3790 3946
f 3623 3744 3957
f 4082 3819 3706
f 3878 3579 3546
f 3503 3983 3667
f 3745 3433 3681
f 3861 3582 3843
f 3505 3683 3893
f 3280 3710 3647
f 3821 3751 3627
f 3749 3754 3711
f 3753 3711 3719
f 3712 3670 3716
f 3717 3719 3711
f 3585 3632 3716
f 3716 3670 3585
f 3586 3399 3717
f 3586 3717 3672
f 3717 3688 3759
f 3552 3826 3761
f 3688 3649 3759
f 3760 3440 3588
f 3635 3721 3724
f 3722 3635 3724
f 3650 3762 3830
f 3764 3726 3692
f 3636 3691 3768
f 3768 3691 3728
f 3730 3692 3726
f 3691 3699 3728
f 3732 3692 3730
f 3728 3699 3729
f 3694 3901 3696
f 3771 3869 3693
f 3695 3697 3693
f 3771 3693 3697
f 3729 3699 3731
f 3699 3700 3731
f 3733 3732 3730
f 4031 3989 3600
f 3734 3732 3733
f 3656 3639 3911
f 3731 3700 3735
f 3775 3734 3733
f 3700 3701 3735
f 3735 3701 3736
f 3701 3659 3736
f 3810 3536 3779
f 3426 3497 3923
f 3426 3923 4189
f 3426 4189 3616
f 3576 3308 3738
f 3258 3930 3739
f 3913 3963 2912
f 3963 3931 2912
f 3855 3838 2931
f 3041 3461 3874
f 3461 3840 3874
f 3619 3840 3461
f 3499 3840 3619
f 3543 4047 3741
f 3274 3787 3742
f 4175 4047 2991
f 3933 3236 3621
f 3645 3622 3915
f 3709 3707 3997
f 3683 3505 3684
f 3684 3548 3683
f 3648 3626 3746
f 3863 3648 3746
f 3685 3794 3715
f 3753 3749 3711
f 3752 3754 3749
f 3754 3752 3793
f 3713 3712 3748
f 3748 3714 3713
f 3671 3949 3371
f 3648 3863 3686
f 3716 3748 3712
f 3628 3751 3669
f 3748 3756 3714
f 3715 3794 3584
f 3949 3671 3918
f 3794 3757 3584
f 3754 3717 3711
f 3717 3754 3799
f 3672 3717 3799
f 3719 3724 3753
f 3687 3846 3802
f 3717 3759 3719
f 3718 3510 3797
f 3168 3798 3510
f 3718 3797 3826
f 3552 3718 3826
f 3724 3719 3722
f 3802 3725 3687
f 3722 3719 3759
f 3649 3722 3759
f 3584 3757 3438
f 3438 3757 3689
f 3636 3765 3588
f 3725 3651 3553
f 3636 3768 3765
f 3764 3868 3726
f 3769 3765 3768
f 3868 3767 3726
f 3765 3769 3806
f 3768 3728 3772
f 3769 3768 3772
f 3726 3767 3730
f 3767 3770 3730
f 3728 3729 3772
f 3769 3772 3773
f 3806 3769 3921
f 3921 3769 3773
f 3729 3731 3772
f 3772 3731 3774
f 3773 3772 3774
f 3730 3770 3733
f 3733 3770 3809
f 3733 3809 3775
f 3731 3735 3774
f 3773 3774 3776
f 3921 3773 3776
f 3921 3776 3777
f 3776 3774 3735
f 3776 3735 3777
f 3777 3735 3736
f 3809 3778 3775
f 3659 3810 3736
f 3536 3810 3659
f 3308 4188 3738
f 4043 3577 4057
f 3978 3460 3364
f 3041 3874 3740
f 2931 2989 3855
f 3680 3946 3877
f 3333 3665 3666
f 3816 3817 3645
f 3983 3879 4052
f 3334 3881 3682
f 3647 3710 3907
f 3335 4053 3395
f 3507 3550 3967
f 3844 3794 3685
f 3795 3794 3844
f 3795 3844 3747
f 3747 3844 3821
f 3749 3753 3796
f 3793 3823 3748
f 3371 3949 3862
f 3747 3750 3795
f 3821 3800 3751
f 3796 3800 3821
f 3753 3800 3796
f 3799 3754 3793
f 3748 3798 3756
f 3751 3800 3669
f 3799 3793 3748
f 3716 3799 3748
f 3795 3757 3794
f 3669 3800 3720
f 3752 3749 3826
f 3750 3758 3795
f 3724 3721 3800
f 3753 3724 3800
f 3749 3801 3826
f 3799 3632 3672
f 3716 3632 3799
f 3758 3803 3795
f 3800 3721 3720
f 3798 3797 3510
f 3758 3760 3803
f 3795 3803 3757
f 3826 3801 3804
f 3826 3804 3761
f 3760 3588 3803
f 3588 3765 3831
f 3804 3830 3762
f 3763 3804 3762
f 3761 3804 3763
f 3757 3831 3689
f 3803 3831 3757
f 3588 3831 3803
f 3831 3765 3848
f 3764 3896 3868
f 3896 3764 3805
f 3765 3898 3848
f 3287 3766 3918
f 3833 3898 3765
f 3765 3806 3833
f 3767 3807 3770
f 3869 3771 3920
f 3920 3771 3911
f 3901 3698 3696
f 3807 3808 3770
f 3770 3808 3809
f 3921 3777 3849
f 3778 3809 3870
f 3777 3736 3849
f 3662 3851 3779
f 4016 3539 3702
f 3424 3783 3781
f 4128 3785 3739
f 3787 4525 3742
f 4254 3706 4048
f 3645 3915 3816
f 3744 3818 4050
f 3791 3890 3646
f 3646 3624 3791
f 3334 3368 3881
f 3582 3861 3708
f 3647 3907 3549
f 3548 3506 3948
f 4054 3746 3626
f 3755 3820 3685
f 3844 3685 3820
f 3824 3844 3820
f 3822 3821 3864
f 3822 3796 3821
f 3752 3823 3793
f 3823 3752 3797
f 3686 3863 3630
f 3796 3822 3827
f 3748 3823 3798
f 3863 3846 3630
f 3824 3820 3825
f 3796 3827 3749
f 3820 3755 3828
f 3630 3846 3687
f 3832 3820 3828
f 3827 3822 3829
f 3752 3826 3797
f 3825 3820 3832
f 3749 3827 3801
f 3798 3845 3797
f 3828 3755 3723
f 3847 3829 3822
f 3801 3827 3830
f 3830 3827 3829
f 3801 3830 3804
f 3689 3828 3723
f 3831 3828 3689
f 3832 3828 3831
f 3848 3832 3831
f 3896 3805 3847
f 3805 3829 3847
f 3829 3805 3830
f 3767 3868 3928
f 3651 3867 3727
f 3690 3869 3900
f 3442 3884 3901
f 3807 3902 3808
f 3808 3870 3809
f 3778 3870 3850
f 3810 3811 3736
f 3778 3850 3537
f 3850 3835 3537
f 3810 3779 3811
f 3779 3851 3811
f 4016 3702 4096
f 3852 3851 3643
f 3537 3835 3614
f 3428 4354 3257
f 3854 3873 2852
f 2852 3740 3854
f 3499 3876 3840
f 3788 4018 3705
f 3465 3858 4273
f 3858 3465 3277
f 3817 3916 3878
f 3579 3878 3891
f 3579 3891 3892
f 3860 3791 3624
f 4005 3432 3239
f 3958 3966 3581
f 3986 3506 3625
f 3371 3862 3668
f 3821 3844 3908
f 3823 3797 3845
f 3824 3825 3894
f 3882 3822 3864
f 3823 3845 3798
f 3822 3882 3847
f 3847 3882 3896
f 3865 3725 3802
f 3725 3865 3867
f 3725 3867 3651
f 3928 3807 3767
f 3833 3806 4041
f 3806 3921 4041
f 4030 3902 3807
f 3849 3736 3811
f 3849 3811 3852
f 3852 3811 3851
f 3850 3871 3835
f 3835 3871 3853
f 3663 3912 3613
f 3871 3922 4079
f 3853 3871 4079
f 3613 3912 3574
f 4042 3929 3617
f 3256 3941 3308
f 3783 3975 3781
f 3539 4237 3331
f 3923 3497 3737
f 3738 4266 3678
f 3904 3979 3704
f 3704 3979 3839
f 3541 3839 3620
f 3840 3876 3980
f 4047 4034 3741
f 3876 3841 3856
f 3982 3644 3664
f 3679 3924 3621
f 3665 3467 3886
f 3935 3842 3666
f 3815 3957 3790
f 3744 4050 4020
f 3432 4005 3937
f 3682 3958 3581
f 3683 3906 3893
f 3625 3967 3986
f 3668 3862 4054
f 3844 3824 3908
f 3952 3802 3846
f 3825 3832 3848
f 3848 3910 3825
f 3866 3910 3848
f 3952 3865 3802
f 3866 3848 3898
f 3918 3766 3988
f 3766 3900 3988
f 3900 3766 3690
f 3867 3884 3727
f 3884 3442 3727
f 4106 3921 3849
f 3639 3660 3911
f 3871 3870 3922
f 3870 3871 3850
f 3663 3989 3912
f 3979 3993 3839
f 3840 3932 3874
f 3855 2989 3945
f 3840 3980 3932
f 3945 2989 3786
f 3680 3877 3934
f 3946 3887 3877
f 4070 3277 3859
f 3666 3665 3888
f 3888 3935 3666
f 3842 3935 3915
f 4070 3859 3889
f 3681 3905 3745
f 3707 4009 3997
f 3824 3909 3908
f 3949 3960 3862
f 3824 3894 3909
f 3863 3895 3846
f 3895 3952 3846
f 3952 3897 3865
f 3867 3865 3897
f 3897 3883 3867
f 3896 3899 3868
f 3867 3883 3884
f 3868 3899 3928
f 3884 4040 3901
f 3902 4032 3808
f 4032 3922 3870
f 3852 3643 3929
f 3330 3329 3903
f 3616 4354 3428
f 3460 3978 3944
f 3854 3740 4000
f 3813 3931 3837
f 3620 3981 3788
f 3680 3934 3544
f 3790 4049 3946
f 3706 4254 4082
f 3681 3880 3905
f 3368 3893 3881
f 3683 3548 3906
f 3948 3506 3986
f 3894 3825 3970
f 3825 3910 3970
f 3898 3833 3953
f 3661 3812 3660
f 3330 3903 3942
f 3942 3273 3330
f 3331 4237 4136
f 4136 3812 3331
f 3703 3838 3976
f 4057 3577 3944
f 3933 3857 3789
f 3925 3544 3934
f 3817 3816 4099
f 3890 3965 3818
f 3278 3580 4195
f 3879 3966 4052
f 4074 3967 3550
f 3866 3927 4012
f 3898 3927 3866
f 3919 3883 3897
f 3883 3919 3884
f 3928 4030 3807
f 3869 3920 3900
f 4728 3427 4043
f 3741 3945 3786
f 3839 3981 3620
f 4070 3858 3277
f 3744 4020 3957
f 3817 4099 3916
f 3818 3965 4050
f 4006 3947 3792
f 3996 3880 3792
f 3745 3938 3433
f 3958 3682 4036
f 3707 3938 4009
f 3985 3335 3549
f 3862 3960 3917
f 4054 3862 3917
f 3950 3864 3821
f 3864 3950 3882
f 3950 3926 3882
f 3895 3961 3952
f 3949 3918 4010
f 3953 3833 4041
f 4077 3921 4106
f 3737 3212 4065
f 3739 3930 4267
f 3930 4334 4267
f 3837 4160 3904
f 3838 3855 3976
f 3257 4058 3390
f 4058 4066 3390
f 4066 3875 3390
f 3945 3741 4044
f 3839 3993 3981
f 3705 4018 4089
f 4089 3679 3705
f 4002 3857 3933
f 3814 3392 4121
f 3665 3886 4220
f 3665 4220 3888
f 3935 3936 3915
f 3860 4021 3791
f 3792 3947 3996
f 3433 3938 3707
f 3843 4195 3861
f 3548 3948 3906
f 3395 4053 4074
f 3746 3939 3863
f 3863 3939 3895
f 3894 3951 3909
f 3951 3894 3970
f 3926 3896 3882
f 3910 3866 3971
f 3971 3866 4012
f 3952 3972 3897
f 3900 3973 3988
f 3940 3928 3899
f 3919 4015 3884
f 3962 3953 4041
f 4041 3921 4077
f 3911 3660 4214
f 3660 3812 4214
f 4064 3835 3853
f 3427 4728 3975
f 3980 3876 4001
f 3892 3891 4072
f 3880 3996 3905
f 3710 4038 3907
f 3909 3987 3908
f 3821 3959 3950
f 3939 3961 3895
f 3970 3910 3971
f 3897 3972 3919
f 3927 3898 3953
f 3808 4032 3870
f 3853 4079 4064
f 3574 3912 3329
f 3677 3540 4395
f 3212 4238 4065
f 4065 3923 3737
f 3364 3873 3992
f 3992 3978 3364
f 3837 3931 3977
f 3740 3874 4000
f 4044 3741 4045
f 4045 3741 4034
f 3679 4089 3924
f 3924 3956 3621
f 3956 3933 3621
f 3857 4002 4003
f 3915 3936 3816
f 3889 3937 4275
f 4021 3890 3791
f 3893 3906 4037
f 3821 3908 3959
f 3746 4054 3968
f 3746 3968 3939
f 3987 3909 3951
f 3896 3926 3899
f 3962 3927 3953
f 3928 3940 4030
f 3901 4233 3698
f 3920 3911 4264
f 4106 3849 4078
f 4032 3954 3922
f 3922 3954 4079
f 4652 4017 3309
f 3738 4188 4216
f 3738 4216 4266
f 3931 4080 3977
f 3982 3664 3955
f 3955 3664 3814
f 3964 4002 3933
f 3965 3890 4021
f 4154 3819 4082
f 3860 4035 4021
f 3745 3905 4007
f 3745 4007 3938
f 3682 3881 4036
f 3959 4103 3950
f 3961 3969 3952
f 4015 3919 3972
f 4014 3940 3899
f 4015 4040 3884
f 3900 3920 3973
f 3942 4139 3273
f 3991 3990 3929
f 3977 4160 3837
f 3739 4267 4128
f 4160 4269 3904
f 3932 3980 4001
f 3887 3946 3995
f 4143 3935 3888
f 3957 4004 3790
f 3878 3916 3891
f 3580 3984 4195
f 4007 4008 3938
f 3239 3708 4022
f 3938 4008 4009
f 3951 4055 3987
f 4055 3951 3970
f 4010 3918 3988
f 3952 4026 3972
f 3926 4014 3899
f 3962 3974 3927
f 3974 3962 4041
f 4016 4237 3539
f 3943 3782 4033
f 3273 4139 3212
f 4149 3703 3976
f 3992 3873 3854
f 3854 4000 4107
f 4269 3979 3904
f 4080 3931 3963
f 3914 3875 4119
f 3914 4119 3885
f 3788 3981 3994
f 3788 3994 4018
f 3887 3934 3877
f 3995 3946 4049
f 4275 4192 3889
f 4035 3860 3667
f 4022 4005 3239
f 3881 3893 4037
f 3907 3985 3549
f 3959 3908 3987
f 3999 3961 3939
f 3961 3999 3969
f 4055 3970 4011
f 3970 3971 4011
f 3952 3969 4026
f 4013 3972 4026
f 4079 4087 4064
f 3852 3929 3990
f 4652 3309 3677
f 3943 4033 4042
f 3975 4217 3781
f 4017 4334 3930
f 4354 4058 3257
f 3467 3743 3886
f 4154 3580 3819
f 3892 4072 4006
f 4072 4051 4006
f 3947 4006 4051
f 4083 4052 3966
f 3997 3998 3710
f 3710 3998 4038
f 3987 4023 3959
f 3987 4055 4023
f 3999 4026 3969
f 4011 3971 4027
f 4027 3971 4012
f 4015 3972 4013
f 4029 4012 3927
f 3927 3974 4029
f 3835 4064 3614
f 3852 3990 4353
f 4236 3872 3781
f 3212 4139 4238
f 3929 4042 3991
f 3787 3885 4525
f 3981 4046 3994
f 4525 4287 3742
f 4019 3856 3841
f 3816 3936 4099
f 4275 3937 4005
f 3580 4154 3984
f 4083 3966 3958
f 3881 4073 4036
f 3999 3939 3968
f 3949 4010 3960
f 3999 3968 4024
f 4103 3926 3950
f 4013 4040 4015
f 3911 4214 4264
f 3677 4395 4097
f 4097 4652 3677
f 4266 3836 3678
f 4088 3913 3836
f 3855 3945 4067
f 3924 4089 4426
f 3814 4068 3955
f 4068 3814 4121
f 3925 4121 3392
f 3934 4081 3925
f 3957 4020 4004
f 3997 4009 4092
f 3997 4092 3998
f 4055 4011 4025
f 4025 4011 4027
f 4062 3999 4024
f 4062 4026 3999
f 4028 4013 4026
f 4027 4012 4063
f 4039 4013 4028
f 4063 4012 4029
f 4013 4039 4040
f 4233 4031 3698
f 4031 4283 4349
f 3941 3256 3615
f 3308 3941 4188
f 3975 4728 4203
f 3855 4067 3976
f 4273 4175 3465
f 4069 3743 4003
f 3886 3743 4069
f 4008 4092 4009
f 4073 3881 4037
f 3906 4060 4037
f 4038 4137 3907
f 4197 3335 3985
f 4197 4053 3335
f 4076 4026 4062
f 4040 4233 3901
f 4128 3784 3785
f 3993 4046 3981
f 3885 4098 4525
f 4019 3982 3856
f 4081 4121 3925
f 3935 4122 3936
f 4137 3985 3907
f 3968 4054 4124
f 4101 3968 4124
f 4055 4084 4023
f 4023 4084 4102
f 3960 4010 4061
f 4010 3988 4104
f 3926 4261 4014
f 4030 3940 4056
f 3973 4104 3988
f 4088 3836 4266
f 4782 4728 4043
f 4000 3874 4118
f 3874 3932 4118
f 4119 4098 3885
f 4003 4002 4090
f 3934 4091 4081
f 4099 3936 4122
f 4004 4020 4071
f 4059 4020 4050
f 4050 3965 4059
f 3983 4052 4083
f 3917 3960 4054
f 4084 4055 4025
f 3968 4101 4024
f 4199 4075 4027
f 4026 4076 4028
f 4063 4199 4027
f 4114 4040 4039
f 3940 4232 4056
f 3849 3852 4078
f 3989 4349 3912
f 3978 4252 3944
f 3979 4172 3993
f 4047 4174 4034
f 4072 4242 4051
f 3667 3983 4309
f 4226 4053 4197
f 4054 3960 4124
f 4062 4024 4085
f 4027 4075 4025
f 4062 4085 4076
f 4010 4104 4061
f 4028 4086 4039
f 4199 4063 4105
f 4029 4105 4063
f 4039 4086 4114
f 4031 4349 3989
f 4160 3977 4080
f 4001 3876 4141
f 3924 4426 3956
f 4241 4049 3790
f 3790 4004 4241
f 4020 4163 4071
f 4154 4530 3984
f 3905 3996 4181
f 3905 4181 4007
f 4007 4145 4008
f 3708 4146 4022
f 4037 4060 4093
f 4060 3906 4100
f 3906 3948 4100
f 3948 3986 4100
f 3960 4111 4124
f 4125 4103 3959
f 4101 4085 4024
f 4076 4086 4028
f 4261 4232 4014
f 4105 4029 4134
f 4014 4232 3940
f 4029 3974 4134
f 3973 4094 4104
f 3974 4041 4134
f 4030 4056 4167
f 4095 3973 3920
f 4233 4234 4031
f 4096 4286 4016
f 3780 3872 4168
f 4117 4160 4080
f 4269 4161 3979
f 3979 4161 4172
f 3876 3856 4141
f 3994 4046 4150
f 3994 4150 4018
f 3982 3955 4068
f 4130 4121 4081
f 4130 4081 4176
f 4003 4090 4069
f 3886 4108 4220
f 4151 3916 4099
f 3916 4144 3891
f 4035 3667 4309
f 3708 3861 4146
f 4073 4037 4093
f 4092 4245 3998
f 3998 4182 4038
f 3986 3967 4110
f 4124 4111 4166
f 4085 4112 4076
f 4113 4076 4112
f 4094 3973 4135
f 4134 4041 4077
f 4135 3973 4095
f 4187 4233 4040
f 4167 3902 4030
f 4234 4283 4031
f 3780 4168 4096
f 4078 3852 4353
f 4148 4064 4087
f 4190 3913 4088
f 3913 4190 3963
f 3982 4142 3856
f 4047 4175 4174
f 4142 3982 4120
f 3982 4068 4120
f 4069 4108 3886
f 4163 4020 4059
f 4154 4082 4678
f 4005 4626 4275
f 4225 3861 4195
f 4060 4100 4183
f 4100 3986 4110
f 4023 4102 3959
f 4076 4113 4086
f 4040 4114 4187
f 4078 4301 4106
f 3614 4064 4116
f 4064 4148 4116
f 4116 3615 3614
f 4333 3615 4116
f 4087 4079 3954
f 4333 3941 3615
f 4129 3993 4172
f 4129 4046 3993
f 3888 4220 4143
f 3916 4151 4144
f 4152 3965 4021
f 4021 4109 4153
f 4051 4242 3947
f 4309 3983 4164
f 3996 4180 4181
f 4008 4145 4206
f 4008 4206 4092
f 4183 4100 4110
f 4074 4227 3967
f 4061 4111 3960
f 4084 4025 4155
f 4061 4104 4138
f 4086 4127 4114
f 4032 4115 3954
f 4524 3978 3992
f 3932 4140 4118
f 4140 3932 4001
f 4271 3500 3742
f 4090 4178 4069
f 4091 4176 4081
f 4049 4204 3995
f 4204 4049 4241
f 4122 4131 4099
f 4082 4254 4678
f 4099 4131 4151
f 4035 4109 4021
f 3958 4244 4083
f 3958 4036 4205
f 4073 4123 4036
f 4036 4123 4205
f 4084 4155 4247
f 4084 4247 4102
f 4102 4125 3959
f 4228 4111 4061
f 4085 4132 4112
f 4025 4075 4155
f 4112 4132 4113
f 4075 4199 4133
f 4126 4086 4113
f 4126 4127 4086
f 4211 4105 4134
f 4094 4135 4104
f 4127 4187 4114
f 4134 4077 4213
f 3329 3912 4169
f 3329 4169 3903
f 3975 4203 4217
f 4057 3944 4252
f 4044 4045 4173
f 4173 4045 4034
f 4150 4240 4018
f 4089 4018 4240
f 4130 4176 4218
f 4526 3858 4070
f 4021 4153 4152
f 4072 3891 4291
f 3983 4083 4164
f 4083 4310 4164
f 4165 3996 3947
f 3996 4165 4180
f 4083 4244 4310
f 3861 4225 4146
f 4092 4206 4245
f 4038 4182 4137
f 4184 4101 4124
f 4257 4125 4102
f 4184 4085 4101
f 4155 4075 4133
f 4133 4199 4231
f 4138 4104 4157
f 4135 4157 4104
f 4280 4167 4056
f 4187 4251 4233
f 4148 4087 3954
f 4042 4033 4498
f 3812 4136 4215
f 4158 3782 3784
f 4043 4057 4782
f 3856 4142 4141
f 4355 4120 4068
f 4162 3964 3933
f 4178 4108 4069
f 3934 3887 4091
f 3935 4143 4191
f 3935 4191 4122
f 4109 4035 4309
f 4194 4165 3947
f 3958 4205 4244
f 4093 4060 4196
f 4102 4247 4257
f 4231 4155 4133
f 4132 4156 4113
f 4061 4138 4229
f 4156 4126 4113
f 4211 4199 4105
f 4185 4211 4134
f 4186 4127 4126
f 4127 4186 4187
f 4077 4282 4320
f 4214 3812 4330
f 3812 4215 4330
f 4235 4148 3954
f 3903 4170 3942
f 3540 4149 4395
f 4353 3990 4171
f 4042 4498 3991
f 4171 3990 3991
f 4001 4141 4140
f 4162 3933 3956
f 4002 4272 4090
f 4274 4004 4071
f 4152 4059 3965
f 4109 4193 4153
f 4123 4073 4093
f 4111 4228 4166
f 4231 4278 4155
f 4095 3920 4147
f 3782 4158 4033
f 4149 3976 5093
f 4782 4057 4760
f 4057 4252 4760
f 4046 4129 4150
f 4253 4089 4240
f 4121 4130 4218
f 3500 4271 4177
f 4192 4070 3889
f 4144 4291 3891
f 4072 4291 4242
f 4022 4470 4626
f 4626 4005 4022
f 4007 4181 4145
f 4209 3985 4137
f 3985 4209 4197
f 4074 4226 4227
f 4053 4226 4074
f 4186 4126 4200
f 4212 4157 4135
f 4167 4324 3902
f 3781 4217 4236
f 3903 4169 4170
f 4065 4202 3923
f 4149 4303 4395
f 4033 4158 4159
f 4128 4158 3784
f 4000 4118 4107
f 4107 4118 4140
f 4368 3945 4044
f 4044 4173 4368
f 4288 4121 4218
f 4290 4091 3887
f 4204 4219 3995
f 4004 4274 4241
f 3947 4242 4194
f 3998 4207 4182
f 4124 4166 4198
f 4198 4184 4124
f 4061 4229 4228
f 4085 4184 4132
f 4103 4125 3926
f 4138 4157 4263
f 4186 4201 4187
f 4135 4095 4212
f 4077 4106 4282
f 4188 4396 4216
f 4065 4238 4422
f 4067 3945 4397
f 4397 3945 4368
f 3742 4287 4271
f 4426 4655 3956
f 4655 4162 3956
f 4272 4002 3964
f 4289 4176 4091
f 3995 4290 3887
f 4143 4220 4179
f 4179 4191 4143
f 4163 4059 4221
f 4152 4221 4059
f 4152 4153 4222
f 4153 4193 4222
f 4109 4309 4193
f 4146 4470 4022
f 4245 4207 3998
f 3967 4227 4371
f 4249 4211 4185
f 4263 4157 4212
f 4134 4213 4339
f 4201 4251 4187
f 4349 4365 3912
f 3872 4236 4168
f 4422 4202 4065
f 4149 5093 4303
f 4141 4270 4140
f 4253 4426 4089
f 3964 4162 4272
f 4090 4307 4178
f 4163 4221 4308
f 4180 4165 4223
f 4503 4225 4195
f 4245 4311 4207
f 4093 4196 4293
f 4182 4208 4137
f 4182 4207 4208
f 4183 4196 4060
f 4166 4276 4198
f 4184 4198 4210
f 4156 4200 4126
f 4077 4320 4213
f 4147 3920 4328
f 3920 4264 4328
f 4078 4353 4331
f 4096 4168 4332
f 4689 4188 3941
f 4016 4286 4237
f 4107 4140 4270
f 4288 4068 4121
f 4254 4048 4177
f 4693 4526 4070
f 4191 4501 4122
f 4223 4165 4194
f 4223 4181 4180
f 4224 4244 4205
f 4196 4183 4400
f 4137 4208 4209
f 4110 4401 4183
f 3967 4371 4110
f 4110 4371 4401
f 4166 4228 4276
f 4259 4228 4229
f 4132 4184 4210
f 4156 4132 4210
f 4125 4258 3926
f 4199 4248 4231
f 4199 4211 4248
f 4185 4134 4339
f 4280 4056 4232
f 4095 4630 4212
f 4234 4299 4283
f 3912 4302 4169
f 4239 3992 3854
f 3854 4107 4239
f 4141 4142 4500
f 4174 4173 4034
f 4120 4615 4142
f 4120 4355 4615
f 4176 4289 4218
f 3858 4526 4273
f 4219 4290 3995
f 4192 4693 4070
f 4071 4308 4274
f 4154 4678 4530
f 4222 4528 4152
f 4181 4223 4243
f 4244 4224 4471
f 4205 4123 4224
f 4093 4293 4123
f 4196 4335 4293
f 4155 4278 4247
f 4278 4231 4230
f 4229 4138 4296
f 4156 4279 4200
f 4138 4263 4296
f 4211 4249 4248
f 4262 4186 4200
f 4201 4186 4262
f 4185 4339 4249
f 4319 4251 4201
f 4282 4106 4301
f 4115 4285 3954
f 4332 4286 4096
f 4689 3941 4333
f 4033 4159 4498
f 4139 3942 4367
f 4139 4367 4238
f 4190 4268 3963
f 4268 4080 3963
f 4175 4691 4174
f 4355 4068 4288
f 4289 4091 4290
f 4164 4310 4427
f 4208 4313 4209
f 4209 4313 4246
f 4246 4197 4209
f 4183 4401 4400
f 4246 4226 4197
f 4226 4256 4227
f 4210 4260 4156
f 4259 4229 4296
f 3926 4258 4261
f 4261 4250 4232
f 4078 4331 4301
f 4214 4330 4362
f 4189 4798 3616
f 3616 4708 4354
f 4136 4237 4831
f 4265 4158 4128
f 4080 4676 4117
f 4676 4080 4268
f 4119 3875 4066
f 4270 4141 4500
f 4500 4142 4586
f 4273 4691 4175
f 4090 4272 4307
f 4221 4681 4308
f 4194 4292 4223
f 4245 4206 4255
f 4245 4255 4311
f 4312 4207 4311
f 4196 4400 4335
f 4226 4246 4256
f 4259 4294 4228
f 4314 4198 4276
f 4198 4314 4210
f 4257 4508 4125
f 4316 4230 4231
f 4248 4316 4231
f 4248 4249 4475
f 4262 4319 4201
f 4280 4232 4250
f 4213 4320 4372
f 3902 4284 4032
f 4032 4284 4115
f 3954 4285 4235
f 3616 4798 4708
f 4215 4136 4831
f 4107 4270 4305
f 4150 4424 4240
f 4424 4306 4240
f 4253 4240 4306
f 4467 4426 4253
f 4163 4308 4071
f 4276 4228 4294
f 4278 4277 4247
f 4314 4315 4210
f 4260 4210 4315
f 4125 4508 4258
f 4279 4260 4315
f 4260 4279 4156
f 4248 4475 4316
f 4281 4436 4095
f 4233 4297 4234
f 4281 4095 4147
f 4298 4326 4234
f 4324 4284 3902
f 4283 4300 4349
f 4330 4215 4421
f 4188 4689 4396
f 4237 4797 4831
f 4160 4499 4269
f 4129 4172 4585
f 4129 4585 4150
f 4678 4254 4930
f 4501 4131 4122
f 4244 4427 4310
f 4244 4471 4427
f 4369 4224 4123
f 4123 4293 4369
f 4207 4657 4208
f 4313 4504 4246
f 4246 4504 4256
f 4278 4295 4277
f 4278 4230 4295
f 4316 4295 4230
f 4259 4296 4431
f 4317 4338 4279
f 4338 4200 4279
f 4475 4249 4318
f 4338 4262 4200
f 4249 4339 4318
f 4280 4250 4404
f 4095 4436 4630
f 4321 4436 4281
f 4281 4325 4321
f 4297 4298 4234
f 4340 4298 4297
f 4344 4298 4340
f 4147 4325 4281
f 4283 4299 4300
f 4284 4329 4115
f 4301 4331 4386
f 4365 4302 3912
f 4170 4169 4523
f 4238 4613 4422
f 3991 4498 4304
f 4304 4171 3991
f 4424 4150 4585
f 4142 4615 4586
f 4271 4287 4763
f 4764 4162 4655
f 4288 4218 4468
f 4254 4177 4930
f 4204 4694 4219
f 4622 4694 4204
f 4204 4241 4622
f 4241 4274 4622
f 4530 4678 5049
f 4529 4528 4222
f 4529 4222 4193
f 4291 4469 4242
f 4223 4292 4243
f 4195 3984 4503
f 4657 4207 4312
f 4276 4294 4314
f 4295 4316 4337
f 4315 4336 4279
f 4337 4316 4475
f 4279 4336 4317
f 4590 4263 4212
f 4320 4341 4372
f 4320 4282 4341
f 4323 4324 4167
f 4342 4343 4322
f 4340 4322 4343
f 4344 4340 4343
f 4323 4346 4324
f 4346 4323 4510
f 4282 4374 4341
f 4344 4345 4298
f 4298 4345 4326
f 4346 4375 4324
f 4147 4328 4360
f 4234 4326 4299
f 4282 4301 4327
f 4328 4264 4348
f 4264 4214 4348
f 4329 4350 4115
f 4115 4350 4285
f 5093 3976 4067
f 4269 4677 4161
f 4161 4677 4172
f 4585 4172 4584
f 4306 4467 4253
f 4616 4426 4467
f 4272 4162 4764
f 4468 4732 4288
f 4219 4621 4290
f 4152 4528 4221
f 4469 4531 4242
f 4193 4309 4623
f 4194 4242 4531
f 4194 4531 4625
f 4164 4427 4624
f 4194 4625 4292
f 4181 4817 4145
f 4145 4817 4206
f 4225 4936 4146
f 4657 4398 4208
f 4208 4398 4313
f 4314 4402 4315
f 4315 4402 4336
f 4295 4337 4277
f 4431 4296 4536
f 4296 4629 4536
f 4318 4339 4403
f 4167 5121 4323
f 5064 4323 5121
f 4323 5064 4510
f 4342 4322 4373
f 4147 4360 4325
f 4375 4347 4324
f 4327 4301 4386
f 4214 4362 4348
f 4419 4350 4329
f 4419 4364 4350
f 4352 4351 4331
f 4364 4285 4350
f 4331 4353 4352
f 4169 4302 4523
f 4899 4265 4128
f 4499 4677 4269
f 4947 4173 4174
f 4355 4288 4618
f 4288 4732 4618
f 4745 4307 4272
f 4131 4502 4151
f 4151 4746 4144
f 4193 4623 4529
f 4309 4682 4623
f 4875 4292 4625
f 4369 4370 4656
f 4370 4369 4293
f 4370 4293 4335
f 4227 4256 4371
f 4277 4337 4356
f 4261 4432 4250
f 4296 4263 4629
f 4250 4432 4433
f 4263 4716 4629
f 4590 4716 4263
f 4262 4476 4319
f 4372 4341 4357
f 5121 4167 4918
f 4357 4341 4358
f 4358 4341 4374
f 4345 4359 4326
f 4360 4328 4361
f 4324 4347 4284
f 4328 4348 4361
f 4361 4348 4387
f 4348 4362 4387
f 4362 4330 4363
f 4329 4863 4419
f 4363 4330 4394
f 4351 4352 4466
f 4364 4419 4744
f 4330 4421 4394
f 4349 4393 4365
f 4148 4285 4366
f 4148 4366 4116
f 4675 4333 4116
f 4286 4332 4813
f 4675 4689 4333
f 4677 4584 4172
f 4615 4355 4617
f 4355 4618 4617
f 4621 4289 4290
f 4681 4221 4528
f 4181 4243 4817
f 4224 4369 4471
f 4314 4294 4534
f 4277 4356 4247
f 4257 4247 4472
f 4294 4259 4431
f 4336 4402 4474
f 4356 4337 4473
f 4317 4537 4338
f 4537 4262 4338
f 4476 4262 4537
f 4167 4842 4918
f 4358 4405 4357
f 4373 4509 4342
f 4439 4358 4374
f 4344 4479 4345
f 4282 4327 4374
f 4375 4346 4510
f 4438 4325 4360
f 4327 4376 4374
f 4377 4438 4360
f 4379 4326 4359
f 4326 4379 4299
f 4361 4377 4360
f 4384 4379 4378
f 4327 4381 4376
f 4384 4382 4379
f 4383 4377 4361
f 4379 4382 4300
f 4299 4379 4300
f 4284 4347 4380
f 4384 4385 4382
f 4327 4386 4381
f 4415 4410 4381
f 4387 4383 4361
f 4382 4389 4300
f 4385 4388 4382
f 4388 4389 4382
f 4460 4383 4387
f 4387 4362 4460
f 4390 4381 4386
f 4460 4362 4363
f 4389 4349 4300
f 4386 4331 4390
f 4389 4391 4349
f 4391 4389 4388
f 4390 4331 4351
f 4363 4579 4463
f 4349 4391 4393
f 4392 4351 4466
f 4392 4466 4519
f 4363 4394 4579
f 4364 4366 4285
f 4521 4285 4522
f 4148 4522 4285
f 4522 4148 4235
f 4797 4237 4286
f 4498 4159 4869
f 4238 4367 4613
f 4017 4652 4334
f 4239 4107 4305
f 4500 4653 4270
f 4764 4745 4272
f 4928 4273 4526
f 4309 4164 4682
f 4206 4817 4767
f 4656 4370 4790
f 4335 4399 4370
f 4313 4398 4532
f 4399 4335 4400
f 4313 4532 4504
f 4371 4429 4401
f 4256 4430 4371
f 4504 4430 4256
f 4534 4294 4431
f 4473 4507 4356
f 4339 4539 4403
f 4590 4212 4773
f 4212 4630 4773
f 4280 4842 4167
f 4884 4434 4251
f 4251 4434 4233
f 4233 4434 4297
f 4357 4405 4437
f 4405 4358 4406
f 4358 4439 4406
f 4438 4755 4325
f 4376 4439 4374
f 4379 4359 4407
f 4378 4379 4407
f 4378 4407 4408
f 4378 4408 4441
f 4439 4376 4442
f 4375 4444 4347
f 4409 4442 4376
f 4347 4444 4380
f 4412 4380 4444
f 4376 4381 4409
f 4377 4383 4414
f 4378 4441 4384
f 4441 4449 4384
f 4410 4411 4409
f 4409 4381 4410
f 4384 4449 4385
f 4449 4413 4385
f 4380 4418 4284
f 4418 4380 4412
f 4385 4413 4388
f 4416 4411 4410
f 4383 4460 4414
f 4417 4388 4413
f 4415 4416 4410
f 4381 4390 4415
f 4284 4418 4329
f 4329 4418 4863
f 4460 4363 4518
f 4518 4363 4463
f 4674 4388 4417
f 4416 4415 4464
f 4391 4388 4674
f 4390 4351 4464
f 4390 4464 4415
f 4420 4393 4391
f 4420 4725 4393
f 4353 4171 4611
f 4395 4303 4582
f 4395 4582 4097
f 4216 4423 4266
f 4354 4832 4058
f 4119 5004 4098
f 4799 4287 4525
f 5185 4173 4947
f 4289 4468 4218
f 4620 4468 4289
f 4179 4220 4108
f 4694 4621 4219
f 4679 4274 4308
f 4681 4528 4902
f 4291 4144 4746
f 4624 4682 4164
f 4399 4734 4370
f 4399 4505 4734
f 4399 4400 4428
f 4400 4401 4428
f 4401 4429 4428
f 4371 4430 4429
f 4314 4534 4686
f 4314 4686 4402
f 4336 4535 4317
f 4535 4537 4317
f 4587 4475 4318
f 4319 4476 4251
f 4433 4404 4250
f 4339 4213 4539
f 4280 4404 4842
f 4321 4435 4436
f 4663 4340 4297
f 4663 4322 4340
f 4344 4343 4479
f 4632 4755 4438
f 4407 4440 4483
f 4407 4480 4440
f 4407 4359 4480
f 4407 4483 4408
f 4448 4439 4442
f 4408 4512 4446
f 4441 4408 4446
f 4483 4440 4443
f 4512 4483 4443
f 4409 4411 4442
f 4512 4443 4447
f 4446 4512 4447
f 4442 4411 4445
f 4442 4445 4452
f 4444 4482 4412
f 4443 4440 4455
f 4454 4443 4455
f 4447 4443 4454
f 4442 4452 4451
f 4448 4442 4451
f 4377 4414 4486
f 4486 4414 4487
f 4446 4447 4449
f 4441 4446 4449
f 4451 4450 4448
f 4451 4452 4458
f 4458 4450 4451
f 4447 4454 4453
f 4449 4447 4453
f 4458 4452 4445
f 4445 4411 4457
f 4453 4413 4449
f 4453 4454 4456
f 4412 4516 4418
f 4454 4455 4461
f 4456 4454 4461
f 4456 4461 4494
f 4494 4413 4453
f 4458 4445 4457
f 4411 4416 4457
f 4458 4457 4459
f 4459 4450 4458
f 4461 4455 4496
f 4413 4494 4417
f 4459 4457 4464
f 4494 4461 4497
f 4494 4577 4417
f 4457 4416 4464
f 4461 4496 4462
f 4497 4461 4462
f 4465 4391 4674
f 4351 4392 4464
f 4391 4465 4420
f 4610 4579 4394
f 4364 4580 4366
f 4610 4394 4421
f 4393 4726 4365
f 4116 4366 4675
f 4366 4522 4675
f 4168 4236 5414
f 4285 4521 4235
f 4421 4215 4796
f 4396 4781 4216
f 4422 4709 4202
f 4423 4088 4266
f 4058 4832 4066
f 4615 4617 4425
f 4178 4786 4108
f 4289 4621 4620
f 4179 4108 4786
f 4502 4746 4151
f 4291 4802 4469
f 4695 4427 4471
f 4369 4656 4471
f 4311 4768 4312
f 4247 4356 4472
f 4431 4714 4534
f 4474 4535 4336
f 4508 4661 4258
f 4337 4475 4587
f 4258 4432 4261
f 4436 4435 4477
f 4477 4630 4436
f 4357 4688 4372
f 4357 4437 4688
f 4373 4478 4509
f 4345 4542 4359
f 4448 4484 4439
f 4375 4510 4444
f 4510 4482 4444
f 4438 4377 4486
f 4480 4511 4440
f 4408 4483 4481
f 4483 4511 4481
f 4512 4408 4547
f 4408 4481 4547
f 4448 4450 4484
f 4484 4450 4489
f 4485 4490 4440
f 4440 4490 4455
f 4455 4490 4496
f 4456 4494 4562
f 4562 4494 4491
f 4453 4513 4494
f 4487 4414 4492
f 4450 4459 4489
f 4489 4459 4493
f 4414 4460 4492
f 4492 4460 4495
f 4517 4459 4464
f 4517 4493 4459
f 4418 4516 4863
f 4495 4460 4518
f 4863 4742 4419
f 4518 4463 4609
f 4417 4577 4674
f 4464 4392 4648
f 4419 4742 4744
f 4725 4420 4779
f 4519 4466 4520
f 4466 4352 4520
f 4744 4580 4364
f 4168 5414 4332
f 4706 4726 4393
f 4353 4611 4352
f 4366 4580 4522
f 4171 4304 4612
f 4217 4203 4913
f 4304 4498 4612
f 4160 4914 4499
f 4914 4160 4117
f 4583 4270 4653
f 4368 4173 5185
f 4426 4616 4655
f 4501 4502 4131
f 4308 4681 4679
f 4469 4733 4531
f 4624 4427 4747
f 4471 4748 4695
f 4471 4656 4748
f 4206 4767 4255
f 4311 4255 4768
f 4312 4768 4769
f 4734 4790 4370
f 4505 4399 4428
f 4505 4428 4506
f 4696 4506 4428
f 4504 4658 4430
f 4429 4696 4428
f 4658 4533 4430
f 4430 4696 4429
f 4430 4533 4696
f 4257 4472 4735
f 4735 4508 4257
f 4318 4403 4589
f 4538 4476 4537
f 4322 4663 4736
f 4322 4736 4373
f 5064 4844 4510
f 4325 4755 4321
f 4359 4542 4480
f 4510 4593 4482
f 4511 4485 4440
f 4550 4511 4483
f 4546 4484 4515
f 4512 4550 4483
f 4550 4512 4547
f 4484 4489 4515
f 4485 4563 4490
f 4486 4487 4488
f 4482 4514 4412
f 4562 4513 4453
f 4412 4514 4516
f 4453 4456 4562
f 4513 4491 4494
f 4487 4492 4488
f 4490 4563 4496
f 4494 4497 4575
f 4494 4575 4577
f 4496 4570 4462
f 4497 4462 4575
f 4517 4464 4578
f 4578 4464 4705
f 4464 4648 4705
f 4392 4519 4897
f 4725 4706 4393
f 4352 4611 4520
f 4286 4813 4797
f 4611 4171 4581
f 3923 4202 4690
f 3923 4690 4189
f 4171 4612 4581
f 4396 4689 4983
f 4396 4983 4781
f 4217 4913 4925
f 4796 4215 4831
f 4305 4270 4583
f 4761 4424 4585
f 4424 4654 4306
f 4691 4273 4928
f 4763 4177 4271
f 4468 4620 4692
f 4191 4527 4501
f 4532 4658 4504
f 4534 4714 4685
f 4356 4507 4472
f 4735 4627 4508
f 4474 4659 4535
f 4661 4432 4258
f 4700 4476 4538
f 4476 4700 4251
f 4434 4663 4297
f 4479 4343 4540
f 4888 4479 4540
f 4439 4591 4541
f 4406 4439 4541
f 4541 4592 4406
f 4480 4542 4633
f 4345 4479 4542
f 4439 4545 4591
f 4484 4545 4439
f 4593 4510 4844
f 4438 4549 4632
f 4480 4633 4511
f 4484 4546 4545
f 4438 4486 4549
f 4511 4633 4481
f 4544 4545 4546
f 4543 4548 4481
f 4548 4547 4481
f 4597 4544 4555
f 4546 4555 4544
f 4559 4555 4546
f 4515 4559 4546
f 4511 4558 4485
f 4550 4558 4511
f 4549 4486 4488
f 4555 4557 4597
f 4547 4556 4550
f 4548 4556 4547
f 4551 4597 4557
f 4558 4563 4485
f 4558 4550 4552
f 4548 4553 4556
f 4556 4552 4550
f 4555 4560 4557
f 4553 4554 4556
f 4482 4593 4514
f 4556 4554 4552
f 4559 4560 4555
f 4552 4513 4558
f 4558 4569 4563
f 4552 4554 4513
f 4559 4561 4560
f 4515 4561 4559
f 4558 4513 4569
f 4565 4564 4554
f 4554 4564 4513
f 4515 4568 4561
f 4513 4562 4569
f 4514 4826 4516
f 4567 4551 4557
f 4560 4567 4557
f 4515 4489 4568
f 4561 4574 4560
f 4566 4564 4565
f 4568 4571 4561
f 4601 4488 4495
f 4574 4567 4560
f 4513 4564 4491
f 4569 4570 4563
f 4562 4491 4569
f 4488 4492 4495
f 4571 4574 4561
f 4572 4551 4567
f 4489 4493 4568
f 4491 4575 4569
f 4564 4575 4491
f 4573 4572 4567
f 4574 4573 4567
f 4563 4570 4496
f 4575 4570 4569
f 4566 4575 4564
f 4566 4576 4575
f 4576 4577 4575
f 4517 4608 4573
f 4574 4517 4573
f 4571 4517 4574
f 4493 4517 4571
f 4568 4493 4571
f 4516 4826 4863
f 4495 4518 4609
f 4575 4462 4570
f 4517 4578 4608
f 4741 4724 4608
f 4578 4741 4608
f 4943 4674 4577
f 4944 4648 4392
f 4392 4897 4944
f 4897 4519 4649
f 4365 4852 4302
f 4521 4650 4235
f 4522 4235 4650
f 4925 4236 4217
f 3942 4170 4780
f 3942 4780 4367
f 4422 4613 4709
f 4424 4761 4654
f 4306 4654 4467
f 4732 4468 4619
f 4619 4468 4692
f 4501 4527 4502
f 4274 4679 4765
f 4816 4529 4623
f 4146 4936 4470
f 4398 4657 4684
f 4398 4684 4532
f 4474 4402 4659
f 4659 4662 4535
f 4507 4473 4587
f 4627 4661 4508
f 4473 4337 4587
f 4589 4587 4318
f 4588 4538 4537
f 4539 4589 4403
f 4405 4406 4843
f 4845 4342 4509
f 4343 4342 4845
f 4343 4845 4540
f 4479 4888 4542
f 4591 4718 4631
f 4545 4664 4591
f 4481 4633 4594
f 4543 4481 4594
f 4595 4543 4594
f 4544 4719 4545
f 4666 4548 4595
f 4548 4543 4595
f 4544 4597 4596
f 4635 4549 4600
f 4598 4548 4666
f 4593 4665 4634
f 4549 4488 4601
f 4548 4598 4553
f 4549 4601 4600
f 4597 4551 4599
f 4554 4553 4738
f 4641 4637 4600
f 4602 4554 4738
f 4554 4602 4565
f 4641 4600 4603
f 4600 4601 4603
f 4607 4826 4514
f 4603 4606 4641
f 4599 4551 4572
f 4606 4603 4604
f 4603 4601 4495
f 4602 4605 4565
f 4603 4495 4604
f 4565 4605 4566
f 4572 4573 4608
f 4495 4609 4723
f 4604 4495 4723
f 4576 4646 4577
f 4924 4580 4744
f 4580 4521 4522
f 4852 5491 4302
f 4302 5491 4523
f 4170 4523 4780
f 4158 4651 4159
f 4498 4869 4612
f 4098 4799 4525
f 4586 4614 4500
f 4174 4691 4947
f 4615 4614 4586
f 4833 4529 4816
f 4625 4531 4733
f 4225 5188 4936
f 4312 4769 4657
f 4684 4658 4532
f 4658 4877 4533
f 4472 4507 4628
f 4507 4587 4660
f 4662 4537 4535
f 4537 4662 4588
f 4433 4432 4687
f 4590 4841 4716
f 4687 4404 4433
f 4434 4717 4663
f 4437 4405 4956
f 4591 4664 4718
f 4634 4665 4722
f 4596 4597 4636
f 4634 4722 4640
f 4635 4600 4637
f 4597 4599 4636
f 4634 4640 4638
f 4634 4638 4593
f 4758 4640 4722
f 4598 4738 4553
f 4636 4599 4639
f 4640 4758 4794
f 4593 4638 4514
f 4641 4668 4637
f 4639 4599 4702
f 4669 4602 4738
f 4638 4607 4514
f 4638 4640 4607
f 4606 4668 4641
f 4702 4599 4670
f 4671 4640 4794
f 4605 4602 4669
f 4599 4572 4670
f 4607 4640 4642
f 4640 4671 4642
f 4672 4605 4669
f 4606 4778 4668
f 4608 4670 4572
f 4642 4671 4811
f 4643 4606 4604
f 4778 4606 4643
f 4644 4605 4672
f 4605 4644 4566
f 4759 4642 4811
f 4642 4759 4607
f 4607 4759 4826
f 4643 4604 4673
f 4566 4644 4576
f 4723 4673 4604
f 4645 4576 4644
f 4645 4646 4576
f 4608 4724 4739
f 4646 4943 4577
f 4647 4465 4674
f 4649 4519 4520
f 4522 4650 4868
f 3978 4524 4252
f 4239 4305 4710
f 4117 4676 4914
f 4729 4585 4584
f 4614 4653 4500
f 4762 4614 4615
f 4762 4615 4425
f 5324 4177 4763
f 4178 4307 4872
f 5324 4930 4177
f 4620 4970 4692
f 4948 4191 4179
f 4505 4506 4878
f 4712 4533 4877
f 4533 4713 4696
f 4472 4628 4697
f 4751 4627 4735
f 4660 4628 4507
f 4661 4839 4432
f 4589 4699 4587
f 4435 4321 4820
f 4405 4843 4956
f 4406 4592 5038
f 4549 4737 4632
f 4545 4719 4664
f 4667 4635 4637
f 4670 4608 4704
f 4739 4704 4608
f 4520 4743 4649
f 4945 4579 4610
f 4365 4726 4852
f 4580 4707 4521
f 4523 5491 5480
f 4727 4652 4097
f 4612 4869 4814
f 4612 4814 4581
f 4651 4158 4265
f 4652 5094 4334
f 4763 4287 4799
f 4761 4926 4654
f 4732 4854 4618
f 4802 4291 4746
f 4427 4695 4747
f 4243 4292 4834
f 4835 4695 4748
f 4255 4767 4768
f 4534 4685 4686
f 4472 4697 4735
f 4753 4659 4402
f 4753 4698 4659
f 4698 4662 4659
f 4431 4536 4714
f 4698 4588 4662
f 4589 4539 4699
f 4819 4404 4687
f 4590 4773 4841
f 4631 5017 4591
f 4721 4666 4595
f 4665 4757 4722
f 4666 4721 4598
f 4721 4998 4598
f 4722 4997 4758
f 4637 4775 4667
f 4778 4643 4909
f 4645 4644 4703
f 4741 4828 4724
f 4674 4943 4647
f 4580 4924 4707
f 4675 4522 5070
f 4189 4690 4798
f 4781 4423 4216
f 4334 5094 4267
f 4585 4729 4761
f 4730 4616 4467
f 4619 4692 4711
f 4178 4872 4786
f 4873 4620 4621
f 4621 4694 4787
f 4680 4693 4192
f 4275 4680 4192
f 4626 4470 4683
f 5532 3984 4530
f 4749 4505 4904
f 4904 4505 4878
f 4684 4877 4658
f 4696 4713 4818
f 4533 4712 4713
f 4685 4714 4770
f 4627 4751 4661
f 4751 4804 4661
f 4752 4660 4715
f 4660 4587 4715
f 4536 4629 4861
f 4699 4805 4587
f 4432 4839 4687
f 4700 4884 4251
f 4539 4213 4885
f 4688 4437 5145
f 4437 4956 5145
f 4820 4321 4755
f 4542 4793 4633
f 4774 4664 4719
f 4633 4793 4594
f 4598 4998 4738
f 4997 5083 4758
f 4775 4637 4776
f 4637 4668 4776
f 4668 4778 4824
f 4794 4892 4671
f 4669 4890 4672
f 4672 4910 4644
f 4910 4703 4644
f 4964 4863 4826
f 4897 4649 4851
f 4520 4611 4743
f 4522 4868 5070
f 4611 4581 4867
f 4676 5299 4914
f 4499 4870 4677
f 4305 4583 4710
f 4677 4870 4584
f 4832 4119 4066
f 5004 4119 4832
f 4946 4397 4368
f 4368 5185 4946
f 4616 4730 4655
f 4732 4619 4854
f 4854 4619 4711
f 4948 4179 4786
f 4750 4877 4684
f 4696 4818 4506
f 4686 4753 4402
f 4752 4628 4660
f 4715 4587 4805
f 4736 5122 4373
f 4373 5122 4478
f 4631 4806 5017
f 4591 5017 5018
f 4591 5018 4541
f 4631 4718 4806
f 4664 4774 4718
f 4632 4737 4807
f 4756 4665 4593
f 4635 4737 4549
f 4720 4595 4594
f 4720 4721 4595
f 4635 4667 4808
f 4997 4722 4757
f 4809 4636 4639
f 4639 4702 4809
f 4777 4702 4670
f 4912 4811 4671
f 4646 4827 4943
f 4648 4944 4795
f 4851 4649 4743
f 4830 4726 4706
f 4521 4707 4650
f 4708 4798 4853
f 4652 4727 5094
f 4267 5094 5074
f 4128 4267 4899
f 4267 5074 4899
f 4499 4914 4984
f 4710 4583 4985
f 4425 4785 4762
f 4617 4618 4731
f 4745 4764 4929
f 4191 4948 4527
f 4529 4833 4528
f 4680 4275 4626
f 4683 4470 4859
f 4817 4243 4834
f 4790 4803 4656
f 4712 5011 4713
f 4773 4630 4886
f 4213 4372 4885
f 4886 4630 4477
f 4843 4406 5038
f 4632 4807 4755
f 4718 4792 4806
f 4793 4720 4594
f 4737 4635 4808
f 4544 4596 4940
f 4940 4596 4907
f 4724 4828 4740
f 4740 4739 4724
f 4578 4812 4741
f 4812 4578 4705
f 4743 4611 4867
f 4708 5025 4354
f 5111 4653 4614
f 4926 4467 4654
f 4307 4745 4872
f 4746 4932 4933
f 4874 4816 4623
f 4874 4623 4682
f 4733 4469 4766
f 4733 4766 4625
f 4628 4791 4697
f 4628 4752 4791
f 4715 4772 4752
f 4714 4536 4861
f 4838 4881 4698
f 4661 4804 4839
f 4588 4881 4882
f 4588 4882 4538
f 4538 4754 4700
f 4719 4821 4774
f 4719 4544 4995
f 4756 4757 4665
f 4907 4596 4636
f 4998 4701 4738
f 4776 4668 4824
f 4669 4738 4890
f 4809 4702 4777
f 4671 4892 4912
f 4890 4910 4672
f 4643 4673 4922
f 4739 4740 4825
f 4704 4739 4825
f 4759 4811 4999
f 4847 4673 4723
f 4645 4827 4646
f 4741 4812 4828
f 4742 5069 4744
f 4707 4924 5159
f 4743 4867 4898
f 5025 4832 4354
f 4190 5298 4268
f 5298 4676 4268
f 4855 4970 4620
f 4621 4787 4873
f 4681 4971 4679
f 4971 4681 4902
f 4933 4802 4746
f 4683 4680 4626
f 5532 4503 3984
f 4749 4734 4505
f 4713 4879 4818
f 4712 4952 5011
f 4877 4952 4712
f 4791 4752 4771
f 4752 4772 4771
f 4753 4838 4698
f 4698 4881 4588
f 4629 4716 4955
f 4542 4888 4846
f 4719 4995 4821
f 4636 4809 4907
f 4670 4704 4777
f 4777 4704 4825
f 4643 4922 4909
f 4609 4463 5214
f 4705 4648 4795
f 4647 4894 4465
f 4420 4465 4865
f 4420 4865 4779
f 4332 5414 5602
f 5575 4088 4423
f 4088 5575 5003
f 5003 4190 4088
f 4190 5003 5298
f 4984 4870 4499
f 4870 4729 4584
f 4785 4425 4617
f 4617 4731 4785
f 4872 4745 4901
f 4620 4873 4855
f 4622 4274 4765
f 4931 4622 4765
f 4693 4680 4801
f 4679 4815 4765
f 4765 4815 4931
f 4971 4815 4679
f 4932 4746 4502
f 4528 4788 4902
f 4802 4949 4469
f 4835 4747 4695
f 4292 4875 4834
f 4789 4767 4817
f 4803 4748 4656
f 4769 4990 4876
f 4990 4769 4768
f 4657 4769 5052
f 4657 5052 4684
f 4818 4879 4937
f 4770 5012 4685
f 4686 4880 4753
f 4916 4772 4715
f 4715 4805 4916
f 4629 4955 5015
f 4716 4841 4955
f 4841 4773 4906
f 4819 4842 4404
f 4541 5018 4592
f 4718 4957 4792
f 4718 4774 4957
f 4593 5147 4756
f 5147 4593 4844
f 4542 4846 4793
f 4824 4778 4810
f 4778 4909 4810
f 4759 4999 4826
f 4849 4827 4645
f 4465 4894 4829
f 4463 4579 4896
f 4465 4829 4865
f 4743 4898 4851
f 5069 4924 4744
f 4706 4725 4830
f 5024 4797 4813
f 4689 4966 4983
f 4708 4853 5025
f 4524 3992 5134
f 4985 4583 4653
f 4729 4783 4761
f 4761 4783 4926
f 4745 4929 4901
f 4948 4786 4856
f 4625 4766 5029
f 4624 4747 4950
f 4625 5029 4875
f 4767 4789 4990
f 4749 4903 4734
f 4772 4916 4771
f 4770 4714 4861
f 4861 4629 5015
f 4805 4699 4905
f 4687 4840 4819
f 4773 4886 5170
f 4940 4995 4544
f 4721 4889 4998
f 4738 4701 4890
f 4609 5214 4723
f 4579 4945 4896
f 5602 4813 4332
f 4726 5369 4852
f 5369 4726 4830
f 4650 5091 4868
f 4523 5480 4780
f 5134 3992 4239
f 4524 5095 4252
f 5095 4524 5134
f 4614 4784 5111
f 4614 4762 4784
f 4900 4467 4926
f 4900 4730 4467
f 4968 4929 4764
f 5276 4618 4854
f 4970 4711 4692
f 4857 4787 4694
f 4622 4857 4694
f 4949 4858 4469
f 5545 5532 4530
f 4766 4469 4858
f 4817 4834 4789
f 4748 4803 4836
f 4768 4767 4990
f 4803 4790 4903
f 4734 4903 4790
f 4878 4506 4818
f 4753 4880 4838
f 4700 4883 4884
f 4820 4755 4980
f 4755 4807 4980
f 5041 4793 4846
f 4774 4821 4957
f 4756 4996 4757
f 4721 4720 4889
f 4808 4667 4822
f 4667 4775 4822
f 4822 4775 4776
f 4758 4823 4794
f 4823 4892 4794
f 4811 4912 4999
f 4673 4847 4922
f 4850 4812 4705
f 4894 4647 4943
f 4705 4795 4850
f 4898 4866 4851
f 4867 4581 4814
f 5007 4932 4502
f 4788 4528 4833
f 4624 4950 4682
f 4935 4950 4747
f 4935 4747 4835
f 4975 4803 4903
f 4735 4697 4837
f 4953 4686 4685
f 4880 4686 4953
f 4770 4861 4992
f 4916 4805 4917
f 4917 4805 4905
f 4905 4699 4938
f 4839 4840 4687
f 4699 4539 4938
f 4754 4883 4700
f 4906 4773 5170
f 4372 4688 4887
f 4509 4478 4845
f 4777 4825 4848
f 4825 4740 4848
f 4828 4812 4864
f 4897 4851 5088
f 4421 4796 5110
f 4966 4689 4675
f 4798 4690 6123
f 4798 6123 4853
f 5276 4731 4618
f 4856 4786 4800
f 4948 5006 4527
f 4902 4788 4971
f 4833 4816 4972
f 4470 4936 4859
f 4836 4835 4748
f 4990 5077 4876
f 4769 4876 5052
f 4937 4878 4818
f 4751 4735 4837
f 4771 4916 4860
f 4882 4754 4538
f 4841 4906 4955
f 4907 4809 4862
f 4822 4776 4919
f 4758 5083 4823
f 4776 4824 4960
f 4809 4777 4862
f 4862 4777 4891
f 4824 4810 4920
f 4920 4810 4909
f 4777 4848 4891
f 4740 4864 4848
f 4828 4864 4740
f 4923 5069 4742
f 4851 4866 5088
f 4725 5023 4830
f 5524 4675 5070
f 5524 4966 4675
f 4655 4730 4764
f 4693 4801 4987
f 4527 5006 5007
f 4502 4527 5007
f 4933 4949 4802
f 4915 4834 5010
f 4834 4915 4789
f 4803 4975 4836
f 4225 4503 5188
f 4713 5011 4879
f 4697 4791 4837
f 4791 4771 4860
f 4938 4539 4885
f 4885 4372 4887
f 5104 4845 4478
f 4919 4776 4960
f 4960 4824 4920
f 4962 4848 4893
f 4848 4942 4893
f 4723 5156 4847
f 4848 4864 4942
f 4863 4923 4742
f 4812 4965 4864
f 4812 4850 4965
f 4850 4795 4895
f 4725 4779 5023
f 4945 4610 5246
f 5110 4610 4421
f 4159 4651 5218
f 4159 5218 4869
f 4728 5002 4203
f 4709 5044 4202
f 5002 4728 4782
f 5026 4729 4870
f 4653 5111 4985
f 4786 4872 4800
f 5005 4855 4873
f 4987 4526 4693
f 4931 4857 4622
f 4833 4972 4788
f 4684 5052 4750
f 5058 4751 4837
f 4977 4881 4838
f 5078 4804 4751
f 4754 4939 4883
f 4939 4884 4883
f 4979 4663 4717
f 4736 4663 5228
f 5147 4958 4756
f 4958 4996 4756
f 4907 4862 4959
f 4862 4891 4959
f 4982 4963 4823
f 4891 4848 4962
f 4823 4963 4892
f 4890 4908 4910
f 4912 4892 4963
f 4909 4922 5000
f 4911 4909 5000
f 4826 4999 4964
f 4723 5214 5156
f 4864 4965 4941
f 4795 4944 4895
f 4650 4707 5091
f 5272 4236 4925
f 4202 5526 4690
f 4814 4869 5071
f 5526 4202 5044
f 4423 4781 5575
f 5026 4783 4729
f 4764 4730 4968
f 4785 4731 5276
f 4787 4857 4873
f 4934 4766 4858
f 5010 4834 4875
f 4877 4750 4952
f 4685 5012 4953
f 4838 4880 4977
f 4977 4880 4953
f 4881 4977 4882
f 4861 5015 5061
f 4540 4845 5039
f 4540 5039 4888
f 4807 4737 4981
f 4996 4997 4757
f 5083 4982 4823
f 4701 4921 4890
f 4890 4921 4908
f 4959 4891 4962
f 4920 4909 4911
f 4645 4703 4849
f 4863 4964 4923
f 4463 5270 5214
f 4463 4896 5270
f 4897 5245 4944
f 5245 4897 5088
f 4236 5272 5414
f 5161 5094 4727
f 4067 4397 5164
f 4397 4946 5164
f 4783 4986 4926
f 4926 4927 4900
f 5136 4947 4691
f 5248 4785 5276
f 5222 4901 4929
f 5005 4873 4857
f 5049 5545 4530
f 4682 5187 4874
f 4749 4991 4903
f 4904 4878 4951
f 5012 4770 4992
f 5078 4751 5058
f 4804 5062 4839
f 4954 4917 4905
f 4435 4820 5037
f 4663 4979 5228
f 4736 5228 5122
f 4981 4737 4808
f 5082 4997 4996
f 4998 5084 4701
f 4908 5085 4910
f 4864 4941 4942
f 5246 4610 5110
f 4867 4814 5071
f 4690 5526 5160
f 5161 4727 4097
f 4203 5002 5493
f 4203 5493 4913
f 4782 4760 5542
f 5299 4676 5298
f 4984 5026 4870
f 5163 5004 4832
f 5004 5343 4098
f 4986 4783 5026
f 4986 4927 4926
f 5112 4784 4762
f 4526 4987 4928
f 4800 4872 4969
f 4682 4950 5187
f 4950 4935 5050
f 5010 4875 5029
f 4951 5053 4749
f 4749 4904 4951
f 4791 5055 4837
f 4791 4860 5055
f 4860 4916 4976
f 4992 4861 5061
f 4977 4978 4882
f 4905 4938 4954
f 4839 5062 4840
f 4435 5037 4477
f 4592 5018 5040
f 4994 4957 4821
f 4808 4822 5067
f 4822 4919 5067
f 5066 4998 4889
f 4961 4959 4962
f 5128 4908 4921
f 4893 5022 4962
f 4847 5086 4922
f 4942 4941 5001
f 5001 4893 4942
f 4943 4827 5043
f 5043 4894 4943
f 4707 5159 5072
f 4707 5072 5091
f 4690 5160 6123
f 4781 4983 4967
f 4710 5134 4239
f 4098 5343 4799
f 4785 5112 4762
f 4900 5046 4730
f 4901 5222 4969
f 4969 4872 4901
f 4987 5186 4928
f 4856 4800 5459
f 4856 5459 4948
f 4816 5076 4972
f 4816 4874 5076
f 4915 5010 4973
f 4835 4989 4935
f 4915 4974 4789
f 4915 4973 4974
f 4835 4836 4989
f 4836 4975 5116
f 4789 4974 4990
f 4749 5053 4991
f 5036 4917 4954
f 4819 5226 4842
f 4434 5016 4717
f 5016 4979 4717
f 5064 5288 4844
f 4592 5040 5124
f 5124 5038 4592
f 4807 5019 4980
f 4807 4981 5019
f 4793 5041 5107
f 5107 4720 4793
f 5173 4720 5107
f 4720 5173 4889
f 4907 4959 5021
f 5176 4919 5178
f 4919 4960 5178
f 5109 4911 5000
f 4999 5131 4964
f 4896 4945 5090
f 5073 4797 5024
f 4831 4797 5073
f 5073 4796 4831
f 4899 5092 4265
f 5542 5002 4782
f 4760 4252 5045
f 4252 5095 5045
f 4900 4927 5046
f 4968 4730 5097
f 5007 5009 4932
f 4836 5116 4989
f 4750 5052 5030
f 4952 5032 5011
f 4977 4953 5034
f 5034 5013 4977
f 4976 4916 5014
f 4977 5013 4978
f 5078 5062 4804
f 4916 4917 5014
f 5014 4917 5036
f 4882 4978 4993
f 5144 4884 4939
f 4885 4887 5191
f 4434 5469 5016
f 4994 5042 4957
f 4889 5173 5020
f 4889 5020 5066
f 4940 4907 5021
f 4997 5082 5083
f 5068 4910 5085
f 4963 4999 4912
f 4898 4867 5158
f 5158 4867 5071
f 5320 4796 5073
f 5542 4760 5045
f 4710 4985 5342
f 4067 5164 5322
f 4986 5026 5096
f 4763 4799 5345
f 5027 5222 4929
f 4970 5047 4711
f 4678 4930 5325
f 4874 5187 5076
f 4988 4950 5165
f 4950 5050 5165
f 4935 4989 5050
f 4973 5051 4974
f 4750 5030 5032
f 4952 4750 5032
f 4951 4878 4937
f 5056 5012 4992
f 5055 4860 4976
f 4955 5254 5015
f 4434 4884 5469
f 5037 4820 5313
f 5256 5104 4478
f 4957 5042 4792
f 5065 4994 4821
f 5041 5106 5107
f 5065 4821 4995
f 4998 5066 5084
f 4919 5176 5067
f 5084 4921 4701
f 5179 4961 4962
f 4982 5129 4963
f 5085 4908 5128
f 4911 5109 4920
f 4922 5180 5000
f 4922 5086 5180
f 5001 5155 4893
f 4941 5133 5001
f 5132 4827 4849
f 4965 5133 4941
f 5270 4896 5090
f 4898 5089 4866
f 5110 4796 5320
f 4709 4613 5219
f 5162 5095 5134
f 5093 4067 5322
f 4730 5046 5097
f 5279 4948 5113
f 4815 4971 5028
f 5375 4933 4932
f 4990 4974 5099
f 4903 4991 4975
f 5031 5053 4951
f 5030 5140 5032
f 4951 4937 5031
f 4937 5054 5031
f 4937 4879 5054
f 5033 5012 5057
f 4953 5012 5033
f 4837 5055 5058
f 5035 5055 4976
f 5056 4992 5061
f 4976 5014 5035
f 4754 4882 4993
f 4939 4754 4993
f 4906 5254 4955
f 4688 5063 4887
f 4688 5145 5063
f 5018 5017 5146
f 5082 5201 5083
f 5021 4959 5177
f 4959 4961 5177
f 5181 4910 5068
f 4910 5182 4703
f 5155 5022 4893
f 4827 5132 5043
f 4832 5025 5163
f 5300 5026 4984
f 5343 5345 4799
f 5111 4784 5135
f 5112 4785 5248
f 5457 4691 4928
f 5325 4930 5324
f 5113 4948 5459
f 4857 4931 5048
f 4948 5279 5006
f 5279 5137 5006
f 5006 5137 5007
f 4931 4815 5048
f 5375 4932 5009
f 4936 5348 4859
f 4974 5051 5099
f 4990 5099 5139
f 4990 5139 5077
f 5057 5012 5056
f 5059 5033 5057
f 4953 5033 5034
f 5060 5057 5056
f 5059 5057 5034
f 5060 5013 5034
f 5060 5034 5057
f 4978 5013 5169
f 4938 4885 5119
f 5039 4845 5104
f 4806 5123 5017
f 5018 5146 5040
f 4806 4792 5123
f 5042 5081 4792
f 5105 5042 4994
f 5148 5147 4844
f 5105 4994 5065
f 5125 5066 5020
f 4921 5084 5152
f 4963 5130 4999
f 4964 5131 5087
f 4703 5182 4849
f 5001 5133 5183
f 5001 5183 5155
f 5043 5132 5244
f 5244 4894 5043
f 4945 5246 5090
f 4097 4582 5273
f 5273 5161 4097
f 4869 5218 5071
f 5044 4709 5219
f 5706 4303 5093
f 5026 5300 5096
f 5323 5135 4784
f 5323 4784 5112
f 4929 4968 5027
f 5251 4970 4855
f 4680 5555 4801
f 5165 5050 5114
f 4975 4991 5166
f 5306 5058 5055
f 5056 5141 5059
f 5059 5141 5033
f 5033 5141 5034
f 5059 5079 5060
f 5056 5059 5060
f 5079 5059 5034
f 5079 5034 5141
f 5102 5056 5168
f 5056 5061 5168
f 5013 5060 5079
f 5079 5169 5013
f 5169 5330 4978
f 5330 4993 4978
f 5061 5015 5310
f 5143 5036 4954
f 5015 5254 5310
f 5103 4939 4993
f 4954 4938 5119
f 5103 5144 4939
f 5144 5285 4884
f 5063 5145 5287
f 5038 5124 5387
f 4888 5039 4846
f 5042 5105 5081
f 4995 5108 5065
f 5149 4981 4808
f 5020 5173 5125
f 4808 5067 5149
f 4940 5021 5126
f 4920 5109 5203
f 5109 5000 5208
f 5000 5180 5208
f 5181 5182 4910
f 4965 4850 5213
f 5218 4651 5510
f 4983 4966 5509
f 4967 4983 5509
f 4899 5074 5092
f 5004 5163 5343
f 5513 5345 5343
f 4986 5096 5301
f 4986 5301 5274
f 4986 5274 4927
f 4854 4711 5047
f 5075 5459 4800
f 5008 5007 5137
f 4971 5098 5028
f 5098 4971 4788
f 4788 4972 5138
f 5053 5031 5100
f 5054 5101 5031
f 5054 5305 5101
f 5306 5055 5167
f 5035 5167 5055
f 5167 5035 5080
f 5035 5014 5080
f 5061 5310 5168
f 5014 5036 5143
f 5119 5118 4954
f 4842 5226 4918
f 5122 5256 4478
f 5146 5290 5040
f 5172 5019 4981
f 4921 5152 5128
f 4960 4920 5178
f 4963 5129 5130
f 5131 4999 5130
f 4849 5182 5241
f 4964 5087 4923
f 5132 5271 5244
f 4850 4895 5243
f 4894 5244 5215
f 4829 4894 5215
f 4865 4829 5216
f 5216 4829 5215
f 4944 5157 4895
f 4944 5245 5157
f 4779 4865 5216
f 5023 4779 5216
f 5367 4830 5023
f 4866 5089 5340
f 5340 5088 4866
f 5089 4898 5158
f 5342 4985 5221
f 4985 5111 5221
f 5323 5112 5275
f 5251 4855 5005
f 5278 5005 4857
f 5009 5007 5008
f 5138 5098 4788
f 4950 4988 5187
f 4989 5114 5050
f 5114 4989 5115
f 5116 5115 4989
f 5116 4975 5166
f 5052 4876 5189
f 5052 5189 5224
f 5030 5052 5224
f 5030 5224 5140
f 5141 5056 5117
f 4993 5381 5103
f 4954 5118 5143
f 5103 5225 5144
f 5170 4886 5120
f 4477 5037 5120
f 5120 4886 4477
f 5017 5123 5146
f 5288 5148 4844
f 4792 5081 5123
f 4981 5149 5172
f 4958 5150 4996
f 5149 5067 5174
f 5066 5127 5084
f 5174 5067 5176
f 5201 4982 5083
f 5084 5151 5152
f 5152 5153 5128
f 5179 4962 5154
f 5128 5153 5085
f 4962 5022 5154
f 4965 5213 5133
f 4895 5157 5243
f 5159 4924 5368
f 5367 5369 4830
f 4367 4780 5321
f 4367 5321 4613
f 5074 5371 5092
f 4927 5247 5046
f 5222 5498 4969
f 4969 5498 5075
f 4969 5075 4800
f 5346 4857 5048
f 5555 4680 4683
f 4972 5076 5138
f 4766 4934 5029
f 5188 4503 5532
f 5166 4991 5463
f 5253 5140 5224
f 5056 5102 5117
f 5536 5078 5058
f 5190 5079 5141
f 5379 5102 5168
f 5079 5142 5169
f 5080 5014 5143
f 5078 5380 5062
f 5330 5381 4993
f 5143 5118 5119
f 5255 4906 5170
f 5285 5469 4884
f 4820 4980 5313
f 5064 5312 5288
f 5124 5040 5291
f 4980 5019 5171
f 5041 4846 5106
f 4958 5148 5150
f 5147 5148 4958
f 4940 5126 4995
f 4995 5126 5108
f 4996 5150 5175
f 4996 5175 5082
f 5125 5127 5066
f 5127 5151 5084
f 4982 5201 5129
f 4920 5203 5178
f 5085 5153 5068
f 4847 5156 5086
f 5241 5132 4849
f 4303 5706 4582
f 5370 4868 5091
f 5093 5616 5706
f 4265 5092 5540
f 5540 4651 4265
f 5372 5134 4710
f 4710 5342 5372
f 5162 5220 5095
f 5300 5374 5096
f 5274 5247 4927
f 4763 5345 4871
f 5097 5277 4968
f 5277 5097 5302
f 5276 4854 5250
f 4854 5047 5250
f 5530 5009 5008
f 5421 5098 5138
f 5532 5545 6130
f 5280 4973 5010
f 5348 4936 5188
f 5461 5099 5051
f 5116 5166 5223
f 4991 5252 5463
f 5189 4876 5077
f 4991 5053 5252
f 5053 5100 5252
f 5141 5117 5190
f 5079 5190 5142
f 5308 5167 5080
f 5080 5143 5331
f 5144 5225 5285
f 5170 5120 5286
f 5121 5312 5064
f 5145 4956 5287
f 4980 5171 5313
f 5146 5123 5290
f 5082 5175 5201
f 5177 4961 5179
f 5201 5130 5129
f 5022 5155 5211
f 5211 5155 5184
f 5155 5183 5184
f 5213 5184 5133
f 4850 5242 5213
f 4850 5243 5242
f 5089 5411 5340
f 5089 5217 5411
f 5089 5158 5217
f 5072 5370 5091
f 4913 5493 5561
f 4913 5561 4925
f 4853 5979 5025
f 5161 5371 5094
f 5074 5094 5371
f 5045 5095 5220
f 5093 5322 5616
f 4946 5344 5164
f 5275 5112 5248
f 5186 5457 4928
f 4970 5251 5047
f 5010 5029 5280
f 5116 5223 5115
f 5349 5223 5166
f 5140 5253 5350
f 5140 5350 5032
f 5054 4879 5305
f 5536 5058 5306
f 5167 5308 5353
f 5379 5168 5310
f 5380 5425 5062
f 5254 4906 5255
f 5121 4918 5227
f 5333 4979 5016
f 5287 5384 5063
f 5192 4956 4843
f 4843 5038 5192
f 5081 5290 5123
f 5081 5105 5290
f 5193 5290 5105
f 5105 5065 5193
f 5196 5172 5149
f 5107 5106 5231
f 5173 5107 5200
f 5107 5231 5200
f 5149 5174 5196
f 5173 5127 5125
f 5173 5200 5127
f 5150 5194 5175
f 5200 5151 5127
f 5195 5194 5150
f 5200 5205 5151
f 5126 5021 5108
f 5174 5197 5196
f 5021 5177 5108
f 5194 5199 5175
f 5175 5199 5201
f 5176 5197 5174
f 5177 5198 5108
f 5195 5199 5194
f 5177 5179 5198
f 5176 5178 5197
f 5151 5205 5152
f 5179 5204 5198
f 5206 5196 5197
f 5195 5209 5199
f 5235 5209 5195
f 5197 5178 5203
f 5202 5205 5200
f 5197 5203 5206
f 5152 5205 5153
f 5205 5207 5153
f 5202 5207 5205
f 5179 5154 5204
f 5203 5208 5206
f 5199 5130 5201
f 5210 5196 5206
f 5203 5109 5208
f 5199 5131 5130
f 5209 5131 5199
f 5153 5207 5068
f 5180 5210 5206
f 5208 5180 5206
f 5068 5207 5181
f 5211 5204 5154
f 5180 5086 5210
f 5154 5022 5211
f 5209 5087 5131
f 5209 5212 5087
f 5207 5182 5181
f 5086 5156 5210
f 5156 5240 5210
f 5184 5213 5242
f 5132 5241 5271
f 5184 5183 5133
f 5069 5368 4924
f 5072 5159 5368
f 4582 5707 5273
f 4925 5561 5297
f 5418 5320 5073
f 4780 5492 5321
f 5342 5221 5481
f 5096 5374 5301
f 5494 5111 5495
f 5111 5135 5495
f 5097 5046 5302
f 5248 5276 5249
f 4968 5277 5027
f 5115 5326 5114
f 5327 5051 4973
f 5461 5051 5327
f 5011 5304 4879
f 5190 5117 5424
f 5190 5424 5465
f 5309 5078 5536
f 5424 5484 5465
f 5331 5308 5080
f 5103 5282 5225
f 4887 5063 5191
f 4918 5226 5227
f 5124 5291 5387
f 5039 5104 5436
f 5039 5436 4846
f 5292 5229 5106
f 5150 5148 5260
f 5172 5196 5230
f 5106 5229 5231
f 5232 5200 5231
f 5065 5108 5193
f 5108 5233 5193
f 5195 5150 5260
f 5232 5265 5200
f 5237 5230 5196
f 5108 5198 5233
f 5260 5235 5195
f 5233 5198 5234
f 5200 5265 5202
f 5265 5236 5202
f 5198 5204 5234
f 5234 5204 5238
f 5212 5209 5235
f 5210 5237 5196
f 5240 5237 5210
f 5202 5236 5207
f 5238 5204 5211
f 5211 5184 5239
f 5182 5236 5319
f 5207 5236 5182
f 5184 5242 5239
f 5156 5214 5240
f 5182 5319 5271
f 5182 5271 5241
f 5087 5364 4923
f 5090 5413 5270
f 4923 5364 5069
f 5215 5339 5216
f 5216 5339 5023
f 5090 5246 5413
f 4852 5369 5415
f 4852 5415 5491
f 5604 4966 5524
f 5644 5024 4813
f 4966 5604 5509
f 4651 5540 5510
f 4967 5575 4781
f 4613 5321 5219
f 5092 5371 5511
f 5135 5323 5495
f 5027 5277 5419
f 5458 5250 5047
f 5222 5420 5498
f 5251 5458 5047
f 4857 5346 5278
f 5048 5544 5346
f 5544 5048 4815
f 5327 4973 5280
f 5166 5463 5349
f 5303 5224 5189
f 5224 5303 5253
f 5101 5100 5031
f 5304 5011 5032
f 5306 5167 5353
f 5142 5329 5169
f 5169 5329 5330
f 5103 5381 5282
f 5119 5355 5143
f 5382 4819 4840
f 5225 5282 5285
f 5119 4885 5523
f 5523 4885 5191
f 5469 5333 5016
f 5332 5191 5063
f 5063 5384 5332
f 5121 5227 5312
f 4979 5333 5228
f 4956 5385 5287
f 4956 5192 5385
f 5104 5256 5289
f 5104 5289 5436
f 5172 5230 5258
f 5262 5229 5261
f 5231 5229 5262
f 5193 5233 5263
f 5232 5231 5265
f 5258 5230 5294
f 5257 5193 5259
f 5259 5193 5263
f 5230 5237 5294
f 5293 5262 5261
f 5263 5233 5234
f 5231 5262 5264
f 5265 5231 5264
f 5315 5235 5260
f 5262 5293 5264
f 5267 5263 5234
f 5259 5263 5267
f 5264 5293 5266
f 5267 5234 5239
f 5265 5264 5266
f 5265 5266 5236
f 5259 5267 5318
f 5239 5234 5238
f 5266 5293 5268
f 5212 5235 5315
f 5294 5237 5269
f 5237 5240 5269
f 5238 5211 5239
f 5266 5268 5319
f 5236 5266 5319
f 5296 5239 5242
f 5267 5239 5296
f 5296 5318 5267
f 5364 5087 5212
f 5214 5269 5240
f 5296 5242 5243
f 4813 5602 5644
f 5370 5070 4868
f 5297 5272 4925
f 4780 5480 5492
f 5542 5045 5692
f 5134 5372 5162
f 5045 5220 5692
f 5494 5221 5111
f 4691 5457 5136
f 5046 5247 5302
f 5275 5248 5249
f 5496 5276 5250
f 5324 4763 4871
f 5027 5420 5222
f 5498 5499 5075
f 4933 5501 4949
f 4934 5422 5029
f 5115 5328 5326
f 5115 5223 5328
f 5189 5077 5483
f 4879 5304 5305
f 5117 5102 5281
f 5190 5465 5142
f 5078 5309 5380
f 5379 5310 5552
f 5283 5310 5254
f 5255 5354 5254
f 5254 5354 5283
f 5062 5284 4840
f 5311 5285 5282
f 5284 5382 4840
f 5228 5333 5429
f 5228 5429 5122
f 5256 5122 5334
f 5256 5334 5289
f 5040 5290 5388
f 5040 5388 5291
f 5258 5171 5019
f 5106 5436 5292
f 5436 5106 4846
f 5193 5388 5290
f 5257 5388 5193
f 5148 5288 5260
f 5172 5258 5019
f 5229 5292 5261
f 5257 5259 5314
f 5314 5259 5317
f 5259 5318 5317
f 5212 5295 5364
f 5270 5269 5214
f 5243 5366 5296
f 5244 5408 5215
f 5157 5410 5243
f 5157 5245 5410
f 5245 5088 5340
f 5023 5339 5367
f 5158 5456 5217
f 5158 5071 5417
f 5092 5738 5540
f 4984 4914 5341
f 4984 5341 5300
f 5027 5419 5420
f 5460 4678 5325
f 5584 5098 5421
f 4949 5422 4858
f 4934 4858 5422
f 5376 5280 5029
f 5139 5377 5077
f 5303 5483 5253
f 5304 5032 5350
f 5117 5281 5424
f 5306 5353 5307
f 5143 5355 5331
f 5255 5170 5427
f 5170 5286 5427
f 5287 5385 5384
f 5122 5429 5334
f 5192 5038 5387
f 5171 5258 5356
f 5257 5314 5388
f 5292 5357 5261
f 5356 5258 5294
f 5261 5357 5293
f 5315 5361 5212
f 5268 5293 5337
f 5317 5318 5338
f 5212 5361 5295
f 5296 5338 5318
f 5269 5270 5362
f 5338 5296 5366
f 5244 5365 5408
f 5243 5410 5366
f 5408 5339 5215
f 5455 5246 5110
f 5368 5416 5072
f 4853 6123 5979
f 4946 5185 5344
f 5460 5049 4678
f 4815 5028 5544
f 5076 5347 5138
f 5165 5114 5326
f 5099 5461 5462
f 5099 5462 5139
f 5303 5189 5483
f 5100 5101 5351
f 5101 5305 5464
f 5101 5464 5351
f 5464 5304 5352
f 5304 5464 5305
f 5281 5102 5379
f 5378 5308 5331
f 5311 5486 5285
f 5523 5355 5119
f 5354 5255 5427
f 5382 5226 4819
f 5260 5335 5315
f 5314 5317 5336
f 5293 5357 5316
f 5317 5338 5336
f 5293 5316 5337
f 5319 5268 5337
f 5337 5363 5319
f 5271 5319 5363
f 5365 5271 5363
f 5365 5244 5271
f 5455 5110 5320
f 5073 5024 5418
f 5003 5575 5576
f 5163 5513 5343
f 5274 5514 5247
f 5513 5606 5345
f 5323 5275 5710
f 5482 5302 5247
f 5515 5277 5302
f 5250 5516 5496
f 5420 5419 5631
f 5250 5458 5516
f 5631 5497 5420
f 5028 5098 5583
f 5501 4933 5375
f 5076 5187 5347
f 4988 5547 5187
f 4988 5165 5547
f 5547 5165 5502
f 5165 5326 5502
f 5327 5423 5461
f 5377 5483 5077
f 5463 5252 5557
f 5557 5252 5534
f 5252 5100 5534
f 5304 5350 5352
f 5307 5536 5306
f 5465 5329 5142
f 5329 5381 5330
f 5311 5282 5381
f 5062 5425 5284
f 5355 5523 5426
f 5313 5383 5037
f 5192 5387 5385
f 5387 5291 5388
f 5288 5432 5335
f 5260 5288 5335
f 5292 5394 5357
f 5388 5314 5391
f 5394 5316 5357
f 5314 5336 5391
f 5335 5440 5315
f 5356 5294 5358
f 5315 5440 5361
f 5391 5336 5360
f 5358 5294 5362
f 5294 5269 5362
f 5338 5406 5360
f 5360 5336 5338
f 5359 5337 5316
f 5270 5413 5407
f 5245 5340 5410
f 5364 5368 5069
f 5246 5455 5413
f 5072 5416 5370
f 5297 5561 5562
f 5025 6009 5163
f 5162 5373 5220
f 5373 5162 5372
f 4914 5299 5626
f 5527 5374 5300
f 5481 5221 5494
f 5247 5514 5482
f 5345 5606 4871
f 5496 5249 5276
f 5277 5515 5419
f 5458 5251 5543
f 5701 5251 5005
f 5075 5499 5459
f 5701 5005 5278
f 5346 5500 5278
f 5187 5649 5347
f 5029 5422 5376
f 5139 5462 5503
f 5139 5503 5377
f 5534 5100 5351
f 5558 5350 5253
f 5329 5465 5537
f 5353 5308 5378
f 5537 5485 5329
f 5329 5485 5381
f 5378 5331 5467
f 5331 5355 5468
f 5331 5468 5467
f 5485 5311 5381
f 5485 5486 5311
f 5354 5427 5283
f 5486 5538 5285
f 5538 5469 5285
f 5286 5120 5470
f 5120 5037 5470
f 5227 5226 5430
f 5386 5332 5384
f 5430 5312 5227
f 5430 5432 5312
f 5429 5431 5334
f 5385 5387 5384
f 5387 5386 5384
f 5312 5432 5288
f 5390 5386 5388
f 5387 5388 5386
f 5289 5334 5431
f 5289 5431 5436
f 5356 5489 5171
f 5436 5395 5292
f 5392 5395 5436
f 5388 5389 5390
f 5391 5389 5388
f 5395 5394 5292
f 5395 5396 5394
f 5389 5393 5390
f 5392 5398 5395
f 5398 5392 5445
f 5446 5390 5393
f 5389 5400 5393
f 5391 5360 5389
f 5360 5400 5389
f 5394 5396 5316
f 5397 5446 5393
f 5400 5397 5393
f 5316 5396 5359
f 5395 5402 5396
f 5398 5402 5395
f 5399 5398 5445
f 5361 5440 5401
f 5360 5406 5400
f 5398 5405 5402
f 5405 5398 5399
f 5404 5446 5397
f 5403 5404 5397
f 5400 5403 5397
f 5402 5359 5396
f 5337 5359 5363
f 5361 5401 5295
f 5365 5363 5359
f 5402 5365 5359
f 5400 5406 5403
f 5405 5399 5402
f 5399 5365 5402
f 5401 5364 5295
f 5270 5407 5362
f 5406 5366 5403
f 5366 5404 5403
f 5338 5366 5406
f 5404 5366 5409
f 5366 5410 5409
f 5365 5412 5408
f 5410 5340 5409
f 5408 5412 5339
f 5340 5411 5409
f 5339 5412 5367
f 5369 5367 5415
f 5158 5417 5456
f 4582 5706 5707
f 5071 5218 5417
f 5344 5185 5645
f 5185 4947 5645
f 5323 5710 5495
f 5302 5482 5515
f 5517 5458 5674
f 5324 5675 5325
f 5544 5028 5583
f 5280 5423 5327
f 5504 5534 5351
f 5464 5505 5351
f 5352 5550 5464
f 5611 5424 5281
f 5281 5379 5535
f 5353 5378 5466
f 5466 5378 5467
f 5355 5426 5468
f 5037 5383 5470
f 5471 5191 5332
f 5430 5226 5428
f 5429 5333 5472
f 5386 5471 5332
f 5472 5431 5429
f 5433 5431 5472
f 5386 5390 5434
f 5435 5386 5434
f 5433 5436 5431
f 5432 5473 5335
f 5433 5474 5437
f 5436 5433 5437
f 5439 5441 5474
f 5437 5474 5441
f 5392 5436 5437
f 5392 5437 5445
f 5437 5441 5444
f 5435 5434 5443
f 5335 5473 5440
f 5434 5446 5443
f 5390 5446 5434
f 5442 5441 5439
f 5358 5489 5356
f 5444 5441 5447
f 5447 5441 5442
f 5437 5444 5445
f 5476 5440 5473
f 5435 5451 5623
f 5435 5443 5451
f 5453 5623 5451
f 5614 5489 5358
f 5445 5444 5399
f 5401 5440 5476
f 5444 5450 5399
f 5446 5404 5448
f 5443 5446 5448
f 5451 5443 5448
f 5449 5447 5442
f 5452 5447 5449
f 5444 5447 5450
f 5450 5447 5452
f 5358 5362 5614
f 5477 5401 5476
f 5490 5614 5362
f 5401 5477 5364
f 5490 5362 5407
f 5450 5452 5454
f 5454 5452 5479
f 5399 5450 5454
f 5451 5448 5453
f 5454 5479 5365
f 5399 5454 5365
f 5409 5448 5404
f 5453 5448 5409
f 5365 5479 5412
f 5455 5643 5413
f 5217 5456 5411
f 5367 5412 5415
f 5415 5412 5479
f 5765 5524 5070
f 4967 5699 5575
f 5979 6009 5025
f 5575 5699 5576
f 4914 5626 5341
f 5249 5496 5595
f 5518 5498 5420
f 5498 5518 5499
f 5519 5009 5530
f 5519 5375 5009
f 5531 5584 5421
f 5421 5138 5347
f 4949 5585 5422
f 5328 5556 5326
f 5253 5599 5558
f 5505 5521 5351
f 5536 5307 5588
f 5535 5379 5552
f 5552 5310 5283
f 5506 5467 5468
f 5426 5506 5468
f 5226 5382 5428
f 5382 5507 5428
f 5473 5430 5428
f 5383 5313 5171
f 5488 5383 5171
f 5471 5386 5438
f 5430 5473 5432
f 5386 5435 5438
f 5488 5171 5489
f 5474 5539 5439
f 5539 5475 5439
f 5439 5475 5442
f 5438 5435 5623
f 5475 5508 5442
f 5442 5508 5449
f 5478 5623 5453
f 5449 5508 5452
f 5479 5452 5508
f 5453 5409 5478
f 5364 5477 5416
f 5490 5407 5643
f 5364 5416 5368
f 5407 5413 5643
f 5478 5411 5456
f 5409 5411 5478
f 5541 5526 5044
f 5092 5511 5738
f 5299 5867 5626
f 5867 5299 5298
f 5342 5481 5682
f 5300 5341 5554
f 5554 5527 5300
f 5275 5249 5595
f 5515 5482 5594
f 5516 5458 5517
f 5420 5497 5518
f 5459 5499 5528
f 5113 5459 5528
f 5278 5500 5529
f 5346 5544 5808
f 5187 5547 5649
f 5461 5423 5462
f 5549 5377 5503
f 5463 5565 5349
f 5377 5608 5483
f 5281 5535 5611
f 5307 5353 5522
f 5353 5466 5522
f 5380 5653 5425
f 5333 5469 5472
f 5470 5383 5488
f 5488 5286 5470
f 5474 5472 5469
f 5539 5474 5469
f 5472 5474 5433
f 5477 5603 5416
f 5301 5374 5512
f 5301 5512 5274
f 5008 5632 5530
f 5375 5519 5596
f 5375 5596 5501
f 5501 5596 5585
f 5531 5421 5347
f 5501 5585 4949
f 5280 5563 5423
f 5328 5223 5703
f 5520 5462 5423
f 5464 5550 5505
f 5350 5732 5352
f 5559 5380 5309
f 5537 5560 5485
f 5380 5601 5653
f 5568 5486 5485
f 5571 5426 5523
f 5571 5506 5426
f 5538 5486 5487
f 5427 5286 5572
f 5507 5473 5428
f 5488 5489 5614
f 5539 5813 5475
f 5476 5671 5477
f 5623 5478 5624
f 5479 5690 5415
f 5455 5320 5643
f 5417 5218 5525
f 5044 5219 5541
f 5372 5342 5682
f 5274 5512 5629
f 5274 5629 5514
f 5675 5324 4871
f 5543 5251 5701
f 5529 5701 5278
f 5113 5581 5279
f 5137 5632 5008
f 5632 5137 5582
f 5326 5556 5548
f 5520 5503 5462
f 5557 5565 5463
f 5309 5536 5559
f 5425 5653 5284
f 5427 5639 5283
f 5523 5191 5734
f 5614 5490 5573
f 5624 5478 5456
f 5416 5603 5625
f 5370 5416 5625
f 5415 5690 5491
f 5591 5272 5297
f 5491 5690 5480
f 5542 5692 5592
f 5220 5373 5692
f 5374 5527 5512
f 5724 4947 5136
f 5629 5607 5514
f 5419 5515 5631
f 5458 5543 5674
f 5113 5528 5581
f 5529 5500 5727
f 5279 5581 5137
f 5346 5808 5500
f 5585 5546 5422
f 5564 5520 5423
f 5533 5520 5564
f 5349 5586 5223
f 5549 5608 5377
f 5483 5608 5566
f 5483 5566 5253
f 5351 5521 5504
f 5424 5611 5619
f 5619 5484 5424
f 5484 5551 5465
f 5551 5537 5465
f 5559 5536 5637
f 5466 5467 5567
f 5569 5486 5568
f 5639 5638 5283
f 5569 5487 5486
f 5571 5523 5734
f 5622 5427 5572
f 5473 5507 5476
f 5507 5671 5476
f 5475 5615 5508
f 5671 5603 5477
f 5573 5490 5643
f 5765 5070 5370
f 5625 5765 5370
f 5591 5297 5562
f 5592 5002 5542
f 5554 5593 5527
f 5322 5164 5683
f 5823 5527 5593
f 5983 5513 5163
f 5164 5344 5683
f 5709 5606 5513
f 5645 4947 5724
f 5845 5724 5136
f 5457 5686 5136
f 5594 5579 5515
f 5702 5049 5460
f 5347 5617 5531
f 5548 5502 5326
f 5423 5563 5564
f 5557 5534 5504
f 5732 5350 5558
f 5307 5522 5588
f 5535 5552 5600
f 5380 5559 5601
f 5553 5507 5382
f 5471 5590 5191
f 5475 5721 5615
f 5480 5574 5492
f 5218 5510 5525
f 5002 5592 5605
f 5002 5605 5493
f 5736 5320 5418
f 5219 5805 5541
f 5692 5373 5657
f 5512 5527 5646
f 5512 5646 5629
f 5514 5607 5482
f 5275 5595 5685
f 5515 5579 5631
f 4987 4801 5580
f 5519 5530 5632
f 5098 5584 5583
f 5546 5376 5422
f 5280 5376 5563
f 5503 5520 5549
f 5188 5532 5955
f 5598 5618 5549
f 5349 5565 5586
f 5551 5484 5619
f 5536 5588 5637
f 5551 5621 5537
f 5522 5466 5567
f 5537 5621 5560
f 5485 5560 5568
f 5508 5615 5479
f 5615 5690 5479
f 5321 5492 5737
f 5219 5321 5805
f 5513 5983 5709
f 5495 5710 5739
f 5136 5686 5845
f 5727 5500 5808
f 5598 5549 5520
f 5348 5188 6067
f 5557 5504 5609
f 5566 5599 5253
f 5600 5552 5650
f 5567 5467 5665
f 5506 5570 5467
f 5506 5571 5570
f 5382 5284 5553
f 5427 5622 5639
f 5538 5813 5469
f 5286 5488 5613
f 5613 5488 5775
f 5488 5614 5775
f 5480 5690 5574
f 5492 5574 5681
f 5321 5737 5805
f 5160 5526 5541
f 5577 5003 5576
f 5003 5577 5298
f 5577 5578 5298
f 5372 5682 5948
f 5578 5867 5298
f 5527 5823 5646
f 5739 5494 5495
f 5629 5824 5607
f 5482 5607 5594
f 5516 5893 5496
f 5516 5781 5893
f 5781 5516 5517
f 5518 5783 5499
f 5581 5582 5137
f 5049 5702 5545
f 5347 5649 5617
f 5223 5586 5703
f 5533 5598 5520
f 5557 5609 5565
f 5609 5504 5636
f 5504 5521 5636
f 5505 5587 5521
f 5535 5600 5611
f 5589 5551 5619
f 5588 5522 5620
f 5637 5733 5559
f 5589 5621 5551
f 5567 5620 5522
f 5487 5569 5640
f 5734 5191 5590
f 5471 5438 5590
f 5623 5624 5720
f 5524 5765 6008
f 6008 5604 5524
f 5372 5948 5373
f 5628 5481 5494
f 5275 5685 5710
f 5685 5595 5647
f 4871 5606 5694
f 5545 5702 5648
f 5376 5546 5743
f 5547 5502 5713
f 5743 5563 5376
f 5597 5556 5328
f 5597 5328 5703
f 5618 5608 5549
f 5621 5651 5560
f 5665 5467 5570
f 5487 5640 5538
f 5469 5813 5539
f 5161 5723 5371
f 5616 5322 5806
f 5322 5683 5806
f 5344 5645 5683
f 5628 5494 5739
f 5457 5186 5686
f 5517 5700 5781
f 5700 5517 5674
f 5701 5529 5757
f 6104 5529 5727
f 5555 5580 4801
f 5869 5580 5555
f 5585 5730 5546
f 5648 6130 5545
f 5953 4683 4859
f 5533 5564 5659
f 5533 5659 5598
f 5566 5610 5599
f 5636 5521 5587
f 5650 5552 5612
f 5552 5283 5638
f 5560 5652 5568
f 5652 5569 5568
f 5641 5570 5571
f 5571 5734 5641
f 5284 5653 5553
f 5572 5286 5613
f 5602 5414 5866
f 5866 5644 5602
f 5625 5603 5821
f 5579 5594 5673
f 5496 5893 5595
f 5595 5893 5647
f 5631 5579 5756
f 5632 5582 5668
f 5544 5583 5808
f 5808 5583 5729
f 5634 5584 5531
f 5547 5713 5649
f 5556 5597 5548
f 4859 5348 5953
f 5635 5608 5618
f 5611 5600 5687
f 5611 5687 5619
f 5589 5662 5621
f 5664 5620 5567
f 5733 5718 5559
f 5559 5718 5601
f 5612 5552 5638
f 5652 5560 5651
f 5569 5654 5640
f 5640 5642 5538
f 5813 5721 5475
f 5456 5417 5822
f 5644 5866 5843
f 5492 5681 5737
f 5373 5627 5657
f 5460 5325 5675
f 5582 5758 5668
f 5583 5584 5729
f 5596 5519 5633
f 5596 5633 5585
f 5531 5617 5634
f 5598 5659 5744
f 5760 5566 5608
f 5609 5636 5714
f 5870 5732 5558
f 5505 5669 5587
f 5505 5550 5669
f 5661 5637 5588
f 5588 5620 5661
f 5654 5642 5640
f 5641 5734 5679
f 5538 5642 5813
f 5721 5754 5615
f 5272 5591 5844
f 5683 5645 5684
f 5824 5630 5607
f 5757 5529 6104
f 5581 5528 5742
f 6013 5519 5632
f 6017 5870 5558
f 5662 5663 5621
f 5663 5651 5621
f 5567 5665 5664
f 5569 5652 5654
f 5570 5641 5666
f 5667 5639 5572
f 5642 5654 5655
f 5639 5622 5572
f 5590 5438 5720
f 5438 5623 5720
f 5775 5614 5656
f 5656 5614 5697
f 5764 5573 5722
f 5573 5643 5722
f 5615 5801 5690
f 5821 5672 5625
f 5417 5525 5822
f 5561 5493 5924
f 5561 5924 5562
f 5024 5691 5418
f 4967 5509 5699
f 5682 5481 5658
f 5579 5673 5756
f 5741 5674 5543
f 5499 5783 5528
f 5581 5742 5582
f 5702 5460 5926
f 5585 5633 5676
f 5617 5826 5784
f 5618 5598 5744
f 5608 5635 5760
f 5714 5636 5850
f 5637 5661 5660
f 5619 5687 5715
f 5589 5619 5716
f 5619 5715 5716
f 5620 5688 5661
f 5589 5716 5662
f 5664 5688 5620
f 5679 5666 5641
f 5813 5642 5680
f 5720 5624 5752
f 5671 5800 5603
f 5562 5924 5591
f 5371 5723 5766
f 5371 5766 5511
f 5628 5658 5481
f 4871 5694 5675
f 5826 5617 5649
f 5695 5563 5743
f 5563 5695 5564
f 5352 5732 5696
f 5661 5688 5660
f 5570 5670 5665
f 5670 5570 5666
f 5689 5553 5653
f 5697 5614 5573
f 5615 5754 5801
f 5456 5822 5624
f 5643 5320 5722
f 5844 5414 5272
f 5160 5541 5698
f 5160 5698 6123
f 5591 5924 5844
f 5594 5693 5673
f 5631 5711 5497
f 5674 5741 5700
f 5460 5675 5926
f 5668 6013 5632
f 5633 5519 6013
f 5584 5634 5729
f 5634 5617 5784
f 5743 5546 5730
f 5649 5713 5847
f 5502 5548 5713
f 5548 5597 5759
f 5828 5597 5703
f 5586 5565 5677
f 5566 5760 5610
f 5587 5669 5809
f 5663 5662 5717
f 5664 5665 5678
f 5612 5638 5747
f 5651 5789 5652
f 5639 5667 5638
f 5802 5414 5844
f 5510 5945 5525
f 5755 5706 5616
f 5373 5948 5627
f 5682 5658 5779
f 5607 5693 5594
f 5186 4987 5712
f 5742 5758 5582
f 5808 5951 5727
f 5894 5634 5784
f 5597 5828 5759
f 5618 5849 5635
f 5609 5714 5565
f 5662 5746 5717
f 5663 5789 5651
f 5601 5718 5653
f 5791 5689 5653
f 5689 5719 5553
f 5553 5751 5507
f 5507 5776 5671
f 5800 5821 5603
f 5644 5691 5024
f 5690 6035 5574
f 5698 5541 5778
f 5493 5605 5981
f 5493 5981 5924
f 5511 5766 5738
f 5948 7233 5627
f 5948 5682 5779
f 5675 5694 6103
f 5676 5633 5825
f 5649 5847 5826
f 5713 5548 5759
f 5586 5745 5703
f 5745 5586 5677
f 5688 5704 5660
f 5733 5637 5660
f 5716 5746 5662
f 5688 5664 5704
f 5663 5717 5789
f 5665 5670 5773
f 5667 5747 5638
f 5792 5689 5791
f 5666 5679 5873
f 5689 5792 5719
f 5667 5572 5835
f 5697 5573 5777
f 5525 5945 5822
f 5631 5756 5711
f 5543 5701 5741
f 5668 5728 6013
f 4683 5869 5555
f 5744 5849 5618
f 5188 5955 6067
f 5565 5714 5677
f 5550 5352 5669
f 5678 5665 5773
f 5718 5748 5653
f 5705 5654 5652
f 5670 5666 5873
f 5719 5751 5553
f 5835 5572 5613
f 5842 5765 5625
f 5510 5540 5944
f 5510 5944 5945
f 5604 5804 5509
f 5541 5805 5778
f 5699 5509 5708
f 5699 5708 5576
f 5779 5658 5807
f 5647 5893 5740
f 5701 5757 5741
f 5675 6103 5926
f 5712 4987 5580
f 5634 5894 5729
f 5847 5713 6065
f 5532 6130 5955
f 5660 5704 5733
f 5789 5705 5652
f 5670 5873 5773
f 5653 5748 5791
f 5654 5749 5655
f 5667 5761 5747
f 5655 5749 5793
f 5679 5734 5750
f 5734 5590 5812
f 5813 5796 5721
f 5752 5624 5861
f 5817 5800 5671
f 5865 5690 5801
f 5414 5802 5866
f 5707 5706 5755
f 5509 5804 5708
f 5807 5658 5628
f 5780 5983 5163
f 5629 5646 5824
f 5685 5647 5740
f 5497 5711 5725
f 5725 5518 5497
f 5585 5769 5730
f 5731 5695 5743
f 5703 5745 5896
f 5714 6048 5677
f 5352 5696 5669
f 5749 5654 5705
f 5679 5750 5873
f 5836 5813 5680
f 5721 5735 5754
f 5656 5697 5763
f 5777 5573 5764
f 5418 5691 6099
f 6099 5736 5418
f 5684 5645 6040
f 5645 5724 6040
f 6104 6044 5757
f 5808 5729 5768
f 5729 5894 5768
f 5828 5848 5759
f 5744 5659 6110
f 5745 5677 6048
f 5610 5898 5599
f 5732 5870 5696
f 5716 5715 5788
f 5772 5704 5664
f 5717 5746 5789
f 5772 5664 5678
f 5733 5930 5718
f 5793 5642 5655
f 5761 5667 5835
f 5642 5852 5680
f 5656 5798 5775
f 5763 5798 5656
f 5735 5753 5754
f 5754 5820 5801
f 5644 5843 5890
f 5890 5691 5644
f 6073 5723 5161
f 5540 5738 5947
f 5341 5982 5554
f 5694 5606 5767
f 5710 5685 5868
f 5693 5607 5630
f 5518 5725 5726
f 5518 5726 5783
f 5741 5757 5782
f 5950 5528 5783
f 5950 5742 5528
f 5564 5695 5785
f 5564 5785 5659
f 5828 5703 5927
f 5610 5786 5898
f 5599 6017 5558
f 5704 5770 5733
f 5770 5930 5733
f 5788 5746 5716
f 5789 5774 5705
f 5749 5705 5774
f 5750 5734 5812
f 5719 5900 5751
f 5613 5775 5856
f 5720 5797 5795
f 5507 6027 5776
f 5720 5752 5797
f 5762 5735 5721
f 5776 5816 5671
f 5735 5762 5753
f 5816 5817 5671
f 5861 5624 5885
f 5624 5862 5885
f 5707 5755 6195
f 5707 6195 5273
f 6073 5161 5273
f 5805 5737 5946
f 6009 5780 5163
f 5925 5739 5710
f 5710 5868 5925
f 5685 5740 5868
f 5756 6012 5711
f 5700 5741 5782
f 5726 5725 5985
f 5783 6063 5950
f 5742 5950 5758
f 5743 5730 6014
f 5785 6110 5659
f 5895 5828 5927
f 5760 5635 5829
f 5714 5850 5830
f 5599 5898 6017
f 5746 5810 5771
f 5810 5746 5788
f 5746 5771 5789
f 5704 5772 5787
f 5772 5678 5790
f 5718 5930 5748
f 5678 5773 5790
f 5873 5750 5874
f 5792 5900 5719
f 5812 5590 5794
f 5590 5720 5795
f 5838 5721 5796
f 5721 5838 5815
f 5798 5763 5884
f 5721 5815 5762
f 5752 5861 5860
f 5818 5753 5762
f 5884 5763 5697
f 5799 5884 5697
f 5697 5777 5799
f 5862 5624 5920
f 5624 5822 5841
f 5320 5736 5722
f 5681 5574 6124
f 6195 6073 5273
f 5738 5766 5947
f 5592 5692 6197
f 5692 5657 6197
f 5806 5683 5892
f 6060 5683 5684
f 5684 6040 6060
f 5606 5709 5767
f 5668 5758 5728
f 6065 6078 5847
f 6047 5743 6014
f 6065 5713 5827
f 5713 5759 5827
f 5785 5695 5731
f 5600 5650 5871
f 5771 5872 5789
f 5787 5772 5790
f 5991 5873 5874
f 5761 5931 5747
f 5793 5749 5811
f 5794 5590 5795
f 5751 5855 5507
f 5857 6027 5507
f 5813 5836 5796
f 5814 5775 5798
f 5753 5818 5754
f 5799 5777 5819
f 5818 5820 5754
f 5819 5777 5764
f 5764 5863 5819
f 5841 5822 5803
f 5923 5672 5821
f 5604 6008 5804
f 5576 5708 6391
f 6391 5577 5576
f 5892 5683 6060
f 5984 5646 6141
f 5646 5984 5824
f 5756 5673 6012
f 5186 5712 6061
f 5783 5726 6063
f 6013 5825 5633
f 5769 6014 5730
f 5847 6078 5826
f 6047 5731 5743
f 5759 5954 5827
f 6015 5785 5731
f 6109 5953 5348
f 5348 6067 6109
f 5786 5610 5760
f 5587 6018 5636
f 6019 5715 5687
f 5770 5704 5831
f 5600 5871 5687
f 5715 6019 5788
f 5787 5790 5832
f 5789 5872 5774
f 5790 5773 5833
f 5834 5833 5773
f 5873 5834 5773
f 5793 5852 5642
f 5750 5812 5874
f 5751 5902 5855
f 5680 5908 5836
f 5507 5855 5857
f 5911 5815 5838
f 5762 5914 5818
f 5816 5839 5817
f 5801 5820 5887
f 5889 5801 5887
f 5801 5840 5865
f 5920 5624 5841
f 5764 5722 5863
f 5865 6035 5690
f 5625 5672 5842
f 5823 6141 5646
f 5628 5949 5807
f 5807 5949 6010
f 5808 5768 6105
f 6128 5894 5784
f 6130 5648 6046
f 5759 5848 5954
f 6048 5714 5830
f 5587 5809 6018
f 6019 5810 5788
f 5704 5787 5831
f 5872 5960 5774
f 5790 5833 5832
f 5774 5811 5749
f 5812 5794 5933
f 5854 5906 5852
f 5835 5613 5877
f 5906 5680 5852
f 5877 5613 5856
f 5878 5908 5680
f 5858 5856 5775
f 5836 5881 5796
f 5775 5814 5858
f 5797 5752 5837
f 5860 5837 5752
f 5911 5937 5815
f 5815 5937 5762
f 5820 5818 5887
f 5862 5920 6030
f 5801 5889 5840
f 5722 6007 5863
f 5840 6005 5865
f 5842 6008 5765
f 5574 6035 6059
f 5574 6059 6124
f 5822 5945 5803
f 5924 6100 5844
f 5766 6140 5947
f 5616 5806 5891
f 5554 5823 5593
f 5949 5628 5739
f 5925 5949 5739
f 6102 5709 5983
f 6040 5724 5845
f 5711 6042 5725
f 5781 5700 6127
f 5712 6398 6061
f 5784 5826 6128
f 5826 6107 6128
f 5826 6078 6107
f 5895 5848 5828
f 5896 5927 5703
f 5760 5829 5786
f 6018 5850 5636
f 5831 5956 5770
f 5956 5989 5770
f 5989 5930 5770
f 5810 5928 5872
f 5771 5810 5872
f 5787 5832 5929
f 6050 5832 5833
f 5960 5899 5774
f 5747 5931 5961
f 5811 5901 5793
f 5793 5901 5852
f 5901 5851 5852
f 5794 5875 5933
f 5835 5877 5996
f 5797 5837 5880
f 5881 5859 5796
f 5796 5859 5838
f 5838 5859 5911
f 5909 5837 5860
f 5860 5861 5883
f 5909 5860 5883
f 5914 5762 5937
f 6029 5816 5776
f 5883 5861 5915
f 5915 5861 5885
f 5799 5819 5886
f 5818 5917 5887
f 5817 5916 5800
f 5800 5916 6031
f 5626 6038 5341
f 5626 5867 6038
f 6141 5823 5554
f 5846 5693 5630
f 5711 6012 6042
f 6103 5694 5767
f 6063 5726 5986
f 6105 5951 5808
f 5585 5676 5769
f 5786 5829 5897
f 5687 5871 6019
f 6081 5810 6019
f 5787 5929 5831
f 6081 5928 5810
f 5612 5747 5961
f 5792 5791 5900
f 5852 5853 5854
f 5853 5905 5854
f 5854 5905 5906
f 5906 5878 5680
f 5876 5875 5794
f 5795 5797 5879
f 5880 5879 5797
f 5856 5858 6024
f 5999 5881 5836
f 5969 5859 5881
f 5882 5837 5909
f 5880 5837 5882
f 5814 5798 6003
f 5909 5883 5913
f 5917 5818 5914
f 5885 5862 5888
f 6030 5888 5862
f 5819 5863 5864
f 5887 5918 5889
f 5977 6005 5840
f 5722 5736 5922
f 5681 6124 6037
f 6037 5737 5681
f 5540 5980 5944
f 5778 5805 5946
f 5891 5755 5616
f 5540 5947 5980
f 5766 5723 6140
f 5341 6038 5982
f 5709 6102 5767
f 5782 5987 6145
f 5987 5782 5757
f 5951 6104 5727
f 6105 5768 6621
f 5676 5825 5952
f 5744 6110 5849
f 5929 5957 5831
f 5956 5831 5957
f 5650 5990 5871
f 5833 5834 6050
f 5774 5899 5811
f 5991 5834 5873
f 5874 5932 5991
f 5812 5932 5874
f 5932 5812 5933
f 5931 5761 5996
f 5903 5853 5851
f 5851 5853 5852
f 5761 5835 5996
f 5905 5853 5903
f 5875 5992 5933
f 5905 5935 5906
f 5906 5934 5878
f 5794 5795 5876
f 5907 5908 5878
f 5877 5856 5967
f 5907 5998 5908
f 6024 5967 5856
f 5908 5998 5836
f 5998 5999 5836
f 5880 5968 5879
f 5857 5966 6027
f 5969 5910 5859
f 5909 6001 5882
f 5910 5911 5859
f 6002 6001 5913
f 5913 6001 5909
f 5798 5884 6003
f 5883 5970 5913
f 5970 5912 5913
f 5970 5883 5915
f 5886 5884 5799
f 5972 5915 5885
f 5839 5916 5817
f 5886 5819 5864
f 5972 5885 5888
f 5887 5917 5918
f 5975 5840 5918
f 5918 5840 5889
f 5863 6007 5864
f 5840 5975 5977
f 5919 5920 5939
f 5921 5939 5920
f 5920 5841 5921
f 5800 5941 5821
f 5865 6005 5942
f 5722 5922 6007
f 5672 5923 5842
f 5737 6037 5946
f 5806 5892 6808
f 5893 6126 5740
f 5725 6062 5985
f 5700 5782 6127
f 5745 6048 5896
f 6401 6067 5955
f 5872 5928 5959
f 5650 5612 6049
f 5832 6020 5929
f 5930 6112 5748
f 5832 6050 6020
f 5748 6112 5791
f 5905 5903 5904
f 5935 5905 5904
f 5935 5934 5906
f 5875 5962 5992
f 5876 5962 5875
f 5877 5967 5996
f 5878 5934 5907
f 5876 5795 5963
f 5963 5795 5936
f 5936 5795 5879
f 5855 5966 5857
f 5968 5936 5879
f 5881 5999 6025
f 5910 6028 5911
f 5911 6028 5937
f 6002 5913 5912
f 5971 5914 5937
f 5914 5971 5917
f 5972 5970 5915
f 5888 6030 6004
f 5918 5917 5973
f 5920 6032 6030
f 5919 6032 5920
f 5800 6031 5941
f 5939 5938 5919
f 5942 6005 6006
f 5921 5940 5939
f 5921 5841 5940
f 5943 5940 5841
f 5821 5941 5923
f 5803 5943 5841
f 7029 5554 5982
f 5824 6041 5630
f 6041 5846 5630
f 5868 7035 5925
f 6012 5673 5693
f 5725 6042 6062
f 5726 5985 5986
f 6044 5987 5757
f 5950 6076 5758
f 5768 5894 6077
f 5830 5988 6048
f 5957 5929 5958
f 5958 5929 6020
f 5930 5989 6112
f 6049 5612 5961
f 5932 5933 6068
f 5751 5900 5902
f 5933 5992 6087
f 5904 5995 5935
f 5934 5935 5995
f 5962 5876 5965
f 5934 5995 5997
f 5934 5997 5907
f 5876 5963 5965
f 5907 6116 5998
f 5963 5936 5964
f 5964 5965 5963
f 5968 5880 6053
f 5880 5882 6053
f 6025 5969 5881
f 5882 6001 6054
f 6027 6029 5776
f 5858 5814 6003
f 6028 5971 5937
f 5917 5971 5973
f 5888 6004 5972
f 5974 5918 5973
f 5918 5974 5975
f 6032 5919 5976
f 6122 6032 5976
f 5976 5919 5938
f 6033 5976 5938
f 6033 6122 5976
f 6071 5938 5939
f 6058 5939 5940
f 5943 6072 5940
f 5942 6035 5865
f 5941 6786 5923
f 5923 6786 6278
f 5923 6278 5842
f 6383 5803 5945
f 5946 6037 6389
f 5946 6036 5778
f 5657 6198 6197
f 5657 5627 6198
f 7035 6011 5949
f 6040 5845 6143
f 5949 5925 7035
f 5926 6103 6043
f 6063 6076 5950
f 5768 6077 6621
f 5952 5825 6013
f 6080 6067 6401
f 5830 5850 6016
f 5669 5696 6403
f 5990 5650 6049
f 5959 5960 5872
f 5901 5811 5899
f 6021 5904 5903
f 6087 5992 6051
f 5904 6052 5995
f 5993 6023 5994
f 5997 6116 5907
f 5964 5936 6000
f 5936 5968 6000
f 6000 5968 6053
f 5882 6054 6053
f 5910 5969 6028
f 5971 6028 6092
f 5977 6057 6005
f 6058 6071 5939
f 5940 6072 6058
f 6006 6035 5942
f 5922 5736 6279
f 5736 6099 6279
f 5778 6036 5698
f 6037 6124 6393
f 5980 5947 6125
f 5846 6012 5693
f 5186 6061 5686
f 6146 6398 5712
f 5712 5580 6146
f 4683 5953 6106
f 5731 6298 6015
f 5785 6015 6110
f 6109 6067 6080
f 5849 6079 5635
f 5850 6018 6402
f 5958 6020 6132
f 6050 5834 5991
f 5991 5932 6068
f 5900 5791 6085
f 5993 5994 6022
f 6022 6069 5993
f 6023 5993 5962
f 5993 6069 5962
f 6052 6115 5995
f 6159 5962 5965
f 5996 5967 6704
f 5902 6530 5855
f 5855 6530 5966
f 6054 6001 6026
f 6181 5973 5971
f 5886 5864 6120
f 5916 6355 6031
f 5974 6093 5975
f 5975 6093 5977
f 6093 6057 5977
f 5864 6007 5978
f 6095 6006 6005
f 6034 6072 5943
f 5802 7229 5866
f 6379 6008 5842
f 5802 5844 6100
f 5691 5890 6074
f 5945 5944 5980
f 5691 6074 6099
f 5867 6039 6038
f 6039 5867 5578
f 7338 7029 5982
f 7029 6141 5554
f 6011 6010 5949
f 5868 5740 6813
f 5740 6126 6813
f 6145 6127 5782
f 7342 5986 5985
f 5580 5869 6064
f 6064 6146 5580
f 7057 5952 6013
f 5952 6831 5676
f 6202 5848 5895
f 6624 5953 6109
f 6203 5895 5927
f 6079 5849 6110
f 6079 5829 5635
f 6019 5871 6299
f 6019 6299 6081
f 5989 6873 6112
f 6132 6020 6050
f 6132 6050 6154
f 6068 6050 5991
f 5901 6155 5851
f 5903 5851 6021
f 6021 5851 6155
f 6069 5994 6023
f 6023 5962 6070
f 5964 6159 5965
f 5967 6024 6331
f 6025 5998 6116
f 5999 5998 6025
f 6024 5858 6331
f 5969 6025 6055
f 6028 5969 6055
f 6001 6002 6026
f 6055 6092 6028
f 5912 5970 6119
f 6119 5970 6178
f 5839 6355 5916
f 5864 6990 6120
f 6121 5974 5973
f 5974 6248 6093
f 6056 6122 6033
f 6095 6005 6057
f 5938 6094 6033
f 5978 6007 5922
f 6006 6271 6035
f 5866 7229 6600
f 6008 6379 6139
f 5979 6123 6385
f 5947 6140 6610
f 5947 6610 6125
f 5577 6806 5578
f 6038 6039 7025
f 6806 6039 5578
f 6012 5846 6199
f 6199 6042 6012
f 7168 5893 5781
f 5781 6127 7168
f 6617 6103 5767
f 6295 6103 6617
f 5702 5926 6399
f 6077 5894 6128
f 5769 7062 6014
f 6298 5731 6047
f 5954 6202 6066
f 5848 6202 5954
f 5896 6203 5927
f 5829 6131 5897
f 5898 6149 6017
f 5669 6403 5809
f 6111 5957 5958
f 5958 6152 6082
f 6152 5958 6132
f 5960 6301 5899
f 5899 6301 5901
f 6154 6050 6068
f 5961 6208 6302
f 5931 6208 5961
f 5791 6112 6085
f 6084 6068 5933
f 6306 6084 5933
f 5900 6085 5902
f 6306 5933 6087
f 6134 6086 6089
f 6089 6086 6114
f 6087 6051 6088
f 6022 5994 6069
f 6069 6023 6135
f 6135 5962 6069
f 5962 6135 6051
f 5997 6158 6116
f 5967 6331 6704
f 6530 6981 5966
f 6053 6054 6136
f 6054 6026 6136
f 6136 6026 6002
f 5912 6119 6002
f 6029 6566 5816
f 6181 5971 6092
f 5884 5886 6120
f 5973 6181 6121
f 5938 6071 6094
f 6058 6097 6071
f 6600 5843 5866
f 5943 5803 6034
f 6383 6034 5803
f 6008 6139 5804
f 5924 5981 6100
f 5779 5807 6010
f 6060 6075 5892
f 6142 6075 6060
f 6060 6040 6142
f 6040 6143 6142
f 5824 6396 6041
f 5985 6062 7342
f 6063 6619 6076
f 5676 6831 5769
f 6108 5648 6296
f 4683 6106 5869
f 6065 6835 6078
f 6014 7062 6047
f 6047 7062 6297
f 6297 6298 6047
f 6066 5827 5954
f 6149 5898 5786
f 6081 6299 6205
f 5957 6111 6405
f 5956 5957 6405
f 6082 6111 5958
f 6049 5961 6302
f 6083 6154 6068
f 6083 6068 6084
f 6113 6156 6086
f 6021 6052 5904
f 6086 6134 6113
f 6114 6087 6088
f 6090 6115 6052
f 6051 5992 5962
f 5995 6115 5997
f 6529 6159 5964
f 6158 6537 6116
f 6548 6055 6025
f 6027 6091 6029
f 6003 5884 6120
f 6178 5970 5972
f 5816 6566 5839
f 6004 6241 5972
f 6137 6368 6094
f 6097 6058 6072
f 6098 6006 6095
f 6371 6072 6034
f 6138 6035 6271
f 5843 6600 7149
f 5698 6036 6288
f 5979 6612 6009
f 6389 6037 6393
f 6009 6612 5780
f 5983 6395 6101
f 5983 6101 6102
f 5845 5686 6143
f 7170 6042 6199
f 6127 6145 7171
f 7240 6145 5987
f 5951 6200 6104
f 6105 6620 5951
f 5648 5702 6296
f 6834 6107 6078
f 5953 6624 6201
f 6048 5988 5896
f 6149 5786 5897
f 6132 6154 6151
f 6301 6207 5901
f 6155 5901 6207
f 6208 5931 5996
f 6086 6156 6114
f 6021 6090 6052
f 6089 6210 6134
f 5962 6159 6070
f 7204 5996 6704
f 5997 6115 6158
f 6529 5964 6539
f 6116 6548 6025
f 6136 6002 6169
f 6027 6983 6091
f 6175 6117 6174
f 6118 6175 6174
f 6002 6118 6174
f 6118 6002 6119
f 6742 6181 6092
f 6241 6178 5972
f 6137 6096 6781
f 6094 6096 6137
f 6094 6071 6096
f 6006 6098 6271
f 5843 7149 5890
f 6035 6138 6059
f 5698 6288 6123
f 5945 5980 6383
f 5979 6385 6612
f 5891 5806 6808
f 6141 7236 5984
f 5824 5984 7163
f 5824 7163 6396
f 6041 7166 5846
f 7166 6199 5846
f 6126 5893 7168
f 6103 6295 6043
f 7240 5987 6044
f 6044 6104 6200
f 6620 6200 5951
f 6105 6621 6045
f 5648 6108 6046
f 6130 6046 6129
f 6110 6625 6079
f 6131 5829 6079
f 6205 5928 6081
f 5956 6873 5989
f 6152 6132 6206
f 6153 5959 5928
f 6082 6152 6206
f 5959 6153 5960
f 6153 6301 5960
f 6049 6302 7083
f 6112 6873 7282
f 6479 6301 6928
f 6479 6207 6301
f 6112 6133 6085
f 6134 6518 6113
f 6089 6114 6088
f 6023 6070 6135
f 5964 6000 6539
f 6539 6000 6166
f 6053 6166 6000
f 6331 5858 6549
f 6169 6002 6235
f 6175 6552 6117
f 6118 6560 6175
f 6351 6181 6742
f 6566 7129 5839
f 5839 7129 6355
f 6990 5864 5978
f 6030 6032 6188
f 6032 6358 6188
f 6358 6032 6122
f 6137 6587 6368
f 6094 6588 6033
f 6072 6371 6097
f 6279 6099 6074
f 6059 6138 6384
f 6059 6384 6124
f 5946 6389 6036
f 6140 5723 6392
f 5948 5779 7233
f 6808 6075 6615
f 5892 6075 6808
f 7163 5984 7236
f 5868 6813 7037
f 6061 6144 5686
f 7170 6062 6042
f 7342 6821 5986
f 5986 6821 6063
f 6076 7371 5758
f 7371 5728 5758
f 6105 7242 6620
f 6400 6077 6128
f 7062 5769 7347
f 6106 5953 6201
f 6065 5827 6835
f 6835 5827 6147
f 5827 6066 6147
f 5896 5988 6148
f 6016 5850 6402
f 5809 6403 6018
f 6018 6403 6402
f 6111 6082 6150
f 6111 6150 6405
f 6132 6151 6206
f 6021 6309 6090
f 6113 6518 6308
f 6113 6308 6156
f 6114 6156 6517
f 6114 6209 6087
f 6209 6089 6088
f 6134 6210 6518
f 6157 6051 6211
f 6309 6115 6090
f 6051 6135 6211
f 6115 6309 6158
f 6070 6159 6135
f 6958 6530 5902
f 6212 6160 6161
f 6213 6162 6160
f 6164 6221 6165
f 6170 6167 6165
f 6168 6170 6165
f 6116 6223 6548
f 6165 6177 6164
f 5966 6981 6027
f 6167 6173 6165
f 6171 6170 6168
f 6165 6173 6177
f 6245 6224 6163
f 6164 6177 6183
f 6164 6172 6163
f 6183 6172 6164
f 6168 6176 6171
f 5858 6003 6743
f 6182 6177 6173
f 6176 6180 6171
f 6117 6553 6174
f 6174 6235 6002
f 6172 6245 6163
f 6560 6340 6175
f 6175 6340 6236
f 6342 6118 6119
f 6342 6560 6118
f 6170 6184 6167
f 6179 6184 6170
f 6029 6091 6566
f 6183 6185 6172
f 6342 6119 6178
f 6173 6184 6182
f 6167 6184 6173
f 6176 6186 6180
f 6172 6185 6245
f 6171 6179 6170
f 6055 6742 6092
f 6182 6183 6177
f 6171 6180 6179
f 6185 6189 6245
f 6183 6190 6185
f 6182 6191 6183
f 6180 6187 6179
f 6121 6248 5974
f 6183 6191 6190
f 6179 6187 6184
f 6187 6182 6184
f 6180 6194 6187
f 6186 6194 6180
f 6186 6246 6194
f 6030 6188 6004
f 6190 6189 6185
f 6355 6777 6031
f 6187 6191 6182
f 6122 6056 6358
f 6191 6189 6190
f 6194 6192 6187
f 6031 6777 5941
f 6187 6192 6191
f 6246 6256 6194
f 6191 6259 6189
f 6193 6259 6191
f 6192 6193 6191
f 6194 6193 6192
f 6137 6781 6587
f 6074 5890 7156
f 6390 5755 5891
f 5980 6125 6196
f 6140 6392 6610
f 5627 6394 6198
f 5780 6395 5983
f 7410 6141 7029
f 6141 7410 7236
f 7166 6041 6396
f 6619 6063 6821
f 5926 6043 6399
f 6076 6619 7176
f 7057 6013 5728
f 6128 6107 6400
f 5769 6831 7347
f 5955 6130 6129
f 5896 6148 6203
f 5988 7250 6148
f 7250 5988 7251
f 5696 7402 6403
f 5871 5990 6204
f 6299 5871 6204
f 6153 5928 6205
f 6082 6206 6150
f 6207 6305 6155
f 5996 7204 6208
f 6155 6305 6021
f 6021 6305 6309
f 6156 6308 6517
f 6114 6517 6209
f 6087 6209 6306
f 6210 6089 6209
f 6088 6306 6209
f 6088 6051 6157
f 6085 6958 5902
f 6211 6135 6159
f 6211 6159 6529
f 6216 6322 6161
f 6322 6212 6161
f 6160 6212 6213
f 6216 6161 6220
f 6220 6161 6217
f 6217 6161 6218
f 6161 6160 6218
f 6218 6160 6162
f 6162 6213 6214
f 6216 6324 6321
f 6220 6219 6216
f 6217 6325 6220
f 6218 6221 6217
f 6222 6221 6218
f 6162 6222 6218
f 6326 6222 6162
f 6116 6537 6223
f 6163 6219 6325
f 6164 6163 6325
f 6217 6164 6325
f 6221 6164 6217
f 6165 6221 6222
f 6168 6165 6222
f 6326 6168 6222
f 6326 6228 6168
f 6219 6163 6224
f 6329 6230 6336
f 6227 6337 6333
f 6229 6166 6053
f 6231 6226 6336
f 6339 6227 6333
f 6053 6136 6229
f 6228 6176 6168
f 6027 6981 6983
f 6225 6332 6338
f 6338 6332 6232
f 6233 6225 6338
f 6136 6169 6229
f 6234 6224 6245
f 6231 6336 6348
f 6337 6227 6346
f 6339 6346 6227
f 6341 6338 6232
f 6117 6552 6553
f 6174 6553 6235
f 6347 6324 6239
f 6175 6236 6552
f 6237 6233 6343
f 6557 6742 6055
f 6231 6348 6238
f 6244 6231 6238
f 6244 6339 6231
f 6348 6237 6243
f 6243 6238 6348
f 6237 6343 6243
f 6241 6240 6178
f 6351 6121 6181
f 6352 6242 6346
f 6241 6004 6574
f 6344 6346 6254
f 6346 6242 6254
f 6361 6347 6239
f 6251 6234 6245
f 6244 6238 6247
f 6343 6252 6243
f 6254 6353 6344
f 6244 6247 6249
f 6250 6347 6361
f 6249 6352 6244
f 6242 6352 6249
f 6245 6189 6251
f 6247 6243 6252
f 6242 6249 6254
f 6247 6252 6249
f 6253 6250 6361
f 6253 6361 6255
f 6254 6249 6365
f 6264 6250 6253
f 6251 6189 6255
f 6257 6256 6246
f 6056 6033 6588
f 6189 6259 6255
f 6261 6193 6194
f 6257 6258 6256
f 6263 6258 6362
f 6071 6097 6096
f 6260 6253 6255
f 6261 6370 6259
f 6193 6261 6259
f 6256 6262 6194
f 6258 6262 6256
f 6374 6258 6263
f 5978 5922 7004
f 5941 6777 6786
f 6265 6268 6266
f 6266 6268 6272
f 6268 6269 6267
f 6267 6269 6270
f 6274 6374 6263
f 6267 6272 6268
f 6273 6272 6267
f 6270 6273 6267
f 6277 6374 6274
f 6275 6264 6253
f 6275 6253 6260
f 5922 6279 6378
f 6276 6275 6260
f 6276 6280 6275
f 6274 6293 6277
f 6289 6280 6281
f 6280 6380 6281
f 6281 6380 6282
f 6380 6283 6282
f 6282 6283 6284
f 6284 6283 6286
f 6283 6285 6286
f 6286 6285 6287
f 6277 6287 6285
f 6293 6287 6277
f 6123 6288 6385
f 6289 6275 6280
f 6281 6386 6289
f 6290 6386 6281
f 6282 6290 6281
f 6284 6290 6282
f 6286 6291 6284
f 6292 6291 6286
f 6287 6292 6286
f 6293 6292 6287
f 5755 6390 6195
f 6384 6393 6124
f 6804 5605 5592
f 5592 6197 6804
f 6038 7025 5982
f 6612 6395 5780
f 5779 6010 6614
f 6075 6294 6615
f 6294 6075 6142
f 6294 6142 6143
f 6617 5767 6397
f 6144 6143 5686
f 7168 6127 7171
f 6076 7176 7371
f 5702 6399 6296
f 6110 6015 6625
f 6624 6109 6080
f 5830 7251 5988
f 6016 7251 5830
f 6149 5897 7185
f 6204 6300 6299
f 6205 6299 6300
f 6300 6435 6205
f 5956 6405 7080
f 5956 7080 6873
f 6878 6153 6205
f 6150 6206 6449
f 6153 6928 6301
f 7282 6133 6112
f 6207 6479 6303
f 6083 6487 6154
f 6499 6302 6208
f 6303 6687 6207
f 6083 6509 6487
f 6509 6083 6084
f 6207 6687 6305
f 6304 6509 6084
f 6084 6306 6304
f 6517 6210 6209
f 6306 6088 6157
f 6311 6526 6312
f 6526 6313 6312
f 6312 6313 6315
f 6313 6314 6315
f 6315 6314 6316
f 6320 6311 6706
f 6317 6706 6311
f 6312 6317 6311
f 6318 6317 6312
f 6315 6318 6312
f 6319 6318 6315
f 6316 6319 6315
f 6536 6316 6215
f 6322 6708 6212
f 6213 6709 6536
f 6214 6213 6536
f 6215 6214 6536
f 6316 6335 6215
f 6214 6542 6162
f 6214 6215 6717
f 6327 6325 6219
f 6219 6224 6720
f 6539 6166 6546
f 6225 6328 6332
f 6329 6328 6225
f 6233 6329 6225
f 6230 6329 6233
f 6226 6329 6336
f 6166 6229 6546
f 6324 6719 6239
f 6349 6717 6215
f 6349 6215 6335
f 6232 6332 6576
f 6719 6730 6239
f 6333 6226 6339
f 6344 6334 6330
f 6330 6337 6344
f 6224 6234 6720
f 6720 6234 6733
f 6230 6348 6336
f 6345 6349 6335
f 5858 6743 6549
f 6233 6338 6343
f 6226 6231 6339
f 6547 6324 6347
f 6230 6233 6237
f 6354 6717 6349
f 6730 6357 6239
f 6230 6237 6348
f 6344 6337 6346
f 6350 6232 6576
f 6341 6232 6350
f 6343 6338 6341
f 6342 6178 6240
f 6733 6234 6754
f 6346 6339 6352
f 6176 6746 6186
f 6754 6234 6755
f 6356 6349 6345
f 6362 6354 6349
f 6362 6349 6356
f 6343 6341 6350
f 6339 6244 6352
f 6353 6555 6344
f 6238 6243 6247
f 6239 6357 6361
f 6234 6251 6755
f 6574 6004 6188
f 6583 6347 6250
f 6364 6350 6576
f 6343 6350 6252
f 6759 6093 6248
f 6579 6555 6353
f 6252 6350 6364
f 6093 6759 6359
f 6057 6093 6359
f 6755 6251 7135
f 6359 6771 6057
f 6363 6772 6360
f 6252 6365 6249
f 6365 6367 6254
f 6353 6254 6367
f 6367 6579 6353
f 6768 6257 6246
f 6057 6771 6095
f 6366 6775 6363
f 7135 6251 6255
f 6252 6364 7001
f 6365 6252 7001
f 6258 6257 6756
f 6362 6258 6354
f 6356 6263 6362
f 6094 6368 6588
f 6260 6255 6596
f 6259 6370 6255
f 6194 6262 6261
f 6097 6371 6782
f 6265 6266 6373
f 6266 6372 6373
f 6265 6373 6593
f 6268 6265 6593
f 6268 6593 6594
f 6269 6268 6594
f 6269 6594 6595
f 6270 6269 6595
f 6272 6372 6266
f 6272 6375 6372
f 6272 6376 6375
f 6272 6377 6376
f 6273 6377 6272
f 6270 6377 6273
f 6369 6264 6606
f 6264 6275 6606
f 6280 6276 6381
f 6602 6604 6283
f 6283 6604 6285
f 6802 6293 6274
f 6379 5842 6278
f 5802 6100 7229
f 7156 5890 7149
f 6280 6381 6382
f 6382 6380 6280
f 6380 6382 6602
f 6283 6380 6602
f 6285 6604 6789
f 6789 6277 6285
f 6289 6386 6275
f 6290 6387 6386
f 6284 6608 6290
f 6290 6608 6387
f 6291 6388 6284
f 6291 6609 6388
f 6292 6609 6291
f 6392 5723 6073
f 7233 6394 5627
f 7233 5779 7361
f 5779 6614 7361
f 5767 6102 6397
f 6126 7168 6813
f 7368 6062 7170
f 7240 6044 6200
f 7371 7057 5728
f 5869 6106 6064
f 6066 6202 7066
f 5955 6129 6401
f 6149 5870 6017
f 7194 6204 5990
f 7194 6628 6204
f 6204 6628 6300
f 6435 6407 6406
f 6300 6407 6435
f 6407 6408 6406
f 6406 6408 6409
f 6409 6408 6627
f 6635 6410 6411
f 6411 6629 6437
f 6410 6629 6411
f 6437 6413 6412
f 6629 6413 6437
f 6414 6631 6415
f 6415 6631 6416
f 6631 6417 6416
f 6416 6417 6418
f 6417 6419 6418
f 6419 6420 6418
f 6443 6421 6422
f 6445 6425 6424
f 6633 6425 6445
f 6424 6849 6426
f 6425 6849 6424
f 6426 6427 6446
f 6849 6427 6426
f 6428 6429 6430
f 6429 6431 6430
f 6431 6429 6432
f 6404 6448 6432
f 6433 6448 6404
f 6404 6434 6433
f 6150 6634 6405
f 6451 6435 6406
f 6409 6452 6406
f 6452 6451 6406
f 6454 6409 6627
f 6454 6627 6635
f 6411 6436 6635
f 6437 6455 6411
f 6438 6413 6414
f 6655 6438 6414
f 6415 6458 6414
f 6458 6655 6414
f 6439 6458 6415
f 6416 6460 6415
f 6460 6439 6415
f 6440 6460 6416
f 6418 6643 6416
f 6643 6642 6416
f 6441 6643 6418
f 6462 6441 6418
f 6463 6462 6418
f 6420 6463 6418
f 6477 6463 6420
f 6442 6477 6420
f 6421 6442 6420
f 6443 6442 6421
f 6423 6444 6422
f 6444 6443 6422
f 6466 6444 6423
f 6633 6466 6423
f 6467 6466 6633
f 6445 6467 6633
f 6424 6469 6445
f 6470 6469 6424
f 6471 6470 6424
f 6426 6471 6424
f 6472 6471 6426
f 6446 6472 6426
f 6428 6473 6427
f 6474 6473 6428
f 6430 6474 6428
f 6636 6430 6431
f 6475 6636 6431
f 6432 6447 6431
f 6448 6447 6432
f 6433 6649 6448
f 6476 6649 6433
f 6434 6476 6433
f 6449 6476 6434
f 6449 6634 6150
f 6435 6450 6205
f 6450 6878 6205
f 6451 6450 6435
f 6452 6850 6451
f 6452 6409 6453
f 6454 6453 6409
f 6861 6436 6411
f 6455 6861 6411
f 6437 6456 6455
f 6412 6456 6437
f 6457 6652 6413
f 6438 6457 6413
f 6460 6459 6439
f 6440 6416 6642
f 6461 6441 6462
f 6464 6477 6442
f 6444 6466 6646
f 6445 6468 6467
f 6469 6468 6445
f 6472 6446 6864
f 6653 6446 6427
f 6447 6475 6431
f 6151 6872 6206
f 6413 6652 6412
f 6465 6442 6443
f 6446 6653 6864
f 6928 6153 6878
f 6483 6923 6495
f 6479 6928 6480
f 6507 6498 6895
f 6507 6934 6487
f 6667 6934 6507
f 6487 6934 6154
f 6480 6303 6479
f 6683 6929 6489
f 6482 6503 6481
f 6668 6503 6482
f 6663 6668 6482
f 6663 6659 6689
f 6664 6666 6504
f 6493 6669 6661
f 6685 6483 6495
f 6506 6484 6485
f 6486 6506 6485
f 6480 6500 6303
f 6488 6500 6480
f 6501 6675 6488
f 6929 6671 6488
f 6671 6670 6488
f 6502 6676 6489
f 6673 6659 6491
f 6504 6666 6505
f 6494 6493 6661
f 6662 6679 6496
f 6484 6680 6662
f 6497 6681 6506
f 6688 6681 6497
f 6498 6688 6497
f 6507 6508 6498
f 6511 6508 6507
f 6487 6509 6507
f 6509 6511 6507
f 6686 6687 6303
f 6500 6686 6303
f 6672 6676 6502
f 6490 6672 6502
f 6674 6677 6666
f 6492 6677 6674
f 6494 6678 6493
f 6681 6680 6484
f 6506 6681 6484
f 6304 6511 6509
f 6133 6950 6085
f 6511 6515 6508
f 6304 6512 6511
f 6687 6513 6305
f 6514 6307 6510
f 6304 6516 6512
f 6306 6516 6304
f 6305 6513 6309
f 6512 6515 6511
f 6950 6958 6085
f 6515 6518 6514
f 6308 6518 6515
f 6512 6308 6515
f 6517 6308 6512
f 6516 6517 6512
f 6519 6517 6516
f 6306 6519 6516
f 6513 6695 6309
f 6307 6521 6510
f 6307 6514 6693
f 6210 6517 6519
f 6306 6157 6519
f 6522 6518 6520
f 6518 6210 6520
f 6520 6210 6519
f 6521 6307 6693
f 6519 6523 6520
f 6519 6157 6523
f 6523 6522 6520
f 6157 6310 6523
f 6211 6310 6157
f 6525 6524 6522
f 6523 6525 6522
f 6310 6703 6523
f 6211 6529 6310
f 6309 6695 6158
f 6526 6698 6313
f 6698 6527 6313
f 6313 6528 6314
f 6527 6528 6313
f 6699 6534 6525
f 6311 6531 6698
f 6526 6311 6698
f 6528 6316 6314
f 6528 6702 6316
f 6544 6525 6534
f 6711 6694 6729
f 6311 6320 6531
f 6317 6532 6706
f 6318 6532 6317
f 6318 6533 6532
f 6319 6533 6318
f 6316 6969 6319
f 6316 7106 6969
f 7106 6316 6536
f 6707 6534 6699
f 6545 6534 6707
f 6531 6320 6535
f 6316 6702 6335
f 6529 6539 6540
f 6704 6331 7114
f 6320 6321 6535
f 6322 6216 6708
f 6212 6708 6538
f 6212 6538 6323
f 6213 6212 6323
f 6213 6323 6709
f 6547 6535 6321
f 6321 6324 6547
f 6324 6216 6719
f 6220 6541 6219
f 6219 6541 6973
f 6541 6220 6325
f 6162 6542 6326
f 6545 6544 6534
f 6539 6546 6540
f 6541 6325 6327
f 6326 6542 6228
f 6328 6327 6564
f 6328 6715 6327
f 6329 6715 6328
f 6329 6716 6715
f 6329 6226 6716
f 6226 6543 6716
f 6333 6543 6226
f 6337 6543 6333
f 6337 6721 6543
f 6330 6721 6337
f 6334 6721 6330
f 6707 6546 6545
f 6540 6546 6707
f 7114 6331 6549
f 6328 6564 6332
f 6727 6544 6545
f 6546 6727 6545
f 6229 6727 6546
f 6332 6564 6576
f 6725 6228 6542
f 6228 6725 6176
f 6055 6548 6550
f 6725 6746 6176
f 6550 6557 6055
f 6554 6550 6559
f 6334 6344 6555
f 6726 6553 6552
f 6551 6553 6726
f 6235 6553 6551
f 6551 6169 6235
f 6717 6354 6723
f 6552 6740 6556
f 6740 6552 6236
f 6562 6559 6563
f 6732 6556 6741
f 6560 6342 6565
f 6342 6240 6565
f 6547 6347 6583
f 6240 6570 6565
f 6561 6562 6563
f 6003 6120 6743
f 6345 6750 6356
f 6351 6744 6561
f 6240 6241 6570
f 6747 6561 6752
f 6568 6752 6561
f 6571 6569 6570
f 6574 6571 6570
f 6574 6570 6241
f 6752 6568 6572
f 6573 6741 6567
f 6751 6572 6568
f 6573 6567 6753
f 6575 6752 6572
f 6767 6741 6573
f 6186 6746 6246
f 6575 6572 6751
f 6762 6571 6574
f 6188 6762 6574
f 6580 6767 6573
f 6577 6573 6753
f 6580 6573 6577
f 6582 6757 6578
f 6578 6757 6575
f 6751 6578 6575
f 6357 6773 6361
f 6358 6765 6762
f 6188 6358 6762
f 6578 6360 6582
f 6766 6578 6751
f 6578 6766 6360
f 6360 6766 6581
f 6364 6576 6585
f 6768 6246 6746
f 6360 6772 6582
f 6581 6766 6366
f 6360 6581 6363
f 6775 6366 6766
f 6361 6773 6255
f 6768 6774 6257
f 6095 6771 6584
f 6366 6363 6581
f 6250 6264 6369
f 6583 6250 6369
f 6255 6773 7135
f 6364 6585 7001
f 6367 6365 6999
f 6579 6367 6999
f 6756 6257 6774
f 6258 6756 6354
f 6356 6779 6263
f 6772 6776 6584
f 6363 6776 6772
f 6785 6580 6597
f 6587 6780 6597
f 6782 6096 6097
f 6098 6095 6591
f 6591 6095 6584
f 6775 6776 6363
f 6596 6255 6370
f 6592 6596 6370
f 6370 6261 6592
f 6592 6261 6589
f 6589 6261 6590
f 6261 6262 6590
f 6590 6262 6778
f 6778 6262 6258
f 6587 6781 6780
f 6782 6781 6096
f 6373 6596 6592
f 6593 6373 6592
f 6589 6593 6592
f 6594 6593 6589
f 6590 6594 6589
f 6595 6594 6590
f 6778 6595 6590
f 6595 6778 6783
f 6779 6802 6263
f 7004 5922 6378
f 6596 6372 6260
f 6373 6372 6596
f 6595 6783 6270
f 6792 6597 6780
f 6371 6034 6784
f 6782 6371 6784
f 6376 6377 6598
f 6598 6377 6599
f 6599 6377 6270
f 6599 6270 6783
f 6783 6374 6277
f 6792 6785 6597
f 6098 6591 6271
f 6260 6372 6276
f 6263 6802 6274
f 6034 6794 6784
f 6271 6591 6138
f 6786 7011 6278
f 6796 6138 6591
f 6381 6276 6601
f 6382 6603 6602
f 6604 6602 6603
f 6783 6277 6789
f 6383 6794 6034
f 6278 7011 6379
f 6139 6379 7154
f 6382 6381 6601
f 6383 6799 6794
f 5804 6139 7154
f 6074 7156 6279
f 6138 6796 6384
f 6288 6036 6605
f 6288 6605 6795
f 6385 6288 6795
f 6275 6607 6606
f 6386 6607 6275
f 6387 6607 6386
f 6292 6801 6609
f 6292 6293 6801
f 6195 6390 6792
f 6195 6792 6073
f 5980 6196 6799
f 6799 6383 5980
f 6384 6796 6800
f 6605 6389 6393
f 6036 6389 6605
f 6795 6612 6385
f 6284 6611 6608
f 6388 6611 6284
f 6390 6803 6792
f 6390 5891 6803
f 6610 6196 6125
f 5804 7155 5708
f 6393 6384 6800
f 6393 6800 6605
f 6806 5577 6391
f 6804 6197 6613
f 6197 6198 6613
f 6808 6803 5891
f 6612 6809 6395
f 6011 6614 6010
f 6101 6395 6809
f 6811 6810 6143
f 6811 6143 6144
f 6617 6397 6616
f 6814 6811 6144
f 6616 6817 6617
f 6814 6144 6061
f 6617 6817 6295
f 6814 6061 6618
f 6145 7172 7171
f 6618 6061 6398
f 6043 6295 6820
f 7172 6145 7240
f 6819 6618 6398
f 6043 6820 6822
f 6819 6398 6146
f 6399 6043 6822
f 6823 6146 6064
f 6823 6064 6827
f 6105 6045 7242
f 6399 6822 6826
f 6399 6826 6296
f 6830 6064 6106
f 6830 6827 6064
f 6832 6830 6106
f 6077 6400 6621
f 6296 6826 6828
f 6296 6828 6108
f 6833 6832 6106
f 6833 6106 6201
f 6108 6828 6046
f 6078 6835 6834
f 6201 6622 6833
f 6622 6201 6624
f 6129 6046 6623
f 6837 6622 6624
f 6401 6129 6626
f 6837 6624 6080
f 6401 6626 6080
f 5897 6131 7185
f 6849 7079 6427
f 6300 6628 6840
f 6842 6627 6408
f 6635 6627 6843
f 6410 6635 6843
f 6410 7190 6629
f 6413 6629 6845
f 6414 6413 6845
f 6631 6414 6630
f 6417 6631 7077
f 7186 6419 6417
f 6420 6419 7081
f 6419 7186 7081
f 6421 6420 7081
f 6421 7081 6632
f 6421 6632 6846
f 6422 6421 6846
f 6422 6846 6847
f 6423 6422 6847
f 6633 6423 6847
f 6425 6633 7188
f 6428 6427 7079
f 7079 6429 6428
f 7254 6405 6634
f 7080 6405 7254
f 6434 6634 6449
f 7080 7082 6873
f 6451 6867 6450
f 6850 6867 6451
f 6452 6851 6850
f 6452 6453 6851
f 6454 6637 6453
f 6454 6638 6637
f 6635 6638 6454
f 6638 6635 6436
f 6861 6651 6436
f 6455 6639 6861
f 6456 6639 6455
f 6456 6862 6639
f 6412 6862 6456
f 6655 6458 6640
f 6439 6640 6458
f 6439 6641 6640
f 6641 6439 6459
f 6885 6459 6460
f 6460 6853 6885
f 6440 6853 6460
f 6441 6890 6643
f 6461 6462 6644
f 6462 6854 6644
f 6463 6854 6462
f 6463 6645 6854
f 6443 6908 6465
f 6444 6863 6443
f 6443 6863 6908
f 6863 6444 6646
f 6467 6855 6466
f 6468 6870 6467
f 6647 6468 6469
f 6470 6856 6469
f 6469 6856 6647
f 6472 6857 6471
f 6472 6864 6857
f 6653 6427 6865
f 6473 6877 6427
f 6473 6648 6877
f 6474 6858 6473
f 6473 6858 6648
f 6430 6858 6474
f 6636 6475 6866
f 6475 6447 6894
f 6476 6650 6649
f 6476 6912 6650
f 6449 6912 6476
f 6638 6436 6656
f 6656 6436 6651
f 6463 6868 6645
f 6477 6868 6463
f 6868 6477 6464
f 6464 6442 6882
f 6465 6882 6442
f 6869 6646 6466
f 6870 6855 6467
f 6470 6471 6876
f 6471 6857 6876
f 6448 6654 6447
f 6654 6448 6649
f 6206 6872 6449
f 6887 6853 6440
f 6914 6887 6642
f 6887 6440 6642
f 5990 6049 7083
f 6888 6638 6656
f 6655 6899 6438
f 6872 6151 6898
f 6151 6154 6898
f 6898 6154 6934
f 6662 6932 6924
f 6657 6481 6920
f 6663 6922 6659
f 6659 6922 6478
f 6659 6478 6658
f 6659 6658 6491
f 6658 6916 6491
f 6669 6896 6661
f 6896 6897 6661
f 6924 6925 6662
f 6910 6911 6498
f 6480 6928 6905
f 6905 6919 6480
f 6480 6919 6488
f 6919 6929 6488
f 6929 6913 6489
f 6930 6489 6913
f 6489 6930 6502
f 6930 6920 6502
f 6481 6490 6920
f 6902 6481 6657
f 6482 6481 6902
f 6482 6902 6921
f 6663 6482 6921
f 6504 6491 6916
f 6504 6916 6664
f 6664 6665 6666
f 6660 6666 6665
f 6660 6917 6666
f 6492 6931 6901
f 6904 6492 6901
f 6904 6669 6492
f 6483 6661 6897
f 6923 6483 6897
f 6496 6495 6923
f 6496 6923 6932
f 6932 6662 6496
f 6662 6925 6484
f 6486 6918 6497
f 6918 6915 6497
f 6490 6502 6920
f 6490 6481 6672
f 6481 6503 6672
f 6673 6491 6504
f 6674 6666 6917
f 6917 6931 6674
f 6674 6931 6492
f 6493 6492 6669
f 6486 6497 6506
f 6915 6498 6497
f 6498 6915 6910
f 6895 6498 6911
f 6895 6667 6507
f 6500 6488 6675
f 6488 6670 6501
f 6929 6683 6671
f 6676 6683 6489
f 6672 6503 6684
f 6503 6668 6684
f 6659 6673 6689
f 6504 6505 6673
f 6495 6496 6679
f 6662 6680 6679
f 6689 6668 6663
f 6505 6666 6677
f 6677 6492 6678
f 6492 6493 6678
f 6661 6685 6494
f 6483 6685 6661
f 6685 6495 6679
f 6688 6498 6682
f 6682 6498 6508
f 6675 6691 6500
f 6501 6670 6675
f 6676 6690 6683
f 6700 6686 6500
f 6691 6675 6670
f 6671 6691 6670
f 6690 6691 6671
f 6683 6690 6671
f 6672 6690 6676
f 6508 6510 6682
f 6691 6700 6500
f 6697 6677 6678
f 6494 6697 6678
f 6514 6510 6508
f 6685 6697 6494
f 6687 6686 6513
f 6679 6697 6685
f 6682 6521 6688
f 6510 6521 6682
f 6689 6692 6668
f 6515 6514 6508
f 6690 6729 6691
f 6673 6505 6689
f 6505 6692 6689
f 6680 6718 6679
f 6681 6718 6680
f 6688 6718 6681
f 6700 6513 6686
f 6691 6729 6694
f 6531 6684 6668
f 6521 6718 6688
f 6514 6518 6522
f 6514 6524 6693
f 6522 6524 6514
f 6700 6695 6513
f 6691 6694 6700
f 6692 6531 6668
f 6679 6734 6697
f 6505 6696 6692
f 6677 6696 6505
f 6697 6696 6677
f 6684 6531 6672
f 6525 6523 6699
f 6699 6523 6703
f 6703 6310 6529
f 6696 6698 6692
f 6527 6698 6696
f 6528 6527 6696
f 6697 6528 6696
f 6698 6531 6692
f 6528 6697 6702
f 6693 6524 6521
f 6525 6544 6524
f 6706 6705 6320
f 6706 6532 6967
f 6967 6532 6968
f 6533 6701 6532
f 6319 6965 6533
f 6319 6969 6965
f 6697 6734 6702
f 6529 6540 6703
f 6158 6695 6537
f 6694 6713 6700
f 6694 6711 6713
f 6705 6321 6320
f 6718 6734 6679
f 6521 6712 6718
f 6703 6540 6699
f 6524 6712 6521
f 6540 6707 6699
f 6672 6738 6690
f 6700 6710 6695
f 6713 6710 6700
f 6531 6738 6672
f 6216 6321 6708
f 6536 6709 7107
f 6536 7107 7106
f 6710 6537 6695
f 6544 6712 6524
f 6719 6216 6714
f 6216 6219 6720
f 6714 6216 6720
f 6976 6542 6214
f 6717 6976 6214
f 6710 6223 6537
f 6690 6563 6729
f 6219 6973 6327
f 6973 6564 6327
f 6327 6715 6541
f 6541 6715 6974
f 6715 6716 6974
f 6974 6716 6975
f 6716 6543 6975
f 6543 6721 6975
f 6975 6721 7113
f 6223 6710 6724
f 6724 6710 6722
f 6713 6722 6710
f 6711 6722 6713
f 6548 6223 6724
f 6720 6733 6714
f 6721 6334 6977
f 6711 6728 6722
f 6729 6728 6711
f 6728 6724 6722
f 6690 6764 6563
f 6723 6976 6717
f 6702 6734 6335
f 6714 6731 6719
f 6731 6730 6719
f 6733 6731 6714
f 6544 6726 6712
f 6727 6726 6544
f 6229 6169 6727
f 6548 6724 6550
f 6764 6690 6738
f 6535 6738 6531
f 6712 6726 6556
f 6727 6169 6551
f 6725 6739 6746
f 6551 6726 6727
f 6559 6724 6728
f 6334 6555 6977
f 6335 6734 6345
f 6718 6735 6734
f 6556 6732 6712
f 6559 6550 6724
f 6729 6559 6728
f 6563 6559 6729
f 6712 6732 6718
f 6552 6556 6726
f 6554 6557 6550
f 6345 6734 6750
f 6557 6554 6736
f 6554 6558 6736
f 6554 6559 6737
f 6558 6554 6737
f 6559 6562 6737
f 6745 6730 6731
f 6754 6731 6733
f 6562 6561 6737
f 6741 6761 6732
f 6560 6565 6340
f 6558 6742 6736
f 6744 6558 6737
f 6561 6744 6737
f 6734 6735 6750
f 6565 6570 6340
f 6547 6583 6535
f 6730 6745 6357
f 6732 6761 6718
f 6340 6569 6236
f 6761 6735 6718
f 6570 6569 6340
f 6736 6742 6557
f 6563 6568 6561
f 6236 6569 6740
f 6535 6758 6738
f 6535 6583 6758
f 6558 6744 6742
f 6764 6568 6563
f 6735 6748 6750
f 6741 6556 6567
f 6740 6567 6556
f 6740 6569 6567
f 6744 6351 6742
f 6735 6790 6748
f 6351 6561 6747
f 6747 6121 6351
f 6741 6767 6761
f 6569 6753 6567
f 6753 6569 6571
f 6747 6760 6121
f 6723 6354 6756
f 6564 6749 6576
f 6752 6757 6747
f 6568 6766 6751
f 6758 6764 6738
f 6762 6753 6571
f 6121 6760 6248
f 6763 6760 6747
f 6757 6763 6747
f 6752 6575 6757
f 6764 6766 6568
f 6579 6991 6555
f 6765 6577 6753
f 6735 6791 6790
f 6762 6765 6753
f 6763 6759 6760
f 6761 6791 6735
f 6761 6767 6791
f 6759 6248 6760
f 6582 6759 6763
f 6757 6582 6763
f 7135 6993 6755
f 6749 6996 6576
f 6582 6769 6759
f 6576 6996 6585
f 6580 6785 6767
f 6359 6759 6769
f 6580 6577 6770
f 6765 6770 6577
f 6358 6056 6765
f 6359 6769 6771
f 6772 6771 6769
f 6582 6772 6769
f 6765 6588 6770
f 6056 6588 6765
f 6750 6748 6356
f 6770 6587 6580
f 6587 6597 6580
f 6368 6587 6770
f 6588 6368 6770
f 6772 6584 6771
f 6583 6369 6758
f 7001 6585 7138
f 6365 7001 6586
f 6365 6586 6999
f 6356 6748 6779
f 6785 6791 6767
f 6778 6258 6374
f 6748 6790 6779
f 6776 6591 6584
f 6374 6783 6778
f 6795 6766 6764
f 6782 6784 6781
f 6375 6376 6598
f 6781 6793 6780
f 6784 6793 6781
f 6775 6795 6776
f 6369 6606 6758
f 6375 6601 6372
f 6601 6276 6372
f 6375 6787 6601
f 6598 6787 6375
f 6787 6598 6788
f 6788 6598 6599
f 6783 6789 6599
f 6790 6802 6779
f 6793 6792 6780
f 6784 6794 6793
f 6776 6796 6591
f 6795 6605 6776
f 6766 6795 6775
f 6382 6601 6787
f 6603 6382 6787
f 6788 6603 6787
f 6599 6604 6788
f 6789 6604 6599
f 6791 6798 6790
f 6792 6791 6785
f 6776 6605 6796
f 6604 6603 6788
f 6793 6805 6792
f 6196 6805 6793
f 6799 6196 6793
f 6794 6799 6793
f 6378 6279 7156
f 6606 6797 6758
f 6790 6798 6802
f 6605 6800 6796
f 6606 6607 6797
f 6801 6293 6802
f 6792 6803 6791
f 6073 6792 6805
f 5605 6804 5981
f 6758 6797 6764
f 6807 6797 6607
f 6387 6807 6607
f 6608 6807 6387
f 6611 6807 6608
f 6609 6611 6388
f 6801 6798 6609
f 6802 6798 6801
f 6073 6805 6392
f 6196 6610 6805
f 6764 6816 6795
f 6611 6812 6807
f 6610 6392 6805
f 7359 6806 6391
f 6807 6825 6797
f 6798 6815 6609
f 6612 6795 6809
f 5982 7025 7338
f 6797 6825 6764
f 6609 6812 6611
f 6818 6815 6798
f 6815 6812 6609
f 6397 6809 6795
f 6816 6397 6795
f 6810 6803 6808
f 6615 6810 6808
f 6102 6101 6809
f 6812 6825 6807
f 6791 6818 6798
f 6143 6810 6615
f 6294 6143 6615
f 6803 6818 6791
f 6397 6102 6809
f 6811 6818 6803
f 6810 6811 6803
f 7037 7035 5868
f 6816 6616 6397
f 6817 6616 6816
f 6811 6814 6818
f 6764 6825 6816
f 6818 6618 6819
f 6814 6618 6818
f 6825 6820 6816
f 6820 6817 6816
f 6062 7368 7342
f 6295 6817 6820
f 6818 6823 6815
f 6825 6822 6820
f 6819 6824 6818
f 6824 6823 6818
f 6819 6146 6824
f 6815 6832 6812
f 6812 6836 6825
f 6146 6823 6824
f 6826 6822 6825
f 6827 6815 6823
f 6828 6826 6825
f 6830 6815 6827
f 5952 7057 6829
f 6832 6836 6812
f 6815 6830 6832
f 5952 6829 6831
f 6400 7244 6621
f 6836 6828 6825
f 6836 6623 6828
f 6833 6836 6832
f 7246 6400 6107
f 7246 6107 6834
f 6833 6622 6836
f 6835 7181 6834
f 6046 6828 6623
f 7182 6015 6298
f 6836 6626 6623
f 6622 6837 6836
f 6626 6129 6623
f 7183 6625 6015
f 5895 6203 7248
f 6836 6837 6626
f 6626 6837 6080
f 6838 6131 6079
f 6842 6843 6627
f 6839 7189 6404
f 6300 6840 6407
f 6408 6407 6841
f 6408 6841 6842
f 6410 6843 7190
f 6629 7190 6844
f 6629 6844 6845
f 6414 6845 6630
f 6631 6630 7076
f 6631 7076 7077
f 7186 6417 7077
f 6633 6847 7188
f 6425 7188 6848
f 6849 6425 6848
f 6432 6429 6839
f 6839 6404 6432
f 6404 7189 6434
f 6434 7189 6634
f 6652 6862 6412
f 6430 6636 6858
f 6636 6866 6858
f 6450 6860 6878
f 6861 6639 6889
f 6852 6640 6641
f 6885 6853 6886
f 6642 6643 6914
f 6865 6427 6877
f 6866 6475 6859
f 6475 6894 6859
f 6649 6650 6654
f 6867 6860 6450
f 6639 6906 6889
f 6862 6906 6639
f 6852 6655 6640
f 6643 6890 6914
f 6441 6461 6890
f 6644 6875 6461
f 6854 6875 6644
f 6868 6464 6900
f 6466 6855 6869
f 6857 6909 6876
f 6447 6654 6894
f 6449 6872 6912
f 6861 6879 6651
f 6438 6899 6457
f 6641 6880 6852
f 6853 6887 6886
f 6646 6883 6863
f 6646 6869 6883
f 6891 6869 6855
f 6870 6891 6855
f 6468 6871 6870
f 6647 6871 6468
f 6856 6871 6647
f 6864 6909 6857
f 5990 7083 7194
f 6860 6928 6878
f 6884 6860 6867
f 6850 6884 6867
f 6851 6453 6874
f 6637 6874 6453
f 6638 6874 6637
f 6652 6907 6862
f 6907 6906 6862
f 6652 6457 6907
f 6899 6907 6457
f 6852 6880 6655
f 6641 6922 6880
f 6881 6854 6645
f 6470 6876 6856
f 6864 6653 6892
f 6872 6898 6912
f 6851 6884 6850
f 6651 6879 6656
f 6899 6655 6880
f 6459 6922 6641
f 6900 6881 6868
f 6901 6900 6464
f 6882 6901 6464
f 6896 6908 6863
f 6871 6891 6870
f 6856 6924 6871
f 6856 6876 6924
f 6864 6892 6909
f 6865 6893 6653
f 6877 6893 6865
f 6650 6895 6654
f 6884 6905 6860
f 6874 6884 6851
f 6888 6874 6638
f 6879 6888 6656
f 6899 6902 6907
f 6885 6922 6459
f 6854 6903 6875
f 6868 6881 6645
f 6883 6896 6863
f 6883 6869 6891
f 6648 6918 6877
f 6858 6915 6648
f 6859 6910 6866
f 6861 6889 6879
f 6886 6922 6885
f 6890 6916 6914
f 6461 6664 6890
f 6904 6882 6465
f 6896 6669 6908
f 6883 6897 6896
f 6909 6924 6876
f 6893 6892 6653
f 6918 6893 6877
f 6895 6894 6654
f 6884 6874 6905
f 6906 6920 6889
f 6875 6664 6461
f 6908 6904 6465
f 6891 6897 6883
f 6895 6911 6894
f 6912 6933 6650
f 6905 6928 6860
f 6888 6913 6874
f 6907 6657 6906
f 6880 6921 6899
f 6887 6658 6886
f 6901 6931 6900
f 6858 6866 6915
f 6894 6910 6859
f 6650 6933 6895
f 6920 6930 6889
f 6902 6657 6907
f 6899 6921 6902
f 6922 6921 6880
f 6658 6478 6886
f 6890 6664 6916
f 6881 6903 6854
f 6882 6904 6901
f 6891 6923 6897
f 6871 6932 6891
f 6892 6925 6909
f 6915 6918 6648
f 6910 6915 6866
f 6886 6478 6922
f 6875 6665 6664
f 6918 6486 6893
f 6912 6926 6933
f 6879 6913 6888
f 6889 6930 6879
f 6657 6920 6906
f 6903 6665 6875
f 6903 6660 6665
f 6881 6660 6903
f 6891 6932 6923
f 6909 6925 6924
f 6911 6910 6894
f 6912 6898 6926
f 6874 6913 6919
f 6914 6658 6887
f 6916 6658 6914
f 6917 6660 6881
f 6669 6904 6908
f 6924 6932 6871
f 6486 6485 6893
f 6898 6927 6926
f 6874 6919 6905
f 6879 6930 6913
f 6900 6931 6881
f 6931 6917 6881
f 6893 6485 6892
f 6898 6934 6927
f 7083 6302 6499
f 6929 6919 6913
f 6485 6484 6892
f 6921 6922 6663
f 6892 6484 6925
f 6895 6933 6667
f 6926 6667 6933
f 6934 6667 6926
f 6927 6934 6926
f 6956 7084 7092
f 7085 7084 6956
f 6966 7087 6938
f 6939 7087 6966
f 6936 6935 6946
f 6499 6208 7202
f 6956 7092 6949
f 6945 7085 6956
f 6948 6936 6946
f 6943 6942 6952
f 6944 6943 6952
f 6952 6970 6944
f 6961 6939 6966
f 6208 7204 7202
f 7086 6945 6956
f 6951 7089 6954
f 6941 6940 6954
f 6953 6948 6946
f 6952 6942 6947
f 6947 6948 6953
f 6940 6951 6954
f 6952 6947 6953
f 6946 6935 6955
f 6953 6946 6964
f 6938 7086 6966
f 6955 6935 6941
f 6964 6946 6955
f 6966 7086 6989
f 6956 6949 6971
f 7086 6956 6989
f 6939 6961 6957
f 6939 6957 7089
f 6954 7089 6957
f 6955 6941 6960
f 6941 6954 6960
f 6960 6954 6959
f 6959 6954 6957
f 6989 6956 6971
f 6962 6957 6961
f 6959 6957 6962
f 6963 6960 6959
f 6955 6960 6963
f 6971 6949 7100
f 6961 6966 6972
f 6706 6967 6705
f 6701 6968 6532
f 6965 6701 6533
f 6958 7099 6530
f 7097 6970 7108
f 6321 6705 6708
f 6953 6964 6979
f 6704 7114 7098
f 6972 7109 6961
f 6323 6538 7105
f 6709 6323 7105
f 6952 6953 6978
f 6970 6952 6978
f 6982 6966 6989
f 6966 6982 6972
f 6530 7099 6981
f 6541 6974 6973
f 7111 6974 6975
f 6979 6964 7115
f 7113 6721 7209
f 7209 6721 6977
f 6725 6542 6976
f 6971 7100 7119
f 6970 6978 7108
f 6976 6980 6725
f 6976 6723 6980
f 6971 7119 6986
f 7108 6978 6985
f 6725 6980 6739
f 6973 6749 6564
f 7119 6984 6986
f 6983 7126 6091
f 6977 6555 6991
f 6953 6979 6998
f 6978 6953 6998
f 6731 6754 6745
f 7020 6978 6998
f 6992 6978 7020
f 6985 6978 6992
f 6091 7126 6566
f 7126 7129 6566
f 6982 6989 6995
f 6743 6120 7128
f 6989 6971 6988
f 6987 6985 6992
f 6986 7130 6988
f 6971 6986 6988
f 7128 6120 6990
f 6723 6756 6980
f 6986 7124 7130
f 6989 7003 6995
f 6980 6994 6739
f 6980 6756 6994
f 6745 6754 6993
f 7130 7132 6988
f 6745 6993 6357
f 6754 6755 6993
f 6989 6988 7003
f 6991 6579 7221
f 6739 6768 6746
f 6998 6997 7008
f 6355 7137 6777
f 6993 6773 6357
f 6992 7020 7005
f 6994 6768 6739
f 6988 7132 7007
f 7000 6995 7003
f 6579 6999 7221
f 7020 6998 7008
f 6994 6774 6768
f 6988 7007 7031
f 6994 6756 6774
f 7137 7002 6777
f 6586 7001 7145
f 6999 6586 7144
f 7136 7005 7139
f 7139 7005 7010
f 7003 6988 7031
f 7008 6997 7147
f 6777 7002 6786
f 7007 7140 7009
f 7139 7010 7006
f 7024 7146 7000
f 7013 7139 7006
f 7004 6378 7014
f 7012 7004 7014
f 7000 7003 7024
f 7011 6786 7002
f 7014 6378 7156
f 7031 7007 7015
f 7148 7330 7024
f 7010 7005 7016
f 7007 7009 7015
f 7008 7147 7030
f 7157 7010 7016
f 7006 7010 7157
f 7161 7013 7006
f 7229 6100 7358
f 7009 7012 7021
f 7017 7148 7024
f 7024 7022 7017
f 7017 7022 7018
f 7022 7023 7018
f 7018 7023 7151
f 7023 7019 7152
f 7152 7019 7153
f 7147 7153 7030
f 7381 7006 7157
f 6804 7336 5981
f 5981 7336 6100
f 7160 7012 7014
f 7160 7021 7012
f 7153 7019 7030
f 7016 7005 7027
f 7027 7005 7020
f 7024 7003 7026
f 7161 7006 7363
f 7015 7235 7033
f 7008 7030 7020
f 7003 7031 7026
f 7023 7022 7040
f 7030 7019 7040
f 7024 7026 7055
f 7019 7023 7040
f 7022 7055 7040
f 7028 7027 7365
f 7365 7027 7032
f 7015 7033 7041
f 7041 7033 7038
f 7031 7015 7041
f 7022 7024 7055
f 7027 7020 7036
f 7034 7027 7036
f 7032 7027 7034
f 7020 7030 7039
f 7365 7032 7162
f 7162 7032 7034
f 7036 7020 7042
f 7042 7020 7039
f 7388 7166 6396
f 7039 7030 7044
f 7167 7043 7038
f 7041 7038 7043
f 7168 7366 6813
f 7169 7042 7039
f 7026 7031 7041
f 7039 7044 7047
f 7367 7170 6199
f 7044 7030 7040
f 7238 7168 7171
f 7046 7043 7045
f 7041 7043 7046
f 7045 7048 7046
f 7173 7039 7047
f 7169 7039 7173
f 7026 7041 7049
f 7048 7174 7046
f 7051 7046 7174
f 7041 7046 7051
f 7049 7041 7051
f 7044 7050 7047
f 7040 7055 7054
f 7040 7054 7058
f 7050 7044 7053
f 7175 7049 7051
f 7061 7026 7052
f 7026 7061 7055
f 7044 7040 7058
f 7026 7049 7052
f 7049 7175 7052
f 7053 7044 7056
f 7056 7044 7058
f 7346 7057 7371
f 7069 7055 7061
f 7052 7059 7061
f 7058 7054 7060
f 7069 7061 7064
f 7054 7055 7069
f 7059 7063 7061
f 7179 7060 7054
f 7179 7054 7065
f 7064 7061 7063
f 7065 7054 7070
f 7068 7067 7064
f 7069 7064 7067
f 7054 7069 7070
f 6297 7350 6298
f 7069 7067 7184
f 5895 7248 6202
f 7068 7073 7067
f 7070 7069 7071
f 7352 7248 6203
f 7183 6079 6625
f 7184 7067 7073
f 7071 7069 7184
f 7353 7184 7073
f 7252 5870 6149
f 7402 7253 6403
f 7078 7079 6849
f 7079 7074 6429
f 6429 7074 6839
f 6407 6840 6841
f 6843 6842 7075
f 6848 7188 7260
f 6849 6848 7078
f 6839 7192 7189
f 6634 7189 7193
f 7254 6634 7193
f 7083 6499 7200
f 7200 6499 7202
f 7305 6938 7087
f 7087 6939 7292
f 7089 7306 7088
f 6940 6941 7198
f 7198 6941 7199
f 6935 7199 6941
f 6936 7309 7199
f 7309 6936 7090
f 7090 6947 7091
f 7084 6937 7092
f 7086 6938 7305
f 7089 7088 6939
f 6951 7306 7089
f 7093 7306 6951
f 6951 6940 7093
f 6936 7199 6935
f 6948 7090 6936
f 6947 7090 6948
f 6942 7091 6947
f 7301 6133 7282
f 7092 7201 7203
f 7094 6944 6970
f 6950 6133 7301
f 6970 7096 7094
f 7092 7203 6949
f 6950 7301 6958
f 7301 7096 7095
f 7301 7095 6958
f 7095 7096 7097
f 7096 6970 7097
f 7204 6704 7098
f 7095 7097 7099
f 7095 7099 6958
f 7203 7204 7098
f 6961 7103 6962
f 6962 7103 6959
f 7102 6963 6959
f 6963 7102 6955
f 6949 7203 7100
f 7103 6961 7101
f 7102 6959 7103
f 6964 6955 7207
f 7101 6961 7109
f 6701 6965 7104
f 7099 7097 7108
f 7203 7098 7110
f 6967 6708 6705
f 6968 6708 6967
f 6701 7105 6968
f 7104 7105 6701
f 6965 7107 7104
f 6969 7107 6965
f 7106 7107 6969
f 7104 6709 7105
f 7107 6709 7104
f 7210 6964 7207
f 7100 7203 7110
f 6538 6708 6968
f 7105 6538 6968
f 7110 7098 7114
f 7100 7110 7119
f 6972 7121 7109
f 6974 7111 6973
f 6975 7112 7111
f 7113 7112 6975
f 6964 7210 7115
f 7099 7108 7116
f 7099 7116 6981
f 7118 7110 7117
f 7119 7110 7118
f 7116 7120 6981
f 6549 7117 7114
f 7110 7114 7117
f 6972 6982 7121
f 7209 6977 7212
f 6549 6743 7125
f 7117 6549 7125
f 7123 7108 6985
f 6981 7120 6983
f 7118 7117 6984
f 7116 7108 7123
f 7120 7116 7122
f 7122 7116 7123
f 7119 7118 6984
f 7120 7122 6983
f 6982 6995 7121
f 6973 7214 6749
f 6983 7122 7126
f 6984 7117 7125
f 6995 7215 7121
f 7126 7122 7123
f 6984 7124 6986
f 6977 6991 7212
f 7125 6743 7128
f 6984 7125 7127
f 7126 7123 7131
f 7131 7123 6987
f 7129 7126 7131
f 7123 6985 6987
f 7125 7128 7127
f 6984 7127 7124
f 7134 7115 7213
f 6979 7115 7134
f 7217 7215 6995
f 7216 7127 7128
f 7124 7127 7216
f 7124 7216 7130
f 6749 7214 7218
f 7000 7217 6995
f 7129 7131 6355
f 6987 6992 7136
f 7131 6987 7136
f 7131 7137 6355
f 7132 7130 7323
f 6979 7134 6998
f 6991 7221 7212
f 7133 7131 7136
f 6749 7225 6996
f 6998 7134 6997
f 7005 7136 6992
f 7219 6990 5978
f 7142 7217 7000
f 7223 7134 7213
f 7137 7131 7133
f 7219 5978 7324
f 7132 7141 7007
f 6993 7135 6773
f 7133 7136 7139
f 7324 5978 7222
f 6585 6996 7138
f 6996 7145 7138
f 7002 7137 7133
f 7222 5978 7004
f 7004 7140 7141
f 7007 7141 7140
f 7145 7001 7138
f 7145 7143 6586
f 7143 7144 6586
f 7000 7146 7142
f 7227 7145 7226
f 7143 7145 7227
f 7144 7143 7325
f 6997 7224 7147
f 7002 7133 7139
f 7012 7009 7004
f 7140 7004 7009
f 7333 7139 7013
f 7002 7139 7333
f 7146 7024 7330
f 7333 7011 7002
f 6379 7011 7154
f 7156 7149 7334
f 7155 5804 7154
f 7021 7335 7009
f 7018 7150 7017
f 7151 7150 7018
f 7152 7151 7023
f 7158 7335 7021
f 7016 7337 7157
f 7333 7013 7159
f 6391 5708 7155
f 7159 7013 7161
f 7028 7337 7016
f 7006 7381 7363
f 7016 7027 7028
f 7361 6614 7382
f 6011 7412 6614
f 7033 7235 7339
f 7035 7237 6011
f 7033 7339 7165
f 7038 7033 7165
f 7162 7034 7164
f 7164 7034 7036
f 7167 7038 7165
f 7366 7037 6813
f 7036 7042 7164
f 6199 7166 7367
f 7045 7043 7167
f 7164 7042 7169
f 7172 7239 7171
f 7051 7174 7175
f 7241 7173 7047
f 7241 7047 7050
f 7241 7050 7053
f 7242 6200 6620
f 7053 7177 7241
f 7177 7053 7056
f 7177 7056 7178
f 7057 7346 6829
f 6621 7244 6045
f 7178 7056 7058
f 7178 7058 7060
f 7180 7178 7060
f 6400 7246 7244
f 7063 7059 7245
f 7180 7060 7179
f 7181 7246 6834
f 7063 7245 7064
f 7064 7245 7068
f 7065 7180 7179
f 6835 6147 7181
f 6147 6066 7066
f 7180 7065 7398
f 6298 7350 7182
f 7398 7065 7070
f 7183 6015 7182
f 6079 7183 7072
f 7354 7251 6016
f 6841 7075 6842
f 6845 6844 7257
f 6630 6845 7257
f 6630 7258 7076
f 7276 7270 7186
f 7081 7187 6632
f 6846 7259 6847
f 7191 7188 6847
f 7078 6848 7269
f 7074 7079 7078
f 6628 7194 7263
f 7267 6844 7190
f 7258 6630 7257
f 7276 7076 7258
f 7077 7076 7276
f 7276 7186 7077
f 7081 7186 7270
f 7187 7081 7270
f 7259 6632 7187
f 6846 6632 7259
f 7191 6847 7266
f 7260 7188 7191
f 7192 6839 7074
f 7082 7080 7254
f 7082 7282 6873
f 7195 7263 7194
f 7194 7083 7195
f 7195 7083 7200
f 7294 7201 7196
f 7196 6937 7302
f 7305 7292 7295
f 7292 6939 7088
f 7306 7093 7299
f 7299 7093 7296
f 7310 7090 7286
f 7314 6944 7312
f 7294 7200 7201
f 7303 6937 7084
f 7085 7303 7084
f 7304 7303 7085
f 6945 7304 7085
f 7197 7304 6945
f 7305 7197 6945
f 7086 7305 6945
f 7087 7292 7305
f 6940 7198 7093
f 6942 7311 7091
f 6942 6943 7311
f 6943 6944 7314
f 7094 7297 7312
f 7094 7312 6944
f 7092 7196 7201
f 6937 7196 7092
f 7096 7297 7094
f 7297 7096 7301
f 7201 7200 7202
f 7203 7201 7202
f 7203 7202 7204
f 7103 7101 7205
f 7102 7103 7205
f 7102 7205 7206
f 6955 7102 7207
f 7102 7206 7207
f 7121 7211 7109
f 7109 7211 7321
f 7211 7214 7111
f 7321 7211 7111
f 6973 7111 7214
f 7113 7208 7112
f 7209 7208 7113
f 7208 7209 7210
f 7210 7209 7115
f 7211 7121 7215
f 7209 7213 7115
f 7209 7212 7213
f 7214 7211 7215
f 7214 7215 7218
f 7218 7215 7220
f 6990 7219 7128
f 7216 7128 7219
f 7215 7217 7220
f 7130 7216 7323
f 7218 7220 6749
f 7220 7225 6749
f 7216 7219 7323
f 7213 7212 7221
f 7220 7217 7142
f 7132 7323 7141
f 7213 7221 7223
f 7220 7142 7225
f 7134 7223 6997
f 7221 6999 7325
f 7221 7325 7355
f 7355 7223 7221
f 7223 7224 6997
f 7141 7222 7004
f 6996 7225 7145
f 6999 7144 7325
f 7142 7146 7328
f 7226 7145 7225
f 7325 7143 7227
f 7328 7146 7330
f 7224 7228 7147
f 7153 7228 7232
f 7228 7153 7147
f 7154 7011 7377
f 7148 7230 7330
f 7017 7230 7148
f 7150 7230 7017
f 7150 7231 7230
f 7151 7231 7150
f 7152 7231 7151
f 7152 7232 7231
f 7153 7232 7152
f 7014 7156 7334
f 7381 7157 7405
f 6391 7155 7359
f 7158 7021 7160
f 7383 7158 7160
f 7362 7025 6039
f 7360 6198 6394
f 7383 7160 7234
f 6613 6198 7360
f 6614 7412 7382
f 7412 6011 7237
f 7387 7365 7162
f 7163 7388 6396
f 7165 7339 7340
f 7162 7164 7341
f 7164 7390 7341
f 7035 7037 7237
f 7167 7165 7340
f 7418 7167 7340
f 7418 7045 7167
f 7169 7421 7164
f 7168 7238 7366
f 7421 7169 7173
f 7171 7239 7238
f 7048 7045 7423
f 7173 7370 7421
f 7343 7175 7174
f 7370 7173 7241
f 7175 7343 7393
f 7344 7176 6619
f 7052 7175 7393
f 7372 7052 7393
f 7052 7372 7243
f 7178 7373 7177
f 7059 7052 7243
f 7245 7059 7243
f 7347 6831 6829
f 7180 7396 7178
f 7396 7373 7178
f 7068 7245 7348
f 7180 7398 7247
f 6202 7248 7066
f 6203 6148 7352
f 6838 6079 7072
f 7184 7353 7249
f 7249 7071 7184
f 6131 6838 7459
f 7459 7185 6131
f 5696 5870 7402
f 7263 6840 6628
f 6840 7274 6841
f 7255 7075 6841
f 7256 7257 6844
f 7260 7269 6848
f 7192 7262 7189
f 7274 6840 7263
f 7274 7255 6841
f 7264 7075 7255
f 7075 7264 7279
f 6843 7075 7279
f 7267 6843 7279
f 7190 6843 7267
f 7259 7266 6847
f 7269 7260 7272
f 7277 7078 7269
f 7074 7078 7277
f 7074 7277 7261
f 7074 7261 7192
f 7261 7262 7192
f 7262 7193 7189
f 7193 7273 7254
f 7254 7273 7082
f 6844 7267 7256
f 7187 7270 7265
f 7259 7187 7265
f 7288 7259 7265
f 7266 7259 7288
f 7271 7191 7266
f 7268 7191 7271
f 7260 7191 7268
f 7272 7260 7268
f 7278 7193 7262
f 7273 7193 7278
f 7273 7278 7289
f 7283 7267 7279
f 7257 7256 7275
f 7276 7258 7281
f 7270 7276 7293
f 7256 7267 7284
f 7256 7291 7275
f 7258 7257 7281
f 7265 7270 7280
f 7280 7270 7299
f 7261 7277 7285
f 7082 7273 7282
f 7281 7257 7275
f 7293 7276 7281
f 7271 7266 7288
f 7285 7277 7269
f 7288 7265 7280
f 7262 7261 7278
f 7278 7261 7285
f 7282 7273 7289
f 7288 7280 7313
f 7279 7264 7287
f 7283 7279 7287
f 7291 7256 7284
f 7270 7293 7299
f 7285 7269 7300
f 7274 7263 7294
f 7255 7274 7298
f 7271 7288 7307
f 7278 7285 7312
f 7267 7283 7290
f 7284 7267 7290
f 7295 7284 7290
f 7296 7280 7299
f 7271 7307 7308
f 7268 7271 7308
f 7269 7272 7286
f 7291 7284 7295
f 7275 7291 7295
f 7313 7280 7296
f 7307 7288 7313
f 7255 7298 7302
f 7264 7255 7302
f 7281 7275 7292
f 7292 7275 7295
f 7268 7308 7310
f 7272 7268 7310
f 7269 7286 7300
f 7297 7278 7312
f 7289 7278 7297
f 7287 7264 7302
f 7263 7195 7294
f 7274 7294 7298
f 7281 7292 7088
f 7286 7272 7310
f 7290 7283 7304
f 7293 7281 7088
f 7312 7285 7300
f 7289 7301 7282
f 7294 7195 7200
f 7302 7298 7196
f 7303 7304 7283
f 7295 7290 7305
f 7306 7293 7088
f 7299 7293 7306
f 7308 7307 7198
f 7309 7310 7308
f 7300 7286 7311
f 7196 7298 7294
f 7287 7302 6937
f 7303 7287 6937
f 7283 7287 7303
f 7290 7304 7197
f 7290 7197 7305
f 7313 7296 7093
f 7307 7313 7198
f 7308 7198 7199
f 7309 7308 7199
f 7090 7310 7309
f 7091 7286 7090
f 7311 7286 7091
f 7300 7311 7314
f 7198 7313 7093
f 7314 7311 6943
f 7312 7300 7314
f 7289 7297 7301
f 7101 7315 7205
f 7315 7316 7205
f 7205 7316 7206
f 7206 7316 7207
f 7316 7317 7207
f 7207 7317 7210
f 7315 7101 7320
f 7320 7101 7109
f 7210 7317 7319
f 7321 7320 7109
f 7318 7320 7321
f 7322 7318 7321
f 7319 7318 7322
f 7208 7319 7322
f 7210 7319 7208
f 7322 7321 7111
f 7112 7322 7111
f 7208 7322 7112
f 7324 7323 7219
f 7141 7323 7324
f 7141 7324 7222
f 7142 7328 7225
f 7355 7224 7223
f 7225 7328 7326
f 7225 7326 7226
f 7326 7329 7226
f 7226 7329 7227
f 7227 7329 7325
f 7329 7327 7325
f 7355 7325 7327
f 7326 7328 7357
f 7356 7326 7357
f 7327 7329 7356
f 7332 7327 7356
f 7328 7330 7357
f 7224 7355 7228
f 7228 7355 7332
f 7334 7149 6600
f 7232 7228 7332
f 7357 7330 7230
f 7331 7357 7230
f 7231 7331 7230
f 7332 7331 7231
f 7232 7332 7231
f 7335 7015 7009
f 7157 7404 7405
f 7358 6100 7336
f 7157 7337 7404
f 7159 7380 7333
f 7160 7014 7234
f 7015 7335 7235
f 7159 7161 7364
f 7361 6394 7233
f 7337 7028 7384
f 7362 6039 6806
f 7028 7365 7384
f 7236 7410 7414
f 7341 7387 7162
f 7166 7470 7367
f 7048 7423 7174
f 7240 7369 7172
f 7174 7423 7343
f 7344 6619 6821
f 7240 6200 7369
f 7241 7177 7370
f 7371 7395 7346
f 7373 7345 7177
f 7395 6829 7346
f 6045 7397 7437
f 6045 7244 7397
f 7374 6829 7439
f 7374 7347 6829
f 7244 7246 7397
f 7245 7243 7348
f 7180 7247 7396
f 7246 7181 7349
f 7062 7350 6297
f 7181 6147 7375
f 7375 6147 7066
f 7182 7350 7376
f 7182 7376 7183
f 7351 7249 7073
f 7070 7400 7398
f 7400 7070 7071
f 7353 7073 7249
f 7458 6838 7072
f 7251 7354 7250
f 6403 7253 7401
f 7402 5870 7252
f 7315 7318 7316
f 7318 7319 7316
f 7319 7317 7316
f 7318 7315 7320
f 7326 7356 7329
f 7332 7355 7327
f 7357 7331 7356
f 7332 7356 7331
f 7011 7333 7377
f 6804 6613 7336
f 7361 7360 6394
f 7362 7338 7025
f 7234 7408 7383
f 7362 7464 7338
f 7364 7161 7363
f 7338 7464 7029
f 7029 7464 7410
f 7415 7235 7385
f 7339 7235 7415
f 7389 7237 7037
f 7166 7388 7470
f 7164 7421 7390
f 7045 7418 7423
f 7368 7170 7367
f 7172 7369 7239
f 7342 7392 6821
f 7344 6821 7392
f 6200 7242 7369
f 7345 7370 7177
f 7344 7371 7176
f 6045 7437 7242
f 6829 7395 7439
f 7062 7347 7374
f 7350 7062 7374
f 7246 7349 7397
f 7375 7349 7181
f 7348 7351 7068
f 7352 7066 7248
f 7073 7068 7351
f 7399 7183 7376
f 7072 7183 7399
f 7400 7071 7249
f 7459 6838 7458
f 7185 7252 6149
f 6016 6402 7515
f 7401 7515 6402
f 6403 7401 6402
f 7358 7463 7229
f 6600 7229 7463
f 7334 6600 7379
f 7333 7380 7377
f 7336 7378 7358
f 7334 7379 7403
f 7334 7403 7014
f 7014 7403 7234
f 7404 7337 7384
f 7234 7403 7408
f 7159 7364 7380
f 7383 7385 7158
f 7335 7385 7235
f 7361 7382 7360
f 7385 7383 7408
f 7409 7363 7381
f 7386 7364 7363
f 7363 7409 7386
f 7365 7387 7384
f 7414 7163 7236
f 7339 7415 7340
f 7388 7163 7414
f 7340 7416 7418
f 7390 7417 7341
f 7366 7389 7037
f 7366 7391 7389
f 7238 7391 7366
f 7238 7239 7391
f 7369 7391 7239
f 7370 7427 7421
f 7370 7430 7427
f 7343 7423 7432
f 7433 7430 7370
f 7343 7432 7393
f 7345 7433 7370
f 7434 7371 7344
f 7395 7371 7434
f 7437 7394 7242
f 7373 7440 7345
f 7243 7372 7443
f 7396 7442 7373
f 7243 7443 7348
f 7375 7501 7349
f 7247 7398 7452
f 7247 7452 7450
f 7066 7352 7375
f 7398 7400 7456
f 7249 7351 7506
f 6148 7460 7352
f 7460 6148 7250
f 7460 7250 7354
f 6016 7515 7354
f 7379 6600 7463
f 7463 7358 7378
f 7154 7377 7155
f 7463 7411 7379
f 7359 7155 7407
f 7378 7336 7360
f 7336 6613 7360
f 7360 7382 7378
f 7335 7158 7385
f 7405 7404 7409
f 7359 7407 6806
f 7403 7379 7411
f 7408 7403 7406
f 7409 7404 7384
f 7405 7409 7381
f 6806 7407 7362
f 7406 7403 7411
f 7464 7362 7407
f 7380 7364 7469
f 7408 7406 7413
f 7408 7413 7385
f 7465 7380 7469
f 7385 7413 7415
f 7387 7409 7384
f 7406 7411 7472
f 7413 7406 7472
f 7409 7387 7386
f 7469 7364 7386
f 7415 7413 7416
f 7387 7341 7473
f 7386 7387 7473
f 7469 7386 7471
f 7415 7416 7340
f 7471 7386 7473
f 7470 7388 7414
f 7473 7341 7417
f 7476 7413 7472
f 7416 7413 7476
f 7417 7390 7419
f 7424 7418 7416
f 7473 7417 7419
f 7416 7476 7424
f 7419 7390 7420
f 7477 7419 7422
f 7473 7419 7477
f 7367 7470 7478
f 7421 7420 7390
f 7422 7419 7420
f 7481 7391 7369
f 7423 7418 7424
f 7425 7420 7421
f 7478 7368 7367
f 7368 7478 7426
f 7421 7427 7425
f 7422 7420 7484
f 7368 7426 7342
f 7423 7424 7432
f 7342 7426 7392
f 7429 7481 7369
f 7427 7430 7428
f 7484 7425 7431
f 7431 7427 7428
f 7425 7427 7431
f 7344 7392 7434
f 7369 7242 7429
f 7393 7432 7436
f 7428 7430 7433
f 7242 7394 7429
f 7436 7432 7490
f 7434 7522 7395
f 7433 7345 7435
f 7438 7428 7433
f 7393 7436 7372
f 7440 7435 7345
f 7433 7435 7438
f 7492 7428 7438
f 7372 7436 7443
f 7443 7436 7491
f 7440 7373 7442
f 7435 7440 7441
f 7438 7435 7441
f 7493 7374 7439
f 7437 7397 7494
f 7523 7494 7397
f 7441 7440 7442
f 7396 7445 7442
f 7442 7445 7441
f 7493 7497 7374
f 7348 7443 7447
f 7396 7247 7445
f 7444 7441 7445
f 7349 7523 7397
f 7247 7448 7445
f 7247 7450 7448
f 7446 7350 7374
f 7444 7445 7448
f 7449 7350 7446
f 7449 7376 7350
f 7444 7448 7453
f 7351 7348 7505
f 7348 7447 7505
f 7453 7448 7450
f 7505 7447 7502
f 7452 7398 7451
f 7450 7452 7454
f 7450 7454 7453
f 7456 7451 7398
f 7452 7451 7454
f 7457 7456 7400
f 7451 7456 7509
f 7454 7451 7509
f 7399 7455 7072
f 7506 7513 7249
f 7249 7457 7400
f 7456 7457 7509
f 7455 7458 7072
f 7457 7249 7513
f 7509 7457 7513
f 7461 7460 7354
f 7185 7459 7512
f 7185 7512 7517
f 7461 7354 7515
f 7252 7185 7517
f 7252 7517 7462
f 7253 7402 7462
f 7252 7462 7402
f 7463 7378 7411
f 7377 7380 7465
f 7155 7377 7465
f 7155 7465 7464
f 7407 7155 7464
f 7378 7382 7467
f 7378 7467 7411
f 7464 7465 7466
f 7467 7382 7412
f 7466 7465 7468
f 7464 7466 7410
f 7469 7468 7465
f 7410 7466 7414
f 7466 7468 7414
f 7472 7411 7467
f 7519 7412 7237
f 7468 7469 7471
f 7237 7389 7519
f 7474 7472 7467
f 7470 7471 7478
f 7476 7472 7474
f 7391 7475 7389
f 7475 7391 7479
f 7474 7480 7476
f 7481 7479 7391
f 7479 7481 7482
f 7476 7480 7483
f 7483 7480 7521
f 7424 7476 7483
f 7477 7422 7520
f 7425 7484 7420
f 7520 7422 7484
f 7486 7520 7484
f 7481 7429 7482
f 7486 7434 7485
f 7520 7486 7485
f 7434 7392 7485
f 7490 7424 7483
f 7432 7424 7490
f 7487 7486 7484
f 7521 7488 7483
f 7431 7487 7484
f 7431 7522 7487
f 7486 7487 7434
f 7490 7483 7488
f 7521 7429 7394
f 7434 7487 7522
f 7522 7431 7489
f 7428 7489 7431
f 7436 7490 7491
f 7492 7489 7428
f 7522 7489 7395
f 7437 7488 7394
f 7494 7488 7437
f 7488 7524 7490
f 7492 7438 7495
f 7489 7492 7439
f 7395 7489 7439
f 7492 7495 7493
f 7439 7492 7493
f 7491 7490 7524
f 7438 7441 7497
f 7495 7438 7497
f 7493 7495 7497
f 7497 7441 7496
f 7443 7491 7447
f 7500 7491 7524
f 7496 7441 7499
f 7497 7496 7446
f 7374 7497 7446
f 7498 7491 7500
f 7441 7444 7499
f 7501 7523 7349
f 7447 7491 7498
f 7496 7499 7446
f 7446 7499 7449
f 7447 7498 7502
f 7499 7444 7449
f 7444 7503 7449
f 7453 7503 7444
f 7375 7525 7501
f 7502 7498 7500
f 7503 7453 7504
f 7449 7503 7376
f 7399 7503 7504
f 7376 7503 7399
f 7352 7525 7375
f 7352 7526 7525
f 7508 7502 7526
f 7505 7502 7510
f 7399 7504 7455
f 7505 7506 7351
f 7453 7454 7455
f 7504 7453 7455
f 7460 7526 7352
f 7506 7505 7510
f 7508 7526 7460
f 7502 7508 7510
f 7455 7454 7507
f 7509 7507 7454
f 7455 7507 7458
f 7510 7508 7461
f 7513 7506 7510
f 7507 7509 7512
f 7460 7461 7508
f 7512 7509 7511
f 7507 7512 7459
f 7458 7507 7459
f 7513 7510 7514
f 7511 7513 7514
f 7511 7509 7513
f 7514 7510 7461
f 7512 7511 7517
f 7511 7514 7516
f 7514 7461 7515
f 7514 7515 7516
f 7517 7511 7516
f 7518 7515 7401
f 7516 7515 7518
f 7462 7516 7518
f 7517 7516 7462
f 7518 7401 7253
f 7253 7462 7518
f 7519 7467 7412
f 7414 7468 7470
f 7470 7468 7471
f 7467 7519 7474
f 7389 7475 7519
f 7474 7519 7475
f 7471 7473 7478
f 7474 7475 7479
f 7474 7479 7480
f 7477 7478 7473
f 7482 7480 7479
f 7426 7477 7520
f 7478 7477 7426
f 7392 7426 7485
f 7426 7520 7485
f 7480 7482 7521
f 7429 7521 7482
f 7394 7488 7521
f 7488 7494 7524
f 7523 7524 7494
f 7501 7524 7523
f 7500 7524 7501
f 7500 7501 7525
f 7500 7526 7502
f 7526 7500 7525

