# https://github.com/mikedh/trimesh
v -0.32145414 -0.25704964 0.72939112
v -0.31944762 -0.24657557 0.73657767
v -0.31083404 -0.01033915 -0.50037645
v -0.31057932 0.03982430 -0.76924694
v -0.32118616 0.05488847 -0.28841109
v -0.31823409 0.05043922 -0.26815910
v -0.31340531 0.06627588 0.10047807
v -0.32162292 0.05002844 -0.62245563
v -0.32089070 0.05143269 -0.40544757
v -0.32097984 0.05128623 -0.08100995
v -0.30787564 -0.38084552 -0.27167098
v -0.30945218 -0.36673820 -0.34499489
v -0.31032337 -0.34430997 -0.66603321
v -0.31191454 -0.34796619 -0.56073489
v -0.30557148 -0.33540690 -0.39828724
v -0.30920215 -0.36315835 -0.22340956
v -0.31334201 -0.32803615 -0.36970220
v -0.30351090 -0.30096030 -0.32807805
v -0.31206791 -0.35665956 -0.24723714
v -0.31189467 -0.30516113 -0.18206259
v -0.31107823 -0.29933685 0.83216499
v -0.31040774 -0.28851294 0.73171812
v -0.31195029 -0.27373626 -0.27884690
v -0.31020865 -0.26750939 0.70171338
v -0.30972286 -0.27000751 0.73296410
v -0.31274721 -0.26672992 -0.39337206
v -0.31093070 -0.22524122 -0.37792948
v -0.32034650 -0.24904685 0.70316693
v -0.31281024 -0.24786509 -0.52611082
v -0.31341618 -0.24745839 -0.29611983
v -0.31163888 -0.26751216 -0.16495543
v -0.30967886 -0.24984848 0.75079855
v -0.30981066 -0.18788201 -0.51674374
v -0.30637399 -0.21759393 0.73611249
v -0.31132590 -0.24015761 -0.74644110
v -0.31280909 -0.25550088 -0.81324683
v -0.31248586 -0.19016333 -0.54666716
v -0.31002851 -0.18509350 -0.40132691
v -0.31193037 -0.18520833 -0.19258926
v -0.31332354 -0.14102159 -0.81430263
v -0.30989139 -0.18137595 -0.17177566
v -0.31241017 -0.14947608 -0.68862921
v -0.31229241 -0.15139657 -0.58842486
v -0.30962535 -0.11925635 -0.61752714
v -0.30825261 -0.09282047 -0.12101549
v -0.31120278 -0.07131450 -0.11344657
v -0.31253543 -0.08618823 -0.10226343
v -0.30552122 -0.07917360 -0.75365125
v -0.31343138 -0.07778608 -0.67015955
v -0.31436828 -0.07502829 -0.63412929
v -0.31281296 -0.07609277 -0.14347623
v -0.31399353 -0.07814158 -0.04247985
v -0.31337197 -0.06270617 -0.76852673
v -0.31717584 -0.05074810 -0.67780827
v -0.31753325 -0.05637592 -0.64216584
v -0.31131170 -0.06109980 -0.32235895
v -0.31008288 -0.06310662 -0.13114004
v -0.31134095 -0.06143675 -0.00527862
v -0.31128372 -0.05374439 -0.97734664
v -0.31415923 -0.05088949 -0.92934128
v -0.31320964 -0.05531835 -0.87508734
v -0.31581620 -0.05805505 -0.84907871
v -0.31456107 -0.02603308 -0.76274870
v -0.31343821 -0.05481984 -0.73823280
v -0.30911216 -0.05872657 -0.68108738
v -0.31333729 -0.05529202 -0.63370104
v -0.31299494 -0.05455706 -0.58040058
v -0.31286212 -0.05392153 -0.50724381
v -0.31679403 -0.06111170 -0.49179575
v -0.31673831 -0.06107910 -0.46038605
v -0.31269041 -0.05465248 -0.44388585
v -0.31298813 -0.05119892 -0.38715647
v -0.31381526 -0.05524067 -0.36521026
v -0.31294754 -0.05448275 -0.34894358
v -0.31350859 -0.05437321 -0.30540627
v -0.31239587 -0.05472958 -0.23239583
v -0.31165717 -0.05757256 -0.16010192
v -0.31622284 -0.07008742 -0.07468463
v -0.31376313 -0.02903416 -0.02820371
v -0.31470259 -0.05029259 -0.00465317
v -0.31270522 -0.05395259 0.08472773
v -0.31309183 -0.02811985 -0.91798057
v -0.31302202 -0.05338891 -0.83459553
v -0.31397642 -0.03079914 -0.24194476
v -0.31395609 -0.02824840 -0.13629440
v -0.31508459 -0.04483365 -0.09159938
v -0.31426694 -0.04852667 0.06233130
v -0.31029789 -0.05740308 0.12725714
v -0.31331697 -0.06058092 0.15406468
v -0.31469409 -0.02788700 -0.68102752
v -0.31416697 -0.02488342 -0.63928689
v -0.31423873 -0.02352887 -0.61749312
v -0.31266544 -0.02469816 -0.55040488
v -0.31338695 -0.02486663 -0.41292968
v -0.31465996 -0.02964430 -0.05676249
v -0.31461944 -0.02553280 0.12195501
v -0.31816180 -0.02324410 0.13802929
v -0.31817417 -0.02429341 0.15223544
v -0.31558831 -0.03305014 -0.96580590
v -0.31429801 -0.03014762 -0.71133021
v -0.30939539 -0.02297459 -0.58228708
v -0.31650209 -0.02342054 -0.47773772
v -0.31477281 -0.02865040 -0.30113335
v -0.31482133 -0.02924596 -0.21691449
v -0.31598371 -0.02868504 -0.18931290
v -0.31388427 -0.04809505 -0.11207338
v -0.31569743 -0.02408761 0.06198054
v -0.31630154 -0.00879421 -0.96540205
v -0.30929993 -0.01381249 -0.93871725
v -0.31218944 -0.01776583 -0.88888198
v -0.31277036 -0.02553474 -0.84420835
v -0.31387659 -0.01871163 -0.72875284
v -0.31578551 -0.02201748 -0.68782762
v -0.31452371 -0.02043147 -0.55706353
v -0.31699842 -0.01041822 -0.49140266
v -0.31340236 -0.02575991 -0.49797964
v -0.31246709 -0.02486794 -0.37744535
v -0.30899466 -0.01924196 -0.37275330
v -0.31345849 -0.02420929 -0.30621252
v -0.30949875 -0.02348168 -0.24522939
v -0.31390795 -0.01972660 -0.21403998
v -0.31812743 -0.02465379 -0.19963093
v -0.31052178 -0.02187927 -0.18944088
v -0.30945443 -0.01958238 -0.16076561
v -0.31040751 -0.02292156 -0.13966038
v -0.30970198 -0.01687398 -0.07383935
v -0.31430592 -0.02490059 -0.00304559
v -0.31319089 -0.02268309 0.08256200
v -0.31211359 -0.01187186 -0.57834934
v -0.31014806 -0.01335697 -0.47960563
v -0.31226980 -0.01083594 -0.36623527
v -0.31346835 -0.01078674 -0.24287175
v -0.31609520 -0.01459911 -0.23084747
v -0.31478754 -0.00947874 -0.20614219
v -0.31195837 -0.00089276 -0.17612362
v -0.30273004 -0.01949695 -0.11483113
v -0.31724996 -0.01334295 -0.02254299
v -0.31420830 -0.00462369 -0.74061485
v -0.31174398 -0.00880373 -0.71088860
v -0.31189229 -0.00749019 -0.69366758
v -0.31430605 0.00098098 -0.67123248
v -0.31087756 -0.00614806 -0.66496068
v -0.30114218 -0.01185864 -0.58115379
v -0.31315755 -0.00538672 -0.58218546
v -0.31110185 -0.00105156 -0.57309519
v -0.31507942 -0.01032349 -0.45490490
v -0.31007413 -0.00070811 -0.21774175
v -0.31630345 -0.01417516 -0.12049885
v -0.30236262 -0.00630542 -0.04048091
v -0.31128481 -0.00378182 -0.01948263
v -0.30807448 -0.00544562 0.08014450
v -0.31140159 -0.00491144 0.09885637
v -0.31216200 -0.00375211 -0.88562825
v -0.30516030 0.00127050 -0.74239811
v -0.31121431 0.00695920 -0.62354861
v -0.31906219 0.00589303 -0.50421175
v -0.31216309 -0.01023942 -0.37648370
v -0.31382518 0.00977091 -0.24780388
v -0.31055083 0.00017710 -0.11738302
v -0.31452503 0.00079729 -0.10495801
v -0.31586056 0.00226278 -0.02698582
v -0.30990914 -0.00159495 0.05865741
v -0.31515170 -0.00365245 0.06787899
v -0.31371937 0.01201563 0.08382565
v -0.31286397 -0.00690052 0.12937447
v -0.31035136 0.03304292 0.15983933
v -0.30243517 0.00502496 -0.91002694
v -0.31285640 0.02266691 -0.82894373
v -0.31496898 -0.01221010 -0.84879186
v -0.31166270 -0.00874089 -0.75263818
v -0.31500570 0.00379089 -0.58580437
v -0.31119751 0.01134585 -0.51513964
v -0.31039787 0.00768851 -0.49707227
v -0.31190589 0.01818162 -0.42903804
v -0.31453932 0.01418964 -0.39584498
v -0.31281863 0.01475389 -0.29725257
v -0.31354602 0.00489250 -0.25526015
v -0.31590820 0.03265178 -0.09022140
v -0.30412684 0.01994435 -0.08024012
v -0.31885262 0.00963891 -0.03732707
v -0.31712598 0.02474134 -0.92323810
v -0.31652344 0.01715006 -0.91500199
v -0.31780438 0.01584526 -0.76614937
v -0.31467934 0.02855935 -0.64593833
v -0.31335952 0.02261801 -0.59213380
v -0.31273171 0.01093989 -0.54080869
v -0.31907243 0.02824362 -0.51770169
v -0.31358151 0.01996210 -0.50629635
v -0.30330854 0.01367686 -0.43575277
v -0.31020682 0.02494508 -0.42939388
v -0.31260931 0.01719781 -0.38949939
v -0.31656103 0.03013984 -0.27041483
v -0.31511680 0.02528040 -0.25855152
v -0.30923180 0.01570326 -0.05937078
v -0.31258446 0.00927045 0.10894296
v -0.31285075 0.05076335 -0.95604249
v -0.31032761 0.03306536 -0.91781372
v -0.31372696 0.02570605 -0.60962534
v -0.31373218 0.02693358 -0.41842556
v -0.31132710 0.02760791 -0.04594888
v -0.31136879 0.02345596 0.08670512
v -0.31766878 0.03179875 -0.77695904
v -0.31330470 0.03147366 -0.63861024
v -0.30908950 0.03231483 -0.63549903
v -0.31251578 0.02255114 -0.62404882
v -0.31537078 0.03007263 -0.39998593
v -0.31618457 0.03958495 -0.27842630
v -0.31837322 0.03587948 -0.06826919
v -0.30993717 0.03551438 0.08990779
v -0.32371295 0.04274725 0.10554907
v -0.30600149 0.02702911 0.10381119
v -0.31667288 0.03428835 0.13437149
v -0.31654814 0.05378426 0.15299754
v -0.31398512 0.04255280 -0.92018026
v -0.31144558 0.03369292 -0.79454175
v -0.31031418 0.03972711 -0.42789237
v -0.31042898 0.03592908 -0.26412726
v -0.30713044 0.03568699 -0.05878425
v -0.31512309 0.05051377 -0.03085172
v -0.30714335 0.04526518 0.07720573
v -0.30979457 0.04704544 0.12256243
v -0.31724302 0.04548761 0.14330840
v -0.31080375 0.04993920 -0.80154774
v -0.31211620 0.05053131 -0.70708796
v -0.30930254 0.05096642 -0.53665913
v -0.31252160 0.05127860 -0.50356695
v -0.31201854 0.04029211 -0.51043872
v -0.30972868 0.05109874 -0.46837649
v -0.31184577 0.05110494 -0.24715476
v -0.30999252 0.04447354 -0.25649744
v -0.31336149 0.04824813 -0.21671175
v -0.31498686 0.05277330 -0.05869619
v -0.31134852 0.05113516 0.16115386
v -0.31970124 0.05042566 -0.93603435
v -0.32084483 0.05275737 -0.78197543
v -0.31654649 0.05441315 -0.76782120
v -0.31013287 0.05005480 -0.64920662
v -0.31831435 0.05355308 -0.51971750
v -0.31312977 0.04727202 -0.45309681
v -0.31703147 0.05118131 -0.42708066
v -0.30912024 0.07092821 -0.40103695
v -0.31290662 0.07364085 -0.29161853
v -0.31274961 0.06738680 -0.26992507
v -0.31015873 0.04938672 -0.19078218
v -0.31269515 0.06660926 0.12045200
v -0.30941742 0.07584565 -0.76215997
v -0.30921865 0.06933200 -0.08813910
v -0.31693704 0.07857521 0.14403684
v -0.30877319 0.07347151 -0.94050600
v -0.31209460 0.06619935 -0.51974020
v -0.31361817 0.09234613 -0.02927754
v -0.30777824 0.07398888 -0.45648756
v -0.31235971 0.09491982 -0.64053933
v -0.30921029 0.11788183 0.11685546
v -0.31528151 0.06752651 -0.62964593
v -0.32144085 0.14532320 0.49485675
v -0.31566876 0.14120419 0.50569808
v -0.30450470 -0.38621674 -0.66769086
v -0.30279255 -0.38625880 -0.32046133
v -0.30861142 -0.37281499 0.70161718
v -0.30331511 -0.38292896 0.76198654
v -0.30451014 -0.36862766 -0.71047038
v -0.31077654 -0.36813902 -0.67008159
v -0.30287863 -0.38706035 0.70098573
v -0.30154087 -0.37446835 -0.35696332
v -0.30881807 -0.36162547 0.77814705
v -0.30345941 -0.36376240 0.63904771
v -0.30873338 -0.34419542 0.63780784
v -0.30022483 -0.34925233 -0.73948435
v -0.30948836 -0.34540727 -0.72241661
v -0.30150761 -0.35979914 -0.54609676
v -0.30905257 -0.34547006 0.67354522
v -0.30977074 -0.35489484 0.74463118
v -0.31243609 -0.34498036 -0.33267099
v -0.30557043 -0.34442037 -0.18632026
v -0.30275583 -0.31923404 0.70470793
v -0.30994059 -0.31604594 -0.74136426
v -0.31070307 -0.31951401 -0.71065505
v -0.30173608 -0.31682393 -0.65626833
v -0.30331823 -0.30721704 -0.60105370
v -0.31069983 -0.33973521 -0.60399312
v -0.31013245 -0.29903161 -0.40943674
v -0.30240539 -0.31338227 -0.30949977
v -0.30452012 -0.31575875 -0.26413930
v -0.30304553 -0.31134814 0.76324581
v -0.30346093 -0.32277847 -0.75727016
v -0.31208584 -0.29164185 -0.53383933
v -0.30967806 -0.33340466 -0.53478931
v -0.30432868 -0.31979889 0.59795510
v -0.30300852 -0.28186092 0.65206225
v -0.30395333 -0.28107648 -0.57291940
v -0.30309191 -0.30276799 -0.41886031
v -0.31025530 -0.29998254 0.61042035
v -0.30173860 -0.29417150 0.77661556
v -0.30767782 -0.30993375 0.79310576
v -0.30374838 -0.31031374 -0.50566514
v -0.30343228 -0.27346155 -0.34616563
v -0.30437526 -0.30684205 -0.15844450
v -0.30793987 -0.28206482 -0.63891455
v -0.30337018 -0.26238190 -0.42917662
v -0.30841746 -0.28684354 0.70411314
v -0.30243972 -0.25404248 -0.49014364
v -0.30451709 -0.27977274 -0.29146294
v -0.30341195 -0.27154493 0.67943586
v -0.30704670 -0.26016410 0.76592567
v -0.30673561 -0.22025555 0.86166254
v -0.30418102 -0.28826980 0.85778897
v -0.30214895 -0.26412659 -0.66217979
v -0.30786796 -0.23686228 -0.64786555
v -0.31184242 -0.27701714 -0.19019727
v -0.30314061 -0.26374614 -0.14380739
v -0.30935260 -0.25158116 0.69420971
v -0.30515885 -0.24662703 -0.62156022
v -0.30291247 -0.23819293 -0.56811863
v -0.30239727 -0.23989194 -0.21794782
v -0.30287317 -0.24629731 -0.70996482
v -0.30267229 -0.23692864 -0.66258826
v -0.30209534 -0.24260078 -0.60649023
v -0.30444621 -0.25600554 -0.25257255
v -0.30490009 -0.26842862 0.57835120
v -0.31128969 -0.21588090 0.82364588
v -0.30904232 -0.23799783 -0.50018634
v -0.30368240 -0.23027212 -0.34870917
v -0.30517949 -0.23417145 -0.31776046
v -0.30695835 -0.22080117 -0.26754512
v -0.30406222 -0.22294502 -0.64485864
v -0.30559470 -0.22660591 -0.62087355
v -0.30875610 -0.23286121 -0.42153394
v -0.30762781 -0.21556273 -0.28968017
v -0.30717005 -0.22786347 0.76048936
v -0.30761912 -0.17974082 0.84666658
v -0.30615520 -0.22086700 -0.77466103
v -0.30361544 -0.19870813 -0.58481116
v -0.30441813 -0.22222563 -0.14673140
v -0.30293260 -0.20927096 0.70544451
v -0.31650070 -0.22247508 0.72237086
v -0.29425066 -0.19630292 -0.77766695
v -0.30299788 -0.20146989 0.28448974
v -0.30360837 -0.20877571 0.44113945
v -0.30869877 -0.21427314 0.59463985
v -0.30246367 -0.21986541 0.65057231
v -0.29698487 -0.19648544 0.28405133
v -0.30145684 -0.20626118 0.74911913
v -0.30479201 -0.20057975 0.78310269
v -0.30300457 -0.19409206 -0.68045667
v -0.30098132 -0.20059680 0.50207788
v -0.30075774 -0.17382629 -0.76388347
v -0.30205120 -0.19840588 -0.33030047
v -0.30947387 -0.18002096 -0.21778804
v -0.30168138 -0.19611655 0.47323006
v -0.30131021 -0.17106857 0.59089681
v -0.30889507 -0.19182904 0.61312943
v -0.30446212 -0.18813055 0.66551401
v -0.30321995 -0.17681805 0.69930130
v -0.30381878 -0.18131753 -0.65683814
v -0.30337977 -0.17983063 -0.62233677
v -0.31065631 -0.16897253 -0.34514094
v -0.30367134 -0.17694167 -0.29198293
v -0.30323341 -0.17771251 0.74519320
v -0.31302037 -0.16588602 -0.71513855
v -0.31210609 -0.13946289 -0.29669911
v -0.30395849 -0.16384957 -0.17017418
v -0.31062104 -0.14718878 0.76399919
v -0.31058369 -0.16540607 0.81821139
v -0.30257283 -0.14634966 -0.82074146
v -0.30339313 -0.14930400 -0.80688036
v -0.30664418 -0.14722338 -0.38150136
v -0.30957400 -0.14725491 0.63891887
v -0.30817063 -0.14073920 0.80687377
v -0.29047036 -0.13827726 0.83135556
v -0.30262033 -0.13552575 -0.72903179
v -0.31147579 -0.14525225 -0.55375270
v -0.30568467 -0.13466102 -0.80305709
v -0.30941340 -0.12110383 -0.67040268
v -0.31113704 -0.13508067 -0.33711871
v -0.31095742 -0.13147153 -0.23818946
v -0.30794591 -0.11613702 0.73930540
v -0.30626594 -0.10559276 -0.78968764
v -0.30443958 -0.12778962 -0.55306084
v -0.30349270 -0.11049868 -0.33279835
v -0.30075446 -0.10675142 -0.67477319
v -0.30363792 -0.10395691 0.72417789
v -0.30560165 -0.12446758 -0.81244980
v -0.30352039 -0.10449054 -0.62548381
v -0.30510536 -0.10425032 -0.28931223
v -0.30388308 -0.07692369 -0.79071143
v -0.30464600 -0.09109951 -0.77406472
v -0.28746000 -0.09692906 -0.05026481
v -0.30220383 -0.06250444 -0.16507446
v -0.29728893 -0.08947471 -0.11947519
v -0.30707950 -0.07386061 -0.11947165
v -0.30876896 -0.07896896 -0.06492606
v -0.30308281 -0.06214571 0.14067779
v -0.30894870 -0.07170310 0.15055132
v -0.29973603 -0.06722129 -0.85035098
v -0.30378712 -0.06375027 -0.78239007
v -0.31256103 -0.05583180 -0.78091383
v -0.30280726 -0.05963262 -0.63078001
v -0.30337960 -0.05985529 -0.44851202
v -0.31031280 -0.05677087 -0.38049443
v -0.30035868 -0.06588372 -0.32504357
v -0.30928919 -0.05891484 0.03810571
v -0.30265600 -0.06004417 0.09308000
v -0.30223152 -0.05792651 -0.83540337
v -0.30266452 -0.05861024 -0.57405080
v -0.30249130 -0.05816813 -0.50634817
v -0.29932274 -0.05656132 -0.29802980
v -0.30258127 -0.05863218 -0.24595517
v -0.30695067 -0.03700614 -0.98051595
v -0.31058836 -0.05792046 0.16156825
v -0.30314471 -0.01654731 -0.73405491
v -0.30103338 -0.02083977 -0.68405018
v -0.30960116 -0.02137901 -0.29179547
v -0.30221834 -0.02005838 -0.16928384
v -0.31302227 -0.02813746 -0.09761449
v -0.31105174 -0.02122944 -0.06203370
v -0.30871606 -0.01276856 0.10005008
v -0.30349457 -0.01629534 0.12155221
v -0.30445306 -0.01826651 -0.91662128
v -0.31430522 -0.01954129 -0.87057865
v -0.30220937 -0.01752148 -0.70133253
v -0.30144074 -0.01307875 -0.46786434
v -0.30819134 -0.01364417 -0.22244505
v -0.30147205 -0.01397641 -0.20457512
v -0.30704131 -0.00861484 -0.97977958
v -0.30020563 -0.00449806 -0.65778388
v -0.30002615 -0.01294275 -0.61458669
v -0.31466620 -0.01088039 -0.55183378
v -0.29984314 -0.00575418 -0.48392249
v -0.31266016 -0.02300697 -0.45274244
v -0.30063778 -0.00674134 -0.18019916
v -0.30216288 -0.01104140 -0.16831244
v -0.30236573 -0.01615513 -0.02914647
v -0.30211757 -0.00985304 0.10648416
v -0.30391992 -0.00767712 0.11164408
v -0.30084125 -0.01856516 -0.84768058
v -0.30193663 0.01098055 -0.63237973
v -0.30540120 0.01704954 -0.40689959
v -0.30495037 0.01050592 -0.18999779
v -0.29999093 -0.01899333 -0.13114816
v -0.30535468 0.00616453 -0.04809671
v -0.30227680 0.00011328 0.09444548
v -0.30384060 0.01141583 -0.52362713
v -0.30009275 -0.00063117 -0.50190076
v -0.30272038 -0.00355614 -0.49380755
v -0.31171320 0.00374021 -0.43128666
v -0.30427052 0.01599809 -0.17466110
v -0.31057321 0.01837952 -0.75819662
v -0.30248272 0.02370554 -0.63634859
v -0.30261005 0.01854772 -0.42839990
v -0.29764002 0.03393268 -0.39224154
v -0.30440771 0.01472037 -0.32244143
v -0.30212319 0.01426357 -0.11527987
v -0.30230433 0.01366109 -0.03079842
v -0.29940682 0.03377238 0.07810704
v -0.30927586 0.02096474 0.12128499
v -0.30179592 0.03444174 -0.78776380
v -0.30148383 0.03035459 -0.77133103
v -0.30230410 0.01648032 -0.66398492
v -0.30648905 0.02750973 -0.42050582
v -0.30299994 0.02825381 -0.40901272
v -0.30342077 0.02555615 -0.93489924
v -0.30245016 0.03453763 -0.64141915
v -0.30208608 0.03612579 -0.63176404
v -0.30172740 0.03448505 -0.60859494
v -0.30457611 0.03679213 -0.40556613
v -0.30122006 0.04154158 -0.08695299
v -0.30281802 0.04113737 -0.77442229
v -0.30254478 0.04328330 -0.64123530
v -0.30317986 0.03678870 -0.52879775
v -0.31018645 0.05075025 0.06814611
v -0.30832176 0.05125537 -0.91461129
v -0.31024265 0.04997578 -0.83392528
v -0.29765764 0.04129865 -0.81263944
v -0.29889246 0.04300182 -0.75601479
v -0.29722445 0.03923488 -0.65182232
v -0.31261799 0.04141991 -0.60756607
v -0.29705435 0.03682542 -0.53915915
v -0.29950225 0.04331878 -0.47681324
v -0.30776217 0.04805361 -0.39601538
v -0.30905899 0.05099494 -0.30274565
v -0.29884471 0.04364691 -0.18947116
v -0.31143573 0.04987078 -0.13806511
v -0.29660241 0.04167672 -0.13219949
v -0.30249894 0.04393543 -0.05192623
v -0.31090384 0.04673966 -0.00532781
v -0.30879559 0.05125340 -0.75966666
v -0.30888695 0.04978999 -0.68235794
v -0.30850137 0.05165650 -0.59994863
v -0.30790280 0.05093153 -0.09221801
v -0.30580518 0.11315719 -0.91507207
v -0.30341260 0.09154497 -0.84340006
v -0.30703103 0.10125133 -0.80263374
v -0.30682628 0.08590960 -0.33461318
v -0.30856895 0.06684225 -0.19835306
v -0.30097374 0.12193645 -0.81367002
v -0.30881512 0.09165080 -0.70813012
v -0.31168347 0.08543570 -0.42145988
v -0.31278394 0.04726770 -0.97171769
v -0.30604788 0.07297532 -0.55170669
v -0.29797363 0.13403694 -0.17041062
v -0.31127403 0.09168714 -0.13923900
v -0.31209167 0.07772656 -0.77886263
v -0.30454186 0.11368004 -0.59227252
v -0.30927811 0.06050639 0.07232559
v -0.30644075 0.15546017 -0.96456222
v -0.30667263 0.09156925 -0.75714499
v -0.30669459 0.12397231 -0.52242593
v -0.30955583 0.11983157 0.15979098
v -0.30846101 0.12839208 0.49832513
v -0.29975474 0.17932718 -0.60406903
v -0.29911470 0.18424555 -0.36111862
v -0.30903269 0.15999401 -0.29826406
v -0.30820156 0.17584837 0.14360325
v -0.30354516 0.15165270 -0.10399919
v -0.31555754 0.17797214 0.49458744
v -0.30935314 0.16312505 -0.05677683
v -0.30787390 0.15818359 -0.02623389
v -0.29959939 0.23535177 -0.06633196
v -0.29780349 0.25918829 -0.29821869
v -0.30387677 0.19498907 -0.07566994
v -0.29494819 -0.39248228 0.73359030
v -0.29491129 -0.37562429 -0.70994648
v -0.30160957 -0.38097754 -0.58243114
v -0.29467152 -0.38089797 0.66072536
v -0.29621411 -0.35323417 0.61813194
v -0.28096494 -0.33357345 -0.76005354
v -0.28598277 -0.31071215 -0.27133336
v -0.29391036 -0.30262108 0.69011720
v -0.29350670 -0.31098090 0.72523282
v -0.28506767 -0.30014573 -0.77691705
v -0.29465001 -0.28364211 -0.58189570
v -0.29412626 -0.30492459 0.75156867
v -0.30506319 -0.28258187 -0.77243646
v -0.30153658 -0.29111564 -0.69259558
v -0.29109772 -0.27917574 0.66698328
v -0.29457677 -0.29072949 0.76455332
v -0.28527047 -0.28554088 -0.62193260
v -0.28549542 -0.28496771 -0.28992174
v -0.28677804 -0.28252527 -0.27021591
v -0.30366931 -0.28896149 -0.23224703
v -0.30261791 -0.26558967 -0.60849234
v -0.30264098 -0.26669044 -0.31587992
v -0.30261954 -0.27682753 -0.26553000
v -0.30223165 -0.26677906 -0.22235837
v -0.29294576 -0.26084553 0.78217310
v -0.30253109 -0.25504496 -0.81965177
v -0.28599044 -0.25960295 -0.67350808
v -0.30372589 -0.25541603 0.79617506
v -0.28744569 -0.24041125 -0.57355266
v -0.30229599 -0.25533571 -0.80597830
v -0.30210019 -0.21324709 -0.69912115
v -0.30254478 -0.22445908 -0.42826001
v -0.28686202 -0.24776970 -0.22135060
v -0.29287941 -0.21799977 0.28316704
v -0.30020804 -0.21599344 0.28863233
v -0.29529527 -0.19866234 0.69734419
v -0.30141495 -0.20792509 -0.23053012
v -0.29133406 -0.20602148 0.27580404
v -0.29559782 -0.21727108 0.43169533
v -0.29873281 -0.20935880 0.48381202
v -0.30565782 -0.22511428 0.68218488
v -0.29265971 -0.21443970 0.77697632
v -0.30230742 -0.20030334 0.40359548
v -0.30062454 -0.20784943 0.57502151
v -0.30288988 -0.19988224 0.72287930
v -0.29470420 -0.19357638 0.30303227
v -0.29632892 -0.19131020 0.45123273
v -0.30310060 -0.18122230 -0.41457323
v -0.28922756 -0.18465718 -0.30532472
v -0.30054923 -0.18401637 -0.26545607
v -0.29531117 -0.18292702 0.47779709
v -0.29317027 -0.18499837 0.74546040
v -0.29434597 -0.18384761 -0.63945499
v -0.30323741 -0.19517338 -0.49877796
v -0.30394789 -0.17258515 0.50775495
v -0.30219860 -0.16298882 -0.51648789
v -0.29651092 -0.17346456 0.52031777
v -0.28862150 -0.13315165 -0.38158107
v -0.30163518 -0.14152610 0.52884356
v -0.30572157 -0.13624879 -0.19897457
v -0.29622085 -0.12117016 0.55010264
v -0.30232788 -0.13085733 0.63288145
v -0.29483884 -0.12576577 -0.79606850
v -0.29638062 -0.14080227 0.51068838
v -0.29424952 -0.13134410 0.62287812
v -0.29365568 -0.11936868 -0.11937602
v -0.30229685 -0.10354480 0.55001750
v -0.30611365 -0.11589994 0.67153446
v -0.30432782 -0.11525387 -0.58503325
v -0.30249685 -0.10535992 -0.11570528
v -0.29853620 -0.09779922 0.53786507
v -0.29311295 -0.09898249 -0.62837135
v -0.29382952 -0.10834474 0.66144031
v -0.28097279 -0.09276358 0.73746954
v -0.30028326 -0.10898704 0.77765219
v -0.29391821 -0.09889752 -0.96207852
v -0.29736307 -0.09036584 -0.96732667
v -0.28878767 -0.09265685 -0.08864562
v -0.31008414 -0.07878660 -0.64066183
v -0.28834319 -0.07191862 -0.14213377
v -0.30767112 -0.07433013 -0.01646939
v -0.29605465 -0.08610375 0.57160871
v -0.29635210 -0.08978051 -0.93613113
v -0.29623878 -0.06171640 -0.14168455
v -0.29765019 -0.06803943 0.17085267
v -0.29928552 -0.05763111 -0.96896960
v -0.29833789 -0.05842467 -0.93234894
v -0.30244261 -0.05944735 -0.75058771
v -0.29570130 -0.06111861 -0.48963343
v -0.30260123 -0.05909149 -0.34832042
v -0.30168588 -0.06510119 -0.33958174
v -0.28845483 -0.05747727 -0.16720636
v -0.29582955 -0.06300483 -0.00232515
v -0.29557568 -0.05722953 0.01840964
v -0.29621994 -0.05188489 0.56282025
v -0.30333733 -0.04911889 0.58248112
v -0.29974436 -0.05758698 -0.90383282
v -0.29506015 -0.05487549 -0.25976367
v -0.29455823 -0.05337602 -0.18221317
v -0.29541606 -0.05594217 -0.12886554
v -0.29690598 -0.05857459 -0.11265343
v -0.28416403 -0.05564019 0.13909300
v -0.30313273 -0.03998308 0.60781619
v -0.30162210 -0.03997762 0.62297668
v -0.29520014 -0.04977105 0.61735222
v -0.29603913 -0.04484965 0.66052768
v -0.29422782 -0.04356627 0.80235028
v -0.29559014 -0.03027040 0.58757722
v -0.29999827 -0.02783935 0.62093465
v -0.30036434 -0.03297558 0.69689441
v -0.29552090 -0.03190362 0.78935022
v -0.30045163 -0.01917912 -0.76626736
v -0.30137779 -0.01997180 -0.49373446
v -0.30216862 -0.01971134 -0.36133761
v -0.30046300 -0.01349619 -0.31030222
v -0.29427004 -0.01997790 0.69972088
v -0.28227022 -0.00441597 -0.98688895
v -0.30013820 -0.01794334 -0.89177289
v -0.30210394 -0.01421103 -0.86671725
v -0.30046170 -0.00548468 -0.74974825
v -0.30201699 -0.01900394 -0.63861164
v -0.30113836 -0.01188577 -0.54561630
v -0.30227287 -0.01931718 -0.41618689
v -0.30081553 -0.00963299 -0.28559934
v -0.30109374 -0.01736230 -0.24282156
v -0.30190989 0.00224594 -0.23781236
v -0.30323598 -0.00503920 -0.15833201
v -0.29818575 -0.00597335 -0.09887061
v -0.30037068 -0.01753129 -0.00765405
v -0.30048670 -0.01934539 0.05578684
v -0.29948162 -0.01950032 0.08661488
v -0.28842461 -0.04338379 0.17344159
v -0.30178815 0.01800357 -0.77819779
v -0.30019718 -0.01942835 -0.44588693
v -0.30026302 -0.01683848 -0.37672977
v -0.30058839 -0.00017307 -0.89161958
v -0.29919149 -0.00454326 -0.69961752
v -0.30167440 -0.00382370 -0.56379664
v -0.30162015 0.01875076 -0.49820360
v -0.30130806 0.01024780 -0.42826239
v -0.30303598 0.01083525 0.05246733
v -0.30077197 0.02332207 -0.83259335
v -0.30262334 0.01476458 -0.81951079
v -0.30173296 -0.00331137 -0.72390567
v -0.30302816 0.01830110 -0.60923944
v -0.30095909 0.02086457 -0.42501866
v -0.30338196 -0.00439510 -0.36058605
v -0.30326963 0.02611586 -0.27825185
v -0.30143278 0.01515698 -0.01963568
v -0.30354375 0.01841584 -0.90423259
v -0.30139864 0.01946040 -0.74982547
v -0.30163089 0.01775824 -0.54333355
v -0.30103008 0.02142933 -0.22143097
v -0.29669427 0.03559134 -0.76288287
v -0.30128798 0.02232846 -0.58795292
v -0.29779808 0.03476946 -0.24790692
v -0.29843039 0.03584077 -0.18787501
v -0.30081824 0.03387690 -0.05175252
v -0.29835834 0.03637882 -0.91344280
v -0.29716782 0.03760718 -0.84079846
v -0.29779805 0.03553552 -0.59211090
v -0.29770768 0.03489826 -0.50416031
v -0.29829213 0.03448970 -0.43098833
v -0.30138882 0.03146647 -0.40208090
v -0.29823186 0.03931403 -0.31718439
v -0.30778782 0.02982529 -0.30113380
v -0.30064287 0.03596516 -0.26926191
v -0.29718772 0.04275691 -0.09819836
v -0.29770718 0.03561632 -0.00979779
v -0.29705925 0.04126802 -0.71275372
v -0.30169697 0.04127342 -0.51253366
v -0.29886392 0.04469141 -0.44708813
v -0.30113835 0.04196093 -0.41157353
v -0.29899872 0.04236713 -0.38980965
v -0.30258524 0.04365877 -0.27055810
v -0.30200309 0.04371824 -0.22777247
v -0.30009627 0.04687737 -0.03883228
v -0.30036082 0.04399876 0.00326427
v -0.30125591 0.04339073 0.06337670
v -0.29171363 0.05171221 -0.98751176
v -0.30547195 0.08270162 -0.46973990
v -0.30657517 0.08083261 0.02089706
v -0.29382083 0.14440897 -0.83923269
v -0.29244320 0.18539187 0.07290115
v -0.29844088 0.12358049 -0.43678311
v -0.30899601 0.10541722 -0.26931863
v -0.29209410 0.13849849 0.51099853
v -0.29714911 0.12445241 -0.46352584
v -0.29832382 0.15953227 -0.98095411
v -0.29690439 0.16391546 -0.22377517
v -0.30439013 0.11906428 -0.65775295
v -0.31566227 0.18138861 0.50731534
v -0.30678590 0.12346194 -0.78573464
v -0.29334329 0.21540608 -0.97877845
v -0.29532451 0.18440119 -0.75897749
v -0.29975849 0.21289118 -0.62822347
v -0.29280256 0.20134559 0.16524149
v -0.29591218 0.23399099 -0.96581998
v -0.30599528 0.12735013 -0.31787937
v -0.30162300 0.19130928 0.11758540
v -0.29561888 0.22540287 -0.32228235
v -0.29780373 0.19985140 -0.26739005
v -0.29403095 0.25986792 -0.63762399
v -0.29451625 -0.39383440 -0.65786802
v -0.30420079 -0.38962300 -0.61618146
v -0.30140780 -0.39070648 -0.27071999
v -0.26597775 -0.39415410 -0.68023067
v -0.30032116 -0.37051670 0.79500459
v -0.30395334 -0.34491634 0.82607844
v -0.28243879 -0.35711372 -0.38958141
v -0.29085533 -0.34619882 -0.17732281
v -0.29008453 -0.30588317 0.85719295
v -0.29277318 -0.30828128 0.70298651
v -0.27501415 -0.32433034 -0.41675670
v -0.28342078 -0.29031879 -0.58917908
v -0.29114421 -0.31017015 -0.50027975
v -0.28432487 -0.29678350 -0.68244115
v -0.28678880 -0.28812991 -0.64577129
v -0.28669399 -0.27578731 -0.31583407
v -0.27973352 -0.29947965 -0.14496299
v -0.28871987 -0.26949535 -0.69877063
v -0.30081598 -0.26367386 -0.81345992
v -0.28293569 -0.26688675 -0.57707125
v -0.29335148 -0.26010236 -0.43371320
v -0.28906512 -0.24734479 -0.70261924
v -0.28359776 -0.24655348 -0.32834607
v -0.28592262 -0.26338590 -0.24860518
v -0.29191275 -0.26479665 0.86857158
v -0.29854131 -0.25184858 -0.78389191
v -0.29113158 -0.25191510 0.56515125
v -0.28492163 -0.22213349 -0.66250650
v -0.29336867 -0.25120371 0.65575937
v -0.26335198 -0.22714657 0.87551364
v -0.27549420 -0.25066871 -0.79147162
v -0.28389176 -0.22349361 -0.31523044
v -0.29431575 -0.24070727 0.66213676
v -0.28558587 -0.20559302 -0.58867157
v -0.28520946 -0.21702527 0.31030479
v -0.28090975 -0.23042039 -0.48301954
v -0.29891599 -0.19390029 -0.14928023
v -0.28739868 -0.20918276 0.01417259
v -0.28712439 -0.21607479 0.43252011
v -0.29174068 -0.20245175 0.66894247
v -0.29151753 -0.20379617 0.86715275
v -0.28669715 -0.21269896 -0.69344398
v -0.28411955 -0.20240639 -0.33181218
v -0.29059847 -0.19989697 0.01135021
v -0.29395792 -0.19849400 0.02014260
v -0.29353704 -0.19867156 0.10671721
v -0.29356411 -0.19984161 0.20416966
v -0.29300611 -0.18587594 0.69844486
v -0.29085528 -0.19106298 0.75487262
v -0.28529723 -0.18811723 -0.66434582
v -0.28712550 -0.18596287 -0.62091430
v -0.28506941 -0.18283414 -0.27791015
v -0.28005047 -0.14898316 -0.40177744
v -0.27064469 -0.14092173 -0.52441296
v -0.28709149 -0.14059396 -0.08335089
v -0.29528244 -0.13557945 -0.09335982
v -0.28713403 -0.14796968 0.53211732
v -0.29406441 -0.11452844 -0.09505581
v -0.30115483 -0.12302434 0.80535151
v -0.28880049 -0.13365719 -0.81865005
v -0.27853189 -0.11098233 -0.57036388
v -0.29303071 -0.11442310 0.02060338
v -0.29326382 -0.11481018 0.14594520
v -0.29201453 -0.11478333 0.21051401
v -0.28594522 -0.12227346 0.51660239
v -0.28908101 -0.11495259 -0.70658575
v -0.28649065 -0.09901907 -0.93803722
v -0.26620859 -0.10246018 -0.33779184
v -0.28717073 -0.10539653 0.07109892
v -0.28156662 -0.10297514 0.20936840
v -0.29096571 -0.09896474 0.68897558
v -0.28687647 -0.09005755 -0.93194485
v -0.29650801 -0.08786111 -0.03802644
v -0.28674057 -0.09765233 -0.02273486
v -0.28765220 -0.08153156 -0.48459565
v -0.29280443 -0.07058942 -0.76067631
v -0.29484264 -0.07462030 0.13798906
v -0.30032847 -0.08170710 0.14649336
v -0.28733711 -0.08354026 0.56867619
v -0.28816328 -0.06522143 -0.48756532
v -0.29217783 -0.06636136 -0.45631860
v -0.28606331 -0.05591799 -0.85247118
v -0.28651532 -0.05863617 -0.48920005
v -0.29536592 -0.05223314 -0.98673258
v -0.30738595 -0.05580004 -0.92577754
v -0.28983350 -0.05848587 -0.63330767
v -0.29388865 -0.05313220 -0.44272421
v -0.29506935 -0.05534446 -0.35301314
v -0.28141731 -0.05571647 -0.31592261
v -0.28727687 -0.05058136 0.80877786
v -0.29251821 -0.04931940 0.83286459
v -0.28806840 -0.06171379 0.84055507
v -0.29311382 -0.05934021 0.59789058
v -0.28675341 -0.04532283 0.62618489
v -0.29412302 -0.04142799 0.74940623
v -0.28218177 -0.03720846 0.56809320
v -0.28814686 -0.05106102 0.86443174
v -0.29159325 -0.03416857 0.82327143
v -0.28691149 -0.02152394 0.59868521
v -0.29459526 -0.02053806 0.62529824
v -0.29086051 0.03953450 0.17028569
v -0.28684239 0.05128456 0.17527924
v -0.28667773 0.07106574 0.17494766
v -0.30238875 0.08425090 -0.98284616
v -0.28660796 0.14055621 0.17149014
v -0.27856223 0.12410602 0.50069378
v -0.28982034 0.17911234 -0.42513127
v -0.29994514 0.13075458 -0.88878827
v -0.29471723 0.19625844 -0.78528602
v -0.28753486 0.20975804 -0.88922976
v -0.29722307 0.14858644 0.03404728
v -0.31132929 0.18786268 0.49597547
v -0.28869161 0.19536370 -0.84503063
v -0.29778360 0.17616829 -0.54290313
v -0.28884777 0.20272218 0.05625842
v -0.28887139 0.23496651 -0.38641621
v -0.29286815 0.21401580 -0.36425389
v -0.28852171 0.26343185 -0.08815950
v -0.29457683 0.18526272 -0.71579873
v -0.28960812 0.22204864 -0.01161754
v -0.29387467 0.24134680 0.16418755
v -0.29606894 0.23294453 -0.78573038
v -0.28935893 0.25631966 -0.65975177
v -0.28933209 0.20651739 -0.50412816
v -0.29222345 0.20056764 -0.21217782
v -0.29072243 0.24803527 0.10472258
v -0.28645566 0.27314339 -0.27088855
v -0.29162415 0.25073131 -0.16270286
v -0.28884310 0.25756161 -0.04147823
v -0.29178033 0.26215933 -0.49422581
v -0.28937066 0.21224439 -0.12960297
v -0.29258731 0.26218369 0.02305977
v -0.29164904 0.26364260 -0.86138656
v -0.29074031 0.26731913 -0.17701608
v -0.29041096 0.26831911 -0.81411275
v -0.29369343 0.25969350 -0.73948895
v -0.28129141 0.27610174 0.16686234
v -0.28621205 0.30122547 -0.96585501
v -0.28275771 0.28451012 -0.51838977
v -0.28925750 0.27964426 -0.12663382
v -0.29209757 0.26570184 0.04998093
v -0.29273209 0.26225717 0.14897168
v -0.28579978 0.29856204 -0.05559683
v -0.28955426 -0.38898781 0.76746535
v -0.26744491 -0.37915841 0.79718609
v -0.25817429 -0.36282329 -0.53329396
v -0.29746663 -0.37773020 -0.22064525
v -0.27143862 -0.38112400 0.64870137
v -0.27340336 -0.35822656 -0.74051478
v -0.28441074 -0.34725473 -0.52373731
v -0.28387071 -0.31391706 -0.65208705
v -0.28239879 -0.30315308 -0.62926087
v -0.28519629 -0.30843153 -0.61230601
v -0.28550862 -0.29693401 -0.24217425
v -0.28303465 -0.30544406 -0.31395800
v -0.28700720 -0.27240033 -0.48617985
v -0.28249740 -0.28710409 -0.33151222
v -0.28192123 -0.29552839 -0.26264488
v -0.28401704 -0.28186185 -0.66832970
v -0.28143231 -0.26369093 -0.23538245
v -0.28557431 -0.26610290 -0.34293700
v -0.28522521 -0.26728998 -0.60297492
v -0.28611847 -0.23926207 -0.60178474
v -0.28291525 -0.24115874 -0.69635637
v -0.28268622 -0.23151016 -0.58846925
v -0.26552550 -0.22028207 0.56183806
v -0.28445452 -0.22916972 -0.34167550
v -0.28461023 -0.22539559 -0.25135581
v -0.28539888 -0.21410121 -0.63911626
v -0.28414013 -0.21633890 -0.61693056
v -0.28144776 -0.21290287 -0.23465632
v -0.27905046 -0.21220180 0.19970179
v -0.27362323 -0.21275645 0.29790998
v -0.27753673 -0.20845900 0.36056513
v -0.28649602 -0.20672972 0.49811985
v -0.28274010 -0.20759655 -0.68052207
v -0.28490774 -0.20636188 -0.28644295
v -0.28028127 -0.19599098 -0.25456528
v -0.27399764 -0.20601756 0.46988017
v -0.28254108 -0.19235701 -0.62017092
v -0.28497463 -0.19378778 -0.60278406
v -0.28499929 -0.18835960 -0.42584223
v -0.28063582 -0.19341553 -0.29082578
v -0.28413190 -0.19192442 0.31166158
v -0.28567353 -0.18031988 0.47781015
v -0.27383827 -0.18435834 0.57308979
v -0.28180216 -0.18766843 0.95217089
v -0.27915100 -0.19269190 -0.49166134
v -0.28339401 -0.16872158 0.95198310
v -0.28318199 -0.16185906 0.85215977
v -0.26983651 -0.18450213 0.98911603
v -0.29074277 -0.15872851 -0.16500943
v -0.27738896 -0.13625624 -0.08575046
v -0.28239769 -0.12189945 0.98058892
v -0.26809274 -0.12992584 0.98970336
v -0.28504362 -0.11774367 -0.20862553
v -0.27588852 -0.12391520 0.51675699
v -0.28381783 -0.12156743 0.95629251
v -0.27974759 -0.10214401 0.54512142
v -0.27721598 -0.11549291 0.97592098
v -0.30146491 -0.10704080 -0.59524503
v -0.30109766 -0.10696439 -0.24461521
v -0.28383652 -0.10343165 0.01219349
v -0.27574323 -0.09806470 0.03949424
v -0.26024157 -0.09276987 -0.28835613
v -0.27819646 -0.08583017 -0.05346673
v -0.28554600 -0.09241687 -0.00910600
v -0.28203653 -0.09353898 0.01058151
v -0.28862824 -0.08728961 -0.77180468
v -0.27963319 -0.08364357 -0.45957842
v -0.28893379 -0.08366998 -0.10866669
v -0.27897978 -0.07456023 -0.48898589
v -0.27262962 -0.07605920 0.14496024
v -0.28070260 -0.07809952 0.17506684
v -0.29702511 -0.06727180 -0.96731085
v -0.28802654 -0.06875713 -0.77840685
v -0.27814866 -0.07495113 -0.45252740
v -0.28430001 -0.06430664 0.02063191
v -0.28484291 -0.07372446 0.88366340
v -0.28118204 -0.05912233 0.90055977
v -0.27094821 -0.05898378 0.14458772
v -0.28809685 -0.06399229 0.18316801
v -0.27811407 -0.07142005 0.85388703
v -0.29963505 -0.05630977 -0.87581306
v -0.29163412 -0.05574448 -0.77938389
v -0.29288814 -0.05490006 -0.50452892
v -0.26830763 -0.05476795 -0.35104060
v -0.27820046 -0.04980976 0.17588948
v -0.28188537 -0.05695846 0.57392804
v -0.27892538 -0.05330665 0.82295500
v -0.28629921 -0.04323637 0.73664213
v -0.27899538 -0.04443365 0.79993459
v -0.28090682 -0.04205719 0.59231645
v -0.27916252 -0.03462444 0.71721374
v -0.27851396 -0.02445561 0.81910728
v -0.28579752 -0.01759903 0.62108622
v -0.27895379 -0.01958163 0.17197994
v -0.27910697 0.04176999 0.17001363
v -0.27906475 0.05528434 0.17273090
v -0.27924599 0.14204972 0.17139595
v -0.28223294 0.14465878 0.51325989
v -0.29103408 0.15456261 0.50795137
v -0.27631388 0.18552383 0.50844652
v -0.27626341 0.18347250 0.17286713
v -0.28517562 0.26309767 -0.59836736
v -0.27139939 0.28858369 -0.77660785
v -0.28555770 0.28034961 -0.72524761
v -0.28288291 0.28896385 -0.56643626
v -0.28084390 0.28391614 -0.45618258
v -0.28326841 0.28580218 -0.32723633
v -0.28438416 0.29345840 -0.87466491
v -0.27227297 0.29568209 -0.52399521
v -0.28807388 0.27100253 -0.39269300
v -0.28135268 0.29553311 0.12933885
v -0.28464385 0.28074273 -0.91683344
v -0.28755641 0.27983717 -0.68453440
v -0.27908883 0.29111593 -0.41121721
v -0.27972747 0.28795369 -0.18913663
v -0.28645524 0.28050735 0.02919189
v -0.28536712 0.28591204 -0.97911741
v -0.28467723 0.28504189 -0.38273843
v -0.28190825 0.30117335 -0.08398858
v -0.27862826 0.30955076 -0.64863194
v -0.26354697 -0.39708509 -0.25556881
v -0.26773433 -0.38698029 -0.34669781
v -0.26122394 -0.37879366 -0.71544363
v -0.25654327 -0.37912395 -0.20787654
v -0.26514153 -0.35348030 0.83079511
v -0.26513813 -0.35659847 0.61097373
v -0.28704166 -0.32283506 0.58684060
v -0.29400428 -0.29211167 0.57416025
v -0.27811628 -0.21220801 0.01988998
v -0.28824987 -0.20950807 0.20657686
v -0.27623907 -0.20707999 0.31190866
v -0.27148176 -0.20386905 0.28708107
v -0.25406992 -0.17004924 -0.77444142
v -0.23171178 -0.19101073 0.34696832
v -0.28487834 -0.19164579 0.37581667
v -0.27205951 -0.18952655 0.48186688
v -0.27065490 -0.19085250 0.97841752
v -0.27969038 -0.18589343 0.98570009
v -0.27872205 -0.15331593 0.51823999
v -0.26563174 -0.18465007 0.95043378
v -0.27060765 -0.16898779 0.95440904
v -0.27834822 -0.16098763 0.58739420
v -0.28667177 -0.14322978 -0.10051275
v -0.28089701 -0.12487727 0.62501265
v -0.28692381 -0.11559322 0.21558287
v -0.27778877 -0.11292800 -0.10860794
v -0.26082996 -0.10638546 0.21889151
v -0.26485267 -0.12384579 -0.72998058
v -0.27390400 -0.09833325 0.14174236
v -0.28643899 -0.10438781 0.15687182
v -0.29773804 -0.10103590 -0.13369162
v -0.26192940 -0.08590981 0.14505800
v -0.27079996 -0.08360654 0.04215803
v -0.27099383 -0.08820280 0.06212158
v -0.28315451 -0.07328819 0.54165620
v -0.26323494 -0.07178954 -0.09936738
v -0.26237239 -0.07685653 -0.08427340
v -0.26160221 -0.07811998 -0.05083039
v -0.27422500 -0.08914541 -0.01574316
v -0.27368644 -0.08301791 0.15910951
v -0.26413664 -0.07784567 0.90487287
v -0.27050310 -0.07674116 0.91460116
v -0.29191638 -0.05542551 -0.75740956
v -0.27160355 -0.06001022 0.18047270
v -0.25486431 -0.05349983 -0.98828696
v -0.25453450 -0.05502045 -0.87439596
v -0.29375242 -0.05911499 -0.45203810
v -0.27791743 -0.05440743 -0.44414325
v -0.27636212 -0.05470427 -0.17779564
v -0.27133838 -0.05450202 0.85780378
v -0.27337466 -0.03397903 0.17712155
v -0.26532746 -0.05155533 0.90641044
v -0.26733346 -0.02296113 -0.99019633
v -0.27199186 -0.04262595 0.82470108
v -0.27799185 -0.04418597 0.87230421
v -0.27084502 -0.03227889 0.71582445
v -0.28353594 -0.01771818 0.77650558
v -0.27121122 0.00897706 -0.99288905
v -0.27224541 0.04861607 0.17656192
v -0.26995731 0.04623012 0.19024132
v -0.27304947 0.09476494 0.17702092
v -0.28230320 0.10488396 -0.99036419
v -0.27024896 0.13654452 0.19282595
v -0.25439333 0.10320236 -0.99292301
v -0.27310240 0.12537112 0.51962508
v -0.27359922 0.13426526 0.49227273
v -0.27958678 0.20399813 -0.98764329
v -0.26326543 0.14472431 0.50708762
v -0.27550878 0.18966314 0.49719436
v -0.27380566 0.21781040 0.17828291
v -0.27111136 0.26287017 0.17499979
v -0.26702409 0.29257726 -0.80821713
v -0.28074619 0.29245879 -0.70645028
v -0.28284352 0.29366324 -0.11752444
v -0.27279405 0.31901289 -0.28447850
v -0.28020492 0.30301722 -0.02019868
v -0.27559518 0.31958999 -0.92415068
v -0.27521450 0.30982860 -0.60991769
v -0.27503518 0.32146293 -0.06431620
v -0.27196032 0.33284975 -0.97961897
v -0.26356449 -0.39893606 0.73130768
v -0.28731570 -0.39338216 0.69604319
v -0.24764128 -0.37171518 -0.37683680
v -0.24554124 -0.35044592 -0.74969322
v -0.25331725 -0.34126937 -0.16646854
v -0.25077847 -0.27033901 -0.48155553
v -0.28024410 -0.23280614 -0.43774443
v -0.26666564 -0.21603499 -0.13652606
v -0.26726002 -0.17952686 0.30658946
v -0.27139642 -0.16815359 -0.50392355
v -0.27306965 -0.17086806 0.49520223
v -0.25783924 -0.17692826 0.98959067
v -0.27249597 -0.17736682 0.29436094
v -0.25676979 -0.16015054 0.30500711
v -0.26956003 -0.16888879 0.96963142
v -0.26152506 -0.16877550 0.97585126
v -0.24048021 -0.14584457 -0.75422627
v -0.26859224 -0.13684506 0.97266864
v -0.27032833 -0.13474186 0.95442097
v -0.23898816 -0.13006219 -0.38397156
v -0.28652124 -0.11326068 0.00792534
v -0.25577953 -0.09987050 0.78128610
v -0.27255518 -0.09158185 -0.79050278
v -0.25648132 -0.10305687 0.01167566
v -0.26507190 -0.09706635 0.02161636
v -0.24379260 -0.09410258 -0.01062386
v -0.25712380 -0.09604711 0.01103088
v -0.26339839 -0.09209714 0.03404754
v -0.26524413 -0.08430290 0.02868813
v -0.26266014 -0.08442925 0.09557259
v -0.26717962 -0.08881260 0.13600328
v -0.25915841 -0.09063591 0.17639385
v -0.26387441 -0.07557628 0.02821674
v -0.26252300 -0.08219192 0.05678168
v -0.25664935 -0.07986537 0.91572772
v -0.25524662 -0.05887127 -0.77629825
v -0.28478778 -0.05928659 -0.67405095
v -0.26200782 -0.07931163 -0.01985098
v -0.26469060 -0.06181475 0.19423379
v -0.26612735 -0.06596067 0.87143622
v -0.27524041 -0.07759487 -0.09066263
v -0.26282546 -0.05825890 -0.09226249
v -0.28035646 -0.06523320 -0.03728055
v -0.25650270 -0.05822943 -0.97064371
v -0.24998577 -0.05833095 -0.93287748
v -0.25481005 -0.05527935 -0.92367515
v -0.26168502 -0.05634735 -0.84776215
v -0.26075470 -0.05143411 0.86055773
v -0.26660184 -0.05970597 0.91689613
v -0.27729954 -0.03522402 0.61184872
v -0.25953427 -0.04453293 0.84108172
v -0.25638401 -0.01411965 -0.98877619
v -0.26559457 0.01005770 0.19519329
v -0.26222542 0.05386408 0.19727908
v -0.27066807 0.14000254 0.17616656
v -0.26742116 0.14557086 0.17186864
v -0.26203571 0.14267394 0.49940723
v -0.26166224 0.17613947 0.50383737
v -0.26761189 0.16653322 0.48889904
v -0.24366808 0.22778459 0.17280299
v -0.27159608 0.28928361 -0.98977030
v -0.25713001 0.30806947 -0.72065155
v -0.25987508 0.30678922 -0.15967156
v -0.28072007 0.28813708 0.06724940
v -0.27124075 0.30448607 0.16217672
v -0.27750880 0.29794266 -0.23868511
v -0.25601095 0.32731158 0.15106530
v -0.26880730 0.34148834 -0.96752314
v -0.24959924 -0.40055076 -0.28787047
v -0.23730386 -0.39326200 0.76653404
v -0.23596392 -0.29906985 -0.78150284
v -0.28113243 -0.29951790 -0.42864896
v -0.25538410 -0.28424636 0.56515776
v -0.25333434 -0.21148668 -0.48298739
v -0.24487102 -0.17999996 -0.42538816
v -0.25505048 -0.20491442 -0.78728592
v -0.22464176 -0.19116156 0.31048524
v -0.25698560 -0.18529622 0.29222851
v -0.26321760 -0.17697516 0.95470169
v -0.22395585 -0.13439009 -0.80296194
v -0.24629203 -0.14668989 0.59710924
v -0.25296021 -0.13773855 0.97575857
v -0.27533746 -0.12840604 -0.11063982
v -0.24694039 -0.13144483 0.95335240
v -0.24058966 -0.11759292 0.63082471
v -0.27863259 -0.12273596 0.94951163
v -0.28070634 -0.11631206 0.95385624
v -0.26889113 -0.11846755 0.98764065
v -0.26480410 -0.11437858 0.80996432
v -0.24747114 -0.09650846 -0.25150418
v -0.25978608 -0.09898827 0.02000452
v -0.25856314 -0.09291752 -0.63149116
v -0.25649834 -0.08978399 0.04942767
v -0.24561411 -0.07484146 -0.93222143
v -0.25499409 -0.07839633 -0.79173873
v -0.26152439 -0.08735654 0.02464179
v -0.25800392 -0.08369768 0.03996880
v -0.28322241 -0.07875253 -0.66399916
v -0.26656641 -0.08129437 0.19718829
v -0.23696867 -0.07029889 -0.96846130
v -0.26786859 -0.05638566 0.02457510
v -0.24919840 -0.05667289 0.19752949
v -0.25841283 -0.06877706 0.85715944
v -0.26510085 -0.05906516 -0.10931496
v -0.26130159 -0.05922636 -0.04746756
v -0.25551345 -0.05893851 0.85942700
v -0.26329237 -0.05900760 0.86949173
v -0.19728462 -0.05630371 -0.48832150
v -0.20352040 -0.05516907 -0.25055045
v -0.25737258 -0.05521936 -0.03131520
v -0.21045657 -0.04540134 0.58134513
v -0.25619215 -0.03174935 -0.98710948
v -0.26561727 0.04626902 -0.99266994
v -0.25460774 0.10997478 0.50234694
v -0.25559380 0.13360381 0.20066662
v -0.26075393 0.30541725 0.02511255
v -0.25416201 0.31901324 -0.84586171
v -0.23586441 0.33193162 0.10442403
v -0.25209492 0.33020790 -0.09197659
v -0.22363939 -0.39518870 -0.66267585
v -0.25399409 -0.40037957 -0.61663830
v -0.25821674 -0.31860498 -0.49932035
v -0.24479389 -0.27994560 -0.43635165
v -0.25619809 -0.31173910 0.86053021
v -0.24837574 -0.25591575 0.87562574
v -0.23365739 -0.20984900 0.28902375
v -0.27372057 -0.19627684 0.49532852
v -0.23272405 -0.19563989 0.49682723
v -0.23188055 -0.18373455 0.30663163
v -0.27150255 -0.18996741 0.46342186
v -0.22657041 -0.18935748 0.48216160
v -0.26223839 -0.17573744 0.97062071
v -0.23768004 -0.15187307 -0.51368595
v -0.23380398 -0.14228009 0.29153003
v -0.26295179 -0.13127912 0.97030856
v -0.23712138 -0.10961497 -0.57122765
v -0.22523093 -0.11408876 0.00795313
v -0.25885132 -0.09721883 -0.67312085
v -0.24634116 -0.09523091 -0.60958340
v -0.25912208 -0.09645577 0.19535110
v -0.26381980 -0.10287848 0.66036535
v -0.24983706 -0.09002756 -0.96852487
v -0.25748354 -0.08120334 -0.76900142
v -0.25588935 -0.09051776 0.14211971
v -0.24169862 -0.09712559 0.15348626
v -0.24552627 -0.08155696 0.14604723
v -0.24249311 -0.08926872 0.17067814
v -0.24456475 -0.08482829 0.19784204
v -0.24598334 -0.06019377 -0.76000104
v -0.20295002 -0.07474527 -0.63289540
v -0.25371590 -0.06024560 0.02111104
v -0.24886387 -0.08544924 -0.79060727
v -0.27112243 -0.07916878 -0.15523614
v -0.24628492 -0.07197938 0.86080803
v -0.25460703 -0.07424375 0.89681911
v -0.23137374 -0.05591798 0.91818265
v -0.29395011 -0.05502137 -0.62416378
v -0.25748308 -0.05614176 -0.11063873
v -0.28944676 -0.05524535 0.06996331
v -0.24840038 -0.05048282 0.90740465
v -0.20003396 -0.03251428 0.75727719
v -0.24222565 -0.03523579 0.86033294
v -0.21056211 -0.01908047 0.59673867
v -0.27945485 -0.01477311 0.72288693
v -0.25135087 0.00996355 -0.98205296
v -0.25276431 0.02883733 -0.98715343
v -0.24798447 0.05326845 0.19800910
v -0.26490769 0.13120922 0.49511866
v -0.26191799 0.12809348 0.52505316
v -0.22422278 0.10770205 0.51482152
v -0.25019733 0.14432499 0.17445375
v -0.26031950 0.32012844 -0.99123555
v -0.23942363 0.32781934 0.04452166
v -0.24155193 0.32387184 -0.77462741
v -0.26054239 0.30026230 -0.43954196
v -0.23963811 0.32755652 -0.72709140
v -0.24654737 0.34283624 -0.63181666
v -0.24313728 0.33086803 -0.02693477
v -0.25719454 0.33801522 -0.30135459
v -0.25367192 0.34965320 -0.98226630
v -0.22772685 -0.39793443 0.72575970
v -0.23559472 -0.39104762 0.67310488
v -0.22687432 -0.37172390 0.63424993
v -0.24644745 -0.27296579 -0.13569566
v -0.22547806 -0.21250421 0.02076724
v -0.28522616 -0.20059014 0.21260063
v -0.22826622 -0.18809819 -0.49264705
v -0.23166725 -0.19101019 0.45415730
v -0.25147167 -0.19192966 0.86880497
v -0.26047858 -0.12088738 -0.54706308
v -0.23840739 -0.11862108 -0.72120542
v -0.23966742 -0.10618837 0.79318690
v -0.25617883 -0.10019979 -0.96372208
v -0.21885258 -0.10656482 -0.68392542
v -0.24727114 -0.09861565 0.13874680
v -0.24846961 -0.08691172 -0.01597697
v -0.18206698 -0.08328326 0.91522460
v -0.30632282 -0.07445310 -0.67256452
v -0.25334620 -0.06764026 0.85158117
v -0.29082063 -0.05540330 -0.68032470
v -0.25798894 -0.05526638 -0.14540346
v -0.23517706 -0.05450006 -0.11274649
v -0.24197734 -0.05091428 0.85276247
v -0.23552542 -0.04790931 0.91430659
v -0.24753135 -0.04471165 0.87681764
v -0.24483370 -0.04442574 0.90793815
v -0.23880263 -0.03835579 0.19179833
v -0.24396432 -0.03475857 0.88578019
v -0.23710441 -0.00490780 0.91297836
v -0.23954515 0.04902435 0.23503522
v -0.24078279 0.03265668 0.24928969
v -0.24228436 0.04898764 0.30137652
v -0.23441896 0.05465017 -0.98517874
v -0.24793807 0.04758128 0.26690208
v -0.25928658 0.06918834 -0.98715451
v -0.23893680 0.12638125 0.19522720
v -0.24134589 0.13087404 0.50710305
v -0.24704039 0.20798629 -0.99109765
v -0.24823955 0.29315418 0.17751699
v -0.22505747 0.31470417 0.18317278
v -0.23907171 0.32834074 -0.81334914
v -0.23660256 0.32792743 -0.21329176
v -0.23661377 0.33021325 -0.14362689
v -0.24371499 0.31726457 0.17772879
v -0.24515034 0.33012346 -0.26184889
v -0.24973927 0.35869222 -0.96545751
v -0.25741750 -0.38634314 -0.57030133
v -0.21936632 -0.35375281 -0.53201634
v -0.22075771 -0.34718523 -0.17707519
v -0.23174785 -0.31186119 -0.49818240
v -0.23670378 -0.31960809 -0.41942671
v -0.22947178 -0.25775282 -0.48297105
v -0.21870599 -0.25571354 -0.80581714
v -0.22406986 -0.20503344 -0.78367680
v -0.20613315 -0.21237926 0.08478426
v -0.24666471 -0.18023187 -0.14771120
v -0.24044953 -0.19985122 0.28451406
v -0.23150492 -0.18435456 0.29288232
v -0.22356069 -0.15806676 0.50289030
v -0.22945256 -0.16276909 -0.82009805
v -0.23375526 -0.17519697 0.57607301
v -0.26178288 -0.14712830 -0.08952491
v -0.24678808 -0.14293648 -0.17286933
v -0.22369162 -0.12179270 0.95106902
v -0.22550015 -0.11889203 0.21558640
v -0.24566391 -0.09903598 -0.93475300
v -0.24523478 -0.08983416 0.71876673
v -0.22302323 -0.09820838 -0.28610644
v -0.24817251 -0.09233147 0.01977061
v -0.24792945 -0.09772657 0.03792579
v -0.23286167 -0.09187134 0.22675406
v -0.23918056 -0.08882968 0.24961583
v -0.23835643 -0.08902331 0.31257817
v -0.23934322 -0.08255494 0.18380818
v -0.26129477 -0.06503496 0.56384400
v -0.21347995 -0.06052798 -0.77489105
v -0.20136273 -0.05902020 -0.75749987
v -0.23618198 -0.05017181 0.18238107
v -0.23219301 -0.09184419 0.40928689
v -0.22947971 -0.06119188 -0.98280238
v -0.25574786 -0.05509910 -0.78377519
v -0.20019070 -0.05965501 -0.63409448
v -0.22391849 -0.05457289 -0.07562768
v -0.22999126 0.00592139 0.43802010
v -0.23492339 -0.01628740 0.22167442
v -0.24058289 0.03272568 0.29857127
v -0.27093385 -0.03520968 0.78836934
v -0.23391449 -0.01318508 0.18071615
v -0.23176881 -0.01773864 0.18203783
v -0.22479411 0.01492328 -0.99166017
v -0.23931687 0.04858005 0.19407506
v -0.23969438 0.00191966 0.87716497
v -0.24341845 0.00053499 0.90905134
v -0.23516399 0.02396018 0.17915442
v -0.23188095 0.03906907 0.17874516
v -0.23446014 0.06758660 0.18244094
v -0.23827329 0.06124455 0.32451849
v -0.24144054 0.06001527 0.27196018
v -0.23444136 0.07545907 0.33328012
v -0.23444741 0.10440849 0.31867265
v -0.23148105 0.10084691 0.36318912
v -0.24023669 0.09961131 0.50978605
v -0.24630921 0.10880098 0.53028850
v -0.23881480 0.11272597 0.29746215
v -0.23440333 0.10116686 0.18148173
v -0.22269602 0.11072268 0.50772575
v -0.23297822 0.13387670 0.17928983
v -0.24078347 0.13933487 0.19080688
v -0.22959922 0.11619781 0.30953550
v -0.23764742 0.15587207 0.17191818
v -0.23681503 0.19226564 0.23494413
v -0.23496869 0.19002918 0.30455208
v -0.24317588 0.17304857 0.17829365
v -0.23902197 0.18417216 0.26886277
v -0.23498485 0.19785155 0.30676539
v -0.23309944 0.20224164 0.22383306
v -0.23029021 0.20023799 0.34159258
v -0.23735800 0.22081682 0.29126259
v -0.25353507 0.28338425 0.18094365
v -0.23978369 0.31750274 -0.50629420
v -0.23620027 0.32435700 -0.43147746
v -0.27074044 0.32547163 -0.31203068
v -0.21354992 0.36268267 -0.97756401
v -0.20995484 -0.38530861 0.68315239
v -0.23361019 -0.38478718 -0.70295753
v -0.22054066 -0.38525468 -0.23172955
v -0.22293845 -0.34613895 0.83300002
v -0.23535905 -0.30466073 -0.14710090
v -0.21807176 -0.28965557 -0.42697933
v -0.21477420 -0.24160142 -0.14146626
v -0.23430393 -0.25696220 0.56118625
v -0.23410558 -0.23108851 -0.43826100
v -0.22760608 -0.20614228 -0.43130713
v -0.22084176 -0.22131172 0.87014246
v -0.22210184 -0.21765148 0.56527099
v -0.28188273 -0.20011946 0.00776518
v -0.22625959 -0.20616079 0.23173399
v -0.23092018 -0.20020918 0.24602125
v -0.22960363 -0.20715133 0.46959878
v -0.13446072 -0.19082899 0.97842548
v -0.22083433 -0.12219964 0.24507669
v -0.21635284 -0.17178665 0.58433710
v -0.23957977 -0.13767902 0.83751075
v -0.21969598 -0.14306627 -0.39169215
v -0.21234270 -0.13877247 -0.82265713
v -0.21711831 -0.12694072 -0.54943774
v -0.22480754 -0.11552429 -0.21377310
v -0.22699239 -0.12283943 0.29905471
v -0.21816280 -0.12293795 -0.36510050
v -0.22475018 -0.11467054 0.25855225
v -0.22886167 -0.10822926 0.29824630
v -0.22157459 -0.11986719 0.31335033
v -0.13781809 -0.11741991 0.97659535
v -0.21906054 -0.10407766 -0.32171206
v -0.22440737 -0.10717241 0.45745184
v -0.23967821 -0.09875203 0.17850110
v -0.22746644 -0.08940271 -0.98070464
v -0.22703969 -0.10198823 0.21849119
v -0.20485761 -0.07482152 -0.45286181
v -0.21894824 -0.08863337 0.14681912
v -0.23551217 -0.08662397 -0.91733912
v -0.22915997 -0.07449228 -0.07732445
v -0.22192026 -0.07069489 0.54583981
v -0.20295871 -0.07562197 -0.67291389
v -0.22994408 -0.07041946 -0.10783118
v -0.21805796 -0.05828641 -0.16790452
v -0.22521290 -0.05953855 -0.10584727
v -0.25239873 -0.05524160 -0.75408608
v -0.23969102 -0.05489617 -0.29416587
v -0.21275513 -0.02742483 0.57544108
v -0.19193949 -0.03578082 0.59594181
v -0.23074126 -0.04327042 0.83870380
v -0.24001205 -0.02261784 -0.98946068
v -0.21974306 -0.02574728 0.83111529
v -0.23749498 -0.03078257 0.86360306
v -0.20904711 -0.01159657 -0.99136710
v -0.21644220 -0.01773295 0.63009263
v -0.21835075 0.02280952 0.90772365
v -0.21720816 0.03075263 0.89709645
v -0.21478147 0.03570930 -0.98041940
v -0.21941937 0.03562717 0.18150303
v -0.23180863 0.06024192 0.18043174
v -0.23390696 0.05002598 0.21938703
v -0.22809991 0.05946514 0.47144391
v -0.22318571 0.05122836 0.52151460
v -0.22503306 0.05394654 0.55726345
v -0.22299798 0.07649686 0.49382187
v -0.23161366 0.08500337 0.53105818
v -0.23112109 0.08723480 0.37086276
v -0.22410767 0.09085984 0.49958099
v -0.22440874 0.09575229 0.55282108
v -0.22608890 0.11384916 0.36889550
v -0.22390905 0.11269582 0.46047755
v -0.22454197 0.10518443 0.49456583
v -0.23554176 0.11121355 0.54182380
v -0.22818547 0.17993608 0.21501053
v -0.21374242 0.10822442 -0.98624368
v -0.22702337 0.11766353 0.53239599
v -0.22424715 0.15575356 0.47535322
v -0.23352589 0.14350817 0.16761358
v -0.22573248 0.18980695 0.36773539
v -0.22326517 0.18567548 0.31336297
v -0.22849499 0.20038777 0.38173927
v -0.21388309 0.22077688 0.17774060
v -0.23027867 0.20927903 0.34412869
v -0.23653520 0.22365317 0.22668672
v -0.22958040 0.22426194 0.37707138
v -0.23361009 0.23420400 0.30871460
v -0.22413231 0.23150826 0.40829589
v -0.22232846 0.25306770 0.31185035
v -0.22933500 0.33914050 -0.36992039
v -0.23573100 0.34122778 -0.31870446
v -0.20844686 -0.39057828 -0.62804414
v -0.21841139 -0.38375574 -0.58185326
v -0.22610425 -0.38878616 -0.33133054
v -0.21024292 -0.38822849 -0.28941605
v -0.22434965 -0.37677747 0.79770167
v -0.22014819 -0.32605364 -0.76244099
v -0.21980987 -0.29869293 0.86024305
v -0.20866881 -0.28087665 -0.49761759
v -0.20752880 -0.25757837 0.86270921
v -0.22046446 -0.26813813 0.56486309
v -0.22788006 -0.24096361 -0.79050814
v -0.20993956 -0.23194029 -0.49097936
v -0.21871948 -0.21109422 -0.14404543
v -0.22168373 -0.18726888 0.31760838
v -0.22255874 -0.18750342 0.46942620
v -0.22457173 -0.19057369 0.24633455
v -0.22110823 -0.17282660 0.45707880
v -0.22244827 -0.18947069 0.28794572
v -0.22412671 -0.15955507 0.85068509
v -0.21610562 -0.16818536 -0.76357404
v -0.22279325 -0.12709695 0.28489227
v -0.22091638 -0.13317903 0.43646511
v -0.21938067 -0.15213629 -0.17234149
v -0.21852195 -0.13954638 -0.08455521
v -0.22537578 -0.18234291 0.23302413
v -0.22473850 -0.13241773 0.30850163
v -0.21886613 -0.17013835 0.48877522
v -0.21831075 -0.13292236 0.49522534
v -0.21595793 -0.14208662 0.50662440
v -0.27654994 -0.13171852 0.21259600
v -0.22044154 -0.12105956 0.31939521
v -0.21078289 -0.11720523 -0.10810776
v -0.21031640 -0.10764753 0.77470134
v -0.20817409 -0.10437443 -0.64655747
v -0.21940027 -0.09861992 0.14643874
v -0.21680824 -0.09132880 0.52935633
v -0.22788260 -0.08259655 -0.98145594
v -0.22210814 -0.08898612 -0.08883657
v -0.21181051 -0.07866148 -0.93206104
v -0.20221140 -0.07948243 -0.66464499
v -0.20036707 -0.07923663 -0.64075378
v -0.22593185 -0.08808812 0.48763255
v -0.20358337 -0.06582632 -0.14837366
v -0.21631214 -0.05563646 -0.15086764
v -0.22184182 -0.06443101 -0.96934601
v -0.21874490 -0.05862689 -0.08605657
v -0.22099113 -0.04999066 0.20763393
v -0.18748723 -0.05466418 -0.78290456
v -0.22449858 -0.05184521 0.85387130
v -0.22156556 -0.05000385 0.55631006
v -0.22092666 -0.04279355 0.90081142
v -0.23292298 -0.03215515 0.18391532
v -0.22166441 -0.02376825 0.51613761
v -0.21565455 -0.04798178 0.55129501
v -0.18112559 -0.03844464 0.83162738
v -0.21589971 -0.02247661 0.83922268
v -0.19601881 -0.02243706 -0.99284057
v -0.20903755 -0.01694985 0.67621026
v -0.22408001 -0.01746758 0.90702780
v -0.21758902 0.00765572 0.56721249
v -0.21397122 0.00625684 0.84231585
v -0.20900849 0.01212819 0.90365304
v -0.22148433 0.03678455 0.51431986
v -0.22037942 0.02806745 0.54230713
v -0.21641921 0.04837018 0.56479240
v -0.22126188 0.09014302 0.51490182
v -0.21503351 0.08793357 0.56300598
v -0.22569064 0.10071513 0.44997333
v -0.21643073 0.10544837 0.55077627
v -0.22069864 0.11264867 0.38496062
v -0.22435522 0.14800283 0.45694802
v -0.21909479 0.12205596 0.49771691
v -0.21769293 0.13123269 0.18077462
v -0.22335865 0.11261945 0.31808606
v -0.21946076 0.11474221 0.35736884
v -0.21722764 0.16856599 0.48274728
v -0.21883708 0.18522137 0.35754118
v -0.21898740 0.18556954 0.38455096
v -0.21321454 0.18529609 0.44031301
v -0.22560768 0.19567833 0.44732460
v -0.21613697 0.20902005 0.46724513
v -0.22373269 0.22213969 0.43762619
v -0.21899279 0.22724701 0.45256823
v -0.21357329 0.25348498 0.37103720
v -0.21868027 0.24482410 0.21565293
v -0.22847631 0.24843668 0.24191362
v -0.22110984 0.32264432 -0.99305292
v -0.25215321 0.32576414 -0.58337724
v -0.20425370 0.33858882 -0.46691670
v -0.20002466 0.34383838 -0.16708406
v -0.16153112 0.35873767 -0.09623480
v -0.21574802 0.34605170 -0.98974209
v -0.23118271 0.35702406 -0.92434874
v -0.20731362 -0.38680333 0.73439917
v -0.20587443 -0.36816120 -0.22404473
v -0.20715248 -0.36147312 0.63972127
v -0.22067796 -0.36262741 -0.38037354
v -0.22702001 -0.34629565 0.60277164
v -0.20571303 -0.34113728 0.61671986
v -0.20860182 -0.32038650 -0.65723833
v -0.20947989 -0.30621614 -0.60081557
v -0.21089464 -0.30091135 -0.15450315
v -0.22457896 -0.31641027 0.58003109
v -0.21001489 -0.27818616 0.78365780
v -0.21048382 -0.29150836 0.68331489
v -0.20824134 -0.28400468 -0.60715706
v -0.20881276 -0.33185055 -0.52216731
v -0.21062700 -0.29903193 -0.31362814
v -0.20955360 -0.28967519 -0.69698862
v -0.20534379 -0.28136606 -0.41706316
v -0.21007274 -0.29432522 -0.23773790
v -0.20571230 -0.26067098 0.75588788
v -0.20873557 -0.22217286 -0.70529773
v -0.20898307 -0.25287316 -0.59311628
v -0.20799482 -0.24170071 -0.24747400
v -0.20748515 -0.27261629 0.57477246
v -0.21293591 -0.25539302 -0.43107504
v -0.20828645 -0.24014148 0.67113213
v -0.20849829 -0.21783876 -0.32883391
v -0.20768790 -0.21724155 0.75523679
v -0.22751536 -0.20848851 0.20858936
v -0.20985530 -0.20823159 0.48198191
v -0.20971560 -0.20215871 -0.24138262
v -0.11152519 -0.20901656 0.01317921
v -0.20855657 -0.20798220 -0.66980372
v -0.20779919 -0.21311272 -0.60265602
v -0.20943249 -0.20259735 -0.33969058
v -0.21017488 -0.18990962 -0.26515220
v -0.20284291 -0.21270954 0.58318351
v -0.20952323 -0.20142961 0.77836672
v -0.20890805 -0.18302681 -0.65735517
v -0.20907412 -0.19930733 -0.58635970
v -0.13826138 -0.18481026 0.95079999
v -0.26733262 -0.19094883 0.95548331
v -0.20907821 -0.17104467 -0.51397454
v -0.21278304 -0.16946019 -0.40920787
v -0.21827796 -0.12988783 0.22997578
v -0.20476702 -0.17548405 0.59459937
v -0.21030879 -0.12883055 0.81287315
v -0.20972054 -0.13731968 -0.72968304
v -0.20570306 -0.15120310 -0.18683295
v -0.20770818 -0.14543118 -0.38201542
v -0.20902360 -0.11853096 -0.12419974
v -0.20918013 -0.11055231 0.66877774
v -0.21681546 -0.12005781 0.45152359
v -0.21130028 -0.11960451 0.50056911
v -0.20919933 -0.12114963 0.51723033
v -0.20742579 -0.10791468 -0.31111981
v -0.22580674 -0.11337108 0.22043688
v -0.21910649 -0.09984936 0.53133378
v -0.22332355 -0.10179091 -0.96554529
v -0.21824456 -0.09909876 0.68719684
v -0.21391101 -0.08089515 -0.15445403
v -0.21828065 -0.08844406 -0.10130054
v -0.23053660 -0.08588064 0.17740485
v -0.21101298 -0.06618373 -0.07252863
v -0.24902666 -0.06636591 0.92171601
v -0.19970508 -0.05265466 -0.98878257
v -0.12327820 -0.05494242 -0.92129297
v -0.24198053 -0.05466910 0.02771667
v -0.20578973 -0.04923935 -0.99124362
v -0.21067716 -0.04015304 0.85513186
v -0.20855342 -0.01195205 0.61107692
v -0.21848692 0.03220084 0.20516972
v -0.19587535 0.10156482 0.19534823
v -0.21190837 0.03532245 0.57923670
v -0.20613735 0.02752001 0.90606541
v -0.20894822 0.03637672 0.60977124
v -0.21001092 0.05071592 0.57490073
v -0.20917925 0.08405817 0.57040131
v -0.21327804 0.11245053 0.44775814
v -0.20804815 0.11313225 0.51493142
v -0.20857037 0.14951957 0.49490597
v -0.23541456 0.24000156 -0.99057637
v -0.21814655 0.20357647 0.20638553
v -0.21306575 0.25177283 0.17343112
v -0.20359526 0.34006119 -0.74844491
v -0.20225762 0.35022959 -0.26970176
v -0.25009600 0.34068315 -0.05786372
v -0.24933925 0.32965298 0.16108532
v -0.21338354 0.36802131 -0.96089230
v -0.20917540 -0.37688363 -0.69733652
v -0.20735986 -0.37809305 -0.32623704
v -0.21100888 -0.38559817 0.76334847
v -0.20266850 -0.36482535 -0.57803325
v -0.20202019 -0.37013030 0.68565981
v -0.20027364 -0.36794893 -0.63928476
v -0.19967435 -0.36448061 0.75289872
v -0.20581018 -0.34914197 0.81649252
v -0.20211384 -0.36030565 -0.70545971
v -0.20145696 -0.36583654 -0.31048014
v -0.20145526 -0.33787054 -0.23204030
v -0.20090285 -0.35166715 0.65694603
v -0.20103447 -0.35460891 -0.65795558
v -0.20423623 -0.35120379 -0.36993214
v -0.20495767 -0.34163930 -0.19199614
v -0.20193566 -0.34095100 0.69262981
v -0.20789097 -0.34957738 -0.73550325
v -0.20330391 -0.32587207 -0.38775246
v -0.20089262 -0.32389115 -0.71297642
v -0.20858128 -0.31761343 -0.40694802
v -0.20919672 -0.31530644 -0.28069674
v -0.20042037 -0.32092507 0.63273846
v -0.20251885 -0.32172954 -0.57188092
v -0.20283823 -0.31681080 -0.36264250
v -0.20054181 -0.33828728 0.77677385
v -0.19995420 -0.31134228 0.81192058
v -0.20460675 -0.30942828 0.59308805
v -0.20496269 -0.31447805 -0.75565242
v -0.20386534 -0.28884495 0.85081906
v -0.20695225 -0.29893069 -0.65050416
v -0.20087625 -0.30287704 -0.18319999
v -0.20969306 -0.29959709 0.72926208
v -0.19611616 -0.28446938 -0.64258580
v -0.19703478 -0.26917862 -0.61673737
v -0.20893562 -0.27616200 -0.57028196
v -0.20151179 -0.30677732 -0.52908817
v -0.20012512 -0.28471175 0.60501972
v -0.19788126 -0.27546003 0.69956544
v -0.19685395 -0.27700833 0.72856036
v -0.20756383 -0.28112522 -0.25871578
v -0.20048682 -0.27360502 -0.74160135
v -0.20755487 -0.26477024 -0.68678522
v -0.20797491 -0.28166405 -0.77396288
v -0.20253632 -0.26307044 -0.76363387
v -0.20485163 -0.23866140 -0.68059964
v -0.20032989 -0.26488702 -0.52336235
v -0.21014245 -0.26426325 -0.34121249
v -0.20005784 -0.22835069 0.83250282
v -0.20245846 -0.23885451 -0.18834269
v -0.20254026 -0.23753005 -0.16382717
v -0.20547788 -0.21906935 -0.77362316
v -0.20585255 -0.19170543 -0.16163537
v -0.20831303 -0.23956933 0.64158384
v -0.20706565 -0.20431019 0.86015116
v -0.20225483 -0.21943186 -0.66503383
v -0.20159868 -0.21457910 -0.62923017
v -0.20708023 -0.21275879 -0.26890899
v -0.20631126 -0.20492824 -0.63320648
v -0.20100005 -0.19952733 -0.53102876
v -0.20144264 -0.24371103 -0.39799631
v -0.20741109 -0.20417877 -0.29938459
v -0.20867544 -0.19884639 0.70049838
v -0.19949447 -0.21572013 0.72217801
v -0.21027954 -0.20971255 -0.42389726
v -0.20381399 -0.23370055 -0.41550493
v -0.20234901 -0.19777206 -0.38052308
v -0.22563579 -0.21045876 0.23336338
v -0.20198790 -0.19850852 0.61889301
v -0.20062953 -0.16835826 0.80519046
v -0.20008602 -0.20039597 -0.73524407
v -0.20245921 -0.17658277 -0.39236567
v -0.20234588 -0.17187131 0.83378205
v -0.20293595 -0.15735203 -0.60127788
v -0.20124200 -0.16314856 -0.54667369
v -0.20848173 -0.17948565 -0.76346358
v -0.20037064 -0.16432949 -0.73364548
v -0.20337865 -0.17817835 -0.69744991
v -0.20063308 -0.17239111 -0.20888582
v -0.20896724 -0.17458288 0.73323280
v -0.20276258 -0.12732910 -0.69812500
v -0.20774134 -0.18891536 0.66269890
v -0.20251158 -0.14510122 -0.30891218
v -0.20154150 -0.14264417 -0.56395727
v -0.20149061 -0.14117196 -0.34574957
v -0.20515322 -0.17462314 0.00739299
v -0.20909366 -0.13040507 0.62956162
v -0.20140238 -0.14390112 0.80303720
v -0.20052933 -0.13078849 -0.63834004
v -0.19264445 -0.14766377 -0.08309504
v -0.20041064 -0.13869588 0.66106258
v -0.20179321 -0.13004556 -0.23612528
v -0.19981273 -0.13152577 0.74954263
v -0.19801148 -0.10996089 -0.80688708
v -0.20828448 -0.11176745 -0.59616678
v -0.20157004 -0.12106685 -0.29918270
v -0.19621837 -0.10074441 -0.14346665
v -0.20928447 -0.10819811 -0.25346160
v -0.20321672 -0.11310372 0.21591330
v -0.20652009 -0.10420242 0.72680713
v -0.15406879 -0.10604953 0.01131737
v -0.13372689 -0.10105685 -0.96473535
v -0.20230307 -0.09992968 0.19030093
v -0.21083466 -0.10050261 -0.93161859
v -0.17882175 -0.09442219 0.01979073
v -0.20882621 -0.08932262 -0.96853676
v -0.20336432 -0.08882311 -0.07476145
v -0.21654483 -0.09939699 0.20736427
v -0.19607775 -0.05911311 -0.77894941
v -0.19891569 -0.05908782 -0.67347682
v -0.19228379 -0.05838265 -0.09009022
v -0.16925974 -0.05909765 0.02191930
v -0.19776624 -0.05530316 -0.68018717
v -0.18982094 -0.05506081 -0.10978984
v -0.20532684 -0.01257528 0.64768392
v -0.19500719 -0.01712572 0.73410060
v -0.20500683 0.03421452 0.65068942
v -0.19803110 -0.03001222 0.19653068
v -0.20546429 0.05442809 0.61368559
v -0.19307665 0.06691779 0.67882312
v -0.23181798 0.08998815 0.18068109
v -0.20041993 0.09898108 0.56060273
v -0.21378543 0.20465756 0.16848192
v -0.20993236 0.22412505 0.19980153
v -0.18599522 0.25198833 0.20532491
v -0.21577866 0.27671700 -0.98881216
v -0.19941942 0.23691060 0.17069478
v -0.19343021 0.26323252 0.22119101
v -0.19132012 0.27276664 0.26099328
v -0.19506427 0.27066142 0.31582141
v -0.19086832 0.26584781 0.37811290
v -0.20158230 0.27048484 0.17568485
v -0.19590552 0.31379369 0.18120560
v -0.20617535 0.33658635 0.17176765
v -0.21380724 0.35063828 -0.65286898
v -0.21293614 0.35529412 -0.63103034
v -0.19192960 -0.26749982 -0.31657847
v -0.20040200 -0.27488423 -0.66964193
v -0.19069290 -0.27308239 -0.27982884
v -0.19804742 -0.25522438 -0.67788452
v -0.19772980 -0.26614554 0.74578235
v -0.17660025 -0.24590792 0.74783811
v -0.18454516 -0.25166432 -0.32124042
v -0.17707440 -0.22665369 -0.64050368
v -0.20081062 -0.22225706 0.69796202
v -0.20406901 -0.15291418 -0.09245741
v -0.18482843 -0.12212546 -0.12183186
v -0.20668615 -0.12199658 0.21266343
v -0.18950004 -0.09270295 -0.12955097
v -0.20021249 -0.12572581 -0.08515636
v -0.19624868 -0.09536861 -0.08766055
v -0.16969852 -0.09824265 0.01151534
v -0.14063691 -0.08223202 -0.48322284
v -0.24855329 -0.07445866 0.92160777
v -0.19268645 -0.08069563 -0.28557275
v -0.19361411 -0.07572409 -0.26174017
v -0.18524471 -0.05774676 -0.17115935
v -0.19982315 -0.05810001 -0.28734823
v -0.19012076 -0.07460438 -0.29320905
v -0.18251830 -0.06782704 -0.14770477
v -0.18950203 -0.07567478 -0.10750650
v -0.19684371 -0.05787726 -0.25917778
v -0.19673885 -0.05875238 -0.14884413
v -0.21159412 -0.06030328 0.56931433
v -0.18468941 -0.03504632 -0.99121746
v -0.20298271 -0.04901644 0.90895509
v -0.19417300 -0.01754879 0.75668358
v -0.19578349 0.00085994 0.90982141
v -0.19302507 -0.01135773 0.72703744
v -0.19929176 -0.01185203 0.68453526
v -0.17641017 0.01796833 0.89751295
v -0.19963635 0.03566885 0.67776879
v -0.19658174 0.03259927 0.69887788
v -0.19559169 0.04553400 0.66514128
v -0.20225910 0.08377754 0.61118023
v -0.19860975 0.10742279 0.53842969
v -0.19108889 0.27530216 0.17182417
v -0.18198722 0.33216454 0.18236798
v -0.20368758 0.33989583 -0.78146041
v -0.19320148 0.34417546 -0.52624687
v -0.20156659 0.34233345 0.00813539
v -0.19456090 0.35329691 0.16436991
v -0.22844194 0.34045285 -0.85134797
v -0.15995201 0.36776132 -0.89778160
v -0.16897361 -0.27416717 -0.27991387
v -0.19517363 -0.24708982 -0.61205811
v -0.17690094 -0.23987457 -0.62116774
v -0.18707268 -0.22722919 0.74072897
v -0.13558595 -0.17725391 0.95511624
v -0.18760698 -0.15713363 -0.09001322
v -0.18750094 -0.15246985 -0.09559555
v -0.20003452 -0.13374044 -0.80212393
v -0.13851429 -0.13762174 0.97396797
v -0.19527060 -0.12131777 0.22894770
v -0.18340578 -0.13585730 -0.08836757
v -0.20309168 -0.11353033 0.22509930
v -0.19660665 -0.09814134 0.20051007
v -0.19985858 -0.09160486 -0.10191714
v -0.17882704 -0.07422414 -0.10005643
v -0.18345425 -0.07487707 -0.07509688
v -0.12434070 -0.05822547 0.14614107
v -0.17195943 -0.06675557 0.92228486
v -0.19170253 -0.05508803 -0.74955115
v -0.20220189 -0.05483559 -0.62508343
v -0.20677907 -0.05425463 -0.49852849
v -0.19760257 -0.05495297 -0.30116881
v -0.18935546 -0.06092861 0.19717972
v -0.16165920 -0.04647499 0.58343754
v -0.17035139 -0.04673053 0.90638089
v -0.21065049 -0.03309251 0.66080727
v -0.17208607 -0.02025811 0.80535862
v -0.17689698 -0.01014529 -0.97992431
v -0.18679232 -0.01118534 0.75227125
v -0.18691538 -0.01906268 0.78224386
v -0.19475679 -0.00097682 -0.98345192
v -0.18357364 0.01634101 -0.98380620
v -0.19256556 -0.01391827 0.71162544
v -0.18689539 0.02106471 0.84662447
v -0.13515057 0.03347075 -0.97928614
v -0.19245670 0.03465096 0.72199202
v -0.19082666 0.03930419 0.90216026
v -0.18393285 0.04344573 0.72381653
v -0.19177189 0.05256946 -0.98287769
v -0.19036138 0.10199977 0.57676037
v -0.18493364 0.08890745 0.65764689
v -0.18473101 0.11783242 0.51271289
v -0.19116453 0.19779989 -0.98193007
v -0.20536574 0.22019355 0.46971014
v -0.19482209 0.25055137 0.44456754
v -0.18439404 0.26457969 0.16850852
v -0.17546619 0.27643512 0.30382132
v -0.17311883 0.31727335 0.17986794
v -0.17730132 -0.27664618 -0.66265574
v -0.18785609 -0.27261173 0.70561420
v -0.17559871 -0.26057750 0.74568618
v -0.17835896 -0.24540781 -0.67053698
v -0.19265265 -0.24581705 -0.26484756
v -0.19078650 -0.22347067 -0.30155037
v -0.17406765 -0.22914905 0.70993458
v -0.13694710 -0.18506994 -0.80599832
v -0.18550466 -0.17356563 -0.09041377
v -0.17599131 -0.16638164 -0.09683225
v -0.18853315 -0.16176858 0.51685836
v -0.17736597 -0.15522265 -0.08240948
v -0.13813574 -0.13358468 0.97029320
v -0.14747516 -0.12164907 0.21260297
v -0.17381194 -0.09965941 0.01363294
v -0.19474959 -0.08038047 -0.76907825
v -0.15670939 -0.07557431 0.92242895
v -0.16699138 -0.05859724 -0.93269217
v -0.18388160 -0.05791865 -0.75977734
v -0.18789867 -0.05851257 -0.29158710
v -0.15164798 -0.06682654 0.85225787
v -0.18612886 -0.05448845 -0.07419806
v -0.12214141 -0.05442620 -0.02749242
v -0.16202554 -0.03853468 0.59283859
v -0.18456182 -0.03884207 0.85392037
v -0.16900270 -0.03559000 0.73863077
v -0.16945791 -0.03676454 0.78879718
v -0.17272309 -0.01262365 0.76967044
v -0.18413690 -0.01186684 0.73546790
v -0.17469791 0.03805166 0.76678775
v -0.17539885 0.03701958 0.88638109
v -0.15848646 0.01334330 0.19386124
v -0.18425606 0.03402299 0.73480601
v -0.18394608 0.03501217 0.75021283
v -0.17837416 0.04372386 0.74679037
v -0.18286914 0.06875339 0.71764530
v -0.16438120 0.06106582 0.78816636
v -0.16320527 0.10230094 0.62272321
v -0.17140453 0.13748131 0.50150119
v -0.16936476 0.20782667 0.47426378
v -0.19376970 0.22836233 0.19619344
v -0.17197168 0.27016469 0.17472870
v -0.18813959 0.33587424 -0.99054334
v -0.15874394 0.35865127 -0.70321273
v -0.20615445 0.35146790 -0.31220341
v -0.18912692 0.36042608 -0.29346886
v -0.16440486 -0.28024507 -0.63717029
v -0.16629364 -0.27779279 -0.66549012
v -0.14793987 -0.26542338 -0.81319686
v -0.18315309 -0.24946354 0.69411736
v -0.17400179 -0.22947528 -0.31081485
v -0.16860395 -0.22093619 -0.29863658
v -0.17397860 -0.23783875 0.74280692
v -0.14495250 -0.20998831 0.24058915
v -0.21834461 -0.20922247 0.31000215
v -0.17779842 -0.18022405 -0.09211089
v -0.12979169 -0.09828171 0.14738438
v -0.18097042 -0.06122722 -0.77326647
v -0.12327480 -0.09224167 -0.07884436
v -0.12230682 -0.09083844 -0.01645080
v -0.16271161 -0.09774823 0.17760274
v -0.17621435 -0.08970927 -0.09825002
v -0.16981614 -0.08631195 0.90021287
v -0.17798072 -0.07644467 0.90102226
v -0.18061097 -0.06470586 -0.08823717
v -0.15376030 -0.07180114 0.86101777
v -0.25791153 -0.05748138 -0.01794395
v -0.17534872 -0.05803972 0.91920776
v -0.12183475 -0.05405417 -0.44431502
v -0.20098569 -0.05475594 -0.17713071
v -0.18219898 -0.04707733 0.85625062
v -0.16883357 -0.03563293 0.60489937
v -0.16158189 -0.04161840 0.82085477
v -0.11074320 -0.01124529 0.18225864
v -0.17396247 -0.01350984 0.78621193
v -0.16689926 -0.01520676 0.79678942
v -0.15925090 -0.02206307 0.83555870
v -0.17393155 0.02768934 0.78832122
v -0.16066075 0.01240761 0.85058862
v -0.14540585 0.02694932 0.90116645
v -0.16965418 0.07961843 0.72252810
v -0.17380504 0.11427530 0.52929556
v -0.16774646 0.13107627 0.50797260
v -0.15408150 0.14491259 0.16936511
v -0.15068659 0.22639688 -0.98246632
v -0.17327230 0.18289008 0.17186880
v -0.15825732 0.26826766 0.41010619
v -0.16971898 0.27163483 -0.98336114
v -0.15054211 0.35687191 -0.79847860
v -0.22525415 0.34263005 -0.59802270
v -0.18353905 0.35977328 -0.06084961
v -0.17109151 -0.26755683 -0.62300311
v -0.15848717 -0.24182045 -0.62424250
v -0.14744918 -0.25239905 -0.67501672
v -0.15357103 -0.23664743 -0.66682559
v -0.16194608 -0.22893704 -0.64920282
v -0.18394428 -0.23284838 -0.27646022
v -0.20702038 -0.20340731 0.49396698
v -0.21495279 -0.20137730 0.22883979
v -0.16041872 -0.16450778 -0.51985902
v -0.16373556 -0.17574505 -0.48509725
v -0.16140268 -0.15648446 -0.89539360
v -0.16673105 -0.14894531 -0.89517388
v -0.16325064 -0.15349654 -0.47613161
v -0.13775170 -0.14562086 0.97460119
v -0.16094386 -0.14053859 -0.89413263
v -0.17949754 -0.14713371 -0.09725832
v -0.13733919 -0.13181919 0.95279287
v -0.14821024 -0.13765276 -0.10635490
v -0.14873891 -0.09861964 0.00420682
v -0.16306086 -0.09187708 0.88314549
v -0.16767882 -0.09946932 -0.93351464
v -0.15726250 -0.08624252 0.91564832
v -0.17481972 -0.07937717 -0.26395560
v -0.15135709 -0.07337847 -0.25947508
v -0.16101111 -0.07321055 0.89242790
v -0.14937844 -0.06884121 0.56680787
v -0.18280936 -0.05457849 -0.14229661
v -0.16481647 -0.05598460 0.18174389
v -0.16110181 -0.03669504 0.61151134
v -0.16131882 -0.03815993 0.73408842
v -0.16110659 -0.04198747 0.78891610
v -0.17084977 -0.02282184 0.83161845
v -0.16316737 0.00038588 0.90877165
v -0.14150969 0.00233550 -0.98299896
v -0.17504089 0.00704854 0.83934382
v -0.16898492 0.01133750 0.88590476
v -0.16695452 0.02800206 0.80685051
v -0.16485011 0.03738945 0.81872626
v -0.14664946 0.06090914 0.82850390
v -0.09561524 0.08229680 0.18268283
v -0.12499865 0.12363541 0.52346587
v -0.15072121 0.12236545 0.51456690
v -0.14933685 0.16573757 0.49142349
v -0.20787469 0.17980235 0.48437975
v -0.16092010 0.26536208 0.16743524
v -0.15121928 0.34032474 0.17607478
v -0.16895746 0.35279161 -0.98929795
v -0.12858391 0.36380018 -0.46444449
v -0.14895854 0.36555595 -0.32063921
v -0.11272636 0.37745962 -0.63603088
v -0.18082620 0.36239021 0.15491681
v -0.15795654 -0.26981051 -0.31541160
v -0.16219680 -0.26242241 -0.26921103
v -0.15459663 -0.22553242 -0.63210256
v -0.14324870 -0.21904841 -0.65260315
v -0.15528317 -0.20449280 -0.40779460
v -0.12361809 -0.20907948 0.48396707
v -0.13891053 -0.21204196 -0.51509965
v -0.15793356 -0.19895627 -0.48769514
v -0.15604545 -0.19314236 -0.22537202
v -0.15471089 -0.20433944 -0.22285762
v -0.16313547 -0.19050530 -0.52342745
v -0.14812086 -0.16521114 -0.52818985
v -0.17624060 -0.17676772 -0.08385177
v -0.12203879 -0.16791101 -0.09783497
v -0.13459386 -0.16331063 -0.80674984
v -0.16104471 -0.14775982 -0.91204639
v -0.14563595 -0.15261544 -0.88869570
v -0.16261067 -0.15502500 -0.84923327
v -0.20933367 -0.14887298 -0.80668379
v -0.14056071 -0.14307091 -0.88591592
v -0.17611618 -0.13933909 -0.82212765
v -0.19830793 -0.11759149 0.95565969
v -0.14069707 -0.11249783 0.21500657
v -0.13920394 -0.09999802 -0.92955063
v -0.20579951 -0.10522502 0.54667504
v -0.14490526 -0.08251809 -0.45955832
v -0.15933745 -0.08254168 0.89309758
v -0.14209278 -0.07188899 -0.78474020
v -0.14800156 -0.08090378 -0.64096540
v -0.13332614 -0.07479561 -0.63362491
v -0.17548504 -0.07484339 -0.48798515
v -0.13748223 -0.07278681 0.89435677
v -0.19360757 -0.06663509 -0.48581237
v -0.15491825 -0.06031513 0.92324667
v -0.19644184 -0.05713917 -0.96841971
v -0.14614844 -0.05511619 -0.75854001
v -0.12146293 -0.05423534 -0.49335326
v -0.12176952 -0.05475535 -0.08382071
v -0.12218603 -0.05490504 0.12309636
v -0.14997321 -0.05787412 0.58090176
v -0.15250692 -0.02707788 -0.99008267
v -0.15652147 -0.04291005 0.59602539
v -0.15729662 -0.04294056 0.72909941
v -0.15529839 -0.04498778 0.91160870
v -0.15044844 -0.00810163 -0.98000003
v -0.15854306 -0.01207615 0.82701957
v -0.15325033 0.01927380 0.84569047
v -0.16095166 0.01901778 0.86169328
v -0.15406516 0.02713061 0.87511900
v -0.14503876 0.01277821 0.88647228
v -0.15433764 0.03806677 0.85157618
v -0.09853551 0.10641014 0.63236156
v -0.15466376 0.09074496 0.69336511
v -0.12585907 0.18984924 0.48573401
v -0.17036310 0.25646400 0.44509124
v -0.15774146 0.28865491 0.17427305
v -0.13227101 0.37047633 -0.97991486
v -0.14174327 0.37409133 -0.29447784
v -0.12605778 -0.27645411 -0.31556473
v -0.13604414 -0.27678292 0.72354176
v -0.15169471 -0.27240710 0.73471176
v -0.15102551 -0.24965889 -0.32678171
v -0.15287949 -0.25389759 0.69708551
v -0.15252368 -0.24292813 -0.27038745
v -0.14793286 -0.24186259 0.69351148
v -0.14704242 -0.24212968 -0.26065016
v -0.14766650 -0.23196458 -0.36875515
v -0.14464112 -0.23071913 -0.35696378
v -0.15288670 -0.23016850 -0.32269492
v -0.14501945 -0.22452081 -0.39712143
v -0.14594560 -0.20328108 -0.34849102
v -0.14723208 -0.21715448 -0.24199544
v -0.14895816 -0.21932534 0.66777026
v -0.14977703 -0.23109442 0.73555176
v -0.14609787 -0.21352400 -0.30711626
v -0.14657995 -0.21371351 -0.28951089
v -0.14446392 -0.21899592 0.62588409
v -0.14555476 -0.22253401 0.69705766
v -0.15097651 -0.22727991 0.72104136
v -0.14511861 -0.22149201 -0.43761558
v -0.14904939 -0.21143236 -0.37203052
v -0.11596356 -0.21036732 0.20611754
v -0.12469338 -0.20905985 0.30811513
v -0.15429513 -0.19438336 -0.40325657
v -0.14870354 -0.19524049 -0.21571472
v -0.12206319 -0.19991257 0.21247374
v -0.14419687 -0.20074701 0.62285722
v -0.12170742 -0.17870168 -0.53748596
v -0.14981217 -0.17379804 0.72155491
v -0.13798287 -0.17516613 0.97011715
v -0.13829851 -0.16890070 0.97461360
v -0.15000058 -0.14763465 -0.47044464
v -0.14286654 -0.14011165 -0.80716850
v -0.16159366 -0.14451704 -0.85455227
v -0.14398541 -0.13793383 0.70396260
v -0.14597610 -0.13645441 -0.08748040
v -0.14696194 -0.13718370 0.73199794
v -0.13747424 -0.11967280 0.98771010
v -0.12198613 -0.12186734 0.22838099
v -0.14049003 -0.11613413 -0.12610647
v -0.14503960 -0.10126211 -0.78370012
v -0.13413157 -0.10124809 0.19030494
v -0.13094851 -0.11463077 0.54316794
v -0.14047929 -0.08540968 0.90419882
v -0.14258057 -0.07874442 -0.97037237
v -0.14562812 -0.06912523 -0.93093884
v -0.12214252 -0.07758010 -0.67246247
v -0.13933648 -0.07168461 0.91687180
v -0.12134357 -0.05889962 -0.67371478
v -0.12363135 -0.10729234 0.65247066
v -0.15213808 -0.05571749 0.84589992
v -0.14637216 -0.05414283 -0.98872461
v -0.12177717 -0.05455454 -0.67985039
v -0.14960425 -0.05454677 -0.17974361
v -0.14532869 -0.04695124 0.89557733
v -0.14219819 -0.05002520 0.90644699
v -0.14421504 -0.03552244 0.90768068
v -0.14743717 -0.01108737 0.91174486
v -0.15321698 -0.00243673 0.86283820
v -0.15217329 0.01752372 0.85306565
v -0.14645044 0.03089568 0.87023926
v -0.10603422 0.03572091 0.18119020
v -0.14723496 0.04966071 -0.98414317
v -0.14512021 0.13254755 0.50725662
v -0.17664166 0.22412115 0.47314952
v -0.12520158 0.36966120 -0.60796240
v -0.19309968 0.34683834 0.08064046
v -0.13742384 0.37316526 -0.27461168
v -0.14995490 -0.27589541 -0.63628467
v -0.15282462 -0.27767545 -0.29901066
v -0.13920751 -0.25535088 -0.81939612
v -0.13872474 -0.25550331 -0.80588484
v -0.13363312 -0.25590346 0.68864746
v -0.14465671 -0.23866743 -0.34285387
v -0.13817271 -0.25310592 -0.27314642
v -0.14759171 -0.22455009 -0.73067735
v -0.14404660 -0.23480903 -0.67804773
v -0.14206840 -0.24239526 -0.60024720
v -0.13911629 -0.22852507 -0.23423241
v -0.14446090 -0.21229416 -0.56443512
v -0.12047917 -0.21824582 -0.44947383
v -0.13904243 -0.21469687 0.73857990
v -0.14260808 -0.20971308 -0.68242525
v -0.14396503 -0.21549372 -0.61181710
v -0.13560090 -0.21674644 -0.52718499
v -0.13897261 -0.20615539 0.69177343
v -0.14090475 -0.20026742 -0.75007470
v -0.14613359 -0.20196219 -0.72385129
v -0.14312426 -0.19463284 -0.53785870
v -0.12104207 -0.20436299 0.49554921
v -0.14002066 -0.19968026 0.70967354
v -0.14024028 -0.19173571 0.73284325
v -0.13467128 -0.19873178 0.74636745
v -0.13533110 -0.19305949 -0.74045389
v -0.13863753 -0.19840124 -0.57471252
v -0.14468221 -0.20035971 -0.25155756
v -0.14362853 -0.18251651 -0.40100339
v -0.14339729 -0.19113233 -0.38839117
v -0.14535339 -0.17431616 0.70555552
v -0.20115987 -0.18876604 0.98647505
v -0.13700446 -0.16426705 -0.40375428
v -0.13769455 -0.18343040 -0.21796655
v -0.12189683 -0.17675634 -0.08251947
v -0.16014011 -0.17377760 -0.46721151
v -0.14079234 -0.17557769 0.74657697
v -0.14053678 -0.16138218 -0.84676115
v -0.13839999 -0.15564323 -0.52317828
v -0.14890815 -0.14888425 -0.49580394
v -0.13283740 -0.14705815 -0.47696503
v -0.14539557 -0.15698143 0.71552220
v -0.13761610 -0.15127648 0.75007280
v -0.12371472 -0.14059641 -0.89181808
v -0.13831708 -0.13752089 0.64557680
v -0.13715825 -0.14275974 -0.09876774
v -0.14417235 -0.13552963 -0.82200359
v -0.14386802 -0.11530013 0.89478832
v -0.13822486 -0.11942442 0.95267540
v -0.12164086 -0.11441107 0.00857594
v -0.13980789 -0.10266346 0.87566836
v -0.11627994 -0.09836743 0.02600675
v -0.13463319 -0.08777830 0.85124609
v -0.14308192 -0.07530289 -0.76698061
v -0.14067243 -0.08946900 0.87740162
v -0.12182515 -0.08255924 -0.66434163
v -0.12254834 -0.07650523 -0.48759316
v -0.12084405 -0.07523598 -0.45281382
v -0.15002337 -0.07482518 -0.29367444
v -0.14518875 -0.07500337 0.86696502
v -0.12050830 -0.05861444 -0.63330098
v -0.13430239 -0.08382174 -0.15210642
v -0.14715420 -0.05514305 -0.78219730
v -0.13950587 -0.05897410 -0.96994006
v -0.13202713 -0.05440087 -0.56298547
v -0.11501736 -0.05822656 -0.25575853
v -0.13894707 -0.01764135 -0.99183215
v -0.14600466 -0.00604715 0.89142583
v -0.13866362 0.00473811 0.89465680
v -0.14501670 0.03628948 0.89185047
v -0.15357868 0.06985985 0.19223127
v -0.14130756 0.15616631 0.50729094
v -0.14655796 0.15904202 0.50307410
v -0.16201494 0.24354018 0.46139553
v -0.11304164 0.27045764 0.41915747
v -0.14767144 0.27545552 0.23215598
v -0.13522097 0.28141354 0.26300897
v -0.13764707 0.29530578 0.17577540
v -0.16296330 0.34580594 -0.98936279
v -0.18711397 0.34867505 -0.38797494
v -0.11817579 0.37247903 -0.65403737
v -0.13116569 0.38124078 -0.94634249
v -0.14943082 -0.27476207 -0.66227042
v -0.14105909 -0.27339946 -0.28522477
v -0.11589699 -0.26316088 -0.67432748
v -0.14231923 -0.27286958 0.70736924
v -0.10350772 -0.27660036 0.74037262
v -0.13578586 -0.26261072 -0.81435816
v -0.14361269 -0.25109589 -0.62013163
v -0.12804484 -0.23598526 -0.81320321
v -0.13306464 -0.23708066 -0.35826699
v -0.13391738 -0.22351644 -0.75141799
v -0.13741661 -0.22655140 -0.55220387
v -0.13506773 -0.22964791 -0.40463370
v -0.12771124 -0.22476790 -0.21425560
v -0.12907029 -0.22113924 0.61838356
v -0.13149076 -0.21843064 0.73042571
v -0.11828367 -0.21674568 -0.52095637
v -0.11553740 -0.20863521 0.23918883
v -0.11513490 -0.20885976 0.28288806
v -0.13704715 -0.20085351 -0.70584049
v -0.13622295 -0.19815425 -0.54756275
v -0.13687111 -0.20562711 -0.29880768
v -0.12699559 -0.19108660 0.93082457
v -0.12610852 -0.19874728 -0.75515459
v -0.12124854 -0.19532640 -0.54904487
v -0.14220643 -0.18794133 -0.43391975
v -0.13900305 -0.20162195 -0.33779464
v -0.12151557 -0.20254666 0.22868589
v -0.14475584 -0.19878963 0.65845198
v -0.12567427 -0.18232002 -0.81162573
v -0.12172501 -0.18572065 0.62675755
v -0.12289717 -0.18692431 0.66383786
v -0.12309986 -0.18896692 0.94457137
v -0.14125459 -0.18561941 -0.47546418
v -0.13130581 -0.18958620 -0.21477427
v -0.12003786 -0.17956380 -0.09257157
v -0.13517710 -0.16152275 -0.82014665
v -0.13329611 -0.17987989 -0.43123831
v -0.13277158 -0.15668497 0.64047533
v -0.11855721 -0.18323489 -0.47722269
v -0.14041959 -0.16791486 -0.46463114
v -0.12361704 -0.15456350 -0.85014001
v -0.13069647 -0.15163064 -0.81360921
v -0.13022941 -0.15809278 -0.50262113
v -0.13342858 -0.16820422 -0.21517489
v -0.12303545 -0.14718910 -0.08187376
v -0.12487484 -0.16619294 0.68799732
v -0.12873843 -0.16977061 0.96910169
v -0.12472022 -0.15264785 -0.86499546
v -0.12599527 -0.15132703 -0.48405646
v -0.13734608 -0.14537477 0.65014368
v -0.12996036 -0.13609522 0.65926860
v -0.13331160 -0.12651297 0.90909850
v -0.13488055 -0.13195861 -0.81039885
v -0.13073764 -0.12422543 0.92622879
v -0.12824991 -0.13885215 0.96726296
v -0.13131348 -0.11468609 0.71262885
v -0.13102431 -0.12065758 0.74019390
v -0.13704438 -0.12942311 -0.09940218
v -0.13871153 -0.10377811 0.90919793
v -0.12775826 -0.11377212 0.98583821
v -0.13078888 -0.10334835 -0.12919741
v -0.12476109 -0.12305572 0.87289258
v -0.13031681 -0.11423068 0.95569036
v -0.13022274 -0.08841779 0.97109389
v -0.14262054 -0.09022041 -0.92218669
v -0.13592526 -0.09286333 -0.79330500
v -0.12051420 -0.09775462 -0.01168285
v -0.11335580 -0.09272474 0.17894281
v -0.12385224 -0.10583849 0.78947486
v -0.12964251 -0.09570667 0.75013063
v -0.13123790 -0.08759113 -0.78199814
v -0.12007107 -0.08409694 -0.45474233
v -0.14307712 -0.08441797 -0.29042498
v -0.11792683 -0.09134064 -0.28611622
v -0.16670076 -0.08739656 0.19788602
v -0.13179853 -0.09282376 0.88972413
v -0.11886619 -0.08201899 -0.29286135
v -0.13515675 -0.09945393 -0.12339189
v -0.12421253 -0.07617905 0.17936955
v -0.12227497 -0.06042026 -0.48675867
v -0.12324760 -0.06120149 -0.16239477
v -0.13959188 -0.05795424 -0.14710331
v -0.12160214 -0.05915890 0.02078818
v -0.12159589 -0.05451507 -0.78947481
v -0.12226594 -0.05444485 -0.62495908
v -0.12097564 -0.05811969 -0.45277334
v -0.12201341 -0.05433157 -0.24730712
v -0.12144302 -0.05412128 -0.16936817
v -0.10211542 -0.05296571 0.18197393
v -0.13643836 -0.03636682 0.91203077
v -0.13705860 -0.02022525 0.91287810
v -0.13112917 -0.07276384 0.92551533
v -0.15564391 -0.03990337 0.19401536
v -0.13269918 0.01262625 0.92295640
v -0.13780352 0.03051327 0.90677826
v -0.20539728 0.05908834 0.18083759
v -0.15153266 0.06933659 0.18244780
v -0.13266472 0.06060478 0.84859061
v -0.15791424 0.12203930 -0.98377141
v -0.14109392 0.08154017 0.75440721
v -0.11186950 0.12856011 0.51824077
v -0.12888858 0.15472439 0.49948693
v -0.16730219 0.14510929 0.19369014
v -0.13541185 0.16957951 0.50445218
v -0.11725708 0.26876570 -0.98636566
v -0.15631898 0.23163289 0.19373490
v -0.15147917 0.26877095 0.21664880
v -0.12290311 0.36262993 -0.98657004
v -0.13508760 0.34972081 0.18179081
v -0.10724463 0.37387213 -0.68830921
v -0.09915854 0.37380103 -0.36223854
v -0.12263812 0.37192837 -0.21410052
v -0.14415885 0.36229076 -0.03050960
v -0.13720241 0.37307945 0.15069335
v -0.15024330 0.35997385 0.17168541
v -0.10924212 0.37812506 -0.26508542
v -0.12686852 -0.27681539 -0.65825400
v -0.09851730 -0.27397190 -0.29819746
v -0.11351109 -0.27475647 -0.64229857
v -0.11326233 -0.25160773 -0.62160783
v -0.11903256 -0.25653838 0.74831392
v -0.13510722 -0.24456489 -0.68932748
v -0.11777065 -0.22485252 -0.75040910
v -0.13351797 -0.23985927 0.66458344
v -0.11689820 -0.21701435 -0.54179574
v -0.13586291 -0.21029531 -0.54288808
v -0.12142938 -0.21855077 0.92965242
v -0.12773514 -0.21381288 0.92126613
v -0.13133782 -0.21086675 -0.65339615
v -0.12359626 -0.20731157 -0.30074172
v -0.12451673 -0.21229999 0.02052167
v -0.11399736 -0.21148073 0.11595362
v -0.12197997 -0.20827479 0.93938055
v -0.13690442 -0.20639491 -0.61336637
v -0.11924249 -0.19895046 -0.44111528
v -0.11679653 -0.20182956 -0.27627604
v -0.11648628 -0.20029412 0.61691405
v -0.11531734 -0.20053244 0.68964360
v -0.12105886 -0.20240401 0.79387206
v -0.12590010 -0.20108636 -0.48045663
v -0.12178367 -0.18961034 -0.42723439
v -0.11457408 -0.19396612 -0.23398484
v -0.11557452 -0.19498785 0.69216961
v -0.12736320 -0.19293493 0.76786807
v -0.12868182 -0.19248439 0.80705190
v -0.11746413 -0.18679046 -0.39258276
v -0.12586843 -0.18562086 -0.22409154
v -0.12214980 -0.19906747 0.00824994
v -0.12175745 -0.18469022 0.76734786
v -0.12273374 -0.18479476 0.81602483
v -0.12364566 -0.19182027 0.85153700
v -0.12857351 -0.18466177 0.92594537
v -0.12335139 -0.18214994 -0.21921884
v -0.12016106 -0.18795586 0.74942370
v -0.12273566 -0.16691839 0.75329861
v -0.12640183 -0.17676922 0.84618756
v -0.12707064 -0.18293943 0.89136515
v -0.12039773 -0.17130639 -0.41563051
v -0.13064960 -0.16421046 -0.20492115
v -0.12286083 -0.15470949 0.66829978
v -0.12506207 -0.17192817 0.77519000
v -0.12925832 -0.15534042 -0.89284218
v -0.12148619 -0.15741965 -0.89939361
v -0.12229389 -0.16582330 -0.84480611
v -0.12242930 -0.16505333 -0.39712200
v -0.12253665 -0.16924345 -0.08106737
v -0.11979267 -0.15661051 -0.40688667
v -0.12259188 -0.15362352 0.76746963
v -0.13020994 -0.13613362 0.78264621
v -0.12738992 -0.17052552 0.80225666
v -0.12785560 -0.17458709 0.95108819
v -0.12280029 -0.13777729 -0.09255632
v -0.12237869 -0.14970395 0.61349257
v -0.12452816 -0.14371624 0.75899963
v -0.12872531 -0.13608506 0.88924661
v -0.13065149 -0.11960280 0.79913583
v -0.12677157 -0.12753130 0.82306085
v -0.12789449 -0.13117826 0.94803997
v -0.12174069 -0.13435917 0.61121341
v -0.12474684 -0.12387039 0.63968331
v -0.11862907 -0.12570685 0.66524434
v -0.12172215 -0.12403913 0.75915574
v -0.12693742 -0.13097570 0.86254698
v -0.12365943 -0.11757306 0.88346817
v -0.12235458 -0.11882705 0.92758260
v -0.10920507 -0.12907015 0.98947395
v -0.12220446 -0.11351570 0.22384563
v -0.12124304 -0.12221431 0.57408851
v -0.12182128 -0.10961190 0.61503660
v -0.12996492 -0.12004868 0.69669907
v -0.12330786 -0.10889831 0.74990473
v -0.12374607 -0.11295728 0.79569452
v -0.12058656 -0.11845854 0.95005386
v -0.12817599 -0.10296330 0.55215631
v -0.12998608 -0.09733026 0.69336050
v -0.12030642 -0.10071208 0.00911755
v -0.12126004 -0.09856630 0.09096159
v -0.12017053 -0.09884782 0.15074131
v -0.11753954 -0.10025577 0.20301761
v -0.12529405 -0.10528970 0.82147825
v -0.12278470 -0.08881039 0.95640621
v -0.12650985 -0.09419913 0.98757139
v -0.11751288 -0.08929326 -0.92331140
v -0.12251348 -0.09300103 -0.09271620
v -0.12277576 -0.09842775 0.01934996
v -0.12097478 -0.08245285 -0.64161408
v -0.11878226 -0.08588495 -0.48640002
v -0.11969172 -0.08583596 -0.25962993
v -0.11766125 -0.07584849 -0.10169221
v -0.11471522 -0.08102064 0.97625365
v -0.12215319 -0.05951835 -0.78058140
v -0.12493867 -0.06692813 -0.96756791
v -0.12398078 -0.06131867 -0.77096387
v -0.12031726 -0.06094986 -0.14847960
v -0.12019745 -0.06711781 -0.08253552
v -0.12699769 -0.06685649 -0.55818713
v -0.11989829 -0.05809658 -0.29454615
v -0.12169298 -0.05438916 -0.76180609
v -0.12174667 -0.05395049 -0.54533464
v -0.12194742 -0.05434871 -0.37277298
v -0.12183265 -0.05435158 -0.30268830
v -0.12193114 -0.05443859 -0.13890201
v -0.12148488 -0.05449940 0.02745521
v -0.12177569 -0.05424429 0.13840214
v -0.11481688 -0.03478208 0.18387076
v -0.12671659 0.00301019 -0.99241911
v -0.22062797 0.01858226 0.18166348
v -0.12087879 0.02718579 0.92529647
v -0.11446981 0.20570224 0.47906266
v -0.13427628 0.27667263 0.36819262
v -0.12780918 0.28112899 0.16810481
v -0.11446579 0.36166925 0.17596151
v -0.09251425 0.37347378 -0.47562248
v -0.12694671 0.36928829 -0.12382200
v -0.10655119 0.37923163 0.16344417
v -0.11025335 -0.25118702 0.68703125
v -0.11418809 -0.24734444 0.74935731
v -0.11649545 -0.24671352 -0.68462160
v -0.10451431 -0.23085333 -0.70764380
v -0.10875733 -0.23737862 -0.58769406
v -0.11479929 -0.23739849 -0.34714700
v -0.11483886 -0.23560510 -0.24496570
v -0.11088408 -0.23685784 0.67870104
v -0.12060419 -0.23412779 0.74340584
v -0.11351845 -0.22897536 -0.39970520
v -0.11587157 -0.22774782 0.83848133
v -0.10844039 -0.22901166 0.90208136
v -0.11428913 -0.21895817 -0.21428681
v -0.12088528 -0.21954615 0.75554478
v -0.11213036 -0.20112380 -0.74949093
v -0.11506999 -0.20979883 -0.64009490
v -0.10808603 -0.21192029 -0.32167280
v -0.11722975 -0.21698060 -0.29469196
v -0.11430332 -0.21220204 0.19816317
v -0.11401795 -0.20784723 0.36549091
v -0.11174266 -0.20235945 0.61918997
v -0.11769023 -0.21239524 0.73646496
v -0.11943010 -0.21714597 0.81060046
v -0.10854470 -0.21116988 0.92860063
v -0.10856425 -0.19864325 -0.70496697
v -0.10954365 -0.20769807 -0.67588433
v -0.11531843 -0.20245235 -0.59463825
v -0.11567034 -0.20035081 -0.09975204
v -0.11214904 -0.19821175 0.21688912
v -0.11414341 -0.20736745 0.49236372
v -0.11573698 -0.20240677 0.71199460
v -0.12070514 -0.19964504 0.92237613
v -0.11459322 -0.19674032 -0.89061789
v -0.11989724 -0.19248086 -0.84713413
v -0.11929994 -0.19291489 -0.79384486
v -0.11623244 -0.19367288 -0.75949228
v -0.11721048 -0.19243312 -0.74062282
v -0.10425269 -0.19522984 -0.47875793
v -0.12179971 -0.19554390 -0.35161655
v -0.12199479 -0.19303628 -0.31065088
v -0.11285218 -0.20125637 -0.28903981
v -0.11477712 -0.19344448 -0.25950586
v -0.11097738 -0.19694917 -0.22868591
v -0.11253793 -0.19412506 -0.19056276
v -0.11476725 -0.19380419 -0.11232445
v -0.11738853 -0.19236353 -0.04680721
v -0.11366229 -0.19868018 -0.07419233
v -0.11617398 -0.19595436 0.50755239
v -0.11423318 -0.18913272 0.54600776
v -0.12327050 -0.19151063 0.86916265
v -0.11527993 -0.19406909 0.91450871
v -0.11450153 -0.18297203 -0.91345281
v -0.11735044 -0.19135847 -0.88888397
v -0.11990620 -0.16702515 -0.83452370
v -0.11599842 -0.18700307 -0.67172636
v -0.11627982 -0.18974075 -0.61470858
v -0.11516903 -0.16570464 -0.55823889
v -0.11446831 -0.19353368 -0.55864833
v -0.11517542 -0.18954657 -0.44750711
v -0.11661867 -0.17555048 -0.23671996
v -0.11572218 -0.18857638 -0.23310545
v -0.11128220 -0.19014860 -0.20612245
v -0.11678564 -0.18117859 -0.20547292
v -0.11619010 -0.18187552 -0.10680988
v -0.11626937 -0.18550926 -0.08525986
v -0.11478587 -0.19141598 0.56648990
v -0.12513290 -0.19244783 0.95609049
v -0.11842748 -0.17640609 -0.91919655
v -0.11579543 -0.17634630 -0.80153670
v -0.11636973 -0.18321549 -0.73331856
v -0.11552252 -0.19734196 -0.34212391
v -0.11574890 -0.17691014 -0.07428541
v -0.12523719 -0.16439272 -0.88422521
v -0.11699436 -0.15662690 -0.47168501
v -0.11743549 -0.17063127 -0.44134780
v -0.11624721 -0.18680395 -0.34138388
v -0.11584465 -0.17931489 -0.26793697
v -0.11475894 -0.19397956 0.22423878
v -0.11678811 -0.15218678 -0.79873599
v -0.11667837 -0.16182894 -0.61758365
v -0.12251777 -0.16284032 -0.54605606
v -0.11589407 -0.15767191 -0.39111259
v -0.12100149 -0.11017575 0.21298351
v -0.11747617 -0.15562763 0.53601233
v -0.12054305 -0.15929517 0.58262234
v -0.11284674 -0.15216223 0.75272912
v -0.11528049 -0.15397199 -0.53813040
v -0.12173367 -0.15566819 -0.50163610
v -0.11716119 -0.14184047 -0.46661007
v -0.11712371 -0.17082285 -0.31210841
v -0.12061844 -0.16163053 -0.24789092
v -0.11515860 -0.16467949 -0.19834235
v -0.12170397 -0.15745562 0.52161995
v -0.11796600 -0.14342285 -0.86669050
v -0.11650164 -0.14424163 -0.83786092
v -0.11527425 -0.15443816 -0.59362751
v -0.11781871 -0.14928334 -0.41160932
v -0.11547323 -0.10201104 -0.30318107
v -0.11932747 -0.15726708 -0.22615045
v -0.11764142 -0.14305414 -0.21013639
v -0.11623660 -0.18852016 0.00252692
v -0.11633721 -0.12638309 -0.51278596
v -0.11607844 -0.13647843 -0.39963410
v -0.12120685 -0.13468534 -0.89227161
v -0.11749051 -0.13818685 -0.24197112
v -0.11600735 -0.12864643 -0.19479232
v -0.11921418 -0.12797366 0.54147737
v -0.11572200 -0.13043843 0.68369779
v -0.11683575 -0.12011966 0.78247631
v -0.11576540 -0.10246241 -0.77207172
v -0.11519657 -0.09477224 -0.38618254
v -0.11626275 -0.12900084 -0.09321078
v -0.11399762 -0.09875779 -0.10694704
v -0.11586747 -0.13617082 -0.07601708
v -0.11285449 -0.12234559 0.21608804
v -0.10855339 -0.12036151 0.85074707
v -0.10342319 -0.11603722 0.95142917
v -0.11728390 -0.10966408 -0.92181961
v -0.11433406 -0.08533673 -0.90930851
v -0.11622593 -0.10844237 -0.78865317
v -0.11636326 -0.12196216 -0.64415019
v -0.11685547 -0.11616002 -0.21423790
v -0.11655749 -0.10003333 -0.92899798
v -0.11457414 -0.08446229 -0.63003526
v -0.11520820 -0.09310316 -0.55999654
v -0.11509896 -0.09886141 -0.26696431
v -0.11501521 -0.08756741 -0.24970586
v -0.11519270 -0.09175064 -0.15362023
v -0.11576608 -0.09695476 -0.12844722
v -0.11817240 -0.09911031 0.13521498
v -0.12057124 -0.09923366 0.16741466
v -0.11338262 -0.10401841 0.19250802
v -0.11209560 -0.11240288 0.92388958
v -0.12386441 -0.08377425 -0.77672565
v -0.11536141 -0.09207269 -0.66077588
v -0.11525253 -0.09282971 -0.47615835
v -0.12076856 -0.08705986 -0.13658819
v -0.11527962 -0.09821621 -0.07132734
v -0.11276410 -0.09379961 0.02594380
v -0.11457259 -0.08995583 0.19776137
v -0.11586586 -0.09117509 -0.87571816
v -0.11412176 -0.08395899 -0.79077822
v -0.11683035 -0.08188282 -0.55790381
v -0.11568637 -0.08345070 -0.38069771
v -0.12041331 -0.07695413 -0.07473594
v -0.12117787 -0.08856111 0.14596961
v -0.12012585 -0.07434839 -0.63383894
v -0.11529434 -0.08024841 -0.16789471
v -0.11933857 -0.08092753 -0.15549713
v -0.11417880 -0.05964835 -0.14021570
v -0.11246807 -0.09490275 0.13906193
v -0.11380237 -0.05900947 -0.67892320
v -0.12104976 -0.06749355 -0.09629106
v -0.12297948 -0.05841005 -0.92399102
v -0.11438160 -0.05920321 -0.90864774
v -0.11384232 -0.05922089 -0.78784438
v -0.11238597 -0.07560880 -0.76453408
v -0.11388563 -0.05934173 -0.62541644
v -0.11723823 -0.05834286 -0.55586680
v -0.11365295 -0.05873510 -0.44487902
v -0.11336792 -0.05889120 -0.38687753
v -0.11424827 -0.05911363 -0.34602635
v -0.11352477 -0.05941453 -0.30197422
v -0.11363250 -0.05824783 -0.16807019
v -0.11364896 -0.05968385 -0.07350178
v -0.11886671 -0.05765191 -0.01708578
v -0.11321000 -0.05897535 -0.02505534
v -0.11243317 -0.05831602 0.02548081
v -0.11339777 -0.05731660 -0.56955820
v -0.12796047 -0.02347965 -0.98676894
v -0.12162151 -0.05306422 0.92536296
v -0.11760512 -0.01028542 -0.98135370
v -0.10761321 0.01779754 0.92325470
v -0.11308579 0.03508794 -0.98745745
v -0.21698390 0.02744227 0.17956417
v -0.11018017 0.17941476 0.49138945
v -0.11695770 0.18658215 0.49937969
v -0.10865834 0.20853631 0.49222865
v -0.10763977 -0.24579708 -0.32803742
v -0.10899850 -0.24178786 -0.27161966
v -0.10630598 -0.23091374 -0.68109784
v -0.11446554 -0.23002345 -0.55550018
v -0.10604022 -0.23363888 0.86595556
v -0.10652712 -0.23089999 -0.33094945
v -0.11387471 -0.22006770 0.62719142
v -0.10813669 -0.21141810 0.69162722
v -0.10705843 -0.22123037 0.92708003
v -0.10625139 -0.20756833 -0.74135175
v -0.11215982 -0.22249684 -0.43023269
v -0.10802274 -0.22827777 -0.36495739
v -0.10557022 -0.20332198 -0.41313417
v -0.10657958 -0.20797114 -0.26953523
v -0.11554731 -0.21476867 0.90512299
v -0.11544779 -0.20142266 -0.80571781
v -0.10668429 -0.20120918 -0.85686541
v -0.11173504 -0.20287571 -0.77171050
v -0.10755967 -0.20528248 -0.35633788
v -0.11429368 -0.20338941 -0.31837992
v -0.10628396 -0.20153660 0.20397494
v -0.10526064 -0.20111828 0.59355002
v -0.10979595 -0.20189243 0.63714765
v -0.11103761 -0.20064288 0.74280091
v -0.11428973 -0.20042974 0.82383509
v -0.11244754 -0.19932537 0.89789140
v -0.11461595 -0.20316653 0.91850973
v -0.10736419 -0.19308308 -0.41722960
v -0.10580217 -0.19169376 -0.34567461
v -0.11421538 -0.19556383 -0.33152143
v -0.09987820 -0.19152199 -0.30367873
v -0.10975777 -0.19985222 -0.25666730
v -0.10552178 -0.19476471 -0.11422903
v -0.10592774 -0.19655854 -0.03585612
v -0.09993970 -0.19272780 0.01433516
v -0.10608793 -0.19882935 0.09412475
v -0.10621419 -0.19690929 0.23281943
v -0.10560227 -0.19516234 0.38621203
v -0.10831388 -0.19262029 0.68699965
v -0.11471941 -0.19523330 0.94204134
v -0.10539816 -0.19281616 -0.71202248
v -0.10616983 -0.19202674 -0.64154661
v -0.10607484 -0.19208873 0.62368659
v -0.10064411 -0.18732751 0.98751030
v -0.10494911 -0.17540709 -0.91875837
v -0.11426252 -0.15499573 -0.10771122
v -0.11369617 -0.12172783 0.22434003
v -0.11491224 -0.10759983 0.00369004
v -0.10502527 -0.09845293 -0.92554181
v -0.09450743 -0.10360928 0.19549292
v -0.11473357 -0.10065160 -0.02120102
v -0.11387036 -0.07995842 -0.67958580
v -0.11353901 -0.07953418 -0.44536581
v -0.11395738 -0.09111214 0.10470792
v -0.11354237 -0.08005947 -0.56916793
v -0.11293785 -0.07248830 -0.54507552
v -0.11340604 -0.05971870 0.04968547
v -0.11255394 -0.05791873 0.14096558
v -0.11204972 -0.05777790 -0.75838015
v -0.11308131 -0.05921906 -0.49163716
v -0.11471677 -0.05879130 -0.09483816
v -0.11179022 -0.05117148 -0.98793619
v -0.08478393 -0.02020558 -0.98794904
v -0.02387463 0.02800548 0.19236495
v -0.12904164 0.03318352 0.92345203
v -0.07187811 0.04615044 -0.99492936
v -0.09925915 0.12786225 -0.99396569
v -0.09475468 0.13753520 0.19469775
v -0.10811744 0.19522562 -0.98989369
v -0.10620522 0.22153133 0.47760865
v -0.12847557 0.25985981 0.20476401
v -0.07510105 0.27523016 0.21899157
v -0.11265983 0.29899590 0.17022501
v -0.10904673 0.37061399 -0.79872055
v -0.10440120 0.36996057 0.04878419
v -0.07068608 -0.26659857 -0.62920587
v -0.10342960 -0.24655626 -0.62092230
v -0.10590235 -0.23074366 0.74815828
v -0.09732403 -0.22227409 -0.71007482
v -0.10681977 -0.22145040 0.71916272
v -0.10809213 -0.23092042 0.75043670
v -0.09372492 -0.21828627 0.89165090
v -0.10563815 -0.22292778 -0.66175443
v -0.10514720 -0.21784710 -0.55495963
v -0.10448519 -0.22087342 -0.39901830
v -0.10550416 -0.22333046 -0.28269240
v -0.09885087 -0.22307387 0.75261796
v -0.09630262 -0.22167877 0.86801536
v -0.09640803 -0.21357827 0.90950516
v -0.10557678 -0.21051534 -0.59908722
v -0.10541191 -0.22074272 -0.23745356
v -0.10349547 -0.19891482 -0.82569702
v -0.09710936 -0.20175503 -0.74387979
v -0.10326400 -0.20323621 -0.56651127
v -0.10226033 -0.21530816 -0.54419097
v -0.09675115 -0.19424419 -0.49200170
v -0.10548217 -0.20187796 -0.10247098
v -0.10530473 -0.19311100 -0.59294265
v -0.10187977 -0.19130906 -0.39679901
v -0.09824659 -0.18975721 -0.10773203
v -0.11405906 -0.19642403 0.00450209
v -0.09834380 -0.19821783 0.16032777
v -0.09646278 -0.19901307 0.20624453
v -0.10473672 -0.19324361 0.28755813
v -0.10409609 -0.19305509 0.49580961
v -0.10448065 -0.19223070 0.71222440
v -0.10527996 -0.19195741 -0.90035672
v -0.09931279 -0.19013629 -0.00904824
v -0.09659262 -0.19158582 0.35866481
v -0.09822196 -0.19121426 0.59029990
v -0.10628639 -0.19227377 0.74377686
v -0.08770709 -0.19134312 0.95708691
v -0.10883773 -0.17618761 0.98934431
v -0.10210265 -0.16962860 -0.23323797
v -0.09036625 -0.17324436 -0.18911531
v -0.09840915 -0.16889428 -0.20414416
v -0.09738138 -0.16957023 -0.42482598
v -0.09881035 -0.15634981 -0.30831841
v -0.09772713 -0.16913886 -0.27108374
v -0.10159290 -0.14879834 -0.84705880
v -0.10672466 -0.14494042 -0.91817452
v -0.09865179 -0.16733836 -0.64069792
v -0.09737818 -0.13749707 -0.35661444
v -0.09959218 -0.14902085 -0.22990293
v -0.10415858 -0.14262031 -0.89824012
v -0.09632674 -0.13756345 -0.85035625
v -0.10007993 -0.13690959 -0.83141726
v -0.09845662 -0.13761842 -0.80029570
v -0.09038751 -0.13164901 -0.78006354
v -0.09046162 -0.13187182 -0.33176765
v -0.09926203 -0.11297570 -0.91286334
v -0.09693373 -0.11929250 -0.89964869
v -0.09893451 -0.11472561 0.98127087
v -0.10116068 -0.10607457 -0.09695158
v -0.10316715 -0.09220755 0.95687589
v -0.09272661 -0.10307449 0.18062108
v -0.10108662 -0.09628351 0.98811982
v -0.10102125 -0.09171751 -0.92219111
v -0.07943279 -0.05849719 -0.96996363
v -0.10613505 0.00904092 -0.98478693
v -0.09696679 0.02273025 0.92672066
v -0.11022571 0.05247378 0.89774960
v -0.10898527 0.08497626 0.19286837
v -0.10129828 0.19222461 0.48725031
v -0.09840181 0.21038607 0.49161573
v -0.07789643 0.23425682 0.47267505
v -0.07685059 0.37120609 -0.98233810
v -0.09172419 0.36665106 0.18242183
v -0.06129114 0.37969743 -0.06269398
v -0.08565921 0.37566029 -0.81515749
v -0.11061210 0.37233777 -0.08932803
v -0.13928453 0.36959053 -0.06728462
v -0.13261818 0.38088017 -0.96026844
v -0.09585031 -0.27524521 0.71096510
v -0.07113384 -0.26713204 -0.31572230
v -0.09963794 -0.26928185 0.70179923
v -0.10145607 -0.23538539 -0.67632484
v -0.09929341 -0.22464350 0.74259862
v -0.08209631 -0.21925208 0.76096328
v -0.08368009 -0.22168477 0.78211098
v -0.10181473 -0.21728612 0.74395560
v -0.09739981 -0.20207890 -0.71610069
v -0.09544951 -0.19116202 -0.54347609
v -0.09648264 -0.20043005 0.75563616
v -0.09222116 -0.20025898 0.82731823
v -0.09445138 -0.20033635 0.93146346
v -0.09654765 -0.19307903 -0.78209802
v -0.08985444 -0.19312435 -0.74225389
v -0.09553463 -0.19220672 -0.71624668
v -0.09847615 -0.20084348 -0.46063537
v -0.09396148 -0.19114038 0.08499084
v -0.09056173 -0.19111739 0.21043155
v -0.09012108 -0.19267190 0.84176756
v -0.08258534 -0.19196507 -0.82152482
v -0.08248845 -0.19182531 -0.75795373
v -0.09007018 -0.19232139 -0.76383162
v -0.10285427 -0.18951182 -0.23245172
v -0.09568044 -0.18814449 -0.16552835
v -0.07468831 -0.18661207 -0.11250406
v -0.09749110 -0.18801519 -0.09639732
v -0.08211592 -0.18995998 0.01176233
v -0.09263845 -0.19218353 0.19180154
v -0.08348589 -0.19054385 0.33135116
v -0.09071577 -0.19227360 0.45276683
v -0.09043411 -0.19171243 0.52423553
v -0.09075563 -0.19145239 0.61178321
v -0.08861668 -0.19185685 0.70617007
v -0.08222971 -0.18922451 0.97834835
v -0.09865784 -0.16705217 -0.82900608
v -0.08900299 -0.17708308 -0.83716776
v -0.09784228 -0.16896017 -0.78139865
v -0.09048693 -0.17378736 -0.68734795
v -0.09680046 -0.16792554 -0.67290379
v -0.08980135 -0.17304864 -0.48429797
v -0.09789268 -0.16877516 -0.52351073
v -0.09574669 -0.16688097 -0.39232376
v -0.08819663 -0.17096183 -0.36526290
v -0.09483661 -0.17174707 -0.34495688
v -0.08737258 -0.17266333 -0.23339890
v -0.08916711 -0.17199310 -0.11199496
v -0.09659188 -0.16887807 -0.10127186
v -0.09396193 -0.16988131 -0.08879163
v -0.09335083 -0.17081099 -0.04047889
v -0.09225574 -0.17112603 0.07854614
v -0.09400118 -0.16792949 0.20466130
v -0.09037658 -0.17279243 0.20631408
v -0.08965723 -0.17315108 0.28757809
v -0.09354642 -0.16888437 0.31147096
v -0.09248332 -0.17156284 0.35434732
v -0.09037299 -0.17357773 0.37553660
v -0.09034507 -0.17413408 0.47086460
v -0.09720524 -0.16886891 0.59355732
v -0.09766639 -0.16927074 0.67686365
v -0.09152711 -0.16996379 0.69335012
v -0.09039737 -0.16951648 0.73227375
v -0.09086871 -0.16877115 0.86273841
v -0.09362675 -0.17006227 0.90221484
v -0.09405617 -0.16870566 0.96170227
v -0.09755050 -0.16776759 -0.60853762
v -0.09098074 -0.16839546 -0.41563614
v -0.09024994 -0.15234845 -0.40327514
v -0.09768730 -0.16069540 -0.36476960
v -0.09807204 -0.16815922 -0.16383640
v -0.09750931 -0.16078494 -0.07363084
v -0.09708571 -0.16193033 0.00221283
v -0.09408220 -0.16020623 0.03797211
v -0.09451078 -0.16895127 0.38444407
v -0.09470299 -0.16911380 0.49986239
v -0.09849558 -0.16906082 0.53744379
v -0.08971772 -0.15339166 0.59835169
v -0.09472347 -0.14888446 -0.15027127
v -0.09685435 -0.15695535 -0.10734096
v -0.09218958 -0.15721988 -0.08660435
v -0.08683969 -0.15347803 0.54026217
v -0.09573558 -0.15025690 0.86803739
v -0.08949262 -0.16190367 0.86646516
v -0.09267187 -0.15218638 -0.41567435
v -0.09771747 -0.14791852 -0.39688550
v -0.09702805 -0.13778886 -0.16847577
v -0.09633200 -0.13794609 -0.11201658
v -0.09444501 -0.13730762 -0.09130413
v -0.09756168 -0.13771599 -0.07337875
v -0.09541379 -0.13727359 0.00468275
v -0.09412787 -0.13869760 0.19415609
v -0.08869769 -0.15409524 0.51297811
v -0.09157961 -0.12755397 0.61738736
v -0.09048164 -0.13053341 0.62982216
v -0.08334251 -0.15344373 0.89254699
v -0.09766054 -0.13753970 -0.68190238
v -0.09804481 -0.13771690 -0.53582401
v -0.09836711 -0.13765479 -0.41526974
v -0.09948409 -0.13707567 -0.22343305
v -0.09311270 -0.13739250 0.03391664
v -0.09353224 -0.13778653 0.27711384
v -0.09289914 -0.13898060 0.36235520
v -0.09514226 -0.13717377 0.39141984
v -0.09462454 -0.14215429 0.49611068
v -0.09082499 -0.13146960 -0.19643415
v -0.09036110 -0.13199799 -0.09783805
v -0.09018435 -0.13362691 0.02980334
v -0.09048178 -0.13354501 0.19507495
v -0.09176208 -0.13527846 0.21213078
v -0.08876019 -0.13130022 0.27958553
v -0.08854830 -0.13216373 0.37333163
v -0.09164225 -0.12858494 0.52137327
v -0.09265136 -0.12628792 0.38976270
v -0.09200067 -0.12569677 0.50087844
v -0.09058536 -0.12019938 0.98671434
v -0.09061242 -0.11483025 -0.75400626
v -0.09188868 -0.11455806 -0.67139744
v -0.09071779 -0.11439261 -0.61935690
v -0.09106117 -0.11421668 -0.47763903
v -0.09153199 -0.11445847 -0.24918728
v -0.09270447 -0.10120810 0.02672144
v -0.08989022 -0.10225214 0.08709225
v -0.09042783 -0.11950281 0.92756202
v -0.09469046 -0.11241433 -0.80204634
v -0.08702639 -0.11362580 -0.77730349
v -0.09741457 -0.10609836 -0.66709028
v -0.09460978 -0.10620342 -0.59964415
v -0.09557908 -0.10565058 -0.47644821
v -0.09255257 -0.10650871 -0.36745763
v -0.09004518 -0.11387172 -0.35345334
v -0.09378094 -0.10571524 -0.28864646
v -0.09301377 -0.10622814 -0.17467772
v -0.09476759 -0.10487826 -0.12335172
v -0.08804189 -0.10795049 -0.09037310
v -0.09267772 -0.10959067 -0.07734371
v -0.09310797 -0.10381623 -0.02982471
v -0.09655752 -0.10528822 -0.01608597
v -0.09069782 -0.09992908 0.13557486
v -0.09081803 -0.11429145 0.15433521
v -0.09254874 -0.10393851 -0.75813170
v -0.09082875 -0.09574550 -0.68041974
v -0.08808787 -0.09193824 -0.63208295
v -0.09184852 -0.09382395 -0.62384094
v -0.09078666 -0.08844798 -0.55742643
v -0.09228710 -0.08503813 -0.49334374
v -0.09295779 -0.08995703 -0.46335216
v -0.09295591 -0.08506746 -0.44941291
v -0.09166250 -0.09837333 -0.38957058
v -0.09175561 -0.09673640 -0.35858119
v -0.09000657 -0.09867375 -0.30686138
v -0.08879905 -0.09763739 -0.24870665
v -0.09528680 -0.10597168 -0.22279431
v -0.09051071 -0.09833718 -0.17889690
v -0.09259675 -0.09622298 -0.11130910
v -0.09031983 -0.11349596 0.91780615
v -0.08897714 -0.09825535 -0.77433133
v -0.09278966 -0.09753805 -0.55071391
v -0.09379292 -0.08784884 -0.39914786
v -0.09214542 -0.08946695 -0.37709746
v -0.09540288 -0.08073119 -0.33448656
v -0.08941328 -0.09023744 -0.30125628
v -0.09065073 -0.09788671 -0.07376949
v -0.08772019 -0.09871740 -0.01530717
v -0.09326404 -0.08472409 -0.89497433
v -0.09292502 -0.08003125 -0.86932930
v -0.09247772 -0.09656981 -0.85369611
v -0.09234064 -0.08100578 -0.77652770
v -0.09420314 -0.08346887 -0.75778882
v -0.09497375 -0.07358235 -0.68024929
v -0.09441505 -0.05620817 -0.53887296
v -0.09113731 -0.08002927 -0.38811696
v -0.09494353 -0.08208035 -0.30322234
v -0.09013754 -0.07445159 -0.07515138
v -0.09354471 -0.05905668 -0.92356959
v -0.09184730 -0.05815807 -0.77598453
v -0.09364063 -0.05645720 -0.67943196
v -0.09467438 -0.07506975 -0.62971424
v -0.09465080 -0.05824320 -0.56902514
v -0.09582547 -0.06066993 -0.30216836
v -0.09613636 -0.07818235 -0.25623829
v -0.09507302 -0.08203199 -0.19288731
v -0.09411883 -0.08578831 -0.06645660
v -0.09598967 -0.05951120 0.02669728
v -0.09444093 -0.08778068 0.04300230
v -0.09615687 -0.05963029 0.13837038
v -0.09432022 -0.08155571 0.10744397
v -0.09273754 -0.09149285 0.14155281
v -0.09801621 -0.11755357 0.92832774
v -0.09359194 -0.05672180 -0.48946773
v -0.08890181 -0.05980315 -0.48637012
v -0.09312145 -0.06761406 -0.10968292
v -0.09516387 -0.05961459 -0.07294414
v -0.09600795 -0.06026579 -0.02680095
v -0.09228916 -0.05921719 -0.01674078
v -0.09219812 -0.05709389 -0.72651776
v -0.09414264 -0.05910776 -0.63300726
v -0.09462056 -0.05735102 -0.25652732
v -0.09402994 -0.05774750 -0.13116593
v -0.09501816 -0.05702250 -0.10634118
v -0.09241693 -0.05699543 -0.87969628
v -0.09232158 -0.05768399 -0.45216908
v -0.09342917 -0.05652008 -0.40021698
v -0.09407732 -0.05637761 -0.30130701
v -0.08977830 -0.05417782 -0.24796562
v -0.09290473 -0.05668844 -0.18256484
v -0.09302503 -0.05738739 -0.16711479
v -0.08966989 -0.05527353 -0.02110193
v -0.09128803 -0.05869991 0.14553561
v -0.09799708 -0.06756067 0.92759737
v -0.12322488 -0.01976978 0.18088523
v -0.09050587 0.01815219 0.92222551
v -0.07067128 0.06725907 0.19046289
v -0.06969591 0.14392306 0.51388082
v -0.05743753 0.23775677 0.19194836
v -0.09031544 0.22260397 0.48658853
v -0.06235230 0.25056297 0.19621256
v -0.11155747 0.23178187 0.17067475
v -0.07933341 0.30450235 0.17594135
v -0.07792852 0.36067968 -0.98565169
v -0.12034198 0.37877809 -0.97085464
v -0.07353781 -0.27383501 -0.64873077
v -0.07178788 -0.24397141 -0.62113872
v -0.09195639 -0.24394837 -0.32461284
v -0.10558812 -0.23558960 0.69248069
v -0.08193354 -0.22378758 0.74520035
v -0.09061507 -0.21509344 -0.65381492
v -0.10020778 -0.21895703 -0.62602537
v -0.06038046 -0.21438472 -0.28561021
v -0.08176947 -0.22214156 0.71145920
v -0.08436841 -0.20710820 0.75513236
v -0.07905877 -0.20664429 0.80067470
v -0.08657904 -0.19966793 0.86310120
v -0.06960390 -0.19522343 -0.89391345
v -0.08848733 -0.20081124 -0.43706846
v -0.08933884 -0.19230005 0.75117562
v -0.08746869 -0.19250595 0.88861036
v -0.08514537 -0.18349726 -0.84638443
v -0.08206164 -0.18884758 -0.66352903
v -0.08275574 -0.19132601 -0.58451372
v -0.08201254 -0.18976923 -0.52112710
v -0.08310245 -0.19150499 -0.46127087
v -0.08214814 -0.18980475 -0.40246336
v -0.08260829 -0.18999051 -0.31039498
v -0.08328260 -0.18795229 -0.18251476
v -0.08363553 -0.18964831 -0.03109873
v -0.08196478 -0.18897999 0.11411709
v -0.08110052 -0.19078902 0.20425428
v -0.08197771 -0.18987277 0.23014629
v -0.08032110 -0.18728405 0.45754153
v -0.07939893 -0.18656333 0.54062847
v -0.08256369 -0.18899433 0.73947549
v -0.08223859 -0.18973827 0.81125402
v -0.08281784 -0.18859860 0.87926235
v -0.08266992 -0.18687313 0.91491356
v -0.10188723 -0.16982877 -0.89604620
v -0.08255511 -0.17684042 0.49022375
v -0.08638725 -0.17826109 0.66422135
v -0.08379098 -0.17893892 0.76539017
v -0.08150535 -0.17623926 0.82520732
v -0.08222532 -0.17703471 0.88100390
v -0.08347401 -0.17958576 0.93551797
v -0.09046933 -0.17500294 -0.78282430
v -0.09006963 -0.17357603 -0.59767189
v -0.08205967 -0.17280844 -0.28578884
v -0.08208364 -0.17275593 -0.18747872
v -0.09259231 -0.17004729 0.01617727
v -0.08360412 -0.17024597 0.35588378
v -0.09136610 -0.17337209 0.53173401
v -0.08826918 -0.16914718 0.79353911
v -0.08147842 -0.17158534 0.97134215
v -0.08263980 -0.16770112 -0.39639373
v -0.08241427 -0.15295154 0.79331905
v -0.08796428 -0.15431726 0.83492741
v -0.08251202 -0.15954487 0.89352755
v -0.08601374 -0.16536579 0.92540443
v -0.08809636 -0.16597645 -0.84781677
v -0.08929274 -0.15198491 0.62837592
v -0.09082428 -0.15553005 0.67985281
v -0.08230239 -0.15527861 0.69644166
v -0.08196307 -0.15739925 0.72501411
v -0.08214777 -0.15782257 0.76780866
v -0.09342282 -0.14900161 -0.85491390
v -0.08021143 -0.14750377 -0.41153594
v -0.08958309 -0.14329450 0.96315874
v -0.07434322 -0.15388961 0.97298023
v -0.08655235 -0.13656437 -0.85255382
v -0.09045375 -0.13233813 -0.81822481
v -0.09041140 -0.13175388 -0.70369684
v -0.09041279 -0.13128276 -0.57836780
v -0.07395100 -0.13041563 -0.46878006
v -0.09055503 -0.13108690 -0.45257065
v -0.07418212 -0.13028178 -0.22034770
v -0.08952576 -0.13182369 -0.15908853
v -0.07476544 -0.12959647 -0.09175643
v -0.09010464 -0.13180830 0.00090600
v -0.08136034 -0.13136375 0.07338651
v -0.09210417 -0.13279846 0.31090024
v -0.06770905 -0.12633580 0.39525761
v -0.08258835 -0.12399857 0.51417814
v -0.08248161 -0.12230004 0.61633385
v -0.08262731 -0.12381476 0.62711265
v -0.08357373 -0.12339388 0.68332140
v -0.09002245 -0.11703408 -0.85192934
v -0.07437333 -0.11770389 -0.82085745
v -0.07482083 -0.11566275 -0.77936699
v -0.07468392 -0.11646677 -0.72207524
v -0.07451215 -0.11609339 -0.45746966
v -0.08924570 -0.11395561 -0.16907809
v -0.09094947 -0.11354575 -0.11914037
v -0.07482200 -0.11604733 -0.11656392
v -0.08980075 -0.11430556 -0.09055426
v -0.09148846 -0.11422401 -0.00076377
v -0.09067346 -0.11480556 0.08396927
v -0.07022770 -0.11667930 -0.07582787
v -0.08229255 -0.09976185 -0.29309331
v -0.08185352 -0.09450400 -0.25671064
v -0.08716129 -0.09602113 0.02018538
v -0.08204132 -0.10025307 0.14740688
v -0.08025748 -0.09690777 -0.10535094
v -0.08314422 -0.11424760 0.92623488
v -0.08337111 -0.08996422 -0.89272563
v -0.08553457 -0.08821038 -0.67384857
v -0.08481934 -0.06876746 -0.55994653
v -0.08602305 -0.07462429 -0.34491558
v -0.09202662 -0.08246290 -0.14314010
v -0.09060510 -0.06756245 -0.08260801
v -0.09147898 -0.05781327 -0.38887226
v -0.06278155 -0.05354213 -0.98883620
v -0.08308601 -0.05433573 -0.74030665
v -0.03615952 -0.01072751 0.18235068
v -0.12996877 0.05061039 0.89095472
v -0.07960838 0.11997846 0.57393608
v -0.07914334 0.22611428 -0.98679826
v -0.09396519 0.33525687 -0.98854055
v -0.07172699 0.38176079 -0.60936913
v -0.08221268 0.38525300 0.15840361
v -0.05983802 0.38199431 0.16991989
v -0.07587776 -0.26588179 -0.28222281
v -0.04711822 -0.23845020 -0.27117797
v -0.09512280 -0.23394431 -0.27675588
v -0.07270816 -0.21706433 -0.63566819
v -0.10023786 -0.22207580 -0.31055011
v -0.07823832 -0.21632424 0.80803694
v -0.08108457 -0.21838026 0.87948004
v -0.07854382 -0.20760946 0.88613016
v -0.07926614 -0.20359783 0.92136157
v -0.08243309 -0.18978894 -0.70788904
v -0.07302976 -0.18559006 -0.54035868
v -0.07291021 -0.18676340 -0.43015594
v -0.07374493 -0.18548363 -0.20227100
v -0.07444986 -0.18741023 0.03882414
v -0.07242032 -0.18609408 0.21853415
v -0.07797914 -0.17625177 0.24798060
v -0.07676277 -0.18480956 0.25447678
v -0.07873389 -0.18472900 0.33401017
v -0.08011753 -0.18634236 0.35190685
v -0.08004978 -0.18611756 0.37227256
v -0.08129815 -0.18490839 0.65640999
v -0.07870475 -0.18470264 0.79895952
v -0.08057615 -0.18479171 0.88626542
v -0.07684228 -0.17845136 -0.81075259
v -0.08086763 -0.17568673 0.33875239
v -0.07755386 -0.17790996 0.34614838
v -0.07704366 -0.17676422 0.37638197
v -0.08191089 -0.17638918 0.39177389
v -0.08187156 -0.17661627 0.53948038
v -0.07216380 -0.18731131 0.95512028
v -0.08254254 -0.17413401 -0.75662663
v -0.08267208 -0.17360974 -0.68398074
v -0.08772667 -0.17183091 -0.66874885
v -0.07318336 -0.17469914 -0.53379360
v -0.07362348 -0.17589946 -0.35657934
v -0.07238165 -0.17522581 -0.21790189
v -0.07470761 -0.17083351 -0.09057811
v -0.07370195 -0.17621528 0.19318588
v -0.07196797 -0.17577692 0.22252938
v -0.08079968 -0.17940917 0.95429380
v -0.07044847 -0.15364456 -0.41859442
v -0.07400652 -0.16408395 0.35226582
v -0.07479323 -0.16128998 0.89235808
v -0.07817725 -0.16131280 0.92110822
v -0.07734576 -0.15529119 0.93066667
v -0.07043301 -0.15403390 -0.84052830
v -0.07835457 -0.15385061 0.52139132
v -0.07680063 -0.15439994 0.60335107
v -0.08284940 -0.14662377 0.84713028
v -0.07369010 -0.16135900 0.83564615
v -0.08322522 -0.14566612 0.87277364
v -0.07553398 -0.15518441 0.67759983
v -0.07892801 -0.12692988 0.68321148
v -0.07628717 -0.14137018 0.95329745
v -0.07407607 -0.13214519 -0.82552385
v -0.07352594 -0.13091001 -0.72433732
v -0.07388405 -0.13033666 -0.37795048
v -0.07398748 -0.13053580 -0.03794637
v -0.07879319 -0.13246691 0.20589499
v -0.07815281 -0.13216914 0.51402105
v -0.07772021 -0.13028147 0.61326307
v -0.07802084 -0.13121364 0.62651256
v -0.08947763 -0.12151113 0.94864416
v -0.07473493 -0.11736415 0.92850286
v -0.07413216 -0.12854432 0.94062605
v -0.07466665 -0.11595117 -0.63126118
v -0.07446081 -0.11593972 -0.32190176
v -0.07502165 -0.11538219 -0.06530436
v -0.07461731 -0.11656626 0.09898021
v -0.07484547 -0.11570941 0.19522747
v -0.06826935 -0.12095618 0.95361323
v -0.07428085 -0.11372199 -0.10455849
v -0.08734927 -0.10098425 0.00966201
v -0.09284102 -0.09223621 0.17926194
v -0.08893987 -0.09014778 -0.92818259
v -0.08228231 -0.09009503 -0.85871805
v -0.12195491 -0.09007522 -0.96782201
v -0.07383017 -0.08305861 -0.63210407
v -0.07785965 -0.08220203 -0.38800272
v -0.07114013 -0.07194864 -0.25802479
v -0.07415954 -0.08587418 -0.49027715
v -0.08545537 -0.07324719 -0.10679198
v -0.08979565 -0.05933738 -0.67219727
v -0.06393506 -0.07400663 -0.48727969
v -0.09332219 -0.05880363 -0.34652098
v -0.07437035 -0.04253117 0.92920355
v -0.07960598 -0.05866017 -0.45281993
v -0.08288855 -0.05432212 -0.44416995
v -0.06283267 -0.05376394 -0.38946472
v -0.08154091 -0.05430715 -0.14619606
v -0.08844097 -0.05343091 -0.08534490
v -0.07830964 0.02002001 0.18148200
v -0.07491193 0.02464844 0.92975764
v -0.07130784 0.05912583 0.18119616
v -0.13943863 0.10254640 0.18238121
v -0.07494439 0.12517547 0.53277502
v -0.06429153 0.32120929 -0.98294792
v -0.07227839 0.37035342 0.17858713
v -0.06008928 -0.27132699 -0.66652032
v -0.06097424 -0.27803662 0.73366801
v -0.07415258 -0.26914370 0.69484957
v -0.05864672 -0.25256027 0.68862217
v -0.05324944 -0.24011295 0.69295087
v -0.05662355 -0.22941523 0.70442885
v -0.06014533 -0.21204148 -0.30709256
v -0.10065284 -0.20124299 -0.88928429
v -0.08130992 -0.19277231 -0.85330593
v -0.07239283 -0.18534277 -0.81871079
v -0.07450692 -0.18546066 -0.30800995
v -0.07319442 -0.18655255 -0.02344442
v -0.07305957 -0.18568892 0.08944035
v -0.07371458 -0.18578831 -0.75420913
v -0.07445391 -0.18429086 -0.69735515
v -0.07415857 -0.17626738 -0.64074534
v -0.07269127 -0.17540630 -0.43037025
v -0.07253764 -0.17229614 -0.40785128
v -0.07187914 -0.17538785 -0.10539942
v -0.07110344 -0.17696179 -0.03724605
v -0.07268362 -0.17510434 0.08970550
v -0.07499550 -0.18063714 0.35993400
v -0.07386245 -0.16494386 0.94507520
v -0.06739513 -0.15211398 0.47281177
v -0.07024138 -0.15535332 0.48078023
v -0.06377246 -0.15731314 0.61333180
v -0.05871529 -0.15980080 0.68541678
v -0.06540667 -0.15609557 0.92459972
v -0.05667183 -0.14317640 -0.84202740
v -0.07335904 -0.14682440 0.47717737
v -0.06767481 -0.13121653 -0.83677970
v -0.07325338 -0.13037775 -0.77045131
v -0.07395763 -0.13034000 -0.58710911
v -0.07276912 -0.13110707 0.14896324
v -0.06645588 -0.13295974 0.36554309
v -0.07237481 -0.12988902 0.48491940
v -0.06376147 -0.12961820 0.95166599
v -0.06360971 -0.13726257 -0.89337790
v -0.08076125 -0.11781476 -0.85742075
v -0.06969233 -0.12322226 -0.84375931
v -0.06933681 -0.12172912 -0.81872624
v -0.06953226 -0.12182432 -0.67776903
v -0.06967548 -0.12182779 -0.50772416
v -0.06993957 -0.12176076 -0.40715789
v -0.06999526 -0.12186589 -0.25301986
v -0.07071410 -0.12152589 -0.09857238
v -0.07025812 -0.12156060 -0.06403539
v -0.06834791 -0.12182359 0.18968389
v -0.07017402 -0.13331043 0.20835240
v -0.06627580 -0.11512210 -0.09950053
v -0.06562333 -0.10989450 0.20342641
v 0.01716260 -0.12076825 -0.89350433
v -0.07656358 -0.10629553 -0.07545403
v -0.06220207 -0.09764018 -0.28691138
v -0.06134400 -0.09023039 -0.25838622
v -0.06371426 -0.08382394 -0.48472996
v -0.06137191 -0.08569175 -0.47008812
v -0.06592157 -0.08347850 -0.38203991
v -0.08130071 -0.08663160 -0.36718045
v -0.02675661 -0.06707315 -0.96724793
v -0.06567318 -0.07608518 -0.63145854
v -0.05925937 -0.11330271 0.92067799
v -0.06020640 -0.05896672 -0.67305752
v -0.08304485 -0.05405953 -0.67981732
v -0.07661439 -0.05446220 -0.56183192
v -0.08160132 0.03194952 -0.98541260
v -0.06686624 0.11603780 0.58829959
v -0.06273117 0.18458948 0.49397602
v -0.06605204 0.26720480 0.20747652
v -0.00623752 0.27280975 0.42764738
v -0.06981623 0.29322702 0.16911411
v -0.05522358 0.38777532 -0.63604498
v -0.05746797 -0.27261710 -0.64429162
v -0.06208105 -0.25993878 -0.68078116
v -0.05536658 -0.27326275 0.74514585
v -0.06964449 -0.26062468 -0.67584940
v -0.05500267 -0.26235445 -0.62991066
v -0.06243648 -0.23560028 -0.67927521
v -0.06297120 -0.22201311 -0.66728588
v -0.04981110 -0.18649677 0.98729764
v -0.06719434 -0.16524293 -0.85408859
v -0.06314241 -0.16633500 0.37531248
v -0.07229641 -0.15431482 -0.39807044
v -0.05769029 -0.16096467 0.62792431
v -0.05637338 -0.16263907 0.76850257
v -0.07368768 -0.15965988 0.78125148
v -0.06200622 -0.14698663 0.95516274
v -0.06799043 -0.13311908 0.26495064
v -0.05878037 -0.12665620 0.33821890
v -0.06522059 -0.12944239 0.92876091
v -0.05823472 -0.12340178 0.20919364
v -0.05894073 -0.12834877 0.37343013
v -0.05726478 -0.12431773 0.46806900
v -0.08022130 -0.12493230 0.47347711
v -0.05911315 -0.12040047 0.92450042
v -0.09059226 -0.11939807 0.96126262
v -0.09017866 -0.09932310 -0.93140327
v -0.07467448 -0.09727037 0.14580723
v -0.05608814 -0.10140859 0.15333403
v -0.08709157 -0.09307748 0.19741245
v -0.08168439 -0.08385841 -0.88408626
v -0.07906456 -0.08523760 -0.86349888
v -0.09045173 -0.07783835 -0.29412512
v -0.06623618 -0.07482317 -0.38432106
v -0.06200836 -0.06743002 -0.08271761
v -0.08470139 -0.06053319 0.19664655
v -0.08949903 -0.05420878 -0.30227012
v -0.05936739 0.01006248 0.91787133
v -0.06263016 0.03508441 0.93102663
v -0.07677845 0.05461435 0.19221919
v -0.07393153 0.06925446 0.82620739
v -0.07068668 0.08481867 0.19090139
v -0.05705861 0.11715867 0.58337471
v -0.05764659 0.13013182 0.52486353
v -0.05121053 0.12961140 0.18176633
v -0.06750502 0.14500253 0.17018201
v -0.04057972 0.19441901 0.49538991
v -0.08360332 0.20167490 0.48375968
v -0.07782428 0.24878907 0.46186262
v -0.08319833 0.38777657 -0.95538771
v -0.05507741 -0.27632829 0.71205151
v -0.04348430 -0.25101854 -0.32527075
v -0.05908246 -0.22606371 -0.32070760
v -0.05301609 -0.22171583 -0.63442968
v -0.03837451 -0.22759592 -0.27395345
v -0.05668930 -0.21565057 -0.65312518
v -0.04894055 -0.20200585 0.74194366
v -0.05688491 -0.17721799 0.22070221
v -0.03948597 -0.20628350 0.29586024
v -0.05596024 -0.18002452 0.34665585
v -0.05388887 -0.17061343 0.63045194
v -0.05054821 -0.19117649 0.67019526
v -0.04116130 -0.18721771 0.95594329
v -0.05604097 -0.17602211 0.26635535
v -0.05386629 -0.17995453 0.33846500
v -0.06033829 -0.17811225 0.37740920
v -0.05402011 -0.19377426 0.74869858
v -0.04999745 -0.16300054 0.61887233
v -0.05558451 -0.16954345 0.68709480
v -0.05014075 -0.15320749 0.37907570
v -0.06602426 -0.15702521 0.52097447
v -0.05629851 -0.13760193 0.95492942
v -0.04823781 -0.12956280 -0.84137824
v -0.05104643 -0.12443992 0.32981214
v -0.05144194 -0.12351759 0.39217870
v -0.05549085 -0.10760858 -0.10718426
v -0.08329101 -0.10112404 0.16801424
v -0.06097907 -0.09128642 -0.29501266
v -0.05174941 -0.09699382 0.92787757
v -0.07076020 -0.07469177 -0.45243219
v -0.07598834 -0.06614743 -0.09856888
v -0.05962065 -0.05031489 0.92161972
v -0.09056768 -0.05884943 -0.29414843
v -0.01906435 -0.05661309 -0.96935131
v -0.05370035 -0.00965361 -0.98429621
v -0.05920339 0.01857764 0.92206236
v -0.06194487 0.02660180 -0.99392339
v -0.05009331 0.01986942 0.92978755
v -0.04455118 0.03398055 0.93133697
v -0.00679366 0.10043177 -0.98050382
v -0.05114278 0.13210670 0.19379148
v -0.05447871 0.17617496 0.19346791
v -0.03612197 0.38704537 -0.23695275
v -0.04381344 -0.26900771 0.68723278
v -0.05742761 -0.27114151 0.69915283
v -0.05257829 -0.24263743 -0.62427982
v -0.04684582 -0.25993882 -0.27243613
v -0.03654729 -0.25659131 0.67927266
v -0.05338531 -0.25870067 0.75310489
v -0.04200660 -0.25294116 -0.70709751
v -0.03431482 -0.25137422 0.76533724
v -0.04435790 -0.22030167 -0.31483903
v -0.05751903 -0.23237466 0.74175901
v -0.03778405 -0.21612390 -0.28703730
v -0.04149887 -0.21302533 0.42808958
v -0.04505684 -0.19979678 0.33604372
v -0.04436777 -0.20075547 0.37948325
v -0.04512520 -0.20358960 0.43045223
v -0.04064723 -0.20337858 0.66687141
v -0.04947035 -0.18502513 0.37850229
v -0.04800340 -0.18742233 0.57365230
v -0.05104461 -0.18606148 0.58285970
v -0.01034111 -0.15938539 -0.89368310
v -0.03581200 -0.19236450 -0.85369869
v -0.04877078 -0.18518134 0.76977727
v -0.04538704 -0.16847904 0.57680954
v -0.03273906 -0.17555165 0.95485330
v -0.04459725 -0.14524241 0.43275719
v -0.04485654 -0.15501854 -0.83141745
v -0.04737002 -0.16118733 0.21496409
v -0.04723518 -0.14818826 0.22265750
v -0.04207336 -0.15647367 0.56711062
v -0.05476454 -0.16228400 0.34859412
v -0.05035393 -0.12923554 0.34995090
v 0.05890958 -0.15546100 0.92445021
v -0.04881943 -0.12900129 0.37382493
v -0.04500816 -0.12243825 0.20848484
v -0.04146864 -0.12780213 0.33610321
v -0.04914757 -0.12352968 0.43285732
v -0.06341064 -0.11529962 -0.08042759
v -0.08317571 -0.09858394 0.17735755
v -0.05774624 -0.09684103 -0.26409549
v -0.09004672 -0.08436322 -0.34758418
v -0.06701166 -0.08127397 -0.66479476
v -0.06630561 -0.08122160 -0.64049270
v -0.01113712 -0.07461800 -0.10699662
v -0.08334093 -0.05423907 -0.91385058
v -0.00694532 -0.05421653 -0.38920203
v -0.04134565 -0.03740954 0.19297246
v -0.04538317 -0.02266431 -0.98762104
v -0.04337900 -0.00066668 -0.99241809
v -0.05094264 0.02749177 0.18034937
v -0.05870603 0.04763109 -0.98730469
v -0.08751600 0.08064850 -0.99480373
v -0.03090838 0.07531723 0.80483290
v -0.04531988 0.09346092 0.71627848
v -0.03721954 0.12698548 0.52933407
v -0.03418243 0.23482218 0.47709582
v -0.00301472 0.26594573 0.44670387
v -0.05833194 0.30391404 0.17134280
v -0.02356847 0.36347301 -0.98348748
v -0.04961498 0.37081015 0.17991765
v -0.08626651 0.37326805 -0.00596846
v -0.04927500 0.38498302 -0.65524995
v -0.05386592 0.37984259 -0.48870528
v -0.05821957 0.38347094 -0.31458708
v -0.05122788 -0.28345101 -0.67466506
v -0.03746279 -0.27877735 -0.30893528
v -0.02635283 -0.28276732 0.69011695
v -0.03544037 -0.27591677 0.76193819
v -0.02980710 -0.27208704 -0.70996468
v -0.02257799 -0.26537259 -0.60852832
v -0.04345089 -0.27205233 -0.28345871
v -0.03139749 -0.25020949 -0.26093328
v -0.03442305 -0.23325462 -0.32522404
v -0.03065074 -0.22237598 -0.70134533
v -0.03515492 -0.20993243 0.22216232
v -0.03621185 -0.20223878 0.57779378
v -0.02772393 -0.19818902 -0.88454852
v -0.03601121 -0.19924139 -0.86066573
v -0.04584048 -0.19131889 0.97759906
v -0.02714360 -0.16130918 0.56938491
v -0.02627093 -0.17771745 0.98645323
v -0.03775070 -0.17419020 0.98952848
v -0.03550814 -0.20984659 0.43756712
v -0.03829931 -0.15936799 0.60588317
v -0.03529333 -0.12949642 0.43764459
v -0.03550707 -0.15048571 0.98929293
v -0.03943194 -0.12815313 0.22877465
v -0.04225125 -0.12864344 0.42797786
v -0.04051161 -0.12428632 -0.85046515
v -0.03616134 -0.12969543 0.21657885
v -0.03633905 -0.12408220 0.44406986
v -0.03639796 -0.10562771 0.92795294
v -0.07058883 -0.07452161 -0.67328486
v 0.08206080 -0.05896537 -0.67330926
v -0.02993666 -0.05912440 -0.34649576
v -0.01857519 -0.05951926 -0.01657781
v -0.08360810 -0.05690469 -0.92730951
v -0.08967738 -0.05472900 -0.34192792
v -0.03478972 0.01973125 0.92420300
v -0.07783814 0.04309298 0.92378036
v -0.02477207 0.08468814 0.76158029
v -0.02770647 0.09857176 0.18311678
v -0.04102149 0.14539763 0.17052779
v -0.04990581 0.17138542 0.17312130
v -0.04350930 0.16798700 0.19564287
v -0.00723914 0.16418642 -0.97865525
v 0.04261679 0.27800997 0.22243965
v -0.02388099 0.37251192 0.17601546
v -0.02534170 0.38420841 -0.97327844
v -0.02053266 0.38370343 -0.79676253
v -0.03228957 -0.28757710 0.70684525
v -0.04020181 -0.28765550 0.74286301
v -0.02415876 -0.26290769 -0.33757429
v -0.02830650 -0.25697962 -0.25983217
v -0.02279428 -0.26737337 0.66853883
v -0.02932751 -0.25612008 -0.24010548
v -0.02831172 -0.24273717 -0.21941130
v -0.03281731 -0.24390762 -0.23808834
v -0.02749792 -0.23232483 -0.23354303
v -0.03033522 -0.21512002 -0.04413716
v -0.03468447 -0.20337209 -0.66707251
v -0.02675214 -0.21171020 -0.30459032
v -0.02900772 -0.21457320 0.40278855
v -0.02191862 -0.19324673 -0.89391999
v -0.03478030 -0.17262145 0.20282765
v -0.02718872 -0.18215596 0.96286454
v -0.06328213 -0.16168082 -0.41329106
v -0.06582312 -0.16275193 -0.40327463
v -0.04643157 -0.16631032 0.77397070
v -0.02828888 -0.16187023 0.97219608
v 0.01807853 -0.16058988 0.78115316
v -0.03465054 -0.15317767 0.96280677
v 0.01757185 -0.14512556 0.98945937
v -0.04931376 -0.12925480 0.47649213
v -0.01029207 -0.12596426 0.92793451
v -0.12087558 -0.09959101 -0.96418520
v -0.00277185 -0.08607680 -0.47604843
v -0.00936558 -0.06784875 -0.09807137
v -0.02821793 -0.08820140 0.92916355
v -0.00081805 -0.05266594 -0.98900084
v -0.08921389 -0.05415054 -0.62520414
v -0.08195672 -0.05411307 -0.33319719
v -0.03035961 -0.03129366 -0.99030278
v -0.04837694 0.03337415 -0.98104836
v -0.02009640 0.05568372 0.89798491
v -0.03334637 0.10495652 0.66420679
v -0.00684992 0.16561310 0.17220549
v -0.08682111 0.38335354 -0.90024324
v -0.03074818 0.38501069 -0.69622056
v -0.02220220 0.38900182 -0.61004372
v -0.02392936 0.38777060 -0.32412843
v -0.02155538 0.38250825 -0.02892521
v -0.02497964 0.39160887 0.14073793
v -0.02225037 0.39161876 -0.94374836
v -0.01467758 -0.29970860 -0.67322507
v -0.03281434 -0.28697584 -0.63602184
v -0.00145979 -0.28005746 -0.34081915
v -0.01003801 -0.29043341 -0.27921028
v -0.00993782 -0.24911307 -0.71930769
v -0.02221126 -0.24922547 0.66748474
v -0.01921369 -0.23787909 -0.19694736
v -0.01229837 -0.23703174 -0.34521482
v -0.01345260 -0.23169708 -0.25499442
v -0.02257745 -0.22429305 -0.11248249
v -0.02245298 -0.23239450 -0.06359431
v -0.00930725 -0.23164491 0.67230180
v -0.02366801 -0.21576039 0.32019849
v -0.02034365 -0.21465032 0.37763745
v -0.00633497 -0.21425640 -0.70143011
v -0.02684389 -0.19563102 -0.04679918
v -0.02134831 -0.21347111 -0.10727415
v -0.00617315 -0.19933884 -0.02677028
v -0.01934990 -0.19453362 0.19335774
v -0.00627809 -0.20161390 0.57720807
v -0.02434091 -0.19617703 -0.86134631
v -0.00024937 -0.19427879 -0.66063690
v -0.02046079 -0.16010027 -0.85269856
v -0.02989724 -0.15420710 0.97101906
v -0.05061011 -0.14636348 -0.40496690
v -0.01913916 -0.12963750 0.98968351
v -0.01233697 -0.12593019 0.46706346
v -0.01950171 -0.11175231 0.92483105
v -0.01418191 -0.10759835 -0.07433382
v -0.00980786 -0.11893786 0.20547924
v 0.00998282 -0.08469012 -0.48499600
v -0.06298795 -0.08483991 -0.45681942
v -0.01423639 -0.07484775 -0.07550357
v 0.05257286 -0.07607702 -0.63181338
v -0.06254553 -0.05913458 -0.38336230
v -0.02858012 -0.05441135 -0.80294001
v 0.09153963 -0.04983243 0.18283720
v -0.02096654 -0.00632051 0.92774684
v -0.01307597 0.01875699 0.92943231
v -0.00038571 0.07157477 0.82762366
v -0.02455074 0.10006140 0.69084476
v -0.01231758 0.20096295 0.49368048
v -0.00446450 0.28007017 0.38408199
v -0.01053523 0.29194607 -0.98057372
v -0.02183070 0.38345802 -0.49095866
v -0.02177902 0.38470450 0.04521986
v -0.02262258 0.38461539 0.17023687
v -0.00376234 0.39485394 -0.96026990
v -0.00436404 0.39483409 -0.63153474
v -0.04852993 0.39057452 -0.28497151
v -0.00557383 0.39528557 -0.28411442
v -0.00659952 -0.29188590 -0.30871343
v -0.01757751 -0.28920279 0.74629230
v 0.00102211 -0.28255358 0.76230885
v -0.01684403 -0.25000410 -0.20905449
v 0.00122496 -0.24159538 0.66352840
v -0.01807046 -0.26577730 0.76793828
v -0.01064051 -0.24787977 -0.16016084
v -0.01670339 -0.24046596 -0.11563820
v -0.01854960 -0.23684929 -0.16961478
v -0.02078587 -0.23078020 0.75814783
v -0.01790239 -0.24306414 -0.60325581
v -0.02751713 -0.23891834 -0.26376520
v -0.01930840 -0.22386742 -0.15002383
v -0.00050074 -0.21375574 -0.26379037
v -0.01502679 -0.22848557 -0.20387122
v -0.02109883 -0.22817034 -0.03207701
v -0.01483898 -0.20683868 0.20319571
v -0.01223689 -0.20826098 0.73216399
v -0.00826333 -0.19828717 -0.08302142
v -0.02228705 -0.20502933 -0.06884854
v -0.02177809 -0.20522261 0.70503288
v -0.01173971 -0.20130919 0.74959360
v -0.00837062 -0.19822716 -0.89527435
v -0.00756195 -0.18804966 -0.06236933
v -0.01253327 -0.18310425 0.14887340
v -0.00628857 -0.16959186 -0.90171427
v -0.01564916 -0.16814699 0.19091964
v -0.00916208 -0.16113928 0.56849041
v -0.05026947 -0.16132643 0.78086562
v -0.01621133 -0.14988528 -0.83993147
v -0.00775901 -0.14376658 -0.41371265
v -0.02371436 -0.14734833 0.19536249
v -0.01913870 -0.12830332 0.20902962
v -0.02869000 -0.11495105 -0.85821032
v -0.00273591 -0.11453421 -0.09899060
v -0.02069898 -0.09695687 0.01995030
v -0.00970433 -0.08723280 -0.01720213
v -0.01782952 -0.07377369 -0.01715264
v -0.01155688 -0.05634214 0.93046695
v -0.01363020 -0.06003713 -0.92833687
v 0.00121572 -0.05865029 -0.01698786
v -0.09029077 -0.05914759 0.02032492
v -0.08319023 -0.05434478 -0.49191104
v -0.05422985 -0.05365087 -0.44400167
v -0.01655398 -0.00975006 -0.98182766
v -0.01406618 0.08170996 0.77430131
v -0.10788016 0.09041031 0.18100176
v -0.00203446 0.08560038 0.75264981
v -0.03207679 0.09565821 0.19225205
v 0.00603334 0.12370432 0.55985078
v -0.01974035 0.38586553 -0.16445095
v -0.00554786 0.39359878 -0.30707075
v -0.00443147 0.39561962 0.11834359
v 0.00063825 -0.29251672 0.69178662
v 0.00403103 -0.27159872 -0.25571014
v 0.00699083 -0.25987945 -0.35111940
v -0.00433666 -0.26421062 -0.24472429
v -0.00033966 -0.24711244 -0.21988953
v 0.00274763 -0.25552314 -0.19508018
v 0.00067225 -0.23580780 0.77202128
v 0.00079344 -0.24298357 -0.10790201
v -0.01050708 -0.23764857 -0.06202718
v -0.00395138 -0.22356428 -0.71021631
v 0.00566955 -0.22715305 -0.60793083
v -0.00970517 -0.22567711 -0.23795168
v -0.01889498 -0.20284758 -0.63217159
v -0.00674614 -0.21064002 0.13545169
v -0.00062241 -0.21527105 0.17660416
v -0.01357405 -0.20793779 0.70480615
v 0.00282592 -0.20213830 -0.31922125
v 0.00804593 -0.19840475 -0.27877875
v -0.01056000 -0.19554573 0.11228816
v -0.00160001 -0.20408183 0.69245481
v -0.00854835 -0.18769263 -0.92209496
v -0.00747103 -0.18653468 -0.04512004
v 0.00201640 -0.17841507 -0.92137810
v -0.01941613 -0.18641470 -0.85535418
v 0.00318171 -0.17167087 0.14580686
v -0.01171312 -0.16570113 0.95754866
v -0.01574545 -0.15302178 -0.41855899
v 0.00688319 -0.15672695 0.56181823
v -0.01204550 -0.15316270 -0.85372182
v 0.00909283 -0.14585124 -0.84314119
v -0.03185226 -0.14712678 0.95403463
v 0.00818852 -0.14387156 -0.40424710
v -0.02258992 -0.13671522 -0.85177859
v 0.05233239 -0.12972544 0.95260085
v -0.01583919 -0.11976213 0.98668087
v -0.02393512 -0.11873873 0.96269285
v -0.00417992 -0.09407834 -0.06902450
v -0.00323236 -0.09197045 -0.05486930
v -0.00698208 -0.08860850 -0.89373550
v -0.01079707 -0.08280691 -0.04655082
v 0.00752148 -0.09034643 0.17985417
v -0.00527155 -0.07688678 -0.06935271
v -0.00533403 -0.07235567 -0.04533874
v 0.05343908 -0.07692239 -0.67357306
v 0.00686240 -0.06881945 -0.08183657
v 0.07286280 -0.06683982 0.01978921
v 0.05467419 -0.05974181 -0.48628062
v 0.00001619 -0.05422383 -0.92308550
v -0.08956724 -0.05425107 0.02722529
v 0.11456148 -0.03478968 0.18410407
v -0.00424061 -0.04929042 0.92601200
v -0.00837780 -0.02149248 -0.99059460
v 0.01883088 -0.02454053 0.19261621
v 0.00542271 0.02231338 -0.98507399
v -0.00282222 0.03512704 0.93081897
v -0.00957522 0.14133500 0.52108288
v -0.00430122 0.14432330 0.17191186
v 0.00402873 0.19964156 0.49623692
v -0.00383463 0.37736839 0.18323466
v -0.00363644 0.38729273 -0.78443025
v -0.00432701 0.38768282 -0.48010784
v -0.00420537 0.39013508 -0.19530731
v -0.00444985 0.38804638 -0.09279412
v -0.00336669 0.38695021 -0.03270661
v -0.00160388 0.39431096 0.16306584
v -0.00404230 0.39236076 -0.57166240
v -0.00252567 0.39135278 0.06920794
v -0.00035318 -0.29570567 -0.63331987
v 0.00079444 -0.29897773 0.71806493
v 0.00064474 -0.27580606 0.66873586
v 0.01509362 -0.24883149 -0.22427610
v 0.00273502 -0.25591778 -0.60147101
v 0.00419621 -0.23214759 -0.06324811
v -0.00315236 -0.22670768 -0.22653095
v -0.00404691 -0.23185148 -0.03430420
v 0.00068500 -0.21813850 0.69152307
v 0.00628490 -0.21066362 -0.24343177
v 0.00093036 -0.21585362 -0.18825865
v 0.00288766 -0.21829132 0.06526404
v 0.01271502 -0.21926309 0.34551383
v 0.00660485 -0.20833037 -0.62798481
v -0.00972009 -0.21080353 -0.14157947
v 0.00421359 -0.20309495 -0.09067893
v -0.00271915 -0.20864418 0.04610370
v 0.00602738 -0.21460953 0.20044457
v -0.00249579 -0.22123341 0.21859830
v 0.00898964 -0.20758612 0.70700920
v 0.00601524 -0.19661836 -0.01684805
v -0.00210140 -0.19866210 0.03989308
v 0.00299806 -0.20092897 0.65868067
v 0.01506222 -0.20006134 0.71437736
v 0.00769233 -0.19038238 -0.89882063
v 0.00447050 -0.18866104 -0.06594665
v 0.00939080 -0.20050219 -0.02982606
v 0.00058656 -0.19141026 0.56930744
v 0.00561055 -0.19190615 -0.85380252
v 0.00444232 -0.18829470 0.04679174
v 0.00848502 -0.17698579 0.11671075
v 0.02375862 -0.18465168 0.76884075
v 0.00069625 -0.16555269 -0.85053571
v 0.00254418 -0.16068916 0.18831446
v 0.00750065 -0.13666685 -0.84203935
v 0.00484778 -0.12872938 0.20389201
v 0.01715600 -0.12276624 0.20732108
v -0.00599052 -0.10771217 -0.10698238
v 0.07872659 -0.10090539 0.01181194
v 0.00316408 -0.08347719 -0.06635594
v 0.00733960 -0.08487507 -0.02000425
v 0.00343485 -0.06623648 -0.02158378
v 0.06971542 -0.05444815 -0.56326611
v -0.08999513 -0.05416273 0.13793231
v -0.00234862 0.01585323 0.92122972
v -0.03424339 -0.01938785 0.18113946
v 0.00817748 0.00130625 -0.98343954
v -0.00057259 0.12782024 0.53074929
v 0.01318322 0.21675655 0.48601981
v -0.01815872 0.30851595 0.17261390
v -0.00059965 0.31182021 0.17644505
v 0.01287855 0.37266183 0.17719002
v -0.00376083 0.39215542 -0.64949459
v 0.01156757 0.38349177 -0.49844275
v -0.00362250 0.39490148 -0.91384550
v 0.01585314 -0.29588604 -0.31050181
v -0.00113495 -0.28228653 -0.70925592
v 0.01291204 -0.28316728 -0.26453377
v 0.01133631 -0.28132092 -0.24035655
v 0.00701723 -0.24396309 -0.71796926
v 0.01433188 -0.25462896 -0.60703785
v 0.01624316 -0.25405031 -0.18311773
v 0.00243518 -0.25098026 -0.12187050
v 0.01890697 -0.23793202 -0.12953106
v 0.02608076 -0.22707376 -0.69529230
v 0.01512940 -0.22346096 -0.11305469
v 0.01576843 -0.21063210 -0.33289201
v 0.00599249 -0.21502349 -0.15893488
v 0.01172225 -0.21686557 -0.11061242
v 0.01231708 -0.22321420 -0.10069593
v 0.01165090 -0.22401525 -0.04505132
v 0.00928805 -0.22171424 0.01818555
v 0.01197177 -0.22080576 0.07252758
v 0.01163446 -0.21528213 0.15144651
v 0.00507372 -0.21478904 -0.25543652
v 0.01169927 -0.19906691 -0.06238553
v 0.00617666 -0.20770224 -0.02683456
v 0.01936233 -0.21446166 0.39658101
v 0.01248935 -0.19126738 0.65484356
v 0.03137889 -0.19118990 0.76313508
v 0.01235874 -0.18356230 0.04692816
v 0.01063699 -0.18784665 0.57774327
v 0.00692887 -0.16015628 0.57524439
v 0.01374652 -0.16209903 0.62586494
v 0.01952955 -0.15306230 -0.85870637
v -0.01937665 -0.15296613 -0.39767859
v -0.04903482 -0.15699886 0.47797560
v -0.00462703 -0.15434952 0.98557893
v -0.00470524 -0.15272518 0.97628940
v -0.00810298 -0.13151409 0.47442530
v 0.00746883 -0.12999226 0.43811271
v 0.06093749 -0.12089285 0.95353015
v 0.00115251 -0.11397510 -0.08236037
v -0.00180700 -0.11024219 0.92212349
v 0.05576774 -0.10585015 -0.10648141
v 0.04934880 -0.09017011 -0.25841998
v 0.06146544 -0.06205768 0.17994889
v -0.04721946 -0.05913232 -0.63269107
v 0.00981413 -0.07084456 0.92514522
v 0.00318314 -0.05358201 -0.02853522
v -0.00198060 -0.05572096 -0.01972128
v 0.01229040 -0.01992962 -0.98493105
v -0.00692209 0.03905126 -0.98044783
v 0.00342847 0.10641406 0.67726601
v 0.00711157 0.11184014 0.62243814
v 0.05560002 0.12793127 0.52453180
v -0.04220043 0.14119775 0.19762445
v 0.00466837 0.16107560 0.51212854
v -0.05323732 0.22329862 0.17137119
v 0.05542685 0.29519450 0.16758489
v 0.00785936 0.29644236 0.16674951
v -0.00303996 0.38352890 -0.97624283
v 0.01376576 0.38682704 -0.65944798
v 0.01328044 0.38719755 -0.58271131
v 0.01296730 0.38800206 -0.37609543
v 0.01541405 0.38118412 -0.13363565
v 0.00893872 0.38307718 -0.04357813
v 0.02011211 0.38455980 0.05132537
v 0.01529895 0.38917047 -0.31507219
v 0.00406795 -0.27565574 -0.60852532
v 0.02889467 -0.25698836 -0.20655736
v 0.02527995 -0.25598543 0.67943340
v 0.03903472 -0.23390431 0.75233881
v 0.02012746 -0.23302323 -0.14468770
v 0.02237265 -0.23505810 -0.22828442
v 0.01356129 -0.22091650 -0.03751679
v 0.02530791 -0.22180406 -0.20490235
v 0.02205858 -0.22471523 -0.09606778
v 0.01377262 -0.21621796 -0.09570234
v 0.01172251 -0.21738834 -0.06752970
v 0.01663189 -0.22072991 -0.00641026
v 0.01982197 -0.22393789 0.02898859
v 0.02028947 -0.21797238 0.08663500
v 0.00743384 -0.22072370 0.26601492
v 0.02791150 -0.21732643 0.70329744
v 0.01787161 -0.21877666 -0.11214425
v 0.01858867 -0.19055053 -0.05769503
v 0.02059094 -0.19033779 -0.02900660
v 0.01955551 -0.18454783 0.02150524
v 0.02221546 -0.18327952 0.06697827
v 0.02294192 -0.18100738 0.14813161
v 0.02090674 -0.19230299 -0.89393983
v 0.01782309 -0.16458264 -0.84087706
v -0.03599178 -0.15506729 0.47305291
v 0.03229184 -0.12443503 0.44489895
v 0.05869687 -0.11073308 0.20313438
v 0.00180689 -0.10584573 -0.07527355
v 0.02048140 -0.12514893 0.92816130
v 0.06802098 -0.08977577 -0.85825337
v 0.01331393 -0.07717395 -0.01726572
v 0.01965178 -0.06272503 0.93036747
v 0.07497826 -0.05415256 -0.91360563
v 0.08159110 -0.05392827 -0.62495258
v 0.01615869 0.01911317 0.92867653
v 0.02731021 0.00340049 -0.97977305
v 0.01860044 0.08368639 0.76882119
v 0.02985508 0.19531317 0.49193775
v 0.01936308 0.23055644 0.48676411
v 0.00748844 0.25466034 0.46304668
v 0.01633579 0.31111126 0.17180218
v 0.00063526 0.36466514 -0.98492947
v 0.01449258 0.38769266 -0.60926551
v 0.01171867 0.38448690 -0.06688207
v 0.01209523 0.39138448 -0.63406422
v 0.01620618 -0.29429282 -0.67489688
v 0.02151454 -0.28663772 -0.24790357
v 0.01303953 -0.27235425 0.76478194
v 0.04438401 -0.27652551 0.73655970
v 0.02491158 -0.27031936 -0.62883232
v 0.02789369 -0.24118700 -0.18473819
v 0.02658874 -0.23956170 -0.62530660
v 0.03179710 -0.23072013 -0.63111212
v 0.02507918 -0.22809249 -0.18783773
v 0.02680198 -0.22702258 -0.05978962
v 0.03229115 -0.23010192 -0.03426070
v 0.00053304 -0.20812245 0.74174315
v 0.02358183 -0.22371702 0.00042578
v 0.01980432 -0.21773521 0.21819307
v 0.03143968 -0.21913828 -0.64389205
v 0.02369760 -0.21190807 -0.25758314
v 0.02110164 -0.20913910 0.15564863
v 0.01574736 -0.21056219 0.20618609
v 0.03141475 -0.21071298 0.30768586
v 0.03118542 -0.21036120 0.35032568
v 0.02195631 -0.20806046 0.73465808
v 0.02707556 -0.19394740 -0.08982441
v 0.02706456 -0.18616618 0.18928306
v 0.02719932 -0.19801277 0.20644114
v 0.03263617 -0.18734422 -0.04113965
v 0.02984863 -0.19281198 0.09718608
v 0.01910472 -0.18308130 0.96293356
v 0.02253602 -0.17413419 0.18946981
v 0.02309419 -0.19224187 0.71100069
v 0.04127283 -0.16209955 0.69745151
v 0.02480901 -0.17331867 -0.85067520
v 0.02082947 -0.16442716 0.66043693
v 0.02535786 -0.17800292 0.95428964
v 0.01364107 -0.16080113 0.97652772
v 0.03688318 -0.15288137 0.47342322
v 0.04029085 -0.15732043 0.97205893
v 0.05903883 -0.13784134 0.95498139
v 0.02497962 -0.12927609 0.47700247
v 0.08989509 -0.09863894 -0.93062686
v 0.08189052 -0.09931335 -0.01610275
v 0.02760410 -0.11250936 0.92384380
v 0.02749535 -0.06282916 0.92532764
v 0.08107023 -0.05429774 -0.67979847
v 0.08108674 -0.05376994 -0.44413462
v 0.07408124 -0.05421461 -0.24766307
v 0.02583464 -0.02742571 -0.99052396
v 0.01647205 0.03534932 -0.97888543
v 0.02721897 0.01603387 0.92328830
v 0.01316138 0.04395415 0.92468961
v 0.02243825 0.09862291 0.69591516
v 0.01577075 0.15548811 0.51351396
v 0.01140283 0.24198616 0.19233807
v 0.01046198 0.23785655 0.47757478
v 0.04098883 0.26745779 0.20729511
v 0.01952445 0.38297740 -0.80858708
v 0.01789440 0.39111135 -0.95826801
v 0.02034528 0.39166110 0.14700780
v 0.02963970 -0.29399604 -0.27960805
v 0.03036796 -0.28190804 -0.33089102
v 0.03863788 -0.28030448 -0.24118871
v 0.03286913 -0.28347672 0.70125694
v 0.01620751 -0.29631005 0.72868665
v 0.03889370 -0.26556429 -0.23055680
v 0.03414209 -0.26585017 -0.34409379
v 0.03203467 -0.26548078 -0.70211197
v 0.02881325 -0.25411570 -0.62363913
v 0.03740483 -0.23668847 -0.20711894
v 0.03048211 -0.23408474 -0.12937491
v 0.03117288 -0.22542038 -0.15037947
v 0.03617251 -0.22686317 -0.06669680
v 0.03573304 -0.21654194 -0.66818875
v 0.03302812 -0.21853200 0.00288746
v 0.01477932 -0.20271522 0.72790922
v 0.04235809 -0.22951852 -0.25635221
v 0.03664925 -0.21090420 -0.15191120
v 0.03041772 -0.20592956 0.09745969
v 0.02850777 -0.21425630 0.43102067
v 0.02553181 -0.20026465 0.17593458
v 0.04022477 -0.19808433 0.21822472
v 0.06260416 -0.19556558 -0.89394084
v 0.03096175 -0.19033614 -0.00106983
v 0.03083105 -0.18999294 0.04082920
v 0.03672438 -0.19249964 -0.85361563
v 0.03826048 -0.18180102 0.75341407
v 0.03478658 -0.20750624 0.43771940
v 0.03004148 -0.16162903 0.43848840
v 0.05638495 -0.17729847 0.95053857
v 0.04074574 -0.16833959 0.96617454
v 0.06966200 -0.15377982 -0.41929596
v 0.02219888 -0.16152088 0.91522135
v 0.02985065 -0.14773822 -0.85556561
v 0.03545479 -0.16420721 0.20752866
v 0.02965448 -0.12806322 0.43256027
v 0.03274738 -0.15714353 0.48356093
v 0.04981269 -0.15726032 0.51503018
v 0.03907786 -0.16097563 0.79155836
v 0.06484269 -0.14608084 -0.41270662
v 0.01506777 -0.14546631 0.19376365
v 0.05371911 -0.14338567 -0.84498534
v 0.03456118 -0.13738818 -0.83748398
v 0.02830013 -0.12919730 0.22048440
v 0.03209470 -0.12959905 0.33671555
v 0.04010694 -0.12481839 0.27319258
v 0.03661366 -0.12474423 0.33401627
v 0.03482196 -0.12396257 0.47088268
v 0.03760818 -0.10192743 0.92930130
v 0.08259156 -0.09045636 -0.92813023
v 0.05416348 -0.08461825 -0.45708796
v 0.00151211 -0.09582470 0.19785541
v 0.08151353 -0.06705933 -0.08271172
v 0.04783465 -0.05241117 -0.98858687
v 0.03544691 -0.03512926 0.92962490
v 0.00122183 0.05674055 0.89536169
v -0.03151932 0.06683701 0.18268934
v 0.04250413 0.07200296 -0.98804348
v 0.03550130 0.21164947 0.49611776
v 0.03067519 0.27137508 0.16972869
v 0.07707465 0.37437238 -0.81469090
v 0.02581389 -0.28173282 -0.64315628
v 0.04099319 -0.28005279 -0.26168005
v 0.04372342 -0.25999875 0.69574754
v 0.04748128 -0.26858230 0.74823728
v 0.04983836 -0.24011129 -0.62473734
v 0.03575311 -0.24069821 -0.23508649
v 0.03575556 -0.23609233 -0.20241010
v 0.04126112 -0.23860295 -0.20926716
v 0.03955818 -0.23064108 -0.19015464
v 0.04854196 -0.24859825 -0.18688554
v 0.04318348 -0.22939917 -0.23746705
v 0.04155159 -0.23448615 -0.11757167
v 0.04465916 -0.23401932 -0.61999667
v 0.04156285 -0.22343423 -0.19168441
v 0.04862949 -0.22151115 -0.06971574
v 0.04619268 -0.22413280 -0.04127208
v 0.03608621 -0.22201056 -0.63637114
v 0.02782053 -0.22601991 -0.34404416
v 0.03968581 -0.21561389 -0.60131353
v 0.03557754 -0.20646856 -0.23900942
v 0.03294557 -0.21328850 0.05388362
v 0.03946744 -0.20515556 -0.27955266
v 0.04553424 -0.19393022 -0.03313499
v 0.03816739 -0.20291509 0.00429329
v 0.03615115 -0.20091633 0.05291901
v 0.03858534 -0.20207733 0.34057559
v 0.01270793 -0.19806095 -0.88434805
v 0.00784395 -0.19677598 -0.86036239
v 0.04282091 -0.19393537 -0.10844612
v 0.04648652 -0.19585713 0.35122840
v 0.03750629 -0.20418104 0.40070852
v 0.03784900 -0.19977145 0.41685039
v 0.02251672 -0.17935195 0.98765297
v 0.03543635 -0.12919556 0.40656017
v 0.04181811 -0.16524616 0.77071660
v 0.05108644 -0.16018925 0.76011666
v 0.01981593 -0.15746883 0.61442762
v 0.01711414 -0.15950160 0.63989169
v 0.03711674 -0.16157547 0.89261010
v 0.08071315 -0.17383698 -0.89361187
v 0.03226307 -0.12984020 0.24223386
v 0.04199935 -0.14919509 0.47783539
v 0.04016000 -0.12980686 0.50007548
v 0.03709442 -0.12400505 0.21914573
v 0.05920815 -0.12407634 0.50405319
v 0.04848367 -0.11870005 0.92257677
v 0.03584389 -0.08599000 -0.86062649
v 0.05117711 -0.08477594 -0.48305405
v 0.07421123 -0.07459397 -0.34520148
v 0.00965044 -0.07558592 -0.07543856
v 0.07545974 -0.05931342 -0.34637990
v 0.08113079 -0.05418740 -0.50406599
v 0.04344676 -0.05622571 0.92831174
v 0.05264002 -0.01044530 -0.98178532
v 0.10244793 -0.01959900 0.18053701
v 0.03848954 -0.00533823 -0.99161034
v 0.05109484 0.01975603 0.18168709
v 0.03761013 0.01767126 0.92855361
v 0.06394652 0.02746552 0.18006931
v 0.03645230 0.03415379 0.93075175
v 0.04007237 0.05021547 -0.98689291
v 0.06822211 0.06578076 0.19092516
v 0.03067600 0.15841261 0.20018312
v 0.03414300 0.22663868 0.47982089
v 0.04772203 0.27286894 -0.98336309
v 0.04399487 0.38889890 -0.92834398
v 0.05236081 -0.27350536 -0.66892719
v 0.05863318 -0.26499163 -0.27009392
v 0.04349347 -0.27696103 0.71250472
v 0.05068064 -0.25614781 -0.23931968
v 0.04543222 -0.23977139 -0.23176092
v 0.04732558 -0.24515425 -0.16475366
v 0.04261993 -0.22498053 -0.59517101
v 0.04949960 -0.23910455 -0.13567744
v 0.05596680 -0.22752590 0.74024319
v 0.05951278 -0.22472682 -0.52586846
v 0.05139723 -0.22426645 -0.23094326
v 0.05506311 -0.22264480 -0.09636058
v 0.04961413 -0.22860072 -0.26361201
v 0.05444857 -0.20908248 -0.66053308
v 0.04636449 -0.20544018 -0.60653452
v 0.04515372 -0.21000807 -0.30877775
v 0.04897648 -0.20326085 -0.15083032
v 0.06683661 -0.20061238 -0.86061156
v 0.04637905 -0.19001092 -0.07604910
v 0.04857428 -0.19148560 0.36965532
v 0.04481451 -0.19279990 0.39234473
v 0.03716858 -0.16502214 -0.85454607
v 0.04915906 -0.17815506 0.21855192
v 0.05020234 -0.17743574 0.28938957
v 0.04785845 -0.15646495 0.37901068
v 0.03539280 -0.17101886 0.98971594
v 0.04166749 -0.14882350 0.33473912
v 0.04372621 -0.15116908 0.21781628
v 0.04645267 -0.17800908 0.34006342
v 0.06069828 -0.16118925 0.91520518
v 0.04470481 -0.13238489 0.34293712
v 0.05014269 -0.16094020 0.34950656
v 0.05840279 -0.15814309 0.71084521
v 0.05853284 -0.15966463 0.77936634
v 0.05893919 -0.15866062 0.86606968
v 0.05488936 -0.14622102 0.95421339
v 0.05053648 -0.15288078 0.96336149
v 0.04886620 -0.15138458 0.49970305
v 0.05850485 -0.13932508 0.92569565
v 0.04234214 -0.12971627 0.38957047
v 0.06148334 -0.13124859 0.51440731
v 0.03791242 -0.12790841 0.92822806
v 0.05849282 -0.12380867 -0.85477889
v 0.05917398 -0.12381008 0.28510098
v 0.04510861 -0.12560336 0.40371416
v 0.05085462 -0.11839079 0.96933060
v 0.05911435 -0.11231605 -0.09779188
v 0.07864773 -0.10076105 -0.94347919
v 0.06870708 -0.10985980 -0.07665281
v 0.00723517 -0.10010556 -0.01307224
v 0.08200590 -0.10107250 0.16932826
v 0.05089497 -0.11080483 0.91593586
v 0.07245404 -0.09030392 -0.29403638
v 0.07340210 -0.08998739 -0.25671291
v 0.05398708 -0.08503783 -0.34842265
v 0.05137633 -0.08186968 -0.66426835
v 0.05014424 -0.08194903 -0.64076771
v 0.05035044 -0.07442007 -0.48723495
v 0.04903929 -0.07447238 -0.45252883
v 0.04547647 -0.05918031 -0.38336496
v 0.04277533 -0.05644598 -0.96942192
v -0.00432786 -0.05428028 -0.11754005
v 0.08420647 -0.05677902 -0.01823519
v 0.04338190 0.00771968 0.92684160
v 0.04904886 0.01467845 -0.99105708
v 0.04920254 0.08222002 0.18278291
v 0.06106173 0.08160067 0.19088458
v 0.06276378 0.09457525 0.19185892
v 0.04944058 0.14390771 0.19872001
v 0.05200877 0.16455477 0.50352494
v 0.05467399 0.16800020 0.19462211
v 0.01347214 0.19252584 0.19511334
v 0.05303439 0.18737484 0.50686094
v -0.01162839 0.28385054 0.24427475
v 0.03921047 0.38169022 -0.17840078
v 0.06621939 0.38038517 -0.06326791
v 0.07262987 0.37852239 -0.60587651
v 0.05915532 -0.28208883 -0.29789041
v 0.06437222 -0.25686369 -0.21242361
v 0.05541650 -0.26545543 -0.67951587
v 0.05502504 -0.24859177 -0.33262447
v 0.04994792 -0.25056537 -0.69742554
v 0.05391459 -0.22199747 -0.67843368
v 0.05877497 -0.23251783 -0.61405967
v 0.05504054 -0.23111839 -0.57822898
v 0.05696102 -0.22792403 -0.12725746
v 0.06002856 -0.21574745 -0.51606424
v 0.05449596 -0.22336425 -0.32111913
v 0.06479219 -0.21617690 -0.22005682
v 0.05801392 -0.20142176 -0.11287270
v 0.05511532 -0.20585727 -0.56282444
v 0.06022818 -0.20771067 -0.53072646
v 0.05548480 -0.21485764 -0.28660507
v 0.05549430 -0.21029615 -0.18015314
v 0.05451910 -0.21074152 -0.05064097
v 0.05619539 -0.20326765 -0.07526475
v 0.05830025 -0.19738396 -0.05722121
v 0.03754727 -0.19141064 0.96464907
v 0.06176389 -0.15290500 0.50985315
v 0.05969291 -0.15760211 0.55929879
v 0.07604449 -0.11987497 -0.89405097
v 0.08424032 -0.14134936 -0.85487597
v 0.06019939 -0.12820621 0.37399782
v 0.06012207 -0.12916283 0.93132134
v 0.05875139 -0.12415393 0.33636153
v 0.05978360 -0.12471836 0.43388176
v 0.06253931 -0.11261274 -0.08247185
v 0.05735985 -0.11412528 0.92587813
v 0.07268943 -0.09737688 0.14530328
v 0.06102282 -0.08358477 -0.86841699
v 0.06727916 -0.09006294 -0.63045956
v 0.04820675 -0.08374127 -0.38245641
v 0.05549148 -0.08600304 -0.37296915
v 0.06533607 -0.08256407 -0.49158033
v 0.04384580 -0.07484678 -0.38499199
v 0.07501487 -0.07360974 -0.10667729
v 0.08246595 -0.05947683 0.14564230
v 0.08192163 -0.05893808 0.02046483
v 0.05225805 -0.05011943 0.92180526
v 0.05884099 -0.04894664 0.92769282
v 0.05878919 0.02005892 0.92609379
v 0.05095927 0.01540225 0.91771122
v 0.04887296 0.03605600 -0.98174722
v 0.05027518 0.03512460 0.93027046
v 0.02007444 0.12829959 0.19393810
v 0.06914481 0.12946184 0.19374169
v 0.08828079 0.24295839 -0.98882039
v 0.06152235 0.19190563 0.49281211
v 0.05003390 0.37018739 0.17750840
v 0.07549436 0.37835092 -0.65510457
v 0.04103826 0.37958642 -0.10040951
v 0.02152636 0.38531975 0.16810231
v 0.10285624 0.38401913 -0.94547675
v 0.06614143 0.38410543 -0.63624814
v 0.03636304 0.39022537 -0.28451988
v 0.06571347 -0.26765187 -0.32247696
v 0.04310920 -0.23966618 0.69737669
v 0.05905968 -0.24571513 -0.16366321
v 0.07129152 -0.23222809 -0.62676804
v 0.06510654 -0.23077921 -0.54162190
v 0.04627028 -0.22831372 0.71914179
v 0.07038503 -0.22166587 0.74950953
v 0.07157359 -0.22109044 -0.26373038
v 0.06012812 -0.21051295 -0.12875455
v 0.06609510 -0.21667838 0.80491399
v 0.06580991 -0.21702652 0.87887281
v 0.06693062 -0.21025446 -0.29590903
v 0.06612320 -0.20694990 0.88452624
v 0.07420400 -0.21354226 0.91452510
v 0.06689855 -0.20704500 0.79143454
v 0.07519758 -0.19072597 -0.72244250
v 0.06506925 -0.18637207 -0.60967574
v 0.06592902 -0.18535485 -0.47737013
v 0.06546276 -0.18531625 -0.41439391
v 0.07496280 -0.18930625 -0.29835086
v 0.06612722 -0.18513431 -0.20929038
v 0.06569798 -0.18565555 -0.11007040
v 0.06838385 -0.18740574 -0.07076701
v 0.06511159 -0.18524027 0.94145048
v 0.07260959 -0.18727714 0.98746435
v 0.06660698 -0.18475627 -0.73241555
v 0.06634113 -0.17628006 -0.43378205
v 0.06434776 -0.17670946 -0.40188423
v 0.06664830 -0.18478710 -0.31426656
v 0.06577212 -0.17602889 -0.07994630
v 0.06730505 -0.18405098 0.01638546
v 0.06219387 -0.16946386 0.94426215
v 0.08026094 -0.17089428 -0.85306608
v 0.06480074 -0.17513297 -0.77160883
v 0.07463966 -0.17415474 -0.71696921
v 0.06598292 -0.17606141 -0.55971449
v 0.06591960 -0.17608433 -0.37227826
v 0.06627369 -0.17648895 -0.24914340
v 0.06586017 -0.17590012 -0.20680054
v 0.06535412 -0.17581195 -0.00768189
v 0.06485553 -0.17598083 0.06428200
v 0.07432705 -0.16356885 -0.41314491
v 0.06409351 -0.16196814 -0.40407340
v 0.06651365 -0.15355085 -0.39876619
v 0.06813979 -0.16192613 0.92788261
v 0.06160827 -0.15832154 0.64417342
v 0.06442332 -0.15364951 0.78331992
v 0.06736138 -0.15262705 0.87041526
v 0.06491711 -0.15960617 0.88991374
v 0.06553907 -0.13920503 0.60938912
v 0.05980729 -0.13377230 -0.83485739
v 0.06600295 -0.13054640 -0.74370920
v 0.06618297 -0.13021654 -0.58144831
v 0.06640545 -0.13010374 -0.39978671
v 0.06624527 -0.13032094 -0.19302376
v 0.08245950 -0.13116196 -0.08878698
v 0.06306367 -0.12174055 -0.10187752
v 0.06333068 -0.12171512 -0.07491560
v 0.06617106 -0.13045414 -0.00706384
v 0.06632590 -0.13065417 0.21015521
v 0.05793456 -0.12174255 0.21035873
v 0.06571224 -0.13912432 0.79484770
v 0.06595286 -0.14058698 0.95192885
v 0.06070136 -0.12067416 -0.82881653
v 0.06261163 -0.12161004 -0.80324803
v 0.06200502 -0.12174357 -0.64983130
v 0.06256598 -0.12185668 -0.52255808
v 0.06282635 -0.12181883 -0.37445513
v 0.06264772 -0.12189107 -0.19405230
v 0.06213560 -0.12181579 0.00639891
v 0.06202092 -0.12189148 0.19907872
v 0.06677989 -0.12864502 0.25936197
v 0.06707986 -0.12857869 0.32778741
v 0.06284346 -0.12579568 0.35335552
v 0.06673699 -0.12403151 0.39447901
v 0.06845285 -0.12640248 0.94557834
v 0.06709567 -0.11734137 -0.80364126
v 0.06683594 -0.11772409 -0.74869339
v 0.06669472 -0.11607667 -0.62724255
v 0.06683657 -0.11635876 -0.37510411
v 0.06679315 -0.11670353 -0.23645967
v 0.06704647 -0.11639078 -0.11222651
v 0.06680857 -0.11625185 0.12917030
v 0.06846173 -0.12142056 0.93166171
v 0.06675415 -0.08567789 0.92889348
v 0.08121489 -0.10126176 0.15304896
v 0.08259738 -0.09862531 0.17771896
v 0.06438745 -0.08388509 -0.88397759
v 0.07209364 -0.08910451 -0.67353332
v 0.07802614 -0.08400560 -0.38472850
v 0.08176162 -0.06046871 -0.92790840
v 0.04624548 -0.05928854 -0.63297127
v 0.07340488 -0.06613291 -0.09798266
v 0.07471128 -0.06016346 -0.01658562
v 0.07058291 -0.05836231 -0.96964989
v 0.06776142 -0.03961192 0.92824873
v 0.07229949 0.03757811 -0.99350672
v 0.04550897 0.03546749 0.18151274
v 0.05731989 0.05605827 -0.99252471
v 0.10006469 0.06745152 0.18266450
v 0.07705013 0.06760785 -0.99292329
v 0.10766495 0.10454052 0.18276045
v 0.07330976 0.23996734 0.19244782
v 0.06938851 0.28993073 0.16704828
v 0.06825107 0.36193404 0.17920015
v 0.08111740 0.37765907 0.09595330
v 0.02542817 0.38753894 0.10306313
v 0.07304341 0.38597655 0.15618855
v 0.05439614 -0.27467565 -0.64414277
v 0.08375041 -0.27468729 -0.66522912
v 0.07613157 -0.25123271 -0.67923974
v 0.07806406 -0.25591911 -0.23643214
v 0.04860593 -0.25107108 0.75422188
v 0.08354707 -0.24603654 -0.62569199
v 0.06754939 -0.24217457 -0.17218007
v 0.07559176 -0.23471452 0.75350310
v 0.06916752 -0.21914261 -0.16332568
v 0.06747370 -0.22730754 -0.61380593
v 0.07216806 -0.22690157 -0.56292085
v 0.07598781 -0.22539317 -0.51259972
v 0.09823218 -0.22878651 0.71167008
v 0.07363617 -0.22352471 0.87564140
v 0.07513941 -0.21510623 -0.63962150
v 0.06878799 -0.21434603 -0.61296583
v 0.06836192 -0.22425448 -0.32349190
v 0.06772342 -0.22193929 0.76445238
v 0.06337906 -0.20587315 -0.60171412
v 0.08964024 -0.22365948 -0.27935154
v 0.06736063 -0.20174860 0.92111668
v 0.07485800 -0.19301519 0.94995489
v 0.08089817 -0.20068546 -0.89106755
v 0.06920065 -0.19286306 -0.85030297
v 0.06718673 -0.18453704 -0.80396197
v 0.06702351 -0.18593953 -0.42943107
v 0.07768896 -0.19741219 -0.06068551
v 0.07168531 -0.18895725 -0.77814255
v 0.07452156 -0.19095776 -0.60782056
v 0.07425199 -0.18889367 -0.53483707
v 0.07386377 -0.19048825 -0.46490059
v 0.07553409 -0.19032198 -0.41128431
v 0.07539508 -0.19029188 -0.18941455
v 0.07454778 -0.18970561 -0.12291386
v 0.07399198 -0.18969494 -0.03565713
v 0.07768806 -0.19091983 0.00784864
v 0.06696278 -0.18441987 0.07170181
v 0.07442663 -0.18829404 0.10803254
v 0.06738229 -0.18477856 0.23058602
v 0.07516789 -0.19052779 0.34606457
v 0.06801983 -0.18467093 0.35061708
v 0.07546808 -0.19082129 0.43593519
v 0.07035728 -0.18504571 0.49409237
v 0.07664074 -0.19035545 0.54533414
v 0.07642540 -0.18954843 0.60671435
v 0.07045856 -0.18461250 0.57182034
v 0.07268417 -0.18411253 0.73702581
v 0.07457229 -0.18486530 0.80071427
v 0.06981476 -0.18174593 -0.84675148
v 0.06756318 -0.17685691 0.15658941
v 0.06726690 -0.17692929 0.25356448
v 0.06760423 -0.17673915 0.36201084
v 0.07262074 -0.17603092 0.51098458
v 0.07286095 -0.17617465 0.57038601
v 0.07266631 -0.18570535 0.64929294
v 0.07364918 -0.17686685 -0.80548267
v 0.07532868 -0.17366536 -0.58181820
v 0.07461149 -0.17408410 -0.44714479
v 0.07184747 -0.17019682 -0.40870288
v 0.07482992 -0.17279053 -0.36442525
v 0.07462962 -0.17326185 -0.24549113
v 0.07460431 -0.17302545 -0.18318609
v 0.07479532 -0.17231990 -0.07355982
v 0.07440831 -0.17231602 0.06747962
v 0.07472973 -0.17353527 0.15181366
v 0.07451296 -0.17312748 0.35988157
v 0.07606725 -0.17082619 0.96961515
v 0.07940854 -0.16549538 -0.40861441
v 0.07587590 -0.16554104 0.87947915
v 0.07417564 -0.15372879 0.55648125
v 0.07318079 -0.15784014 0.58850591
v 0.06985243 -0.15435015 0.67140316
v 0.06670929 -0.13719909 0.93210116
v 0.08301899 -0.15185881 -0.40500925
v 0.06433022 -0.13458097 0.55772041
v 0.07530010 -0.14872622 0.56904571
v 0.06879246 -0.14541599 0.65260388
v 0.06909776 -0.13725968 0.67126543
v 0.06861254 -0.13727486 0.73831947
v 0.06741062 -0.13791395 0.84262527
v 0.06633341 -0.13047369 -0.81225246
v 0.08250735 -0.13142937 -0.30782721
v 0.08245946 -0.13132401 0.20451978
v 0.07255241 -0.12930603 0.43876504
v 0.06740486 -0.13000648 0.59692806
v 0.07490234 -0.13015550 0.72238116
v 0.07482858 -0.13319430 0.79679728
v 0.07478933 -0.12533918 0.81594465
v 0.07441671 -0.12346840 0.52728201
v 0.08368677 -0.11460233 -0.85326883
v 0.06699789 -0.11460946 -0.10124985
v 0.06728051 -0.11636539 -0.06583544
v 0.06690339 -0.11561559 0.20059903
v 0.08857542 -0.12060140 0.98674170
v 0.07965930 -0.10279274 -0.10354706
v 0.08120625 -0.09651186 0.01995558
v 0.07398915 -0.09714080 -0.26336964
v 0.08340078 -0.08757687 -0.46001603
v 0.07515184 -0.08483171 -0.34888324
v 0.08763221 -0.07409436 -0.29440270
v 0.08179457 -0.07183627 0.92492889
v 0.08232853 -0.08191930 -0.67426725
v 0.08182474 -0.08210795 -0.45295543
v 0.08317372 -0.07437309 -0.07565317
v 0.07675205 -0.05775416 -0.25710670
v 0.08495408 -0.06239847 -0.48597463
v 0.08502757 -0.05706721 -0.25507096
v 0.08271104 -0.05855627 -0.45283724
v 0.07308721 -0.05395466 -0.30240602
v 0.07802187 -0.05438080 -0.16126406
v 0.07406384 -0.05400785 -0.09489437
v 0.08293794 0.04291224 0.92244142
v 0.10351363 0.05432227 0.88721574
v 0.02641631 0.05927646 0.18122153
v 0.06602894 0.11507424 0.58337315
v 0.07212736 0.10872791 -0.99317173
v 0.10496975 0.14483990 0.16980904
v 0.07487161 0.14236996 0.19966028
v 0.07918080 0.13829832 0.51789338
v 0.06903770 0.16512403 0.51494480
v 0.09585047 0.25050691 0.45839261
v -0.01141535 0.28472258 0.29057188
v 0.07120095 0.30530136 0.17465079
v 0.06610976 0.37547256 0.04187512
v 0.07997898 0.37509809 0.17158610
v 0.06888480 -0.26237941 -0.23750957
v 0.08720339 -0.25173034 -0.25813673
v 0.07807665 -0.22995040 -0.21164589
v 0.08982730 -0.22767360 -0.62876541
v 0.09316972 -0.23405232 -0.26794420
v 0.08972389 -0.22212265 0.77453935
v 0.07419332 -0.22457201 0.78293561
v 0.07945165 -0.21625334 -0.53383351
v 0.09040800 -0.22399907 0.82145502
v 0.09363923 -0.21705495 -0.66425930
v 0.07408191 -0.20626078 -0.52821608
v 0.07703731 -0.21152360 -0.50096375
v 0.07961805 -0.20172928 0.75947876
v 0.09046338 -0.21287351 0.90507167
v 0.08943432 -0.19446608 0.02893154
v 0.08398365 -0.19991541 0.05308487
v 0.07465019 -0.18788499 0.08025900
v 0.08496447 -0.19541777 0.69224742
v 0.07507828 -0.19014474 0.72494779
v 0.08014228 -0.19985795 0.84939873
v 0.07391120 -0.19417850 0.91041554
v 0.07960032 -0.19441782 -0.91719718
v 0.07596868 -0.19220255 -0.89912168
v 0.08461972 -0.19135979 -0.51571419
v 0.07474817 -0.18900142 -0.37679070
v 0.09787854 -0.19214890 -0.31218610
v 0.07446740 -0.18864176 -0.23152798
v 0.08984510 -0.19090016 -0.04311265
v 0.09803266 -0.19182520 0.16532219
v 0.07456010 -0.18958451 0.22635211
v 0.09163250 -0.19194402 0.50320000
v 0.08320709 -0.19310612 0.62995005
v 0.08054038 -0.19249647 0.75727017
v 0.07939135 -0.18630495 0.85579683
v 0.07939160 -0.17209617 0.69044282
v 0.07896072 -0.17596978 0.76905003
v 0.07513156 -0.17641798 0.87806312
v 0.07835543 -0.17248247 0.92437159
v 0.08999882 -0.17332770 -0.79958820
v 0.08423673 -0.16999226 -0.76914458
v 0.08273046 -0.17404802 -0.72499880
v 0.08243598 -0.17398029 -0.61158917
v 0.08269830 -0.17334428 -0.53542483
v 0.08263514 -0.17387543 -0.43238414
v 0.08260898 -0.17281912 -0.35820104
v 0.08256863 -0.17344514 -0.25281022
v 0.08278228 -0.17156430 -0.20870317
v 0.08273605 -0.17279340 -0.10774904
v 0.08268258 -0.17251161 0.07077447
v 0.08230810 -0.17385871 0.18538449
v 0.08310145 -0.17314486 0.34491710
v 0.08553539 -0.16988356 0.65745033
v 0.08038659 -0.16905369 0.75146910
v 0.07773048 -0.16879076 0.80893608
v 0.08172130 -0.16816363 0.95997730
v 0.07906235 -0.15466022 0.67520119
v 0.08307055 -0.15127731 -0.41512102
v 0.08118983 -0.15309130 0.53570229
v 0.07526428 -0.15462445 0.64671681
v 0.07657104 -0.14668167 0.87930378
v 0.07759609 -0.14877531 0.96007912
v 0.07245910 -0.15026938 0.96954689
v 0.08205288 -0.13889135 0.56271860
v 0.07472933 -0.14758992 0.60432437
v 0.08029073 -0.14473484 0.63267597
v 0.08004154 -0.14893578 0.72640011
v 0.07498391 -0.13630438 0.86926105
v 0.08128608 -0.13939974 0.47255812
v 0.08206005 -0.13731106 0.62577448
v 0.08216443 -0.13885878 0.67117874
v 0.08107928 -0.13665679 0.77407375
v 0.07918048 -0.14869069 0.78790129
v 0.07875306 -0.13681365 0.81415269
v 0.08959582 -0.13348263 -0.84204215
v 0.08303571 -0.13126765 -0.79710958
v 0.08250489 -0.13101448 -0.63971065
v 0.08283182 -0.13091559 -0.44745374
v 0.08257395 -0.13120944 -0.20935097
v 0.08252681 -0.13075972 -0.02332335
v 0.08348411 -0.12896890 0.27093870
v 0.07202851 -0.13104394 0.47922041
v 0.08310702 -0.12984665 0.53729061
v 0.08108209 -0.12973646 0.62353492
v 0.07529195 -0.12808829 0.68028332
v 0.07543043 -0.12558857 0.76692475
v 0.07841927 -0.12684591 0.37567176
v 0.08202739 -0.11367113 -0.57566625
v 0.06668083 -0.11672861 -0.51939564
v 0.08346560 -0.11411243 -0.30969690
v 0.08339636 -0.11424533 -0.01690487
v 0.06673513 -0.11619638 0.01978980
v 0.08230879 -0.11402975 0.13069191
v 0.10298020 -0.11748671 0.92731641
v 0.09178213 -0.11835623 0.96036374
v 0.08290931 -0.11260653 -0.77662198
v 0.08261441 -0.11402691 -0.48154350
v 0.08291692 -0.11413909 -0.10774250
v 0.08229355 -0.11409431 0.06154627
v 0.08237264 -0.10709916 0.20106270
v 0.08081696 -0.09490118 -0.89270965
v 0.08255502 -0.09311932 -0.88459053
v 0.08289324 -0.10285265 -0.85885318
v 0.07689461 -0.09715077 -0.28701801
v 0.08563329 -0.10126935 0.13994191
v 0.07345707 -0.09049567 -0.87562818
v 0.07842596 -0.09299220 -0.62979255
v 0.08107468 -0.08833160 -0.48923633
v 0.08433375 -0.08976625 -0.37296459
v 0.08409843 -0.06071186 -0.63451586
v 0.07981647 -0.07252599 -0.56036388
v 0.08509363 -0.06036396 -0.09835461
v 0.08681291 -0.05856564 -0.38517702
v 0.08349021 -0.05578123 -0.34342551
v 0.08201566 -0.05869646 -0.29419373
v 0.08347821 -0.05498690 -0.92324663
v 0.08193871 -0.05459511 -0.78460703
v 0.08181230 -0.05433640 -0.57682783
v 0.08265083 -0.05856214 -0.56070967
v 0.08207150 -0.05486013 -0.49131456
v 0.08083914 -0.05391238 -0.39035005
v 0.08031639 -0.05408440 -0.33413458
v 0.08695903 -0.05776630 -0.30018926
v 0.08211197 -0.05612280 -0.09453688
v 0.07986211 -0.05429444 -0.02696981
v 0.07985038 -0.05451024 0.02745543
v 0.08150949 -0.05433999 0.13819483
v 0.06875042 0.01904478 -0.98497020
v 0.09350317 0.04191406 -0.98839298
v 0.09379085 0.12965321 0.18151340
v 0.08598883 0.21086866 0.48993480
v 0.11283627 0.21459108 0.17055108
v 0.06610857 0.25604529 0.19939148
v 0.13969389 0.26732579 0.42177983
v 0.11182721 0.28240294 0.26457430
v 0.10185069 0.36737100 0.01990382
v 0.07520524 0.37751605 -0.71292746
v 0.09843551 0.37184055 -0.09518789
v 0.08887565 -0.27314705 -0.63734777
v 0.07067276 -0.26285817 -0.63014394
v 0.10032229 -0.25234769 -0.68347300
v 0.09028930 -0.23548897 0.74608928
v 0.08889479 -0.23708691 -0.26233143
v 0.10145117 -0.24505622 0.69831601
v 0.08978197 -0.23400118 -0.32180812
v 0.08433145 -0.22714622 0.73865047
v 0.09028091 -0.22314924 0.75080720
v 0.09029595 -0.22556286 -0.67406303
v 0.09292419 -0.21535557 -0.63854159
v 0.09043309 -0.22282526 -0.30833368
v 0.09365488 -0.20205836 0.74840818
v 0.08179123 -0.20149955 -0.44121101
v 0.09876440 -0.19984887 -0.85368147
v 0.09274105 -0.19548146 -0.83800419
v 0.07477484 -0.19062513 -0.65481842
v 0.09117492 -0.19206313 -0.54560872
v 0.08749752 -0.19512589 -0.48763461
v 0.09952213 -0.19476811 -0.40997336
v 0.09018456 -0.18917196 -0.00478924
v 0.08275415 -0.19362247 0.78440488
v 0.08789007 -0.19229442 0.87676564
v 0.08914298 -0.19246308 -0.58638895
v 0.09129717 -0.19201258 -0.28343541
v 0.08938195 -0.18809562 -0.08258653
v 0.09178266 -0.19113920 0.42101664
v 0.09420246 -0.19085823 0.74849420
v 0.08649021 -0.18717822 0.88736706
v 0.07015386 -0.18954106 0.96734467
v 0.09134237 -0.17352150 -0.84467210
v 0.09143730 -0.17681296 -0.89909500
v 0.08969627 -0.16875885 -0.63342679
v 0.09049605 -0.16856290 -0.55116036
v 0.08723570 -0.16266871 -0.37469130
v 0.08853377 -0.16883051 -0.35584707
v 0.08942021 -0.16893686 -0.23197821
v 0.09041181 -0.16907248 -0.17440450
v 0.09078354 -0.16894565 -0.08897560
v 0.09138743 -0.16809083 -0.06230358
v 0.08893687 -0.17016632 -0.02382403
v 0.09057531 -0.16849737 0.18979305
v 0.08279628 -0.17292340 0.44340951
v 0.08974811 -0.16897209 0.47934329
v 0.08297804 -0.17424980 0.50655102
v 0.09127641 -0.16731987 0.52314520
v 0.08611565 -0.17023838 0.56408637
v 0.08877874 -0.17066143 0.61883612
v 0.09009065 -0.15962480 -0.60732006
v 0.08990474 -0.16895430 -0.42236763
v 0.08435941 -0.16892801 -0.40388056
v 0.08977002 -0.15693040 -0.23342090
v 0.08848276 -0.16831528 -0.21594991
v 0.09087290 -0.15251734 -0.18172932
v 0.09177871 -0.15925298 -0.10382019
v 0.09109857 -0.16767836 0.06893833
v 0.08243216 -0.16195240 0.57630809
v 0.08967526 -0.13723851 -0.66904334
v 0.09022661 -0.13755953 -0.55026509
v 0.09024485 -0.15735544 -0.36676270
v 0.08350372 -0.15376703 -0.21815112
v 0.08830563 -0.13919106 -0.09003155
v 0.09046158 -0.16918770 0.43397392
v 0.08663488 -0.13626378 -0.82161619
v 0.08871864 -0.14972050 -0.79937967
v 0.08846506 -0.14469552 -0.40683151
v 0.08444141 -0.15425420 0.48631495
v 0.09060707 -0.13746406 -0.74707446
v 0.09051185 -0.13751678 -0.41632156
v 0.09009456 -0.13786932 -0.22778880
v 0.08937744 -0.13730802 -0.19010359
v 0.08965988 -0.13745669 -0.12125134
v 0.09224816 -0.13585594 -0.79588284
v 0.09097717 -0.13731824 0.08754648
v 0.09075970 -0.13696889 0.21128135
v 0.09167576 -0.13528031 0.33080246
v 0.09159017 -0.13587533 0.36710770
v 0.08172086 -0.11439842 -0.90112774
v 0.09432353 -0.11627340 -0.92506927
v 0.08325739 -0.11418476 -0.65279410
v 0.08286682 -0.11396017 -0.19781769
v 0.09692161 -0.11753085 0.95211494
v 0.08553656 -0.10421574 -0.84019576
v 0.08620889 -0.10844105 -0.80428635
v 0.08383520 -0.11225160 -0.71434100
v 0.08776305 -0.10610826 -0.65506175
v 0.08491796 -0.10526576 -0.55895302
v 0.08539208 -0.10614917 -0.51318246
v 0.08646097 -0.10569981 -0.48062474
v 0.08375671 -0.10422696 -0.38903499
v 0.08157123 -0.11368418 -0.37421932
v 0.08626101 -0.10603083 -0.29428035
v 0.08673888 -0.10594556 -0.23746441
v 0.08466289 -0.10639905 -0.16876234
v 0.08686115 -0.10586397 -0.11099510
v 0.08030749 -0.09883442 -0.07503981
v 0.08382905 -0.11197092 -0.06648285
v 0.08719935 -0.10561612 -0.02691873
v 0.08660003 -0.10593911 0.01862828
v 0.08752578 -0.10705875 0.15629677
v 0.07672770 -0.11392078 0.92391123
v 0.08668304 -0.09638462 -0.80078034
v 0.08403297 -0.09943284 -0.77511756
v 0.08247716 -0.09344781 -0.67384914
v 0.08336603 -0.09662531 -0.61351994
v 0.08277515 -0.08757036 -0.56369783
v 0.08477656 -0.09663673 -0.39244611
v 0.08393489 -0.10264839 -0.34342978
v 0.08260566 -0.09611392 -0.30143236
v 0.08312547 -0.09858951 -0.25099230
v 0.08335638 -0.09844872 -0.17328227
v 0.08527168 -0.09793629 -0.11718781
v 0.08535113 -0.09551247 -0.06706899
v 0.08511286 -0.10507370 0.09919359
v 0.08665602 -0.11120658 0.19046918
v 0.09613890 -0.10362845 -0.92552770
v 0.08711663 -0.08810050 -0.91159921
v 0.08747194 -0.07376059 -0.85116037
v 0.08561279 -0.09335648 -0.44935693
v 0.08510500 -0.09094220 -0.35346954
v 0.08476101 -0.08530139 -0.25151979
v 0.08543153 -0.09104314 -0.18333842
v 0.08628353 -0.07355730 -0.11148647
v 0.08686409 -0.08872085 0.13747930
v 0.08673438 -0.07259019 -0.89128528
v 0.08725474 -0.08507382 -0.77469436
v 0.08949494 -0.06522637 -0.57560070
v 0.08714996 -0.08232260 -0.38934613
v 0.08427089 -0.08497337 -0.34671994
v 0.08674938 -0.08795006 -0.33673265
v 0.08735153 -0.08629505 0.02823155
v 0.09465859 -0.10103250 0.92589938
v 0.08977027 -0.05997783 -0.92334335
v 0.08616312 -0.09216979 -0.68061518
v 0.08766351 -0.07763579 -0.62738049
v 0.08684253 -0.07936257 -0.49408756
v 0.08685816 -0.05944294 -0.02639510
v 0.08770800 -0.05883020 0.13829717
v 0.08680725 -0.07400739 -0.54443228
v 0.08603387 -0.06048683 -0.34379575
v 0.08564561 -0.05899300 -0.15518783
v 0.08741862 -0.05932889 -0.78404600
v 0.08756005 -0.05995859 -0.68026989
v 0.08742991 -0.05897016 -0.62500683
v 0.08673426 -0.05928903 -0.52109011
v 0.08798829 -0.05968137 -0.44424326
v 0.08585417 -0.06036937 -0.06860062
v 0.08617877 -0.05943204 0.02628825
v 0.09222890 -0.05173293 -0.98758411
v 0.08372134 -0.01903434 -0.98638076
v 0.09860327 -0.04106479 0.92518652
v 0.10371401 -0.00923854 -0.97875401
v 0.08966474 0.01834961 0.92506255
v 0.12982064 0.08150107 0.19224729
v 0.11415477 0.08531625 0.74597729
v 0.06777736 0.17419199 0.19403415
v 0.08127484 0.21922751 0.47933461
v 0.13609774 0.26370360 0.20849865
v 0.08337082 0.36558678 0.17477532
v 0.06234039 0.38510294 -0.96840513
v 0.11559053 0.36827313 -0.17936654
v 0.07413430 -0.27893337 -0.30560576
v 0.06537393 -0.25711070 0.69736139
v 0.09588478 -0.24544074 -0.61844696
v 0.10034952 -0.23740422 -0.33325104
v 0.11187905 -0.23733249 0.74402844
v 0.09589512 -0.23540349 -0.25185315
v 0.09840846 -0.22780511 -0.56731105
v 0.09837933 -0.22825152 0.74092817
v 0.09841044 -0.22955624 0.77239146
v 0.08996418 -0.22108494 0.87516622
v 0.09770688 -0.22557012 0.91679700
v 0.09830275 -0.21713672 -0.67871483
v 0.09646775 -0.20875728 -0.59133369
v 0.09768369 -0.20599990 -0.25968538
v 0.09324278 -0.20750489 -0.22580186
v 0.10047248 -0.21571287 0.92824743
v 0.09835318 -0.20033360 -0.71899532
v 0.09521747 -0.20146483 -0.54288178
v 0.09965426 -0.20232163 -0.43537584
v 0.10108675 -0.19651209 -0.23581973
v 0.09757527 -0.20129229 0.49647935
v 0.10005522 -0.19782170 0.93091069
v 0.10097196 -0.19413516 -0.91565455
v 0.09624919 -0.19411813 -0.76603692
v 0.09599790 -0.19669477 -0.70060692
v 0.09923256 -0.19492565 -0.65733392
v 0.08718418 -0.20013036 -0.47573250
v 0.09945867 -0.20455881 -0.26998688
v 0.09817847 -0.19159358 -0.25043204
v 0.09800942 -0.19223698 -0.22724632
v 0.10538749 -0.20092400 0.00509764
v 0.09529137 -0.19716802 0.03906594
v 0.09225084 -0.19118874 0.29912644
v 0.09939898 -0.20095862 0.33699846
v 0.09150998 -0.19218302 0.46095533
v 0.10473162 -0.19965882 0.74014307
v 0.09862658 -0.19151607 -0.63523835
v 0.09826150 -0.19212823 -0.55511646
v 0.09858830 -0.19391399 -0.39863482
v 0.09798421 -0.19045069 -0.38142119
v 0.09836855 -0.19200143 -0.21533034
v 0.09810540 -0.19252035 -0.18687292
v 0.09793245 -0.19020034 -0.14696074
v 0.10560087 -0.19117642 0.07569200
v 0.09325231 -0.19136459 0.20850480
v 0.09906726 -0.19300888 0.61742645
v 0.10019706 -0.19234634 0.94938186
v 0.09408530 -0.18248018 -0.91964037
v 0.08968497 -0.16718419 -0.77959859
v 0.09075735 -0.16836520 -0.73150593
v 0.09107512 -0.15431145 -0.42358615
v 0.09180071 -0.16142966 -0.01509929
v 0.09202604 -0.17010404 0.33463295
v 0.09243866 -0.13950057 -0.89855762
v 0.09399926 -0.16194333 -0.80884735
v 0.09037037 -0.13729743 -0.07376360
v 0.09183545 -0.16942855 0.26097348
v 0.09594093 -0.14537120 -0.92451027
v 0.09151986 -0.13315827 0.43479127
v 0.12672798 -0.13034252 0.98956120
v 0.10256743 -0.09973326 -0.92446263
v 0.09889545 -0.10157447 0.18920409
v 0.09542710 -0.08836252 0.96445768
v 0.09508211 -0.09055680 0.98685258
v 0.11791311 -0.02815736 -0.98873223
v 0.08722995 0.04585729 0.19302959
v 0.09715684 0.02384344 -0.98659378
v 0.06118065 0.03421339 0.93061412
v 0.11867274 0.13357957 -0.98682239
v 0.06508843 0.10255284 0.66654774
v 0.10357119 0.22727750 0.48596633
v 0.11797924 0.36521581 -0.54598972
v 0.07185366 0.37491517 -0.48176131
v 0.08065227 0.37288402 -0.03155331
v 0.07332014 0.37774869 -0.39550829
v 0.08892443 -0.26646491 -0.27340252
v 0.11951529 -0.25482892 0.69618793
v 0.11570184 -0.25163087 0.74820901
v 0.09741748 -0.24088668 -0.26715041
v 0.10677456 -0.23439023 -0.56605527
v 0.09768037 -0.23307656 -0.68370004
v 0.11234423 -0.22720828 -0.21654006
v 0.10124362 -0.23232694 0.67298293
v 0.09839095 -0.23326118 0.85662439
v 0.10462186 -0.22578314 -0.74130765
v 0.09962377 -0.22352940 -0.21490770
v 0.10609315 -0.22756143 0.77759534
v 0.10718386 -0.22674298 0.89451452
v 0.11159002 -0.22114622 0.91361418
v 0.11856957 -0.20578410 -0.75859289
v 0.10185393 -0.20170462 -0.74719330
v 0.10142150 -0.20401352 -0.55246778
v 0.10599272 -0.21741419 -0.54564787
v 0.09942475 -0.21611819 -0.52447094
v 0.09921039 -0.22059371 -0.39997602
v 0.09934995 -0.21178577 -0.34247267
v 0.09901074 -0.21753889 -0.31165928
v 0.11258990 -0.20579888 -0.21112820
v 0.10137781 -0.22270484 0.64997673
v 0.10343677 -0.20938869 0.72562062
v 0.10344985 -0.19881715 -0.70493512
v 0.10655014 -0.20500933 -0.62463128
v 0.10535969 -0.20944840 0.21530549
v 0.09937679 -0.21142888 0.68959505
v 0.10250385 -0.21298610 0.71143884
v 0.10302349 -0.20116357 -0.36587757
v 0.10332973 -0.20588519 -0.32115071
v 0.10057157 -0.20087971 -0.29984994
v 0.10676037 -0.19434028 -0.21577526
v 0.10667596 -0.20856370 0.34663731
v 0.10659162 -0.20870836 0.48978179
v 0.10800283 -0.20292359 0.49857527
v 0.09751328 -0.19529988 0.63943543
v 0.09978305 -0.19626989 0.67846436
v 0.10509908 -0.19720445 -0.88884088
v 0.10680331 -0.19428562 -0.75968681
v 0.10202724 -0.19745019 -0.44619889
v 0.10579845 -0.19023272 -0.08575109
v 0.10564033 -0.19758943 -0.06192041
v 0.10573898 -0.19202967 0.19848670
v 0.10467323 -0.19898549 0.91216052
v 0.10209316 -0.19314469 -0.71289349
v 0.10695140 -0.18229993 -0.70073419
v 0.10895787 -0.18758199 -0.47642187
v 0.10565218 -0.18527412 -0.38430750
v 0.10703671 -0.18561502 -0.34923016
v 0.10575688 -0.18660400 -0.29974457
v 0.10459912 -0.18735003 -0.21765481
v 0.10563893 -0.18999490 -0.11367429
v 0.11262947 -0.18511085 -0.08407890
v 0.10104007 -0.18951159 0.52075227
v 0.11135112 -0.18102864 0.62271238
v 0.10668978 -0.18628205 -0.14592260
v 0.10719930 -0.16239438 -0.15486976
v 0.10442890 -0.16898453 -0.20311123
v 0.10437559 -0.16256262 -0.18868146
v 0.10154347 -0.18781715 0.56275485
v 0.10606426 -0.11858602 -0.92369795
v 0.10315671 -0.12178667 0.83582816
v 0.10398692 -0.11362815 -0.28884499
v 0.10718118 -0.12174786 -0.27810142
v 0.10633229 -0.11402104 0.98746652
v 0.10698482 -0.11371543 -0.33928444
v 0.10160039 -0.06099782 0.19670276
v 0.11263246 -0.08112103 0.97673432
v 0.10594360 -0.07043610 -0.82694719
v 0.10550754 -0.07166728 -0.80733139
v 0.10589326 -0.05830335 -0.55966816
v 0.10617577 -0.07905515 -0.54474884
v 0.10771965 -0.05866954 -0.36363418
v 0.10497323 -0.05879458 -0.02596821
v 0.10522987 -0.05826267 0.13885675
v 0.10518609 -0.05914340 -0.92374744
v 0.10512065 -0.05894658 -0.89828973
v 0.10572447 -0.05850331 -0.79050678
v 0.10486914 -0.05913404 -0.67802399
v 0.10436101 -0.06008213 -0.29912380
v 0.10517968 -0.05792712 -0.25686377
v 0.10535151 -0.05787350 -0.16698476
v 0.10596785 -0.05905789 0.02674769
v 0.11348226 -0.05302329 0.13751113
v 0.10607297 0.00754211 0.92145730
v 0.12187916 -0.01224351 -0.99329229
v 0.10173499 0.12786853 0.52189090
v 0.10601954 0.28278008 0.16772655
v 0.08697254 0.29417429 -0.98763185
v 0.10160064 0.29568266 0.16954659
v 0.11933942 0.34959930 0.17691006
v 0.12801297 -0.28012743 -0.30501998
v 0.10451281 -0.27350714 -0.66802218
v 0.13639107 -0.25259858 -0.27274152
v 0.11290475 -0.26575062 0.74314054
v 0.10319494 -0.25255538 -0.62230552
v 0.12648019 -0.24452823 -0.25792323
v 0.12311159 -0.24465380 0.67188145
v 0.10435710 -0.23337520 -0.37832756
v 0.10237220 -0.23398381 0.75225952
v 0.11092366 -0.21847827 0.81094514
v 0.10990700 -0.21788056 0.90534435
v 0.11921092 -0.22087913 -0.52853851
v 0.11215777 -0.22145784 0.76646652
v 0.11322309 -0.21516722 0.93499531
v 0.10571804 -0.20943395 -0.66832809
v 0.10886203 -0.20233168 -0.61186361
v 0.10215682 -0.19994556 -0.48283389
v 0.11397865 -0.20109159 -0.28356786
v 0.12965666 -0.20289486 -0.25953346
v 0.10251423 -0.20526299 0.20760147
v 0.11513734 -0.20391601 0.72320721
v 0.10702468 -0.19567927 0.92092294
v 0.10839736 -0.19592977 -0.85001511
v 0.11352470 -0.19125229 -0.74672524
v 0.11269522 -0.20002047 -0.44573411
v 0.10689547 -0.19267832 -0.39068592
v 0.10553992 -0.19190521 -0.29733254
v 0.10680123 -0.18500587 -0.26611235
v 0.10653851 -0.19915544 -0.26339758
v 0.10962298 -0.19146576 -0.22217114
v 0.11112691 -0.19060158 -0.06285700
v 0.11101565 -0.19349975 0.02739572
v 0.10599557 -0.19657619 0.05835923
v 0.10508059 -0.19758328 0.68469520
v 0.10776895 -0.20304240 0.83853033
v 0.11953339 -0.18607971 0.89400930
v 0.10705997 -0.19317022 -0.80493317
v 0.11291294 -0.17816220 -0.78391975
v 0.11504526 -0.18035034 -0.74850295
v 0.10821092 -0.18408491 -0.63780203
v 0.10660086 -0.18660479 -0.54301236
v 0.10811905 -0.18989909 -0.44981909
v 0.11397363 -0.17940976 -0.21708557
v 0.10725172 -0.18384444 -0.20203854
v 0.11080103 -0.18506233 0.06743799
v 0.11402564 -0.18109901 0.68854976
v 0.11578450 -0.18865008 0.94488961
v 0.11100632 -0.15380801 -0.82779605
v 0.11249239 -0.17725188 -0.75854554
v 0.10937394 -0.18274407 -0.73593800
v 0.10811101 -0.18330077 -0.61086888
v 0.10582991 -0.18256016 -0.23642262
v 0.10884891 -0.18082478 0.02464623
v 0.11035601 -0.18505585 0.19285146
v 0.11250326 -0.18709979 0.20247364
v 0.11588795 -0.18826206 0.76201370
v 0.11394247 -0.17172422 -0.80642353
v 0.11262831 -0.16505738 -0.77384918
v 0.10612968 -0.18417465 -0.59426188
v 0.10956852 -0.16537482 -0.54122841
v 0.11309610 -0.16951261 -0.43685780
v 0.10744636 -0.16916133 -0.25006309
v 0.11592021 -0.17714153 -0.13763800
v 0.11423917 -0.17566613 -0.12060288
v 0.11376625 -0.16898833 -0.10551267
v 0.10814582 -0.16701318 0.19571649
v 0.10748530 -0.17933545 0.51631352
v 0.10702324 -0.13001249 -0.84500513
v 0.10577825 -0.17131393 -0.87390461
v 0.11375604 -0.16766279 -0.74468781
v 0.10913270 -0.15753630 -0.60783424
v 0.10724765 -0.15895628 -0.55791467
v 0.11377620 -0.15510391 -0.48595696
v 0.11093130 -0.17382629 -0.48176784
v 0.10724338 -0.16632090 -0.22165687
v 0.10955283 -0.16379923 -0.09992307
v 0.11336840 -0.17236491 -0.06590299
v 0.11131205 -0.15693616 0.09933502
v 0.10960444 -0.15535625 0.53564548
v 0.11690074 -0.15643611 -0.79542111
v 0.10808872 -0.14655875 -0.20995413
v 0.10858234 -0.15266233 -0.19388353
v 0.11283568 -0.13366869 -0.09412363
v 0.11206300 -0.14704850 0.68827222
v 0.10801490 -0.17147156 -0.91911057
v 0.10765690 -0.14792825 -0.51191703
v 0.11492278 -0.15723994 -0.41302606
v 0.10825701 -0.15048689 -0.34896142
v 0.11026389 -0.16669472 -0.04245560
v 0.10754050 -0.13316694 0.68081316
v 0.11238633 -0.15293295 0.75248371
v 0.11120529 -0.14359451 -0.80485163
v 0.10700616 -0.14920644 -0.76250200
v 0.10669475 -0.16068299 -0.68288189
v 0.11140945 -0.13128627 -0.52595783
v 0.10909959 -0.14368252 -0.47184034
v 0.10822694 -0.13131018 -0.43470428
v 0.10718753 -0.14567021 -0.39199136
v 0.10816252 -0.15488612 -0.31012323
v 0.11027245 -0.15291711 -0.23967408
v 0.11796993 -0.14604813 -0.18173968
v 0.11267705 -0.13830849 -0.08761719
v 0.10819113 -0.14390357 0.01952697
v 0.10827229 -0.14847500 0.19101107
v 0.11280626 -0.14849177 0.57271371
v 0.11224158 -0.13534876 0.60251871
v 0.10715922 -0.12310602 -0.67059040
v 0.10786453 -0.13071138 -0.61421022
v 0.10888651 -0.13614083 -0.54165969
v 0.10708892 -0.13585561 -0.17828495
v 0.11161549 -0.14834983 0.20266828
v 0.10735095 -0.11883965 -0.08085313
v 0.10668908 -0.10795014 -0.02889986
v 0.11228149 -0.12825550 0.63746649
v 0.11360689 -0.11517025 0.69023227
v 0.11088069 -0.12138702 0.78776334
v 0.11802655 -0.13289826 0.85300391
v 0.10856312 -0.11985181 -0.91345374
v 0.11395936 -0.11761440 -0.81436682
v 0.10804104 -0.12076957 -0.52062438
v 0.10760344 -0.13396214 -0.48672617
v 0.10740368 -0.11524474 -0.39747212
v 0.10719724 -0.11225278 -0.23599445
v 0.10693073 -0.10640556 -0.12580432
v 0.11529667 -0.11409522 0.81838099
v 0.11475652 -0.12302283 0.87350889
v 0.11190241 -0.11393806 0.88817513
v 0.11678679 -0.11693001 0.95128206
v 0.10810377 -0.11855366 -0.77939800
v 0.10956364 -0.09496204 -0.25226520
v 0.10821773 -0.10433934 0.13751103
v 0.11554861 -0.10698064 0.75333308
v 0.11310118 -0.11202430 0.78921270
v 0.10359704 -0.12095996 0.85443940
v 0.11364588 -0.10312484 0.92664307
v 0.10536839 -0.08356934 -0.91183722
v 0.10754672 -0.09973574 -0.83076907
v 0.10699964 -0.10492053 -0.80551009
v 0.10658629 -0.08852904 -0.67542443
v 0.10780785 -0.08991233 -0.48603851
v 0.10756724 -0.09005083 -0.45675211
v 0.10730941 -0.09379811 -0.38075367
v 0.10983042 -0.10115797 -0.01312780
v 0.11286383 -0.09921119 0.01455866
v 0.11414786 -0.09578522 0.14722204
v 0.10676778 -0.10408211 0.17623204
v 0.11871366 -0.10148882 0.98707141
v 0.10652728 -0.08589043 -0.78675486
v 0.10719754 -0.09037417 -0.63863853
v 0.10841541 -0.09616828 -0.30588210
v 0.10576999 -0.07647046 -0.25338772
v 0.10698482 -0.10457062 0.02342040
v 0.09442870 -0.08870226 0.17962168
v 0.11736961 -0.09559640 0.95300412
v 0.12241838 -0.08857582 -0.80973503
v 0.10522542 -0.05914404 -0.76638882
v 0.10761615 -0.09140878 -0.57532830
v 0.10745353 -0.09129838 -0.56259924
v 0.10479623 -0.05868321 -0.49237685
v 0.11134228 -0.07583074 -0.48830951
v 0.11408557 -0.08780204 -0.28956680
v 0.11903069 -0.08469665 -0.26199469
v 0.10772698 -0.08855295 -0.16859070
v 0.10772055 -0.09091732 -0.14868209
v 0.11338183 -0.08277937 -0.13681755
v 0.10698779 -0.07410093 -0.12980306
v 0.10662123 -0.05826391 -0.02083465
v 0.11401074 -0.09061559 0.02007863
v 0.11363139 -0.08852822 -0.92939734
v 0.11264542 -0.07500163 -0.63394740
v 0.10512149 -0.07037785 -0.57519973
v 0.11460903 -0.06784727 -0.56075940
v 0.11266835 -0.07484066 -0.45241700
v 0.10544531 -0.05853070 -0.18020735
v 0.10624395 -0.05845697 -0.09020113
v 0.11032339 -0.05849005 -0.78011011
v 0.10572865 -0.05988183 -0.62642374
v 0.11245241 -0.05892025 -0.45250859
v 0.10545796 -0.05994625 -0.44367202
v 0.10630107 -0.05907125 -0.14669229
v 0.11287180 -0.05787385 0.14572929
v 0.11413816 -0.05450230 -0.76584063
v 0.11397586 -0.05458601 -0.68008793
v 0.11395110 -0.05427132 -0.62371299
v 0.11468647 -0.05433086 -0.55638709
v 0.11363172 -0.05443190 -0.30272015
v 0.11379480 -0.05445059 -0.24786916
v 0.11392791 -0.05419107 -0.18012557
v 0.11453866 -0.06117921 -0.15964379
v 0.11495188 -0.05384769 -0.13707464
v 0.11435998 -0.05444355 0.02750001
v 0.11338092 0.01659809 0.92403245
v 0.13180216 -0.00521989 -0.97869082
v 0.11630390 0.03249051 0.92548624
v 0.11223044 0.03543063 0.18123894
v 0.12244530 0.04912390 -0.98430470
v 0.10714411 0.05979080 0.86547996
v 0.11285660 0.11501378 0.57749429
v 0.07229784 0.17687319 0.50122602
v 0.09767768 0.20398597 0.48523254
v 0.12638825 0.27637975 0.37673453
v 0.06987765 0.36362955 -0.98616896
v 0.12167817 0.36814448 0.17249201
v 0.05948172 0.37635038 -0.97978635
v 0.12145052 0.36949864 -0.61291932
v 0.10802533 -0.27826571 -0.65314362
v 0.08515256 -0.27860948 -0.28618126
v 0.09182865 -0.27583135 -0.31954110
v 0.13987616 -0.27253482 -0.28398596
v 0.12043056 -0.25626528 -0.81440248
v 0.12851910 -0.25532401 -0.80583401
v 0.13166574 -0.23559693 -0.71351543
v 0.11114884 -0.24121012 -0.68693604
v 0.12885914 -0.23794364 -0.34113641
v 0.12290421 -0.22622895 0.73415180
v 0.13085035 -0.22648362 -0.55586976
v 0.11190805 -0.21796761 -0.45076970
v 0.10538448 -0.22595077 -0.41620077
v 0.11016058 -0.23012766 0.64316834
v 0.10829335 -0.21612511 0.62042082
v 0.12792971 -0.20472351 -0.55372960
v 0.11462866 -0.20046085 0.78881641
v 0.12294478 -0.20802525 0.93028478
v 0.13063583 -0.20534217 -0.31510520
v 0.10783959 -0.19305972 0.62398716
v 0.12176093 -0.20077480 0.70692820
v 0.10995270 -0.19553715 0.74283427
v 0.12003055 -0.18790002 0.93164930
v 0.12310042 -0.19532745 -0.81564282
v 0.12984967 -0.19809250 -0.21549633
v 0.11617887 -0.19675214 0.69818677
v 0.12066763 -0.18927285 0.79286524
v 0.11511782 -0.19426449 0.84104303
v 0.12126107 -0.18534401 -0.81232429
v 0.12344402 -0.18628251 -0.75094458
v 0.13529948 -0.19687424 -0.73614635
v 0.13130682 -0.18739568 -0.08543207
v 0.11247976 -0.19191174 0.66845469
v 0.12016347 -0.17696758 -0.81376439
v 0.12559460 -0.17492411 -0.80391987
v 0.13326759 -0.17830273 -0.77680044
v 0.12588379 -0.17877866 -0.21440990
v 0.12000926 -0.17519019 -0.52967596
v 0.12973602 -0.17644365 -0.42891883
v 0.11137178 -0.16520118 -0.39412144
v 0.11456429 -0.17291291 -0.10576098
v 0.12879711 -0.18536608 0.20426678
v 0.12088504 -0.16953624 0.61917192
v 0.12209745 -0.18308058 0.65147769
v 0.11807964 -0.16648990 0.84577250
v 0.12138887 -0.17120839 0.97126195
v 0.12014186 -0.16840003 -0.72352420
v 0.11433080 -0.15812151 -0.48457842
v 0.12401401 -0.16446079 -0.13706635
v 0.11283453 -0.14641885 -0.13211445
v 0.11300915 -0.16765172 -0.11009335
v 0.12102132 -0.16866453 -0.11646250
v 0.11407793 -0.16093224 0.51960526
v 0.11874795 -0.17035938 0.75139421
v 0.11980190 -0.15598132 0.82014966
v 0.11931659 -0.17334395 0.95287309
v 0.12232330 -0.15460754 -0.18563110
v 0.11509599 -0.15525567 0.60443597
v 0.11954307 -0.15057542 0.90967773
v 0.11879544 -0.14384195 0.94235668
v 0.11345435 -0.15883839 -0.51484365
v 0.11991885 -0.13933754 0.65511491
v 0.14172915 -0.15259270 -0.51632830
v 0.13267709 -0.13773058 -0.09499931
v 0.11864418 -0.13352734 0.61519417
v 0.11145564 -0.12971707 0.75880742
v 0.11874659 -0.13377789 0.96205315
v 0.11546699 -0.13771610 0.63144822
v 0.11723712 -0.12776332 0.82187752
v 0.12086766 -0.12321424 0.93343038
v 0.12141864 -0.13147589 0.94854393
v 0.12304167 -0.11886341 0.54014219
v 0.11266736 -0.11266108 0.61951475
v 0.11635367 -0.10907670 0.65610382
v 0.12811645 -0.11213696 0.88183589
v 0.10897889 -0.10815899 0.20247130
v 0.11430131 -0.12308690 0.54333717
v 0.11701953 -0.11341890 0.56774570
v 0.11641539 -0.10557685 0.82920328
v 0.13240485 -0.10420487 0.87450731
v 0.11891103 -0.09958624 -0.96477363
v 0.11425484 -0.10040906 -0.95214493
v 0.12559755 -0.09935377 -0.92705535
v 0.11596243 -0.09899025 -0.81450962
v 0.12071940 -0.09923424 0.63562040
v 0.11113656 -0.09034817 -0.96784776
v 0.13057975 -0.09076438 -0.92067568
v 0.12747527 -0.08362468 -0.82472010
v 0.09964966 -0.09216012 0.19731533
v 0.12354158 -0.08752496 0.97086458
v 0.11398770 -0.08403668 -0.45853510
v 0.11085641 -0.06704341 -0.96751526
v 0.11464440 -0.05909401 -0.67298127
v 0.11430945 -0.05957403 -0.92973262
v 0.11320750 -0.05915272 0.02066166
v 0.11405318 -0.05423667 -0.79392771
v 0.13363753 -0.05911708 -0.77654213
v 0.11349545 -0.05451779 -0.08976779
v 0.12132046 0.02593519 0.92401980
v 0.12144310 0.05722336 0.86561736
v 0.12196385 0.06916616 0.88911937
v 0.13803495 0.14433974 0.19358261
v 0.11297629 0.23592331 0.47041941
v 0.11963233 0.29604038 0.17428019
v 0.11675860 0.36402374 -0.46015907
v 0.14261352 0.36443111 -0.65563955
v 0.13037068 -0.24878069 -0.67895658
v 0.10260073 -0.25339721 -0.32585398
v 0.13445122 -0.22551841 -0.41711135
v 0.12786497 -0.22994183 -0.40288070
v 0.12598588 -0.22335087 -0.75003740
v 0.13542298 -0.21826539 0.62067019
v 0.13204246 -0.20208646 -0.57460590
v 0.10920074 -0.21186858 -0.54551308
v 0.13370631 -0.20305192 -0.48461871
v 0.13076481 -0.20439585 -0.44621582
v 0.12977001 -0.20158136 -0.34988958
v 0.14473449 -0.20497264 0.20542630
v 0.12965639 -0.19856725 0.70617950
v 0.12385606 -0.18511595 0.64313430
v 0.12521264 -0.20043698 0.68267099
v 0.12999051 -0.18254590 -0.80631622
v 0.12693540 -0.19379290 -0.37186286
v 0.16141618 -0.18841027 0.98643065
v 0.12314140 -0.17975879 -0.47631033
v 0.13250537 -0.18630095 -0.39703701
v 0.13148254 -0.18415298 0.65209351
v 0.12441725 -0.16484581 -0.76146137
v 0.12871973 -0.15661757 -0.46559132
v 0.12251475 -0.16575534 -0.19718584
v 0.13415493 -0.17318711 0.61660010
v 0.13469113 -0.16719197 0.66181317
v 0.12503610 -0.17931411 0.82577168
v 0.13000551 -0.17614109 0.96851028
v 0.11953530 -0.16487395 -0.81182720
v 0.13598475 -0.16605795 -0.73995053
v 0.12768077 -0.15797328 -0.20597102
v 0.13726798 -0.16330168 -0.11640315
v 0.12877568 -0.15902073 -0.10553315
v 0.14438111 -0.15085223 0.60681393
v 0.12079422 -0.14379637 0.77123183
v 0.13075197 -0.16841580 0.80203796
v 0.12483502 -0.14051897 -0.81494385
v 0.13065899 -0.14766337 -0.80769748
v 0.12498445 -0.15983971 -0.78326836
v 0.11749952 -0.15734502 -0.19823446
v 0.13200850 -0.15781591 -0.09733670
v 0.13057345 -0.16914070 0.97490352
v 0.13148275 -0.15231416 -0.15246160
v 0.12686564 -0.14475927 -0.14009495
v 0.14380993 -0.14136689 0.65692476
v 0.12154428 -0.14376421 0.60950708
v 0.12609499 -0.12172213 0.71685230
v 0.13029692 -0.13577892 0.74811481
v 0.13054484 -0.13939912 0.80489296
v 0.13205177 -0.13223949 0.95351647
v 0.12845579 -0.12086883 -0.11788106
v 0.12548445 -0.12339878 0.63978989
v 0.12744426 -0.13047517 0.91185426
v 0.12427207 -0.11735298 -0.80353964
v 0.11945925 -0.10973622 0.74208502
v 0.11942135 -0.13044863 0.88983277
v 0.12368748 -0.11473590 0.92692991
v 0.12919901 -0.11799932 0.95723346
v 0.12272924 -0.11356653 0.97695450
v 0.13098297 -0.11783937 0.97985539
v 0.12964950 -0.11381487 -0.11263237
v 0.13204333 -0.09546703 -0.78012898
v 0.12792013 -0.09906966 -0.13941963
v 0.12479360 -0.09331666 -0.12890561
v 0.11130245 -0.09066542 -0.01698004
v 0.13761277 -0.09933412 0.15297214
v 0.12429307 -0.09450052 0.55323023
v 0.13012039 -0.09045881 0.91867039
v 0.13578101 -0.10007983 0.17228526
v 0.13503553 -0.07158777 0.64794025
v 0.12223546 -0.09591605 0.74573018
v 0.12392885 -0.09027220 0.89231709
v 0.12152598 -0.09918121 0.70581409
v 0.13527103 -0.09282563 0.88662514
v 0.13104590 -0.08476638 0.86470394
v 0.13532621 -0.07484170 -0.92878296
v 0.11820992 -0.07351981 -0.82205081
v 0.13139841 -0.07537499 -0.81264593
v 0.11355582 -0.07635378 -0.67281972
v 0.11466509 -0.08243841 -0.66423020
v 0.11381379 -0.08212875 -0.64090765
v 0.13182656 -0.07775011 0.56131761
v 0.11372408 -0.05467426 -0.92212405
v 0.13738814 -0.02001256 -0.98794479
v 0.12844294 -0.05567624 0.92194962
v 0.13587032 -0.01624105 0.90738627
v 0.09994366 -0.01054290 0.18216357
v 0.12588107 0.03283263 0.91599182
v 0.13344375 0.02673367 0.89944193
v 0.13107970 0.04745170 0.87379863
v 0.18226147 0.20336293 0.47475686
v 0.11993580 0.22185173 0.47671393
v 0.13265939 0.29672462 0.16893613
v 0.10613026 0.36702771 0.04806034
v 0.14376633 0.37154852 0.15472684
v 0.13503624 -0.24875952 -0.62081161
v 0.12978415 -0.25537111 -0.81940232
v 0.13374158 -0.24580118 -0.61273602
v 0.13394289 -0.23200288 -0.38112019
v 0.13755503 -0.23211918 -0.34634667
v 0.13339886 -0.21083020 -0.67265352
v 0.13268534 -0.21140532 -0.64736023
v 0.13600067 -0.23644443 -0.68088695
v 0.13555207 -0.21043174 -0.62151841
v 0.13708974 -0.22262074 -0.72432215
v 0.13476823 -0.20305455 -0.70919626
v 0.13743718 -0.21714150 -0.44452631
v 0.13817415 -0.23861210 -0.26422571
v 0.13492503 -0.23164349 -0.23907932
v 0.13119351 -0.22262889 -0.21435801
v 0.13545512 -0.21011037 -0.27683371
v 0.13771649 -0.20299244 -0.74578830
v 0.13219996 -0.20951095 -0.52321346
v 0.13489174 -0.19959057 -0.22491155
v 0.13840539 -0.20405577 0.49405422
v 0.13880047 -0.20713457 0.71614041
v 0.13300971 -0.20405447 0.74025397
v 0.13876897 -0.19730488 0.20031063
v 0.13703004 -0.19205670 0.65263583
v 0.13250993 -0.17685520 0.74489157
v 0.12974119 -0.19902102 -0.81973825
v 0.13930335 -0.18927119 -0.53016919
v 0.14284712 -0.17409103 0.71270833
v 0.13891407 -0.18679948 -0.47679244
v 0.14533757 -0.17446585 -0.46437926
v 0.13711606 -0.18051477 -0.07996859
v 0.12877066 -0.17766155 0.95490274
v 0.13625714 -0.16576667 -0.80599077
v 0.12989337 -0.16792016 -0.79335557
v 0.12891746 -0.18010340 -0.75856764
v 0.13043172 -0.16633989 -0.40463916
v 0.12629854 -0.17381072 -0.11358418
v 0.13457151 -0.16581970 -0.07887164
v 0.13957488 -0.15647794 0.71583283
v 0.12954216 -0.15106513 0.74589659
v 0.14537267 -0.15716135 -0.53769375
v 0.12277389 -0.14604888 0.69336087
v 0.13570593 -0.15115227 -0.11419889
v 0.12249870 -0.14251451 -0.08343206
v 0.14374219 -0.13842075 0.71686817
v 0.13275949 -0.14486315 0.78918509
v 0.13162927 -0.13208272 -0.10581660
v 0.12934949 -0.12188910 0.95168678
v 0.13887544 -0.11330621 0.89624893
v 0.12881246 -0.12995639 -0.80199476
v 0.13870125 -0.12724073 -0.11604070
v 0.13965796 -0.09055077 -0.01664559
v 0.13726925 -0.09848270 -0.01125668
v 0.13725898 -0.09976586 0.20046186
v 0.12939662 -0.11125581 -0.80763037
v 0.13454976 -0.08449381 0.90374687
v 0.12871403 -0.07446880 -0.77795323
v 0.13407438 -0.08322927 -0.78930499
v 0.11817445 -0.07883134 -0.15496100
v 0.13194413 -0.07304247 0.89316987
v 0.10955291 -0.05938934 -0.29364773
v 0.13795621 -0.07147130 0.86051625
v 0.13477985 -0.07235688 0.87887658
v 0.13550435 -0.07262542 0.91866294
v 0.14585616 -0.05050386 0.91092713
v 0.11407159 -0.05415671 -0.44419347
v 0.11435867 -0.05446780 -0.36246813
v 0.13585766 -0.05410638 0.89740408
v 0.13140940 -0.03906733 0.90272003
v 0.13672739 -0.00707257 0.89257250
v 0.13051204 -0.00299740 0.91771213
v 0.13909773 0.01127016 0.87891754
v 0.13680938 0.03692067 0.89214689
v 0.12303349 0.04623842 0.89909250
v 0.14889864 0.03855029 0.84669224
v 0.13867674 0.06553990 0.81413871
v 0.12271884 0.12464645 0.51800625
v 0.15111627 0.25982668 0.20727701
v 0.10592593 0.36623362 -0.80584227
v 0.14091480 0.35767814 0.17260328
v 0.14475117 0.37687786 -0.94276573
v 0.10501252 0.37637473 -0.30819090
v 0.10850927 0.37849812 -0.28676984
v 0.14499118 -0.27909173 -0.65314760
v 0.11495052 -0.27302057 0.73414076
v 0.13311992 -0.27415340 0.70832488
v 0.15255875 -0.25428276 -0.32018092
v 0.14663468 -0.24501942 -0.27123684
v 0.14139614 -0.24364981 -0.32609885
v 0.13590377 -0.23626273 0.66627969
v 0.13747124 -0.22602883 0.72906167
v 0.14461023 -0.22642595 -0.65698728
v 0.14498862 -0.22543686 -0.63680075
v 0.14048563 -0.22483275 0.71362905
v 0.14194200 -0.21726102 -0.37584425
v 0.14955172 -0.22473976 -0.30856697
v 0.13979230 -0.21013348 -0.30535506
v 0.15047910 -0.22188506 -0.29044539
v 0.14278208 -0.21285419 0.66088276
v 0.13976115 -0.21083561 0.67880518
v 0.20974650 -0.16672396 -0.80605789
v 0.13719091 -0.20756853 -0.34598739
v 0.14366806 -0.20968399 0.04262441
v 0.14599110 -0.21499167 0.08994945
v 0.14722122 -0.21055974 0.09825184
v 0.14151362 -0.20194453 0.62726491
v 0.14338232 -0.19883717 -0.37694671
v 0.14000030 -0.20109890 -0.03421103
v 0.13940520 -0.19896650 -0.03268523
v 0.13867570 -0.19945921 0.09813799
v 0.14494733 -0.20868222 0.18956208
v 0.14020928 -0.19674607 -0.43053505
v 0.13791136 -0.20517835 0.06393436
v 0.15450681 -0.18391552 -0.48429299
v 0.14482208 -0.19730684 -0.40937440
v 0.13012286 -0.18471457 0.95090592
v 0.12176713 -0.19094489 0.97460361
v 0.13853028 -0.17649229 -0.09511462
v 0.14823132 -0.16998890 0.65571628
v 0.14655049 -0.17000594 -0.77030508
v 0.13810110 -0.16061121 -0.72046145
v 0.14532275 -0.15620908 -0.71421565
v 0.14531226 -0.15724086 -0.76880423
v 0.15292020 -0.15219464 -0.47412367
v 0.12180097 -0.13841158 0.97426419
v 0.13152086 -0.13265096 0.64155517
v 0.13060583 -0.13296528 0.96984173
v 0.13994928 -0.11095900 0.09763071
v 0.13828415 -0.11305638 0.19311044
v 0.13941381 -0.10889529 -0.02484141
v 0.13876528 -0.10818453 0.02228896
v 0.13815053 -0.10858071 0.08683399
v 0.14259255 -0.10300078 0.14287051
v 0.14231675 -0.10162491 0.17665854
v 0.14572418 -0.10016079 0.19346341
v 0.14293924 -0.10697178 -0.03776244
v 0.14692781 -0.10045840 0.02455507
v 0.14527025 -0.10068795 0.08523825
v 0.14529614 -0.08910642 0.19772838
v 0.16469173 -0.10017572 -0.96676502
v 0.17332799 -0.08285431 -0.45923948
v 0.15696245 -0.08363692 0.89024948
v 0.11380473 -0.05834398 -0.63366527
v 0.11357974 -0.06118917 -0.48665918
v 0.11322728 -0.05727625 -0.01727387
v 0.13676497 -0.06646576 0.57265683
v 0.13940915 -0.06481821 0.84485018
v 0.14213114 -0.05892137 -0.97004348
v 0.11392260 -0.05410491 -0.02712919
v 0.14466755 -0.06034270 0.57173063
v 0.14103510 -0.04738258 0.89349037
v 0.14463343 -0.05166858 0.59119378
v 0.14926555 -0.00509153 0.90885840
v 0.14373561 0.00741778 0.86829107
v 0.13321317 0.01567221 0.89199852
v 0.13939014 0.03095884 0.87155991
v 0.17067670 0.03728184 0.90167397
v 0.21400639 0.08373444 0.18207420
v 0.13301548 0.09047112 0.18066985
v 0.15638526 0.10330957 0.61603400
v 0.16560899 0.13490656 0.50368277
v 0.12714062 0.28029981 0.16692483
v 0.14488341 0.28475458 0.17411975
v 0.12699673 0.37207004 -0.06510245
v 0.17666115 0.36253554 -0.29873697
v 0.14196575 -0.27455090 -0.63571739
v 0.15389632 -0.26826648 -0.31012536
v 0.14126451 -0.24394435 0.69834894
v 0.15399029 -0.20938005 -0.03694310
v 0.12269037 -0.18984991 0.95504837
v 0.14753082 -0.17025096 -0.74752068
v 0.14562236 -0.16997700 -0.72381085
v 0.14725056 -0.16954747 0.61820049
v 0.14974102 -0.14001891 0.61510431
v 0.13597204 -0.14162674 -0.48127368
v 0.17514497 -0.13560107 -0.08597879
v 0.15189568 -0.11585038 -0.04128035
v 0.14234691 -0.13169776 -0.09650762
v 0.13859363 -0.09841396 0.01350542
v 0.15366082 -0.09971099 0.06754624
v 0.15415274 -0.10222174 0.09812870
v 0.15143591 -0.09986447 0.12955298
v 0.15618503 -0.09048930 -0.93368853
v 0.13850437 -0.08324729 -0.77076317
v 0.11442321 -0.08315424 -0.48379023
v 0.13259095 -0.05989128 -0.16965931
v 0.11375429 -0.06085084 -0.14630088
v 0.15347659 -0.07449824 0.89289627
v 0.15567755 -0.05971899 0.92138738
v 0.14874648 -0.05375640 -0.98907749
v 0.14290166 -0.05474598 -0.78353140
v 0.19693144 -0.05467191 -0.78551748
v 0.13715669 -0.05552125 -0.75789013
v 0.09971999 -0.04025528 0.19322912
v 0.15063276 -0.03823731 0.59667711
v 0.15162528 -0.03896581 0.71240190
v 0.15305861 -0.04237557 0.79750293
v 0.15464833 -0.01585083 0.83800847
v 0.13814684 0.05905760 0.18083228
v 0.15099241 0.07879499 0.74715117
v 0.16444667 0.27760274 0.27271519
v 0.16097657 0.34053166 0.17672832
v 0.14757436 0.35117358 -0.98681103
v 0.12392531 0.36424021 -0.70452807
v 0.10508042 0.37446299 -0.26691059
v 0.17870950 0.35741385 0.16197336
v 0.19130136 0.35755230 -0.28708769
v 0.16575671 -0.27756459 0.71598740
v 0.15925288 -0.27151544 -0.66370058
v 0.16408544 -0.25569339 0.74705771
v 0.16369770 -0.24738388 0.74658942
v 0.15806622 -0.23184745 0.70898555
v 0.16046228 -0.22657888 0.72668081
v 0.14583246 -0.21146787 -0.02800971
v 0.15451028 -0.21224021 0.04099790
v 0.14824487 -0.21612002 0.05357547
v 0.14392417 -0.21313622 0.07289854
v 0.15038897 -0.21022534 0.22529644
v 0.16733053 -0.17904991 -0.08639949
v 0.15685315 -0.19070861 -0.52225720
v 0.15426775 -0.16134996 -0.73402104
v 0.15248038 -0.16092930 -0.52535251
v 0.15727338 -0.15407936 -0.09500692
v 0.12960470 -0.14102986 -0.82226844
v 0.13050040 -0.16017091 -0.82004764
v 0.17712988 -0.14170558 -0.80713940
v 0.14548164 -0.13657970 -0.10546582
v 0.19836866 -0.13862236 -0.82102204
v 0.19935326 -0.11056032 -0.80470122
v 0.15130103 -0.09878976 -0.01771640
v 0.15859973 -0.09804315 0.17901722
v 0.14354744 -0.09017691 0.02014663
v 0.16079865 -0.09396757 0.88786139
v 0.16219067 -0.09106090 0.89845447
v 0.16407159 -0.08115505 0.90376196
v 0.14781715 -0.08712541 0.91164545
v 0.13685740 -0.07978932 -0.29405674
v 0.20203839 -0.05795648 -0.01716886
v 0.19452214 -0.05856115 -0.45279799
v 0.15975628 -0.04500794 0.90690900
v 0.15428582 -0.04362521 0.58580742
v 0.15196759 -0.02115419 0.82338122
v 0.15909717 0.01749097 0.19407914
v 0.16505371 0.01165575 0.88629661
v 0.16391776 0.01779891 -0.98267774
v 0.15681950 0.03895559 0.80982760
v 0.14531188 0.00972899 0.85277695
v 0.15133956 0.01642162 0.82129852
v 0.15549980 0.02200512 0.86322494
v 0.12788384 0.03627659 -0.97733483
v 0.15359264 0.06121796 0.79493704
v 0.17129807 0.14245720 0.19355497
v 0.17874059 0.23174273 0.19518314
v 0.15037188 0.26823251 0.16645228
v 0.17563671 0.26424946 0.21727392
v 0.17758152 0.27928320 0.17233245
v 0.13779722 0.27592600 0.23080149
v 0.15738883 0.30152885 0.17023360
v 0.19737826 0.33346715 -0.43832028
v 0.20556600 0.33906823 -0.81777923
v 0.15334296 -0.27150743 -0.29158911
v 0.18999987 -0.28042105 0.71233873
v 0.16182780 -0.25949888 -0.27377970
v 0.16173755 -0.25548532 0.69739807
v 0.16281601 -0.27099542 0.73858892
v 0.14911272 -0.24837587 -0.67263947
v 0.17490290 -0.24685310 -0.62170239
v 0.16408729 -0.23012711 -0.66154327
v 0.15637516 -0.23057366 -0.27968234
v 0.14864903 -0.19995501 -0.04161118
v 0.16541549 -0.16286957 -0.07740871
v 0.17432041 -0.16484257 -0.06236137
v 0.16100023 -0.09961866 -0.93867296
v 0.15413671 -0.09989763 0.08902280
v 0.15014403 -0.09813589 0.14615427
v 0.15052633 -0.09197638 0.14543813
v 0.16258588 -0.06202511 -0.77559366
v 0.17653858 -0.08487130 -0.15210269
v 0.12127457 -0.06182858 0.17988272
v 0.27034824 -0.07452832 -0.45258539
v 0.18544481 -0.07858790 -0.26270974
v 0.18453178 -0.05927802 -0.29317017
v 0.15385369 -0.05333703 -0.96915079
v 0.15413063 -0.05482990 -0.92449476
v 0.11359405 -0.05446062 0.12077762
v 0.15474747 -0.04690058 0.85175291
v 0.15905392 -0.03539779 0.59661605
v 0.16145131 -0.03535383 0.75438522
v 0.16813006 -0.01105284 0.75854447
v 0.16623247 -0.01581795 0.79474964
v 0.16940823 0.00649606 0.90759619
v 0.21609844 0.00329036 0.18199734
v 0.16880123 0.02633959 0.78527345
v 0.16670907 0.04023614 0.75842093
v 0.16803772 0.05581960 0.75514838
v 0.17080067 0.07209633 0.72785793
v 0.16096654 0.07706552 -0.98164989
v 0.13402906 0.22320811 -0.98184442
v 0.15710244 0.25892446 0.44153592
v 0.16432232 0.26998677 0.39140704
v 0.15712223 0.28720473 -0.98206462
v 0.17330356 0.32099959 0.17238750
v 0.22682812 0.34302342 -0.65039437
v 0.13899326 0.36470108 -0.32449076
v 0.12416042 0.36611265 -0.09458767
v 0.16874627 0.35964582 -0.98400875
v 0.21526855 0.36642212 -0.95310456
v 0.16125714 -0.27158725 -0.63598808
v 0.18818806 -0.25894009 0.68840737
v 0.17708853 -0.25148808 -0.67672502
v 0.16361893 -0.23630355 0.74163009
v 0.16943726 -0.23030383 -0.63197065
v 0.19391835 -0.21487404 -0.63645703
v 0.16480036 -0.20904741 0.48286263
v 0.18414586 -0.17051532 -0.09142237
v 0.17694136 -0.15953393 -0.08842321
v 0.17786531 -0.15421144 -0.06670301
v 0.17591277 -0.10701238 -0.78768542
v 0.17684652 -0.11557008 -0.12676456
v 0.18376845 -0.07445929 -0.29417431
v 0.17060201 -0.08237965 -0.28720923
v 0.17829106 -0.05872743 0.19695308
v 0.17558049 -0.07485746 0.92185504
v 0.17749102 -0.07232593 -0.14616992
v 0.18532868 -0.05701331 -0.25742519
v 0.17158712 -0.05712143 -0.17096045
v 0.20087251 -0.05853604 -0.96956223
v 0.15943194 -0.05867122 -0.93376260
v 0.19797250 -0.05579025 -0.75751851
v 0.20987228 -0.05435059 -0.34823315
v 0.14147323 -0.05436945 -0.18119201
v 0.18384656 -0.05613449 -0.08758697
v 0.19673349 -0.05381488 0.02745216
v 0.18837603 -0.03558591 -0.99041075
v 0.16218584 -0.03929773 0.84149436
v 0.19482341 -0.03449004 0.60848448
v 0.17790647 -0.01935065 0.78398330
v 0.19411384 -0.02457721 0.83242465
v 0.17001719 0.01505853 0.84196689
v 0.17328141 0.04243035 0.73207006
v 0.18172881 0.05686203 0.69800822
v 0.16894227 0.08766706 0.68236158
v 0.19864591 0.11393550 0.51229355
v 0.18929516 0.14511463 0.17138323
v 0.18151462 0.20655837 0.19539730
v 0.17181518 0.22250943 0.47221740
v 0.18653687 0.24529105 0.45503135
v 0.19656942 0.26495191 0.23476061
v 0.15606518 0.35397643 -0.12078826
v 0.13032644 0.37200322 -0.63495927
v 0.18181427 -0.26521212 -0.62146915
v 0.18249833 -0.27871741 -0.29305121
v 0.17885361 -0.24297546 -0.26605410
v 0.18954383 -0.21837116 -0.28561747
v 0.18370534 -0.16985102 -0.07983486
v 0.20655384 -0.16013801 -0.08598279
v 0.20963469 -0.10194840 0.18439925
v 0.17939152 -0.09873200 0.19734727
v 0.18871707 -0.08092298 -0.64047746
v 0.18972346 -0.07536336 -0.14074325
v 0.17037888 -0.07498004 0.89689366
v 0.18949764 -0.06516170 0.56861608
v 0.15311152 -0.06775372 0.85171204
v 0.19155906 -0.05899905 -0.17487643
v 0.19282835 -0.05717819 -0.09596033
v 0.19287501 -0.04163754 0.85767090
v 0.21432495 -0.04400376 0.90011406
v 0.19782324 -0.01909159 0.18258694
v 0.18187289 -0.01269019 0.72747928
v 0.17994536 -0.01430241 0.75070415
v 0.17760826 -0.01756780 0.75931609
v 0.17575705 -0.00916265 -0.98089446
v 0.17749892 -0.01151364 0.73661007
v 0.18116362 0.01532278 0.89909519
v 0.18137454 0.02067643 0.71148799
v 0.20277558 0.00191468 0.83949829
v 0.18017645 0.03005693 0.72949386
v 0.17774643 0.03183198 0.75077473
v 0.17620209 0.02211956 0.90150435
v 0.17261273 0.03573171 -0.97949015
v 0.17802353 0.06446349 0.19463847
v 0.17897551 0.09327167 0.63419897
v 0.17864170 0.11078443 0.53793241
v 0.23464614 0.09687288 -0.98688948
v 0.17512107 0.18461570 -0.98069964
v 0.18465273 0.26032269 0.41323795
v 0.19584587 0.26787235 0.29866075
v 0.18372263 0.30036763 0.17674097
v 0.18887632 0.34274406 -0.99105882
v 0.13994503 0.36081114 -0.03219473
v 0.19195283 -0.35651985 -0.61541850
v 0.19129591 -0.36511113 0.74328152
v 0.19053393 -0.32118160 0.62824213
v 0.19119492 -0.36013985 0.68934976
v 0.19195298 -0.32396470 -0.72182654
v 0.18780096 -0.28483049 -0.63915873
v 0.19576549 -0.28351708 -0.66785381
v 0.19708475 -0.26654114 -0.60193602
v 0.18298022 -0.27232466 -0.31190444
v 0.19169656 -0.27178477 0.74370910
v 0.19048070 -0.27560305 -0.27177822
v 0.19154215 -0.24494977 0.75355493
v 0.19304459 -0.26668654 0.59126406
v 0.19075692 -0.25771848 0.83939412
v 0.18687834 -0.22917184 0.69531038
v 0.18125761 -0.21932446 0.72418284
v 0.18985940 -0.22016617 0.70347335
v 0.19344903 -0.17126899 -0.53030859
v 0.19224248 -0.15815245 -0.19775433
v 0.19226485 -0.14171818 -0.26298962
v 0.22128987 -0.16165949 -0.05934748
v 0.19218933 -0.15465777 -0.34420189
v 0.19025205 -0.15252987 -0.07832425
v 0.19134057 -0.13964423 0.77323801
v 0.19382212 -0.11775489 -0.29560790
v 0.19276856 -0.11050598 -0.10929481
v 0.17826035 -0.11437502 -0.11048443
v 0.18795005 -0.09839926 0.16920214
v 0.19041685 -0.09685923 -0.01689096
v 0.19129771 -0.08510171 -0.08281282
v 0.17730765 -0.09795332 -0.93013337
v 0.18924654 -0.07711097 -0.28571983
v 0.19157983 -0.07525270 -0.10010964
v 0.18649411 -0.07302050 -0.08647567
v 0.19315155 -0.07523827 -0.07675146
v 0.18779794 -0.05731648 -0.14930780
v 0.19161499 -0.05851275 -0.07947661
v 0.23976293 -0.07201690 0.86084429
v 0.19983538 -0.05708978 -0.28389300
v 0.18737569 -0.05484298 -0.30236281
v 0.20138010 -0.05469568 -0.17872663
v 0.20933403 -0.02589300 0.83793249
v 0.19838982 -0.01717073 0.68611963
v 0.18696272 -0.01698975 0.73523735
v 0.18470701 -0.01368433 0.70626815
v 0.20950662 0.00757374 -0.98085014
v 0.19172347 -0.01253591 0.67957741
v 0.18437335 0.03216693 0.70698659
v 0.19650218 0.02256955 0.85602962
v 0.18909647 0.03544603 0.68540936
v 0.17530442 0.03615144 0.88505533
v 0.18472817 0.04381847 0.67913495
v 0.17276539 0.05079659 -0.98313047
v 0.19232539 0.07742740 0.63634268
v 0.19977280 0.09095822 0.57128628
v 0.20319031 0.10131744 0.54734665
v 0.18648629 0.25352341 0.16660230
v 0.21602550 0.33200048 -0.76705966
v 0.19607584 0.33842473 -0.51424553
v 0.21489732 0.33722805 -0.35429290
v 0.14415476 0.37726260 -0.96050542
v 0.19868095 -0.37690923 -0.69567459
v 0.20169246 -0.39066267 -0.66256026
v 0.19753119 -0.37680466 -0.32969048
v 0.20397536 -0.37619818 -0.22236394
v 0.19849639 -0.38440223 0.69436508
v 0.19181338 -0.36990822 -0.64484429
v 0.19964301 -0.38843522 -0.61550418
v 0.19315590 -0.36809618 -0.26009035
v 0.19221811 -0.35466302 -0.70014403
v 0.19645792 -0.36088607 0.64466931
v 0.19403390 -0.34674377 0.81026983
v 0.19264429 -0.36134424 -0.58039728
v 0.20020380 -0.35708016 -0.37470925
v 0.19196248 -0.34714789 -0.33568988
v 0.19845983 -0.32447795 -0.64990421
v 0.19438209 -0.34771363 -0.27460906
v 0.19326960 -0.32826507 -0.37935212
v 0.19723239 -0.35595344 -0.20590696
v 0.20171612 -0.29723617 0.76436825
v 0.19230280 -0.29729581 -0.74852302
v 0.19603045 -0.32726301 -0.17906706
v 0.19906345 -0.30997480 -0.60091209
v 0.19058811 -0.30694187 -0.53314212
v 0.20031540 -0.31779665 -0.40728164
v 0.19918697 -0.33018970 0.60268711
v 0.20037837 -0.31449504 0.73881120
v 0.19896534 -0.28124633 -0.77483308
v 0.19408662 -0.27623613 -0.41026544
v 0.20096119 -0.30845105 -0.28169323
v 0.19083547 -0.29435626 0.82489139
v 0.19868471 -0.30047397 -0.63786788
v 0.20048929 -0.29327736 -0.23466773
v 0.19236554 -0.32365865 -0.20697836
v 0.20113296 -0.30133588 0.67258066
v 0.19898048 -0.29524076 0.71769186
v 0.19976357 -0.30020957 -0.68535748
v 0.19289099 -0.28664698 -0.38647373
v 0.20109538 -0.28276543 0.68210472
v 0.19275657 -0.28318195 -0.30529293
v 0.19299649 -0.27533103 -0.16886871
v 0.19815248 -0.27795484 -0.25623458
v 0.19634305 -0.29010330 0.58461424
v 0.19970616 -0.26119581 0.64199795
v 0.19743810 -0.28423100 -0.50122250
v 0.18914894 -0.25460967 -0.32490771
v 0.19944480 -0.27232268 -0.70393183
v 0.20035077 -0.26057128 -0.57840794
v 0.20037707 -0.29416865 -0.33094199
v 0.19227360 -0.28049956 0.61139505
v 0.20054472 -0.27057270 0.76006327
v 0.19732380 -0.23800429 -0.25180336
v 0.20006774 -0.24818048 0.67543364
v 0.19585869 -0.25457901 -0.68573944
v 0.20068260 -0.24856006 -0.34935358
v 0.20061770 -0.24513401 -0.22694639
v 0.20157826 -0.21323149 0.75677794
v 0.19858466 -0.21409593 -0.70290793
v 0.18961203 -0.23181595 -0.32077728
v 0.19341407 -0.23192476 -0.16486157
v 0.19726190 -0.21656532 -0.77482777
v 0.19421909 -0.22219494 -0.66945458
v 0.19598668 -0.22653067 -0.60906325
v 0.19155506 -0.21688178 -0.52382216
v 0.19340647 -0.23011822 -0.50771613
v 0.19281038 -0.21742575 -0.19049541
v 0.19217778 -0.22643749 0.74599943
v 0.20044793 -0.26721606 0.86369692
v 0.19350812 -0.21191794 -0.38817837
v 0.20202781 -0.21285828 -0.14874900
v 0.20054177 -0.21171545 0.65070458
v 0.20039237 -0.21528177 0.68424706
v 0.19775753 -0.20205904 0.85849549
v 0.19842553 -0.20839975 -0.67423866
v 0.19591870 -0.22986172 -0.32966245
v 0.19337581 -0.21752277 -0.30639840
v 0.19922596 -0.20807954 -0.26808915
v 0.20073470 -0.19076994 -0.25380736
v 0.15390023 -0.21112330 0.19052703
v 0.18443687 -0.20962949 0.32922431
v 0.19206303 -0.22750702 0.59638273
v 0.19129527 -0.20677508 -0.74802680
v 0.20033824 -0.19106730 -0.32776283
v 0.19553469 -0.19029094 -0.16570110
v 0.19694813 -0.20675492 0.71297407
v 0.19983590 -0.19529856 -0.59268384
v 0.20185211 -0.17091263 -0.40627638
v 0.19205111 -0.17627081 0.81765274
v 0.20022017 -0.17215161 -0.75870110
v 0.19973288 -0.18278592 -0.65670280
v 0.19389427 -0.18526594 -0.39652432
v 0.26268671 -0.19056140 0.95497230
v 0.19253574 -0.14985510 -0.68838762
v 0.22031410 -0.19950054 -0.04190058
v 0.19950812 -0.19337741 0.58216918
v 0.20082903 -0.17793712 0.69926898
v 0.22250748 -0.17958771 -0.09117413
v 0.22475035 -0.17135556 -0.06328100
v 0.20118559 -0.13673950 -0.72697885
v 0.12937467 -0.18040956 0.98933876
v 0.19215178 -0.14533417 -0.10131677
v 0.19505470 -0.13858142 0.63510885
v 0.19105862 -0.12673801 -0.08377228
v 0.19295174 -0.16432577 0.64696856
v 0.19470284 -0.14650292 0.81523606
v 0.19431823 -0.15130840 -0.72392216
v 0.19182826 -0.13174023 -0.63536721
v 0.19212733 -0.14831671 -0.58016212
v 0.19541068 -0.14576674 -0.37000249
v 0.20012489 -0.14122332 -0.19191107
v 0.19772792 -0.14206878 -0.54358153
v 0.19219031 -0.13258464 0.70499584
v 0.19896607 -0.11375370 0.77794689
v 0.19997216 -0.11596413 -0.57956304
v 0.19687799 -0.11646440 -0.32484760
v 0.19747993 -0.13036184 -0.21459034
v 0.19738519 -0.11731356 -0.68097574
v 0.20166818 -0.13014307 -0.36635728
v 0.19945648 -0.10701085 -0.63686436
v 0.19452154 -0.11647321 -0.26213174
v 0.20901717 -0.10126361 -0.93376592
v 0.18140050 -0.09818304 0.15173822
v 0.20090983 -0.09862891 0.01372650
v 0.26585410 -0.08827814 0.01966517
v 0.23060184 -0.09379301 0.15249407
v 0.20728627 -0.09510454 -0.96883141
v 0.20317567 -0.07504339 -0.63268339
v 0.18898159 -0.09910089 -0.14421465
v 0.17541926 -0.08294391 0.91529059
v 0.21647195 -0.05895764 -0.93158534
v 0.20207956 -0.06055055 -0.77681731
v 0.20335134 -0.05880779 -0.07697236
v 0.19531742 -0.05717002 -0.26405686
v 0.20060348 -0.05337157 -0.98984724
v 0.19312189 -0.05464034 -0.06639313
v 0.18591648 -0.04704556 0.90664290
v 0.19371629 -0.03260592 0.76075254
v 0.19847464 -0.01664359 -0.99135084
v 0.18514858 -0.02802271 0.19560292
v 0.19655684 0.00110808 -0.98266424
v 0.19726232 -0.01237955 0.63804304
v 0.21149590 -0.00051287 0.90443205
v 0.19538047 0.02573704 0.90631697
v 0.21518516 0.02755949 0.18034648
v 0.20901037 0.07719480 0.20165626
v 0.22363205 0.04165404 0.18264075
v 0.21204733 0.10276383 0.51904151
v 0.20528703 0.13059177 0.18083168
v 0.20059887 0.20005415 0.47702678
v 0.19033824 0.19465530 0.19662785
v 0.20231618 0.22223158 0.20006544
v 0.20823415 0.24719797 0.21359356
v 0.20257887 0.29530708 0.17003230
v 0.19554392 0.34278984 -0.56289742
v 0.18028426 0.34819660 -0.22950816
v 0.19436382 0.34150733 0.03427782
v 0.24829637 0.33102812 -0.31599772
v 0.20093322 0.34715603 -0.26742342
v 0.22596340 0.34979713 -0.63530715
v 0.21589547 -0.38663687 -0.58302845
v 0.21271742 -0.38704211 -0.33109804
v 0.20222856 -0.37140071 -0.56622678
v 0.21108552 -0.37999594 0.65773068
v 0.20889157 -0.35975732 0.81557873
v 0.21876396 -0.32648340 0.58794108
v 0.20411291 -0.33000644 -0.75641066
v 0.20025957 -0.33445737 -0.52260126
v 0.20015523 -0.30849124 0.84886694
v 0.19876848 -0.28113391 -0.15312109
v 0.21458549 -0.30530561 0.57729806
v 0.21299479 -0.29193572 -0.49429955
v 0.13157856 -0.26506066 -0.81330319
v 0.20315734 -0.25043348 -0.48937066
v 0.20068220 -0.25247405 -0.42855995
v 0.19724251 -0.20334306 -0.41837484
v 0.20158762 -0.25641908 0.78878601
v 0.20537261 -0.20657931 0.21286687
v 0.20193218 -0.19211355 0.76946321
v 0.19994981 -0.20496111 -0.49888684
v 0.20755757 -0.20573842 0.49136299
v 0.14477866 -0.15924689 -0.82017620
v 0.20089863 -0.18169232 -0.50695777
v 0.26295557 -0.18470575 0.95029847
v 0.19978195 -0.16422155 0.84200726
v 0.20084886 -0.18023463 -0.15963093
v 0.22834363 -0.16695012 -0.09480274
v 0.20963448 -0.14593719 -0.52653508
v 0.21096801 -0.12904522 0.21632118
v 0.20374598 -0.12139765 0.51845464
v 0.16585837 -0.11953857 0.98770959
v 0.21454518 -0.10916232 -0.23218347
v 0.20239602 -0.10471360 -0.29525010
v 0.19993000 -0.09855020 0.20393093
v 0.19876279 -0.11321058 0.66652756
v 0.19750239 -0.10610243 0.71252802
v 0.21076181 -0.10387807 -0.25103245
v 0.22371124 -0.10076982 -0.02637719
v 0.19256815 -0.08274953 -0.77072996
v 0.20476081 -0.08768801 -0.93144887
v 0.18204745 -0.07476472 -0.48802096
v 0.22224957 -0.08179722 -0.09087679
v 0.22412807 -0.06358799 -0.97001637
v 0.20448233 -0.05883207 -0.15265429
v 0.20559852 -0.06707430 -0.14934441
v 0.22421922 -0.05623821 -0.10269451
v 0.22187580 -0.05578638 0.91819467
v 0.21473103 -0.05465136 -0.62545928
v 0.19918701 -0.05496505 -0.24861538
v 0.20164206 -0.05451236 -0.14451689
v 0.21384649 -0.04239265 0.18441992
v 0.22306558 -0.01773186 0.18316644
v 0.20939299 -0.01838828 0.64047416
v 0.20499220 -0.01217880 0.59964492
v 0.21599291 0.01914515 0.18233128
v 0.19558748 0.03452767 0.65435343
v 0.21646144 0.01849940 0.87613028
v 0.19499615 0.03603315 0.89989356
v 0.21172239 0.03791402 0.55965967
v 0.20412676 0.05180823 0.57434022
v 0.21228611 0.08337078 0.55790400
v 0.21169002 0.11088070 0.50515413
v 0.20442749 0.14023566 0.49866565
v 0.20608760 0.11276785 0.45059911
v 0.21165478 0.18116422 0.47644719
v 0.20684002 0.18307359 0.44047418
v 0.20484527 0.26559377 0.17563756
v 0.22061261 0.29524487 0.17583239
v 0.22631348 0.33160260 -0.71821509
v 0.22344410 0.33175502 -0.14373885
v 0.23394354 0.32911727 -0.02656585
v 0.23329310 0.34470890 -0.29680638
v 0.23365698 -0.39713847 -0.30850512
v 0.20567196 -0.39192452 -0.27530540
v 0.21307888 -0.39287361 0.69676485
v 0.21198543 -0.39533461 0.73314980
v 0.19960754 -0.37899515 0.77781127
v 0.21523999 -0.37024851 -0.37143857
v 0.19978876 -0.35361178 -0.73344935
v 0.21739875 -0.30813382 -0.42286330
v 0.22422845 -0.27773641 0.56533661
v 0.21583614 -0.27131817 -0.78619960
v 0.20191173 -0.24796683 0.56918703
v 0.20197901 -0.21356138 -0.81956019
v 0.22125391 -0.22291627 -0.43489665
v 0.21433271 -0.21074347 0.22456876
v 0.21196216 -0.20802238 0.20493782
v 0.21176730 -0.19426750 0.21620133
v 0.21722889 -0.20033149 0.22564202
v 0.22005168 -0.19979735 0.49117946
v 0.21336187 -0.19060560 0.26964733
v 0.21284292 -0.19024170 0.28918195
v 0.22683251 -0.18405195 -0.42437674
v 0.21628281 -0.18793842 0.34974496
v 0.21524311 -0.18792775 0.48251334
v 0.21338407 -0.18548023 0.31155790
v 0.21326934 -0.18336220 0.34840126
v 0.22469866 -0.19247161 0.57023446
v 0.21248673 -0.18360238 0.46939307
v 0.23041830 -0.16490010 -0.50496412
v 0.21276390 -0.13061421 0.28698987
v 0.20951920 -0.15130353 0.50521057
v 0.22465188 -0.14344451 -0.39688577
v 0.21087064 -0.15611033 0.59915693
v 0.20357556 -0.13657841 -0.10659011
v 0.21251752 -0.13485658 0.41830915
v 0.21654592 -0.13219266 -0.82512475
v 0.21229040 -0.12206844 0.30783821
v 0.21346783 -0.13921572 0.31095276
v 0.21111230 -0.13170499 0.48097818
v 0.20988509 -0.12186447 0.25680549
v 0.21068527 -0.12210543 0.40625664
v 0.20892301 -0.11190091 0.20969757
v 0.20891803 -0.12160660 0.46298635
v 0.22081296 -0.10071503 -0.79989298
v 0.15548702 -0.10321961 -0.03732431
v 0.20989055 -0.10525146 0.20415742
v 0.21493540 -0.11329939 0.45538472
v 0.22095401 -0.09598922 -0.64658486
v 0.22798896 -0.09633082 -0.30327644
v 0.20349039 -0.10662297 -0.13447264
v 0.23266267 -0.10098166 0.02179681
v 0.22267453 -0.10657739 0.79175319
v 0.21613546 -0.08902818 0.17745445
v 0.21872930 -0.08961217 0.21403790
v 0.20935109 -0.09471112 0.52776552
v 0.22296679 -0.08676813 -0.91871925
v 0.17923921 -0.08252328 -0.48291288
v 0.21601745 -0.07671205 -0.76885216
v 0.18812586 -0.07597259 -0.67252004
v 0.22417166 -0.07029832 -0.93219074
v 0.22319063 -0.05788574 0.18144850
v 0.20921188 -0.07246086 0.53737308
v 0.27784064 -0.05898741 0.02097672
v 0.11399959 -0.05440542 -0.49196276
v 0.20919887 -0.04764673 0.54963520
v 0.19545026 -0.03760365 0.59310176
v 0.20941042 -0.02320726 0.57297309
v 0.21872970 -0.00059055 -0.99182080
v 0.22318884 0.00066877 0.85961866
v 0.21519812 -0.03458079 0.20838192
v 0.21576249 0.02340398 0.90524422
v 0.21329718 0.04109060 0.52515326
v 0.21677083 0.05907720 0.18050096
v 0.21620298 0.05764293 0.51537122
v 0.21356129 0.08463218 0.51056681
v 0.21549556 0.10591019 0.49152562
v 0.21976939 0.09670831 0.51986900
v 0.21636950 0.10653892 0.18108173
v 0.21892714 0.10042053 0.43995260
v 0.21750972 0.10701887 0.46084358
v 0.21681841 0.11383697 0.31429606
v 0.22377984 0.09978919 0.36590392
v 0.21238327 0.11144518 0.35765933
v 0.21674926 0.16318357 0.45188965
v 0.21738387 0.14730486 0.47685235
v 0.21661712 0.18477818 0.31361092
v 0.21687100 0.11399523 0.36563534
v 0.21180838 0.11355809 0.38797603
v 0.21019626 0.18586741 0.38517236
v 0.21930059 0.19586970 0.44231709
v 0.21236393 0.18992287 0.35737538
v 0.22335376 0.21791893 0.21770421
v 0.21317763 0.22080059 0.45866062
v 0.21831536 0.23165014 0.40903460
v 0.20473029 0.23953621 0.44763452
v 0.21538699 0.23483765 0.17018513
v 0.20677560 0.25176113 0.38480136
v 0.22097988 0.33113453 -0.22409569
v 0.18879205 0.34498921 -0.01426979
v 0.22877747 0.33243111 -0.83987247
v 0.23051951 0.33706008 -0.08706086
v 0.17656211 0.36079623 -0.06356472
v 0.19608451 0.35618440 0.14942268
v 0.18605257 0.36856011 -0.97040279
v 0.21182358 -0.38125310 -0.70122907
v 0.21215873 -0.35597252 0.61819620
v 0.24682758 -0.38047294 0.79955219
v 0.22174087 -0.34205033 -0.40216416
v 0.22046497 -0.32075476 -0.15595392
v 0.21613158 -0.27430255 -0.43323101
v 0.21747459 -0.20051299 0.21013223
v 0.22508392 -0.18281693 0.29361272
v 0.22371361 -0.19156997 0.31950970
v 0.22711056 -0.19012740 0.48266679
v 0.22407667 -0.17085184 0.85660347
v 0.24455941 -0.15251659 -0.75996782
v 0.22912520 -0.16188298 0.58706686
v 0.20847734 -0.15314385 -0.09076909
v 0.21590297 -0.13862597 -0.08420634
v 0.23289466 -0.13716690 -0.82069349
v 0.23100414 -0.13355748 -0.80235411
v 0.21870278 -0.13716790 -0.18394671
v 0.21593666 -0.12242059 0.20951873
v 0.22623105 -0.13566094 0.29225281
v 0.21201048 -0.12935986 0.62403214
v 0.21390992 -0.11999619 0.29341751
v 0.22137762 -0.10647326 0.36416030
v 0.21579417 -0.10229005 0.53094403
v 0.22352987 -0.09225819 0.42882879
v 0.21853355 -0.10141089 -0.96528559
v 0.22458127 -0.09267933 0.17166053
v 0.21195204 -0.09512179 0.72504291
v 0.20698694 -0.05790691 -0.16881141
v 0.22573107 -0.07529512 -0.09999939
v 0.22404840 -0.05279326 0.85358464
v 0.24599937 -0.06777968 0.85201206
v 0.23069799 -0.05498598 -0.92303220
v 0.23518054 -0.05633929 -0.76299803
v 0.24602003 -0.05571470 -0.06661645
v 0.20384517 -0.05444317 -0.02746789
v 0.22227667 -0.00057251 0.44002649
v 0.21621534 -0.08812577 0.50641245
v 0.21862633 -0.02535762 -0.98816326
v 0.21851465 0.03076082 0.48291179
v 0.20979672 -0.01904803 0.60870874
v 0.22435263 -0.01346749 -0.98500565
v 0.20824265 0.03556505 -0.97783021
v 0.21399942 0.03653285 0.51353799
v 0.22233858 0.06036525 0.52339089
v 0.22353427 0.06590532 0.18256601
v 0.22328740 0.06261310 0.43574216
v 0.22217151 0.06223623 0.55145288
v 0.22052470 0.07933569 0.42319829
v 0.22455084 0.08975961 0.18242288
v 0.22365782 0.09078564 0.53583922
v 0.22910023 0.09840790 0.50683818
v 0.22769125 0.10385325 0.31485822
v 0.22830568 0.10592661 0.49699333
v 0.22835948 0.11293521 0.30462246
v 0.21592275 0.20085450 0.21136689
v 0.21770118 0.11309115 0.37416446
v 0.21684740 0.18935156 0.37135192
v 0.21799035 0.19414234 0.16596547
v 0.22273312 0.20090787 0.35712729
v 0.22378848 0.24936153 -0.98780622
v 0.22123178 0.22163226 0.38688376
v 0.21910857 0.21788064 0.44282304
v 0.22117272 0.24767666 0.23600234
v 0.21914992 0.24926737 0.30054942
v 0.20561042 0.33116935 0.17297264
v 0.20237858 0.34313152 0.08767942
v 0.23651668 0.34556292 -0.98725807
v 0.24177773 -0.39953583 -0.66302101
v 0.24457241 -0.39648215 0.76418150
v 0.23310506 -0.39244668 0.67586166
v 0.25299530 -0.34404264 -0.75586317
v 0.21440325 -0.35576897 -0.18746399
v 0.24231698 -0.33701687 -0.16362006
v 0.21849948 -0.28431221 -0.14275221
v 0.22699975 -0.23539619 0.56231239
v 0.21561077 -0.23250666 0.87116813
v 0.22928192 -0.19759100 -0.48836829
v 0.22573191 -0.20920209 0.28200863
v 0.22887527 -0.20049672 0.27685718
v 0.21604357 -0.20725274 0.46649790
v 0.21653774 -0.19051455 0.31082211
v 0.22501105 -0.18430312 0.30662872
v 0.22332139 -0.19072670 0.45230522
v 0.20991022 -0.17045366 0.49551334
v 0.19542138 -0.17691057 0.50896177
v 0.22594888 -0.17141980 -0.07423798
v 0.22631083 -0.15678884 -0.06607173
v 0.22700925 -0.15161854 -0.82089662
v 0.22044616 -0.13713726 -0.74105412
v 0.21650753 -0.14031366 0.51101563
v 0.23935321 -0.12425229 -0.37701200
v 0.22306366 -0.10818379 -0.69694868
v 0.21928780 -0.10566570 -0.33457749
v 0.20463032 -0.10195854 -0.12188897
v 0.23979313 -0.10004485 -0.93633907
v 0.25476186 -0.09383543 -0.27894206
v 0.23486745 -0.10065780 0.19802000
v 0.22500224 -0.08559844 -0.98403621
v 0.21975917 -0.09768766 -0.62249292
v 0.22852851 -0.09002856 0.23779785
v 0.25043750 -0.09575352 0.76604416
v 0.24822328 -0.06372323 -0.75985557
v 0.24776435 -0.08556872 -0.01715704
v 0.22860997 -0.08588331 0.19574944
v 0.23036253 -0.08918670 0.27926489
v 0.23212566 -0.07425364 -0.07828959
v 0.20780856 -0.08777893 0.14622233
v 0.22449065 -0.08080014 0.18203268
v 0.22945586 -0.05537135 0.19535251
v 0.24387002 -0.08093909 0.20098736
v 0.20831669 -0.05869995 0.14575272
v 0.23181407 -0.03358508 0.24112214
v 0.21740961 -0.06288611 0.56601021
v 0.21962331 -0.06103926 -0.98481520
v 0.27302460 -0.05537843 -0.68008439
v 0.26931427 -0.05515627 -0.34728503
v 0.25540422 -0.05526658 -0.28030468
v 0.23033612 -0.05454785 0.30780152
v 0.22936618 -0.04867691 0.91374867
v 0.23134125 -0.00818601 0.91305698
v 0.22478001 -0.03702097 0.18774695
v 0.23596425 -0.00509004 0.88032823
v 0.23204598 0.01878739 -0.98984930
v 0.23190753 -0.04771037 0.19701479
v 0.22484152 0.02410783 0.18275982
v 0.23179301 0.03566760 0.30443762
v 0.23626060 0.05168470 0.29548904
v 0.22634654 0.03396962 0.22075998
v 0.23065306 0.06193384 0.31543259
v 0.22331012 0.05110154 -0.98548199
v 0.22847688 0.07650313 0.31477595
v 0.22766258 0.05745635 0.19250040
v 0.23377871 0.12311020 0.50908908
v 0.22447329 0.13190743 0.18084594
v 0.22771573 0.12958207 0.19272339
v 0.23028091 0.05021249 0.22734205
v 0.23304443 0.13749772 0.19316210
v 0.22478953 0.14038720 0.16620122
v 0.23267955 0.14680566 0.17502950
v 0.22811247 0.20334110 0.23224866
v 0.23078140 0.19762622 0.27396253
v 0.23241333 0.19531369 0.17619857
v 0.23161965 0.21868395 0.24425687
v 0.22709651 0.19597873 0.30365933
v 0.22945784 0.22620403 0.29807501
v 0.25584906 0.24079797 -0.98827418
v 0.24109231 0.25296908 0.17215533
v 0.21917061 0.32569567 -0.99306248
v 0.23319937 0.32255300 -0.77357246
v 0.22847652 0.32467879 0.03300033
v 0.23896336 0.32044078 0.07399227
v 0.22413511 0.33894348 -0.59130928
v 0.24486121 0.33750759 -0.06328961
v 0.21870927 0.34657151 -0.87791800
v 0.23959749 -0.38301339 -0.56566638
v 0.25048042 -0.36171069 -0.18632475
v 0.24895432 -0.36600934 -0.38354977
v 0.21825417 -0.35536185 -0.53097230
v 0.24905541 -0.32376777 0.85254412
v 0.23207455 -0.30086523 -0.78079270
v 0.21923343 -0.31217765 0.85635143
v 0.20756759 -0.20961540 0.30906408
v 0.25139956 -0.18968744 0.46720666
v 0.25559081 -0.17694979 0.95473016
v 0.25473087 -0.17551887 0.97096512
v 0.25355915 -0.16799561 0.97614607
v 0.25489269 -0.14054719 -0.52323240
v 0.26489092 -0.14256090 -0.09793497
v 0.27995257 -0.14976267 -0.09080851
v 0.22206941 -0.13495794 0.83174276
v 0.21308203 -0.11767203 0.95498311
v 0.25424580 -0.11582936 0.97650575
v 0.25723029 -0.06803766 0.54581864
v 0.23461001 -0.09828663 -0.01219491
v 0.27026848 -0.10016612 0.05023162
v 0.18847816 -0.08043975 -0.66411124
v 0.25277727 -0.08173547 -0.09057352
v 0.24741055 -0.07401136 0.89597276
v 0.18539091 -0.06190331 -0.48618469
v 0.25019987 -0.05616327 -0.01743819
v 0.21406053 -0.04597959 0.58105367
v 0.22214243 -0.04051396 0.83200268
v 0.24039037 -0.02138994 -0.98514829
v 0.24124575 -0.03879537 0.87449450
v 0.23971607 -0.04898709 0.90785191
v 0.27707942 -0.01724835 0.63314859
v 0.23816936 -0.01051400 0.90886860
v 0.24329182 0.01191313 -0.97919406
v 0.23283893 0.03382788 0.24931485
v 0.23524563 0.04953258 0.24513834
v 0.23934039 0.04814455 0.27589880
v 0.23138586 0.06129888 0.28866305
v 0.23254785 0.09632109 0.26132388
v 0.23235924 0.12938356 0.19796829
v 0.25500915 0.13867561 0.49785987
v 0.25752522 0.14179928 0.17356327
v 0.26463125 0.28269776 0.16987640
v 0.22834353 0.31867329 -0.48683802
v 0.22681331 0.33103988 -0.25208944
v 0.24938839 0.30108926 -0.18728327
v 0.24036853 0.31949068 0.16993405
v 0.23749554 0.33936947 0.15530621
v 0.24822270 0.33041930 -0.89636917
v 0.23981748 0.32624257 -0.11165775
v 0.23719496 0.35727993 -0.97715428
v 0.26565993 -0.37666415 -0.71918397
v 0.24009364 -0.31580728 -0.49816956
v 0.25613147 -0.31332987 0.57810362
v 0.26567156 -0.29521985 -0.43085164
v 0.22268949 -0.25003150 -0.13678433
v 0.24832248 -0.27335082 -0.48291124
v 0.24495319 -0.25105600 -0.43896193
v 0.22147844 -0.22869030 -0.79018848
v 0.26992699 -0.21109384 0.09919599
v 0.25731621 -0.22110660 0.56261445
v 0.26917473 -0.20703609 0.46890801
v 0.22829279 -0.19167871 -0.78146498
v 0.25999195 -0.19848492 0.48495236
v 0.26342331 -0.19807215 0.49218722
v 0.28579413 -0.19143380 0.42390857
v 0.26180288 -0.19148829 0.97581290
v 0.22622327 -0.13503149 0.30609432
v 0.25477577 -0.13738861 0.97564111
v 0.25469567 -0.12189060 0.95048470
v 0.25575007 -0.13055076 0.95247481
v 0.25352285 -0.10209735 -0.23741446
v 0.23952804 -0.09036392 -0.96920530
v 0.27256361 -0.09549629 -0.62148470
v 0.25922580 -0.09545213 -0.01423662
v 0.25423031 -0.08465906 0.18201813
v 0.22616588 -0.09204808 0.71050743
v 0.23719869 -0.09088861 0.19121747
v 0.28236727 -0.07900407 -0.64064268
v 0.24024686 -0.09068432 -0.14774918
v 0.24535875 -0.07961881 -0.08266757
v 0.27449030 -0.07452023 -0.48880759
v 0.25099337 -0.05844998 -0.07622029
v 0.27268379 -0.05846957 -0.16890010
v 0.24503566 -0.05793890 0.19916422
v 0.24372567 -0.05144543 -0.98708845
v 0.24565275 -0.05413835 -0.97069762
v 0.22625125 -0.05479874 -0.78325111
v 0.25610602 -0.05532473 -0.74696887
v 0.26571939 -0.05719870 -0.48896940
v 0.23707639 -0.04439239 0.89111374
v 0.24749776 -0.04447456 0.87225088
v 0.21626409 -0.02643502 0.57966951
v 0.24154881 0.03281681 -0.99121231
v 0.24204008 0.04450095 0.19888761
v 0.25475162 0.12987044 0.19749348
v 0.25631119 0.12479498 0.49447870
v 0.25543885 0.13466726 -0.98894893
v 0.23702746 0.31562600 -0.52318746
v 0.23182901 0.31842967 -0.42486741
v 0.26160886 0.29874448 -0.15200246
v 0.24695434 -0.39986167 0.71975807
v 0.25012031 -0.38482855 -0.35159331
v 0.25565521 -0.39346370 0.68096305
v 0.24178337 -0.39339864 -0.23883224
v 0.24157436 -0.37514899 0.63536764
v 0.26610661 -0.27101242 0.56409230
v 0.22451544 -0.26210798 0.87245868
v 0.22606521 -0.24068689 -0.48159177
v 0.25282525 -0.21544517 -0.43714791
v 0.27144331 -0.21566333 0.05466950
v 0.26394872 -0.20093152 0.28747022
v 0.26808212 -0.17877061 0.29315679
v 0.27718991 -0.15728522 -0.40558189
v 0.26820544 -0.14450805 -0.80681519
v 0.26624309 -0.13822332 0.83630027
v 0.25579143 -0.13211471 0.97091204
v 0.24390351 -0.11627592 -0.20742698
v 0.26938715 -0.12851941 -0.09309003
v 0.22490214 -0.12089973 -0.54990050
v 0.24289976 -0.12735505 0.61832140
v 0.25538998 -0.10053702 -0.59096556
v 0.25408114 -0.10629140 0.20714833
v 0.21298714 -0.10065538 0.12354759
v 0.27712726 -0.07049623 -0.77935348
v 0.25382189 -0.08112250 -0.03641757
v 0.23683763 -0.05986545 -0.77596123
v 0.26499558 -0.07694449 0.14501068
v 0.25544875 -0.08036415 0.91486243
v 0.30310375 -0.07510415 -0.67232899
v 0.25805773 -0.06541079 0.87426212
v 0.25037411 -0.07181815 0.92207604
v 0.25442569 -0.05602473 -0.77978826
v 0.24951857 -0.05872143 -0.11102325
v 0.25721018 -0.06255428 -0.04366761
v 0.25254084 -0.05461089 0.86363855
v 0.25540321 -0.05359440 -0.98971597
v 0.25595631 -0.05454006 -0.55067667
v 0.26831209 -0.05511806 -0.30891074
v 0.23709402 -0.05546674 -0.11870455
v 0.27504206 -0.05417387 0.02784457
v 0.27687641 -0.05420724 0.04739313
v 0.26980083 -0.04174639 0.56325147
v 0.26318333 -0.03441869 0.77757079
v 0.25569354 0.04730666 0.19742704
v 0.21308198 -0.02189112 0.80905733
v 0.25948352 0.01158193 -0.99305194
v 0.26370005 0.03465563 -0.98722005
v 0.24951922 0.05065671 -0.99514125
v 0.26257767 0.06378434 -0.98767550
v 0.25511648 0.18138713 0.49749537
v 0.24309298 0.31837233 -0.83479472
v 0.24826451 0.30728204 -0.73446404
v 0.26411531 0.30077426 -0.00269289
v 0.26314078 0.31283697 -0.65740047
v 0.26165847 0.32094456 -0.63578515
v 0.25243652 0.32178889 -0.58922506
v 0.24820078 0.33114396 0.14734606
v 0.25139213 0.33330911 -0.29639890
v 0.23932266 -0.39710293 -0.60684636
v 0.25093091 -0.35576852 0.61034435
v 0.27088161 -0.34849983 -0.52273768
v 0.26195280 -0.27673708 0.86981404
v 0.27790384 -0.26860676 -0.78629559
v 0.22255392 -0.25577599 -0.80555592
v 0.29532301 -0.25536993 -0.81934310
v 0.27051610 -0.20969332 -0.03625915
v 0.26905775 -0.21204149 -0.02605545
v 0.26993835 -0.21189485 0.04265291
v 0.27062028 -0.19927523 -0.04110216
v 0.27500544 -0.19176288 0.31268378
v 0.26831764 -0.18928068 0.46098517
v 0.26171124 -0.19090564 0.48339662
v 0.26099085 -0.18845737 0.98745288
v 0.27583781 -0.18353820 0.30557980
v 0.26774644 -0.19205401 0.49985438
v 0.26361409 -0.16872636 0.95466935
v 0.26138165 -0.16875991 0.97079554
v 0.26716688 -0.17134197 -0.77052006
v 0.26195388 -0.18341801 0.98930983
v 0.26163381 -0.13761231 0.97075305
v 0.26404435 -0.16780390 0.49695708
v 0.29070950 -0.12409773 -0.55474178
v 0.27721073 -0.10524775 -0.79773332
v 0.26963871 -0.12308767 -0.72511998
v 0.24133188 -0.10551194 0.65304646
v 0.28279465 -0.09909131 -0.96219249
v 0.27648734 -0.10549990 -0.23420318
v 0.26100819 -0.10142699 0.19841808
v 0.26481956 -0.09432050 -0.64876110
v 0.27366533 -0.09353162 0.01250959
v 0.27204642 -0.07735545 0.55727569
v 0.26199038 -0.09163704 0.73146802
v 0.27219554 -0.08377075 -0.45993090
v 0.25276812 -0.07681789 -0.07642146
v 0.26305645 -0.08812854 -0.07445077
v 0.26539477 -0.08840128 -0.04739655
v 0.27469523 -0.08557808 0.01779724
v 0.27598918 -0.10978654 0.52226951
v 0.23736381 -0.07347186 -0.96799608
v 0.26405567 -0.07295574 0.91512243
v 0.25981899 -0.07427138 0.19634682
v 0.29625325 -0.05222344 -0.98689662
v 0.27735388 -0.05552020 -0.84904328
v 0.26516531 -0.05478892 0.13722090
v 0.27004700 -0.05339146 0.57417896
v 0.25908039 -0.05849044 0.91579740
v 0.26079092 -0.04349585 0.19260177
v 0.21502164 -0.04466726 0.55907007
v 0.26348751 0.00663752 0.17664351
v 0.21926458 -0.03306252 0.65721893
v 0.27234003 -0.03351874 0.71250401
v 0.23547280 -0.03483049 0.86287662
v 0.27121575 -0.01799030 -0.98775314
v 0.26166251 0.06426315 0.19265077
v 0.26215697 0.11781351 0.50036868
v 0.26357161 0.12983323 0.17596869
v 0.25954266 0.13079899 0.19432936
v 0.25954155 0.12554682 0.51213524
v 0.25455340 0.17454917 0.50908712
v 0.25590295 0.23538350 0.17625552
v 0.26202762 0.31713013 -0.98774539
v 0.27311854 0.28257748 -0.83552929
v 0.25881403 0.29414298 -0.80330369
v 0.26950839 0.29005367 -0.73530004
v 0.26764722 0.28976638 -0.45163566
v 0.26954060 0.28667646 -0.19283435
v 0.26957226 0.30233360 -0.27705774
v 0.25155693 0.34902378 -0.96714235
v 0.29149712 -0.38811394 -0.32446319
v 0.28540706 -0.35323728 -0.73881284
v 0.26177248 -0.34133451 -0.40685506
v 0.27480820 -0.30099554 -0.49489895
v 0.25094518 -0.21513423 0.87368785
v 0.27519855 -0.23432029 -0.48382657
v 0.28243722 -0.25216195 -0.43494354
v 0.26990655 -0.24539141 -0.13660859
v 0.26581996 -0.22085503 -0.78980673
v 0.24823410 -0.19324287 -0.14203806
v 0.27011053 -0.21504253 0.08981336
v 0.25592205 -0.21123030 0.29572925
v 0.26650469 -0.21358350 0.28839993
v 0.26764273 -0.20570165 0.31325465
v 0.26946420 -0.20734827 0.36023280
v 0.25945982 -0.19240820 -0.49013485
v 0.27099973 -0.20000448 0.20947638
v 0.27818422 -0.19246278 0.28927293
v 0.27377577 -0.17393745 0.48403862
v 0.27186616 -0.18890958 0.95327601
v 0.27350505 -0.18592726 0.98167136
v 0.26173262 -0.18646965 0.57148718
v 0.27077634 -0.17492207 0.95089056
v 0.26390603 -0.13777622 0.95488703
v 0.27022954 -0.12448956 0.94927684
v 0.27076513 -0.11439387 -0.04074773
v 0.25980918 -0.10672610 -0.34451229
v 0.28014931 -0.10863800 -0.13022128
v 0.28172725 -0.10535514 -0.68275040
v 0.27107886 -0.09815017 -0.12173551
v 0.26815982 -0.09956369 -0.02385324
v 0.26990647 -0.10027629 0.08931102
v 0.27172888 -0.10201141 0.09815824
v 0.26948873 -0.10082069 0.18456027
v 0.29069635 -0.09095202 -0.96699000
v 0.26660953 -0.09763906 -0.31236539
v 0.27837461 -0.08265218 -0.48377203
v 0.26904622 -0.09543785 -0.12521130
v 0.26116463 -0.08296057 0.15176936
v 0.27078626 -0.07993011 0.17142216
v 0.26922642 -0.07512684 0.87473493
v 0.27368663 -0.07733242 0.89299209
v 0.27016096 -0.05892038 -0.67418189
v 0.27817751 -0.06893374 -0.14629357
v 0.27279992 -0.06003905 0.14423674
v 0.26374708 -0.07365634 0.17819683
v 0.27101583 -0.06552676 0.84564439
v 0.26356966 -0.05480643 0.85968826
v 0.25732024 -0.05787502 -0.97066093
v 0.28628632 -0.05521491 -0.62401573
v 0.26914723 -0.05445837 -0.50231051
v 0.28285802 -0.05483868 -0.17907721
v 0.27877077 -0.05687784 -0.14821314
v 0.27481711 -0.05434782 0.07111237
v 0.26738617 -0.05079154 0.89701353
v 0.26441989 -0.03879704 0.17671258
v 0.27125682 -0.04032999 0.17159577
v 0.26302500 -0.04054005 0.82104769
v 0.27313619 -0.03889593 0.59889320
v 0.27128876 0.01173779 0.16856480
v 0.27441338 -0.02187505 0.59350846
v 0.26807839 -0.03168033 0.84908453
v 0.27046547 -0.01507158 0.72456045
v 0.27649465 -0.01650204 0.76548884
v 0.26401756 0.03573170 0.17292874
v 0.27418316 0.05375275 0.17365686
v 0.26587067 0.07792021 0.17597749
v 0.27361787 0.12719389 0.50836210
v 0.28172324 0.12904811 0.49407040
v 0.27192381 0.15135890 0.17357013
v 0.25675762 0.13866915 0.50879130
v 0.26450325 0.17216999 0.49301982
v 0.27496253 0.18957173 0.49649347
v 0.26804068 0.21214321 0.17272199
v 0.27261840 0.28425059 -0.49448075
v 0.26754551 0.30226669 -0.57657671
v 0.26711708 0.29479163 -0.53692933
v 0.26825747 0.30691424 0.13933221
v 0.27144516 0.29424970 -0.69905663
v 0.27396973 0.29597244 -0.63086816
v 0.26658522 0.30020321 -0.38571479
v 0.26468265 0.29948992 -0.24391653
v 0.24959078 0.30727578 0.04281324
v 0.26638859 0.30341297 0.16025316
v 0.26697276 0.31738965 -0.92057194
v 0.27401682 0.29753614 -0.89234387
v 0.26746445 0.30214876 -0.12142032
v 0.27230399 0.29602146 -0.04816523
v 0.25890021 0.33789052 -0.98068828
v 0.26235195 -0.39849387 -0.28408190
v 0.29151702 -0.37826675 -0.57195816
v 0.29301784 -0.36850375 -0.36961387
v 0.29258129 -0.37546562 -0.21793292
v 0.24772123 -0.35606096 0.82948813
v 0.29469878 -0.33830361 -0.17707475
v 0.29323308 -0.30927677 -0.41759346
v 0.27501125 -0.31428302 -0.63649383
v 0.27735283 -0.31307693 -0.29280238
v 0.27658830 -0.30172498 -0.32379498
v 0.27376336 -0.29971460 -0.30199712
v 0.27340802 -0.30011243 -0.25351570
v 0.28155941 -0.30979345 -0.15290208
v 0.27831846 -0.28996499 -0.63524845
v 0.27873335 -0.30326879 -0.60182187
v 0.27376477 -0.29807355 -0.60667077
v 0.27843607 -0.28212922 -0.22919601
v 0.27382334 -0.30074798 -0.66298933
v 0.27747059 -0.27627131 -0.66424310
v 0.27699476 -0.27100052 -0.57805706
v 0.27238734 -0.25990811 -0.23340758
v 0.27687189 -0.29590169 -0.68599355
v 0.27402762 -0.26821938 -0.33205038
v 0.27784024 -0.28352427 -0.30668498
v 0.27542689 -0.26829949 -0.69932031
v 0.27288599 -0.27733213 -0.68480014
v 0.27733558 -0.26087087 -0.59949712
v 0.27580476 -0.28058115 -0.33858393
v 0.27319172 -0.24996374 -0.58525513
v 0.25733769 -0.25529180 -0.81936427
v 0.27590174 -0.24112960 -0.34475529
v 0.27810226 -0.25873133 -0.24858765
v 0.27633000 -0.24012409 -0.22148083
v 0.27596334 -0.25178328 -0.67752594
v 0.27635819 -0.22303936 -0.66531522
v 0.27584560 -0.24278620 -0.32812976
v 0.27434783 -0.21935117 -0.69551584
v 0.27582970 -0.20689569 -0.58897880
v 0.27572805 -0.22170267 -0.31351052
v 0.27221119 -0.20965298 -0.24079906
v 0.27850303 -0.23161028 -0.57604448
v 0.27657509 -0.21872671 -0.25604628
v 0.27709187 -0.21681695 0.30416015
v 0.27890633 -0.21613538 0.42721086
v 0.27736112 -0.21758211 -0.61558401
v 0.27481271 -0.21365832 -0.33801549
v 0.27695229 -0.20774643 -0.28975852
v 0.27883391 -0.20792578 0.04267149
v 0.27726367 -0.20748782 0.10035633
v 0.27642117 -0.20935821 0.48530802
v 0.27454179 -0.19124037 -0.66735692
v 0.27345903 -0.19807662 -0.60469784
v 0.27983689 -0.20483590 -0.03550214
v 0.28006492 -0.20396789 0.19847388
v 0.26979502 -0.21109860 0.20015836
v 0.28628164 -0.20948496 0.49702186
v 0.27294463 -0.19239016 -0.31688428
v 0.27264559 -0.19307051 -0.25604131
v 0.27919903 -0.20640352 -0.23300547
v 0.28429476 -0.20237518 0.86503724
v 0.28722514 -0.19020268 0.44731974
v 0.26202800 -0.16454443 0.85496826
v 0.27869278 -0.18530792 -0.61451949
v 0.27709068 -0.18178830 -0.29489112
v 0.29394991 -0.18562575 -0.15255492
v 0.28230209 -0.18094521 0.51722053
v 0.28631795 -0.18518668 0.57962828
v 0.27538758 -0.18401761 0.95592769
v 0.27452736 -0.16275378 0.58674598
v 0.27011342 -0.12014824 0.98790407
v 0.27042899 -0.14833087 -0.17060300
v 0.27761688 -0.13708034 -0.08372726
v 0.27862340 -0.13567047 0.54010291
v 0.27595911 -0.11753792 0.97647501
v 0.27063047 -0.11554636 0.20941199
v 0.28149925 -0.11565541 0.19827415
v 0.27046196 -0.13206493 0.52931075
v 0.27478575 -0.11667690 0.95429655
v 0.25040040 -0.10808370 0.80084084
v 0.29462977 -0.10880046 -0.59546155
v 0.27635123 -0.10383355 -0.03590904
v 0.27967031 -0.10763314 0.09815256
v 0.27860344 -0.10638424 0.19117771
v 0.27387488 -0.10553945 0.20246752
v 0.28892873 -0.09571941 -0.93622280
v 0.29157833 -0.11678569 -0.78969728
v 0.27334634 -0.08275549 -0.15255694
v 0.27857962 -0.09476140 0.56321337
v 0.24439968 -0.08982961 -0.93172598
v 0.26366246 -0.08007265 -0.10902260
v 0.27225784 -0.08027331 -0.03551134
v 0.27370963 -0.08624356 -0.01537261
v 0.28627621 -0.07468163 -0.63315075
v 0.27956536 -0.07967656 -0.45764937
v 0.28779896 -0.07813765 0.13799524
v 0.28478093 -0.07769806 0.54339603
v 0.28082601 -0.06117117 -0.75800892
v 0.28837530 -0.06649565 0.01549864
v 0.28581211 -0.06629076 0.14389642
v 0.28297293 -0.08105838 0.17225786
v 0.27980995 -0.05865595 0.58877018
v 0.28012251 -0.06571766 0.84941998
v 0.27660998 -0.06420144 0.89636829
v 0.27065047 -0.05838920 -0.63315381
v 0.28195431 -0.05753998 0.17264274
v 0.28589379 -0.05523341 -0.78101267
v 0.29460628 -0.05814422 0.13868182
v 0.28329066 -0.04821525 0.62193836
v 0.27899872 -0.04300894 0.70465304
v 0.28686744 -0.04165205 0.71898100
v 0.27712737 -0.04587630 0.78047715
v 0.27690479 -0.05080317 0.80887086
v 0.28059246 -0.03577770 0.84064858
v 0.27176815 -0.03463355 0.62982296
v 0.27923290 0.03635057 0.17078412
v 0.27352167 0.21005152 -0.98451925
v 0.27644536 0.20753996 -0.48712894
v 0.27609641 0.21666706 -0.41923222
v 0.27707852 0.24684032 0.12398161
v 0.27948223 0.22157490 -0.52137999
v 0.27910457 0.24101208 0.16955920
v 0.27688356 0.26085382 -0.59437277
v 0.27849219 0.25167423 -0.39802696
v 0.27686737 0.25485756 -0.27283453
v 0.27316347 0.29788981 -0.97991079
v 0.27176499 0.29338019 -0.65188500
v 0.27551738 0.27815205 -0.58864573
v 0.26773661 0.30770735 -0.31636482
v 0.27841974 0.27258285 -0.23812563
v 0.27878898 0.24711609 -0.03665836
v 0.27576444 0.26423745 -0.90178838
v 0.28014261 0.26920184 -0.81376417
v 0.28571587 0.25856626 -0.63291275
v 0.27857960 0.27318141 -0.19426536
v 0.27325089 0.29752739 -0.08823226
v 0.27583384 0.28183062 -0.55773943
v 0.27808625 0.27831532 -0.40385890
v 0.27319011 0.28419724 -0.33583386
v 0.27805370 0.28534745 -0.07496841
v 0.27314802 0.28483833 0.03321204
v 0.27810330 0.28067867 -0.69730842
v 0.27325262 0.31834314 -0.96832452
v 0.26582503 0.31856412 -0.06599308
v 0.28328272 -0.39536962 -0.62081179
v 0.29271630 -0.39110034 -0.28756362
v 0.28605006 -0.38714791 0.77190738
v 0.29665828 -0.34317916 -0.53013613
v 0.29367457 -0.33492687 -0.40164752
v 0.28789598 -0.36191740 0.81216819
v 0.28212908 -0.33213798 0.59526436
v 0.28502186 -0.33540417 0.83793821
v 0.28459524 -0.31601750 -0.63064405
v 0.29330882 -0.31290414 -0.30943532
v 0.28613527 -0.30996863 0.70854127
v 0.28889730 -0.30187282 0.85547676
v 0.28134853 -0.31140060 -0.65966660
v 0.28658879 -0.30786237 0.74315017
v 0.28740497 -0.28983854 -0.58883886
v 0.28122066 -0.30708495 -0.25393926
v 0.28340092 -0.28863812 0.67141676
v 0.29297453 -0.26484390 -0.49080207
v 0.28579504 -0.30385352 0.58015505
v 0.27594668 -0.28272230 -0.26262943
v 0.28878122 -0.27761922 0.86270116
v 0.28810352 -0.26727237 -0.57634944
v 0.27981949 -0.26969328 -0.32101317
v 0.29009978 -0.25444901 -0.66717476
v 0.28482733 -0.27967747 0.77560318
v 0.29432404 -0.25779218 0.79277662
v 0.28425297 -0.26241070 0.66177308
v 0.28639242 -0.23702050 0.86766682
v 0.29247853 -0.24122879 -0.70592355
v 0.28728834 -0.25790791 -0.34611134
v 0.28573386 -0.23892716 0.66671195
v 0.29341361 -0.21941143 -0.49260533
v 0.29354249 -0.22810959 -0.31541692
v 0.29422635 -0.23964752 -0.25183079
v 0.28622620 -0.22871729 0.65673098
v 0.28171078 -0.21282668 0.66744190
v 0.28841571 -0.22241167 0.76911849
v 0.28767032 -0.23097007 -0.57522178
v 0.28704504 -0.21798039 0.28485297
v 0.29278189 -0.22011809 0.68357746
v 0.28685266 -0.20375896 -0.58813484
v 0.27551377 -0.19642066 -0.42819369
v 0.29346959 -0.20614160 -0.23009461
v 0.28550335 -0.20303354 0.27557421
v 0.28785062 -0.21719097 0.42714168
v 0.29263836 -0.19997546 0.50080686
v 0.28146226 -0.18808828 0.70058828
v 0.28390643 -0.21419394 0.77849024
v 0.28665349 -0.18698758 -0.31367563
v 0.28246991 -0.19859467 -0.02708734
v 0.28576513 -0.19882522 0.66940691
v 0.27910313 -0.19124799 0.75401459
v 0.28641786 -0.18643405 -0.66064574
v 0.28738619 -0.18522671 -0.61635074
v 0.27775480 -0.17016365 -0.50546143
v 0.28361948 -0.19654811 0.04830253
v 0.28287073 -0.20771252 0.06515617
v 0.28184194 -0.19292284 0.20063941
v 0.28396560 -0.18449223 0.73778576
v 0.29495652 -0.18094575 -0.27211547
v 0.28230706 -0.20633549 0.09256849
v 0.28822462 -0.16395229 0.49565468
v 0.28719270 -0.14243762 0.53757545
v 0.28164973 -0.20017262 0.09853076
v 0.28306594 -0.13316422 0.61694992
v 0.28262548 -0.10825380 0.04840795
v 0.28192414 -0.13467955 -0.81833332
v 0.29442261 -0.12562132 -0.20920461
v 0.28413195 -0.11015809 -0.09940099
v 0.29001644 -0.13257231 -0.09231325
v 0.28283990 -0.10845835 0.08345757
v 0.28213803 -0.11458595 -0.03349292
v 0.28217644 -0.11480808 0.12200386
v 0.28432036 -0.10953357 0.65466222
v 0.28697164 -0.10226419 0.56143941
v 0.29423301 -0.09273248 -0.77376569
v 0.27942848 -0.09615843 0.69671223
v 0.28979275 -0.09197811 -0.07592126
v 0.30330345 -0.07688255 -0.00775163
v 0.28888492 -0.06749024 -0.96705652
v 0.29219329 -0.05841760 -0.96667435
v 0.29392416 -0.06172370 -0.63354805
v 0.28393090 -0.06493979 -0.45711518
v 0.29315060 -0.05862050 -0.35196411
v 0.29281885 -0.05155704 0.56940782
v 0.28631182 -0.05853426 -0.93297878
v 0.28699711 -0.05529425 -0.50638436
v 0.28710022 -0.05400762 -0.44405108
v 0.28777974 -0.05415318 -0.37751286
v 0.28725713 -0.05533716 -0.24686945
v 0.28568599 -0.03877820 0.57220585
v 0.28675131 -0.05657998 0.60019712
v 0.28643516 -0.04271692 0.82175475
v 0.28288997 -0.05061615 0.85455534
v 0.28629012 -0.04378785 0.80260343
v 0.28671231 -0.03028791 0.79239577
v 0.28627649 -0.01938954 0.69475055
v 0.28807346 0.06283933 -0.98480148
v 0.28387421 0.09155997 0.17409423
v 0.28445865 0.13331229 -0.44826715
v 0.28658178 0.17147696 -0.25975253
v 0.28347135 0.14972532 0.17032938
v 0.28420485 0.17711763 -0.72206224
v 0.28123512 0.24662774 -0.09087965
v 0.28174488 0.20475028 0.16845664
v 0.28155157 0.21799418 -0.97853033
v 0.27888962 0.20051298 -0.88877049
v 0.27904438 0.20197102 -0.84729040
v 0.29020359 0.15623597 -0.60690384
v 0.28270647 0.25063816 -0.96734371
v 0.28547722 0.18933168 -0.77453970
v 0.28228342 0.20259148 -0.20855161
v 0.28092767 0.24021990 -0.65528242
v 0.28079500 0.21732680 -0.01443771
v 0.27764556 0.23627284 -0.35814773
v 0.28214485 0.25410037 0.03061111
v 0.27907609 0.25983484 -0.93822676
v 0.28102870 0.23692529 -0.68332228
v 0.28195868 0.24945166 -0.50315470
v 0.28147350 0.21435368 -0.14165492
v 0.29527188 0.19787513 -0.05657097
v 0.27821776 0.28111194 0.14627242
v 0.28263570 0.25993325 -0.84588508
v 0.29167106 0.22898025 -0.06923757
v 0.27957263 0.27678596 -0.00681154
v 0.28341944 0.25834780 0.16120768
v 0.28551824 0.25706210 -0.75101759
v 0.28133506 0.26354274 -0.51946949
v 0.28008011 0.26459682 -0.41996911
v 0.28961264 0.23468594 -0.29813154
v 0.28277285 0.25636624 -0.18119225
v 0.27851776 0.28030272 -0.87383592
v 0.27942799 0.27268488 -0.48248175
v 0.27867114 0.27985455 -0.13624464
v 0.27700249 0.28410327 0.13371820
v 0.28692936 -0.39498451 -0.65208676
v 0.28709240 -0.39288734 0.70476610
v 0.29620448 -0.37582237 0.78223361
v 0.29025055 -0.38076526 0.66044333
v 0.29514835 -0.38399118 0.68362774
v 0.29658540 -0.36330484 -0.71959794
v 0.28362800 -0.31152121 -0.76929644
v 0.29427212 -0.31563225 0.69430843
v 0.29380547 -0.31917062 0.73478913
v 0.29456383 -0.32006398 -0.64840956
v 0.29469142 -0.30043317 0.77776588
v 0.29538599 -0.32429020 0.83600773
v 0.29457352 -0.30375713 -0.32620046
v 0.29539816 -0.30646872 -0.15907618
v 0.28668988 -0.29675110 0.76057702
v 0.30075361 -0.28787223 -0.41681989
v 0.29519426 -0.28161697 -0.34492186
v 0.29582031 -0.28481490 -0.77278083
v 0.29520750 -0.30255577 -0.68554034
v 0.28847739 -0.30085475 0.70017533
v 0.30344346 -0.28772569 0.72438056
v 0.29472496 -0.27605816 -0.30736150
v 0.29731159 -0.28104981 -0.27838685
v 0.29550165 -0.28319326 -0.70244613
v 0.30273369 -0.27132289 -0.64361755
v 0.30247488 -0.27568974 -0.63015685
v 0.28049869 -0.28361112 -0.14293016
v 0.29542945 -0.26581945 0.57557138
v 0.29436159 -0.26374634 -0.81350502
v 0.29392604 -0.24231321 -0.21764349
v 0.29445119 -0.28543266 0.65484399
v 0.29436979 -0.22443090 0.86115435
v 0.28893939 -0.28202483 -0.69767704
v 0.29513461 -0.24243280 -0.32171344
v 0.29430320 -0.24303691 -0.14352532
v 0.28697731 -0.24700568 0.56747742
v 0.29395553 -0.25112309 0.76973691
v 0.29480272 -0.25548599 -0.80576308
v 0.29470089 -0.25465265 -0.56597532
v 0.29599882 -0.21681308 -0.56826814
v 0.28942092 -0.22758520 -0.65924899
v 0.29444146 -0.22193493 -0.62923852
v 0.29479270 -0.23169851 -0.34955709
v 0.29266023 -0.21173228 -0.34072389
v 0.30005212 -0.22366377 -0.26565311
v 0.29373347 -0.21581403 0.33706370
v 0.29451807 -0.21770061 0.64880679
v 0.29503442 -0.21176070 -0.28894707
v 0.29544710 -0.21187283 0.28721299
v 0.29338186 -0.21422927 0.73506374
v 0.29358216 -0.19958571 0.29072278
v 0.28703940 -0.19361673 0.30365747
v 0.29540493 -0.20155828 0.39085988
v 0.29425383 -0.19933064 0.45779632
v 0.29311044 -0.20248343 0.74395091
v 0.29399775 -0.20869857 -0.69556799
v 0.29558776 -0.17990316 -0.41209439
v 0.28838338 -0.19116042 -0.25143851
v 0.29487146 -0.20527625 0.78450427
v 0.29617806 -0.18487494 -0.67225569
v 0.29521728 -0.19085677 -0.50246292
v 0.28488570 -0.18558916 0.47226929
v 0.29392359 -0.20753533 0.47247757
v 0.29428577 -0.17420047 0.51208947
v 0.29790884 -0.17450207 -0.65829442
v 0.29505789 -0.18101446 -0.60869998
v 0.29259043 -0.19135317 0.47677664
v 0.29538295 -0.17937248 0.68980428
v 0.29335260 -0.17795746 0.85127790
v 0.29901658 -0.16250220 0.60522400
v 0.29348582 -0.17854719 0.74687693
v 0.29467350 -0.15463237 -0.80676294
v 0.29631286 -0.15382784 -0.52538740
v 0.29419416 -0.13539849 -0.72788218
v 0.29492528 -0.14194664 -0.82064797
v 0.29301903 -0.16010685 0.50671077
v 0.29491889 -0.15261029 0.83383140
v 0.28477974 -0.13467083 -0.38071448
v 0.29838782 -0.13542308 -0.36482258
v 0.28867461 -0.12467567 -0.10804062
v 0.28978094 -0.12714812 0.52238762
v 0.29516802 -0.11589415 -0.81001369
v 0.29421297 -0.12227171 0.80215982
v 0.29112733 -0.10836743 -0.12370624
v 0.29319693 -0.10986249 -0.11199182
v 0.29377380 -0.12381203 0.54051310
v 0.29549250 -0.10461579 0.75529423
v 0.29445893 -0.10390279 -0.63830170
v 0.29696701 -0.11118730 -0.24602226
v 0.28660060 -0.09444744 -0.11655915
v 0.29681703 -0.09499341 -0.12547869
v 0.28355572 -0.09243636 -0.03075169
v 0.28639115 -0.10623365 -0.13111639
v 0.29237638 -0.08303059 -0.12333561
v 0.29021902 -0.09331550 -0.05311800
v 0.29478630 -0.09407205 0.55514054
v 0.29035947 -0.07852869 -0.66470211
v 0.29616452 -0.07283458 0.15693083
v 0.29088480 -0.06625691 -0.94039728
v 0.29518356 -0.06852834 -0.78434088
v 0.28525614 -0.05612355 -0.89693167
v 0.30166724 -0.06058157 -0.89757575
v 0.29511522 -0.06258605 -0.84989964
v 0.28667301 -0.05466507 -0.83498596
v 0.29012416 -0.05654528 -0.74813280
v 0.30083853 -0.06118197 -0.67700115
v 0.28619991 -0.05487824 -0.58977785
v 0.28332396 -0.06194519 -0.48759477
v 0.29442103 -0.05990566 -0.37920704
v 0.29081356 -0.06550344 -0.32975956
v 0.29450907 -0.05911922 -0.30209933
v 0.29220993 -0.06637205 -0.16557224
v 0.29427400 -0.05779494 -0.12175378
v 0.30320218 -0.05776033 0.03557617
v 0.29377791 -0.06004872 0.06641115
v 0.29430705 -0.05749314 -0.94017303
v 0.29482677 -0.05511343 -0.92452332
v 0.29484883 -0.05865747 -0.50726744
v 0.29462962 -0.05895209 -0.17897518
v 0.29463387 -0.05819439 0.08225256
v 0.29419474 -0.05264041 0.59559308
v 0.29451411 -0.04410754 0.61126725
v 0.28852884 -0.04404960 0.68739387
v 0.29486241 -0.03658064 0.60618750
v 0.29124824 -0.03457552 0.70632569
v 0.29102501 -0.04722517 0.16930500
v 0.29103057 -0.02556827 0.61476744
v 0.29279943 0.00309305 -0.64954454
v 0.29632931 -0.02013736 -0.66784130
v 0.30407511 -0.01935742 -0.41190378
v 0.29144206 -0.01888802 -0.39672044
v 0.29202834 -0.01599879 -0.13087450
v 0.29662136 -0.02072254 -0.02845429
v 0.29281950 -0.01680710 -0.00556979
v 0.29360824 -0.01802535 0.05140328
v 0.30026538 -0.01793991 0.08881465
v 0.29367948 -0.01165720 -0.90522987
v 0.29370274 -0.01353566 -0.84389894
v 0.29407724 0.00424666 -0.82482571
v 0.29384094 -0.00713899 -0.75175547
v 0.29486770 -0.01772514 -0.54873614
v 0.29191873 -0.01915939 -0.49950718
v 0.29403562 -0.01903382 -0.43182390
v 0.29358076 -0.01661994 -0.33350529
v 0.29363395 -0.01766638 -0.22116880
v 0.29485115 -0.00437817 -0.23251642
v 0.29391676 -0.01846144 -0.17394707
v 0.29245063 -0.01990086 -0.09661849
v 0.29321001 -0.01857539 -0.04724399
v 0.29089058 -0.01237297 0.12004796
v 0.30317921 -0.02066872 0.11049275
v 0.29414847 -0.01464278 -0.87330278
v 0.30543904 -0.00566477 -0.61395167
v 0.29093855 -0.01419697 -0.59518210
v 0.29327816 -0.00488395 -0.49976503
v 0.29350482 -0.00538950 -0.46139211
v 0.29586822 0.00175975 -0.42765413
v 0.29336403 0.00920541 -0.20591961
v 0.29550942 0.00719327 -0.77728687
v 0.29419143 0.01104537 -0.52170887
v 0.29376920 -0.00433564 -0.16140063
v 0.29609803 0.02076053 -0.13345943
v 0.29268240 -0.00284350 -0.89038178
v 0.29485591 0.02215555 -0.85369715
v 0.29468492 0.01047427 -0.80515741
v 0.29445652 0.00250370 -0.73805009
v 0.29511476 0.01484531 -0.54869588
v 0.29370345 0.01692694 -0.25212722
v 0.29405183 0.00421714 -0.24892479
v 0.29495069 0.02069936 -0.18182886
v 0.29447944 0.00502188 -0.04560869
v 0.30001228 -0.00007496 0.10565360
v 0.29120096 0.01688219 0.12220228
v 0.29623668 0.01761080 -0.90384346
v 0.29626236 0.01882653 -0.83998005
v 0.29458868 0.01788147 -0.50063941
v 0.29515939 0.01988107 -0.75734787
v 0.29612787 0.01577761 -0.66813707
v 0.29561747 0.01620901 -0.58088611
v 0.29048713 0.03296640 -0.42676513
v 0.29575210 0.02733380 -0.09870199
v 0.29747854 0.01300255 -0.02570295
v 0.29525561 0.02049286 -0.00979617
v 0.28989893 0.03768757 -0.98481847
v 0.28987873 0.03493243 -0.91391988
v 0.28847961 0.03709669 -0.86072428
v 0.28871949 0.04149788 -0.82767922
v 0.29086726 0.03609990 -0.76323819
v 0.29014624 0.03514247 -0.64925744
v 0.29476194 0.03534230 -0.64063502
v 0.30105242 0.03109412 -0.61304672
v 0.28934899 0.03520908 -0.50148745
v 0.30290832 0.03032728 -0.51186424
v 0.29442314 0.02449902 -0.32410337
v 0.28891127 0.03727204 -0.26278223
v 0.29153106 0.03859588 -0.20347092
v 0.29372346 0.03334106 -0.04209004
v 0.28914982 0.03610427 -0.03136852
v 0.29142108 0.03514100 0.09410867
v 0.28751845 0.04339959 -0.86005123
v 0.29077999 0.04304576 -0.80006277
v 0.29304836 0.04341105 -0.77736330
v 0.28990185 0.04342390 -0.73893189
v 0.29069795 0.04292057 -0.67452627
v 0.29344316 0.04402397 -0.63313800
v 0.29275066 0.03813492 -0.61226932
v 0.29064299 0.03533607 -0.58179638
v 0.28963429 0.04040262 -0.53818887
v 0.29283690 0.04335692 -0.50688129
v 0.29204798 0.04326873 -0.45044746
v 0.29394674 0.03956580 -0.42030870
v 0.29786066 0.03860830 -0.29733465
v 0.29363873 0.04054844 -0.22662850
v 0.28925653 0.04162145 -0.18695288
v 0.28988313 0.04328092 -0.10023418
v 0.29281601 0.04142903 -0.08639846
v 0.28967694 0.04372259 -0.01557309
v 0.29216414 0.04285325 0.05778135
v 0.29102453 0.04168996 -0.91244643
v 0.30110737 0.05039929 -0.86387367
v 0.29517263 0.04420858 -0.64083072
v 0.30188092 0.05025848 -0.53602610
v 0.29155571 0.04340070 -0.39973793
v 0.29236075 0.04341857 -0.30546015
v 0.29461111 0.04823789 -0.10962057
v 0.28620197 0.14735022 -0.86648899
v 0.29638451 0.07736049 -0.45570770
v 0.28773515 0.12956614 0.07357806
v 0.28562408 0.16527488 -0.79958105
v 0.29486345 0.09410550 -0.75010845
v 0.30111932 0.09167558 -0.70777535
v 0.28019853 0.20840388 -0.55926524
v 0.28069351 0.16756030 0.05824968
v 0.29578312 0.10646145 -0.54686545
v 0.29795809 0.10334346 -0.41856299
v 0.29076099 0.11481823 -0.23550024
v 0.28745375 0.14473284 -0.15117286
v 0.28573742 0.15285962 0.01822892
v 0.29667596 0.13089773 0.16287415
v 0.29865679 0.11342929 -0.78390230
v 0.28621405 0.17289659 -0.37482329
v 0.28937977 0.14613532 -0.98022049
v 0.28822073 0.13975793 -0.47469967
v 0.29853024 0.07996180 0.09095710
v 0.29311567 0.16590134 -0.09254871
v 0.29095056 0.14022479 -0.35703547
v 0.28993637 0.17483032 0.11946764
v 0.29184609 0.14763760 -0.68368238
v 0.29654506 0.14526812 -0.63824710
v 0.28964431 0.18765540 0.50864027
v 0.29321156 0.17875574 -0.93438758
v 0.29413375 0.16432820 -0.96837156
v 0.28504792 0.21823937 -0.32179492
v 0.28842211 0.21424540 0.16214074
v 0.30254443 0.18547182 0.49436009
v 0.29283675 0.21255689 0.14938012
v 0.29524672 0.19154803 -0.29946556
v 0.29629499 0.19837335 -0.06367682
v 0.29684991 -0.38680458 -0.61644900
v 0.29325010 -0.39016065 -0.67462885
v 0.30051272 -0.37929564 -0.66364608
v 0.29303091 -0.39160173 0.74065548
v 0.30329067 -0.36840754 -0.31175649
v 0.30126122 -0.37367415 0.70714018
v 0.30023065 -0.35904173 0.78076582
v 0.30201151 -0.35400083 -0.36343931
v 0.29582643 -0.38765337 -0.25921728
v 0.30169621 -0.36191926 -0.57689098
v 0.30116317 -0.35797512 0.66141191
v 0.30186612 -0.33005912 0.63432362
v 0.30145723 -0.34348344 0.66951757
v 0.30338705 -0.32448694 -0.72499552
v 0.30281249 -0.34622688 -0.60975164
v 0.29357284 -0.35752305 0.62505093
v 0.30315974 -0.35471992 -0.22193837
v 0.30023581 -0.34816803 0.74990625
v 0.29696638 -0.29469646 0.84643686
v 0.29688811 -0.32038322 -0.75497589
v 0.29504147 -0.31362488 -0.61303690
v 0.29327337 -0.31504171 -0.27117324
v 0.30118654 -0.33573453 -0.24994110
v 0.30294278 -0.34227951 -0.32627289
v 0.29404539 -0.28615894 -0.57881982
v 0.30397204 -0.29143077 -0.37575168
v 0.30416052 -0.29052166 -0.17420988
v 0.29949010 -0.31247578 0.80413285
v 0.29689644 -0.30185263 -0.50423145
v 0.29426125 -0.29040389 -0.23180233
v 0.29768417 -0.31844569 0.59879487
v 0.29668037 -0.28119420 -0.64227621
v 0.30077258 -0.27231715 0.70046428
v 0.30031014 -0.27923512 0.83244217
v 0.29359108 -0.26097267 -0.60671600
v 0.29899807 -0.24230750 -0.49832239
v 0.29858109 -0.27102967 -0.26190014
v 0.30595060 -0.25649422 -0.81304583
v 0.29959428 -0.26885114 0.75679093
v 0.30186116 -0.21030990 -0.75701298
v 0.30195721 -0.22501338 -0.41838399
v 0.30241506 -0.26768244 0.59923858
v 0.29499559 -0.26306996 0.67646666
v 0.29537669 -0.22685267 -0.77971291
v 0.29483841 -0.23350853 -0.61205468
v 0.30058260 -0.24324397 -0.26382069
v 0.29956601 -0.25571252 0.69248557
v 0.30003893 -0.20709677 0.81671270
v 0.30079286 -0.20181727 0.83643177
v 0.30090804 -0.23340068 -0.64682707
v 0.30644814 -0.23891553 -0.29549406
v 0.29551056 -0.21224215 0.70061717
v 0.29950497 -0.22835788 0.75222561
v 0.30247332 -0.22231644 0.60032597
v 0.30523411 -0.21892133 0.71435539
v 0.30309317 -0.20916456 -0.73744243
v 0.30133384 -0.18344089 -0.52084674
v 0.30564292 -0.14839333 -0.81394197
v 0.29566379 -0.20939948 0.43222670
v 0.29590745 -0.20703858 0.58041513
v 0.30153322 -0.17589308 0.62848550
v 0.30135924 -0.16966575 -0.38834774
v 0.29681642 -0.17908624 -0.31425432
v 0.30425836 -0.18041847 -0.20126680
v 0.30231041 -0.20080554 -0.36984305
v 0.29359363 -0.18269753 -0.76808680
v 0.30243619 -0.15554169 -0.72054266
v 0.30231469 -0.15525659 -0.59050444
v 0.30238341 -0.13748630 -0.57763350
v 0.30138536 -0.15850337 -0.18684370
v 0.29589475 -0.12290354 0.64365190
v 0.30131979 -0.15388608 0.75993372
v 0.30131817 -0.15187734 0.80804138
v 0.30339554 -0.13138823 0.74557035
v 0.30207295 -0.12086835 -0.80351160
v 0.30084233 -0.11813428 -0.62601441
v 0.29733392 -0.11529189 -0.68347389
v 0.30403144 -0.13861541 -0.34085364
v 0.30294511 -0.11679802 -0.28516390
v 0.30185440 -0.12729372 0.66673441
v 0.29436280 -0.11000678 -0.33166690
v 0.29679195 -0.10565835 0.69780498
v 0.29478830 -0.10246304 -0.28932880
v 0.30311350 -0.08351540 -0.78314087
v 0.29636878 -0.07855417 -0.75478424
v 0.30290293 -0.07504075 -0.64004906
v 0.30179031 -0.07451809 -0.13946316
v 0.30216190 -0.05585639 -0.14885280
v 0.29608276 -0.06424264 -0.13081711
v 0.30538469 -0.06146017 -0.00162258
v 0.29485687 -0.05900633 -0.57770428
v 0.30368273 -0.05886618 -0.45060136
v 0.29273215 -0.05932140 -0.45292905
v 0.30465591 -0.05499156 -0.34721782
v 0.30431424 -0.05422183 -0.17263503
v 0.30304619 -0.05384754 0.07728352
v 0.30318467 -0.06422175 0.15783180
v 0.30678466 -0.05219536 -0.96852418
v 0.30486427 -0.05228351 -0.91198710
v 0.30395468 -0.05907524 -0.85004584
v 0.29725113 -0.06007062 -0.79221394
v 0.30310053 -0.05784147 -0.77278033
v 0.30276131 -0.05535421 -0.75454667
v 0.30264641 -0.05629188 -0.62373633
v 0.30272946 -0.05644081 -0.50765109
v 0.30498036 -0.05411779 -0.38810546
v 0.30345551 -0.05988206 -0.31778273
v 0.30473040 -0.05421096 -0.26222658
v 0.30408563 -0.01956348 -0.85128737
v 0.29392047 -0.01868665 -0.76277087
v 0.30492430 -0.02681955 -0.84412634
v 0.30549135 -0.02542426 -0.75163902
v 0.29995441 -0.01895440 -0.71013881
v 0.30161477 -0.02027496 -0.63451893
v 0.30366848 -0.02004845 -0.49289782
v 0.29715398 -0.01952757 -0.44697637
v 0.30569868 -0.02602917 -0.43045375
v 0.30494307 -0.02517123 -0.35778662
v 0.30271566 -0.02204972 -0.27605028
v 0.30572347 -0.02424511 -0.23357353
v 0.30635039 -0.02150041 -0.15759307
v 0.30496918 -0.03567636 -0.09811208
v 0.30624308 -0.02628245 -0.00258541
v 0.30506342 -0.02548353 0.05492001
v 0.29646264 -0.01777934 0.12426317
v 0.29564365 -0.02003039 -0.93120570
v 0.29373065 -0.00558333 -0.48624188
v 0.29983126 -0.01103182 -0.41998168
v 0.29479020 -0.01682483 -0.26106727
v 0.30281164 -0.01977120 -0.17440585
v 0.30552672 -0.00367326 -0.84117413
v 0.30281587 -0.00480475 -0.75757058
v 0.29326082 -0.00542710 -0.69362238
v 0.29466694 -0.00213698 -0.37192986
v 0.29541024 0.00391981 -0.26786229
v 0.30401233 -0.00355302 -0.24607592
v 0.29918009 0.00079497 -0.09801593
v 0.29621748 0.00287625 0.06569598
v 0.29548665 -0.00822733 -0.98345402
v 0.30455564 -0.00191960 -0.91267387
v 0.29823534 0.01198277 -0.40999281
v 0.30665946 0.01040277 -0.19064750
v 0.30499942 -0.00286299 -0.01805264
v 0.29652294 0.00335016 0.09246716
v 0.30513246 0.02782424 -0.95180142
v 0.30199982 0.02605093 -0.81505868
v 0.29567922 0.00462124 -0.71275437
v 0.29307991 0.01591657 -0.63162958
v 0.30056213 0.01306753 -0.62176864
v 0.29520508 0.00957421 -0.60247125
v 0.30254070 0.00810253 -0.58805963
v 0.30612868 -0.00145330 -0.43881277
v 0.30378292 0.00593668 -0.31657689
v 0.29590795 0.00616490 -0.11539215
v 0.29804082 0.00669848 -0.07067799
v 0.29469981 0.01723896 -0.93091998
v 0.30242576 0.02589157 -0.77731277
v 0.29210493 0.02943976 -0.67774057
v 0.30695289 0.02219651 -0.42257782
v 0.29409297 -0.00013351 -0.30209582
v 0.29631429 0.02265680 -0.05543898
v 0.30527595 0.01673373 -0.04435725
v 0.30805535 0.03613847 -0.79606665
v 0.29655628 0.02816092 -0.78622181
v 0.30409333 0.02280019 -0.76761018
v 0.29536666 0.02950082 -0.77076640
v 0.30009397 0.02249708 -0.59823072
v 0.29633174 0.03620709 -0.52663485
v 0.29500451 0.02610954 -0.40776896
v 0.29726036 0.03079400 -0.30748362
v 0.29509664 0.02290612 -0.28250094
v 0.30671757 0.02277163 -0.19867075
v 0.30588112 0.01775625 -0.09648737
v 0.29909051 0.04787009 -0.97881590
v 0.30364515 0.04810474 -0.94312530
v 0.29392522 0.04037045 -0.92670375
v 0.30655509 0.04156967 -0.92812697
v 0.29472437 0.02931353 -0.81089521
v 0.30045988 0.03613364 -0.77536635
v 0.30395735 0.03526389 -0.64312894
v 0.30266993 0.02712938 -0.62711757
v 0.30299996 0.03446167 -0.42252783
v 0.30491145 0.02923821 0.10932986
v 0.30247519 0.04764061 -0.91955561
v 0.30432130 0.04935616 -0.75636903
v 0.30462623 0.03725197 -0.42541049
v 0.30266955 0.04996459 -0.26453447
v 0.30816799 0.02435600 -0.03882896
v 0.30555585 0.04028413 -0.05037875
v 0.30086452 0.05083309 -0.89792934
v 0.30143114 0.05166492 -0.81947285
v 0.29781950 0.05383889 -0.80517874
v 0.30475305 0.04775625 -0.80007790
v 0.30109778 0.05056530 -0.59730283
v 0.30226458 0.04996190 -0.40200635
v 0.30072556 0.05118071 -0.23429875
v 0.29496052 0.04883329 -0.17650994
v 0.29673827 0.05198981 -0.09766835
v 0.29746724 0.04528183 -0.04170848
v 0.29872763 0.04857149 -0.00488815
v 0.30241104 0.05539182 0.12290323
v 0.29984042 0.04958990 0.16477997
v 0.31126790 0.05801927 -0.78632020
v 0.30190393 0.05120122 -0.69622575
v 0.29951463 0.05122992 -0.54012419
v 0.30196573 0.05092094 -0.45104421
v 0.29878938 0.05148628 -0.38469590
v 0.29898032 0.05138929 -0.33144661
v 0.30448274 0.04498926 -0.20291053
v 0.30052446 0.05161301 -0.16454686
v 0.30243111 0.05120909 0.02273217
v 0.30197890 0.05075082 0.08602379
v 0.30087991 0.06914242 -0.60055457
v 0.29917019 0.05970982 -0.40213666
v 0.30049553 0.05267934 -0.10055858
v 0.29929719 0.08056137 -0.66425210
v 0.30263762 0.05166316 -0.64788072
v 0.29965014 0.07900653 0.02122910
v 0.30224294 0.06537941 0.10710372
v 0.29319581 0.09844159 -0.81964904
v 0.29948568 0.05095184 -0.73394710
v 0.30395033 0.06976481 -0.51957526
v 0.30260549 0.07551536 -0.29950390
v 0.29501618 0.09417049 -0.21557936
v 0.30100523 0.09811687 -0.00900834
v 0.30265073 0.08017781 -0.78107416
v 0.29509423 0.12333188 -0.90337947
v 0.30337833 0.08183638 -0.76972833
v 0.30562666 0.07708552 -0.62929367
v 0.29048970 0.14473652 -0.65539492
v 0.30041512 0.07855302 -0.14109222
v 0.29885773 0.13086657 -0.02985137
v 0.29987952 0.12475273 0.12854422
v 0.30291651 0.08387500 0.16055914
v 0.29977481 0.12154757 -0.95745137
v 0.28971589 0.17109315 -0.52928122
v 0.30183685 0.13589659 -0.06288173
v 0.29988277 0.11857689 -0.30618836
v 0.29781206 0.18331198 0.14213951
v 0.29826257 0.16934765 0.15296495
v 0.30154976 0.13826381 0.49233713
v 0.30408903 0.13275205 0.49894202
v 0.30328511 -0.35249295 -0.66120946
v 0.30284007 -0.31252524 -0.56116227
v 0.30483006 -0.32458147 -0.38000447
v 0.30441554 -0.26099545 -0.17027534
v 0.30382513 -0.22880614 -0.52024098
v 0.30342619 -0.28407105 -0.73949694
v 0.30339822 -0.29694649 -0.52477872
v 0.30233108 -0.26737564 -0.29727197
v 0.31115503 -0.25312775 0.70563751
v 0.31109587 -0.25378224 0.73582752
v 0.30254815 -0.24686333 -0.18924993
v 0.30713856 -0.22300470 0.72949114
v 0.30455250 -0.21551436 -0.17275874
v 0.30448971 -0.14386270 -0.28832401
v 0.30463186 -0.14527494 -0.21574962
v 0.30401245 -0.14726786 -0.69011640
v 0.30452645 -0.13548396 -0.80852711
v 0.30399019 -0.08740076 -0.10516585
v 0.30749219 -0.07484268 -0.06650433
v 0.30868920 -0.05088918 -0.67454417
v 0.30749585 -0.06116868 -0.64284906
v 0.30419961 -0.06243942 -0.49356533
v 0.31011288 -0.05673572 -0.08634585
v 0.30621209 -0.04470659 -0.06693842
v 0.30747095 -0.03915511 -0.46400482
v 0.30599581 -0.05286472 -0.31148235
v 0.30223141 -0.06212626 -0.11537581
v 0.30446403 -0.05271582 0.13092433
v 0.30652049 -0.05024366 -0.85881451
v 0.30573302 -0.04242754 -0.78502866
v 0.30652513 -0.03549161 -0.72882775
v 0.30556289 -0.05111965 -0.59776227
v 0.30736858 -0.04965397 -0.49753261
v 0.31004496 -0.03982977 0.07149391
v 0.30763464 -0.03285969 -0.63350537
v 0.30506138 -0.02438980 -0.55442639
v 0.30602753 -0.04986345 -0.54141646
v 0.30737927 -0.02707939 -0.47052115
v 0.30549024 -0.02713587 -0.39609730
v 0.30616870 -0.05718433 -0.36215866
v 0.30586107 -0.04026702 -0.14448780
v 0.30597769 -0.02867601 -0.03822708
v 0.30762992 -0.02672409 -0.96114855
v 0.30714122 -0.02337556 -0.86271012
v 0.30752215 -0.02683501 -0.69314689
v 0.30629158 -0.02990080 -0.58909958
v 0.30436667 -0.02649390 -0.50223525
v 0.30586953 -0.02541011 -0.32387757
v 0.30693363 -0.03106588 -0.26560771
v 0.30527191 -0.02655871 -0.18318041
v 0.30440457 -0.02558978 -0.13637296
v 0.30454499 -0.02428335 -0.07078674
v 0.30472549 -0.02695389 0.08969550
v 0.30879875 -0.02783869 0.12907654
v 0.31046217 -0.02737378 0.14914033
v 0.30735658 -0.01427710 -0.97015986
v 0.30445480 -0.02287069 -0.90216070
v 0.30296133 -0.01962882 -0.87302528
v 0.30472875 -0.01990436 -0.73923139
v 0.30438783 -0.02048801 -0.61537197
v 0.30308559 -0.02328280 -0.58333515
v 0.30362574 -0.01532959 -0.30336842
v 0.30136580 -0.01943019 -0.11273290
v 0.30521432 -0.00767713 -0.89212716
v 0.30756464 -0.01763859 -0.68955278
v 0.29728920 -0.00395634 -0.57736375
v 0.30686877 -0.01468060 -0.56545368
v 0.30323856 -0.01138389 -0.38976082
v 0.30623798 -0.00539887 -0.11360054
v 0.30673864 -0.02132498 -0.01823724
v 0.30903527 0.04151618 0.13700955
v 0.30614976 0.01939379 -0.83242370
v 0.30666103 -0.00576880 -0.74174034
v 0.30441012 -0.00366147 -0.71008389
v 0.30561742 0.01684865 -0.53524050
v 0.30528817 -0.00111162 -0.54113588
v 0.30418752 -0.01286422 -0.48017022
v 0.30505818 -0.00235172 -0.45332349
v 0.30760229 -0.00201252 -0.66463907
v 0.30368807 0.00813153 -0.51201396
v 0.30873230 -0.00150701 -0.49697069
v 0.30415040 0.00412468 -0.28640744
v 0.30854081 0.00163374 -0.03170038
v 0.30559245 0.00848193 -0.90629755
v 0.30511892 0.00419910 -0.76456155
v 0.30527383 0.00766318 -0.75339643
v 0.30345376 0.01186558 -0.49830445
v 0.30502847 0.01302397 -0.26488635
v 0.30492203 0.00633398 -0.19896414
v 0.30550611 0.00558922 0.08199396
v 0.30495731 0.02336358 0.12312408
v 0.30885972 0.01931514 -0.50927891
v 0.30442252 0.02827676 -0.26180061
v 0.30757504 0.02351475 -0.92365166
v 0.30538595 0.02320479 -0.52289651
v 0.30758931 0.03810558 -0.08500418
v 0.29683502 0.02065511 0.07586570
v 0.30964982 0.03297729 0.09652974
v 0.30490559 0.06305173 -0.96753627
v 0.30346357 0.03472522 -0.78085291
v 0.30422162 0.03532389 -0.63439627
v 0.30906513 0.03448312 -0.27438338
v 0.30313808 0.03113220 -0.21592579
v 0.31192524 0.04537419 -0.51579562
v 0.30070347 0.03365688 0.16241858
v 0.31337362 0.05111465 -0.61684879
v 0.30270274 0.04905731 -0.49227093
v 0.31114282 0.05098233 -0.42398605
v 0.30628571 0.04643917 -0.22792391
v 0.30314111 0.05270437 -0.02378217
v 0.31342833 0.05271465 0.10389646
v 0.31103715 0.05078999 0.14914389
v 0.30888787 0.05606561 -0.76703094
v 0.30990480 0.05300688 -0.21638813
v 0.31378530 0.04843092 -0.07990189
v 0.30103721 0.07657186 -0.93534601
v 0.31160474 0.06030587 -0.62595930
v 0.30415390 0.06784097 -0.42446701
v 0.30341399 0.07722462 -0.28449631
v 0.30060445 0.07809794 -0.08986541
v 0.30432650 0.07509937 -0.07102973
v 0.30707980 0.08530862 0.14935056
v 0.31413301 0.16189518 0.49839708
v 0.30672281 0.17307865 0.50779718
v 0.31291047 -0.02025246 0.08134933
v 0.31438805 0.05491283 -0.28682646
f 2 28 1
f 3 173 156
f 208 10 178
f 234 181 214
f 236 202 4
f 235 202 236
f 226 187 227
f 238 187 226
f 199 9 240
f 6 5 207
f 208 232 10
f 243 5 6
f 245 7 210
f 221 245 210
f 713 256 257
f 516 256 713
f 713 836 516
f 11 16 19
f 726 14 263
f 19 274 12
f 281 13 263
f 14 281 263
f 17 15 12
f 12 274 17
f 13 278 263
f 19 284 274
f 287 14 288
f 16 20 19
f 274 18 17
f 270 278 277
f 26 17 18
f 20 310 19
f 26 282 17
f 278 35 277
f 20 31 310
f 24 301 22
f 291 287 29
f 27 26 297
f 22 305 25
f 322 29 287
f 22 25 24
f 299 309 308
f 313 309 299
f 328 282 26
f 325 30 23
f 24 28 312
f 24 1 28
f 25 1 24
f 25 32 1
f 31 39 310
f 2 1 32
f 26 38 328
f 335 312 28
f 28 2 336
f 336 2 32
f 335 28 336
f 34 336 32
f 331 321 306
f 29 33 37
f 27 38 26
f 41 39 31
f 357 38 27
f 40 36 366
f 37 372 43
f 372 37 33
f 375 367 38
f 357 375 38
f 39 376 349
f 41 376 39
f 371 42 374
f 361 375 357
f 376 361 349
f 581 376 41
f 43 44 42
f 372 44 43
f 44 374 42
f 385 375 361
f 376 385 361
f 53 386 387
f 387 48 53
f 49 600 50
f 51 45 391
f 392 78 47
f 392 52 78
f 55 50 66
f 391 57 51
f 106 46 47
f 58 52 602
f 54 1265 49
f 65 1265 54
f 55 54 49
f 50 55 49
f 57 77 51
f 57 46 106
f 47 86 106
f 78 86 47
f 52 79 78
f 80 52 58
f 59 809 60
f 53 63 397
f 64 65 54
f 71 70 399
f 71 400 72
f 400 73 72
f 75 74 56
f 57 106 77
f 87 80 58
f 58 402 87
f 402 81 87
f 88 393 89
f 60 99 59
f 82 99 60
f 61 82 60
f 62 420 61
f 64 63 53
f 90 54 91
f 91 54 55
f 66 91 55
f 68 93 67
f 69 116 68
f 102 116 69
f 70 102 69
f 71 430 70
f 72 94 71
f 75 103 74
f 104 84 76
f 105 104 76
f 77 105 76
f 85 105 77
f 86 415 106
f 95 86 78
f 79 95 78
f 80 79 52
f 88 96 81
f 409 59 99
f 110 82 61
f 111 420 62
f 83 111 62
f 63 83 397
f 54 90 64
f 90 100 64
f 66 92 91
f 67 92 66
f 93 114 67
f 116 93 68
f 430 102 70
f 117 94 72
f 73 117 72
f 74 119 73
f 103 119 74
f 84 103 75
f 76 84 75
f 106 85 77
f 95 415 86
f 96 128 81
f 97 96 88
f 89 97 88
f 98 97 89
f 410 98 89
f 61 420 110
f 63 111 83
f 64 112 63
f 100 112 64
f 90 113 100
f 101 92 67
f 114 101 67
f 71 94 430
f 119 117 73
f 104 133 84
f 105 122 104
f 80 127 79
f 87 127 80
f 107 127 87
f 81 128 87
f 128 107 87
f 108 409 99
f 109 108 99
f 82 109 99
f 419 109 82
f 110 419 82
f 169 420 111
f 91 92 642
f 116 102 115
f 146 102 430
f 413 119 103
f 120 413 103
f 84 120 103
f 133 120 84
f 104 121 133
f 122 121 104
f 123 122 105
f 85 123 105
f 124 123 85
f 125 124 85
f 106 148 85
f 136 148 106
f 415 136 106
f 415 95 126
f 126 95 416
f 79 416 95
f 433 416 79
f 433 79 137
f 79 127 137
f 96 97 165
f 100 139 112
f 113 140 100
f 140 139 100
f 141 140 113
f 113 142 141
f 155 642 92
f 428 129 114
f 115 3 116
f 130 115 102
f 146 130 102
f 118 131 157
f 413 176 119
f 132 646 120
f 133 132 120
f 121 423 133
f 147 423 121
f 134 147 121
f 122 134 121
f 134 122 123
f 85 159 125
f 159 85 148
f 136 160 148
f 163 162 107
f 151 107 128
f 163 107 151
f 96 152 128
f 96 435 152
f 110 153 182
f 420 153 110
f 170 138 183
f 112 138 170
f 139 138 112
f 129 144 143
f 145 144 129
f 145 129 428
f 173 3 115
f 446 146 430
f 158 133 423
f 158 132 133
f 137 161 149
f 150 161 137
f 150 137 127
f 195 152 435
f 499 425 108
f 139 154 138
f 142 184 141
f 145 171 144
f 156 172 3
f 130 173 115
f 191 157 131
f 132 158 177
f 160 159 148
f 441 149 180
f 161 180 149
f 151 164 163
f 182 181 167
f 110 182 167
f 153 671 182
f 448 183 138
f 154 448 138
f 184 142 203
f 171 198 144
f 185 171 145
f 443 186 428
f 146 446 174
f 175 157 191
f 159 160 178
f 164 162 163
f 97 212 165
f 98 212 97
f 108 109 462
f 664 168 169
f 171 185 198
f 172 187 443
f 156 188 172
f 172 188 187
f 156 173 188
f 189 174 190
f 177 193 192
f 193 177 158
f 162 164 201
f 98 222 212
f 213 222 98
f 213 98 166
f 108 196 499
f 196 108 462
f 182 197 181
f 197 182 671
f 4 183 448
f 198 155 666
f 198 205 155
f 477 198 185
f 673 187 470
f 673 186 187
f 186 443 187
f 227 187 188
f 174 199 190
f 438 206 199
f 175 206 438
f 206 175 191
f 669 176 645
f 177 192 669
f 179 178 160
f 200 208 194
f 200 194 180
f 161 200 180
f 201 164 211
f 212 456 165
f 214 181 197
f 4 202 183
f 198 477 205
f 477 8 205
f 216 190 199
f 207 176 669
f 207 687 176
f 217 192 193
f 208 178 179
f 208 179 194
f 200 218 208
f 211 210 201
f 210 209 201
f 181 234 462
f 202 235 215
f 204 8 203
f 205 8 204
f 187 225 470
f 199 240 216
f 206 9 199
f 206 480 9
f 207 5 687
f 6 217 230
f 207 217 6
f 207 192 217
f 218 698 219
f 219 698 486
f 210 211 221
f 222 221 212
f 233 213 166
f 235 223 215
f 4 487 236
f 203 8 237
f 187 238 225
f 226 227 228
f 240 239 216
f 481 687 5
f 229 6 230
f 219 232 218
f 220 505 471
f 209 7 220
f 7 505 220
f 209 210 7
f 234 249 196
f 214 472 234
f 493 473 223
f 255 237 8
f 255 8 489
f 8 477 489
f 238 250 225
f 9 480 241
f 242 481 5
f 229 243 6
f 244 495 231
f 502 244 483
f 502 483 490
f 247 490 10
f 472 249 234
f 235 503 223
f 235 236 246
f 246 236 487
f 226 250 238
f 252 228 239
f 240 498 239
f 498 252 239
f 240 9 498
f 498 9 241
f 247 10 232
f 221 248 245
f 222 248 221
f 246 503 235
f 255 253 237
f 242 494 481
f 243 242 5
f 502 495 244
f 213 248 222
f 255 489 504
f 232 517 247
f 251 517 232
f 219 251 232
f 245 254 7
f 248 254 245
f 251 518 517
f 248 514 254
f 213 509 248
f 509 514 248
f 257 256 510
f 259 727 11
f 727 871 11
f 264 261 260
f 726 263 258
f 265 259 12
f 11 12 259
f 871 16 11
f 267 264 260
f 266 260 261
f 261 729 266
f 263 262 258
f 524 14 726
f 14 524 271
f 19 12 11
f 871 275 16
f 266 273 260
f 270 269 262
f 260 268 267
f 273 272 260
f 263 278 270
f 263 270 262
f 271 288 14
f 12 15 265
f 260 272 268
f 266 295 273
f 729 730 266
f 286 269 270
f 270 277 286
f 281 279 13
f 296 288 271
f 268 289 267
f 273 276 272
f 20 16 275
f 730 21 266
f 279 278 13
f 280 279 281
f 15 17 282
f 283 18 274
f 284 283 274
f 268 293 289
f 272 293 268
f 276 273 285
f 295 285 273
f 279 535 278
f 14 287 281
f 15 282 292
f 19 541 284
f 298 20 275
f 21 295 266
f 277 534 286
f 291 280 281
f 287 291 281
f 19 310 541
f 272 290 293
f 276 290 272
f 307 21 730
f 322 287 288
f 296 322 288
f 293 320 289
f 734 530 22
f 277 35 534
f 18 297 26
f 31 20 298
f 22 301 734
f 295 294 285
f 278 535 35
f 300 292 282
f 298 311 31
f 301 24 304
f 305 22 537
f 294 295 549
f 316 35 535
f 322 296 302
f 303 23 543
f 544 23 303
f 310 545 541
f 306 321 21
f 307 306 21
f 743 551 36
f 35 332 534
f 313 299 542
f 314 291 29
f 282 328 300
f 23 30 543
f 319 23 544
f 24 312 304
f 295 21 321
f 36 547 743
f 750 534 332
f 30 324 543
f 310 315 545
f 312 562 304
f 32 25 305
f 295 321 549
f 309 317 308
f 319 325 23
f 290 352 293
f 542 318 313
f 297 323 27
f 310 39 315
f 311 334 31
f 293 340 320
f 305 330 32
f 313 327 309
f 327 313 318
f 322 33 29
f 553 745 300
f 328 553 300
f 324 30 329
f 329 30 325
f 340 565 320
f 290 341 352
f 341 290 753
f 34 32 330
f 317 309 326
f 327 326 309
f 29 333 314
f 575 322 302
f 325 319 892
f 312 335 562
f 36 40 547
f 552 35 316
f 37 333 29
f 348 27 323
f 39 558 315
f 334 41 31
f 293 352 340
f 330 343 34
f 547 40 365
f 39 349 558
f 338 556 339
f 335 336 34
f 321 344 549
f 551 366 36
f 552 360 35
f 569 553 328
f 38 569 328
f 334 761 41
f 564 338 339
f 341 353 352
f 552 345 360
f 33 322 575
f 348 357 27
f 558 349 571
f 35 360 332
f 565 340 351
f 352 351 340
f 360 347 332
f 355 360 345
f 571 349 358
f 362 41 761
f 350 346 576
f 352 368 351
f 321 364 344
f 347 360 371
f 37 43 333
f 577 33 575
f 348 361 357
f 358 361 348
f 353 368 352
f 363 354 359
f 344 363 359
f 364 363 344
f 321 331 364
f 355 42 360
f 356 42 355
f 333 43 356
f 577 372 33
f 367 569 38
f 349 361 358
f 363 368 354
f 43 42 356
f 362 581 41
f 354 368 353
f 42 371 360
f 577 379 372
f 583 351 368
f 364 369 363
f 370 369 364
f 331 370 364
f 365 40 383
f 366 373 40
f 375 380 367
f 589 583 368
f 40 373 383
f 379 590 372
f 926 376 581
f 377 589 368
f 363 377 368
f 369 377 363
f 783 377 369
f 373 378 383
f 381 371 374
f 590 44 372
f 385 380 375
f 926 385 376
f 783 596 377
f 384 381 374
f 44 384 374
f 925 384 44
f 590 925 44
f 377 382 589
f 596 382 377
f 1018 591 45
f 587 591 1018
f 386 383 378
f 387 386 378
f 51 389 1018
f 1018 45 51
f 46 935 47
f 392 388 52
f 388 797 52
f 391 45 390
f 52 797 602
f 394 801 802
f 396 386 53
f 50 398 66
f 389 51 77
f 605 57 391
f 614 58 602
f 394 393 801
f 948 395 61
f 62 61 395
f 395 83 62
f 404 83 395
f 396 53 397
f 609 53 48
f 53 609 64
f 64 609 65
f 69 406 610
f 69 610 805
f 400 611 73
f 74 611 612
f 56 74 612
f 56 612 401
f 57 605 622
f 57 622 46
f 614 402 58
f 403 393 88
f 394 89 393
f 410 89 394
f 606 410 394
f 808 607 59
f 59 607 608
f 809 59 608
f 60 809 618
f 618 61 60
f 61 618 948
f 397 83 404
f 396 397 404
f 66 398 405
f 67 66 405
f 68 67 405
f 68 405 406
f 406 69 68
f 400 71 399
f 611 400 399
f 74 73 611
f 56 401 407
f 75 56 407
f 75 407 408
f 76 75 408
f 389 76 408
f 77 76 389
f 403 81 402
f 88 81 403
f 409 108 425
f 110 639 419
f 169 111 436
f 63 633 436
f 112 411 63
f 63 411 633
f 90 412 113
f 91 412 90
f 91 642 412
f 116 634 93
f 94 644 430
f 430 644 655
f 117 644 94
f 117 656 644
f 118 656 117
f 635 118 117
f 117 119 635
f 124 414 123
f 124 125 440
f 649 415 126
f 127 651 650
f 107 651 127
f 128 652 151
f 128 417 418
f 128 418 652
f 417 96 418
f 96 165 418
f 640 420 169
f 170 411 112
f 412 142 113
f 92 427 155
f 129 101 114
f 129 143 101
f 93 643 114
f 3 634 116
f 146 422 130
f 118 157 656
f 635 131 118
f 635 668 131
f 124 432 414
f 432 124 648
f 648 124 440
f 159 440 125
f 433 149 416
f 107 162 651
f 128 152 417
f 96 417 435
f 110 167 639
f 420 657 153
f 640 657 420
f 168 640 169
f 663 640 168
f 170 641 411
f 665 139 421
f 421 139 140
f 142 412 426
f 437 642 155
f 428 114 643
f 3 444 445
f 445 130 3
f 429 634 3
f 429 3 130
f 174 422 146
f 668 636 452
f 119 176 636
f 177 646 132
f 158 423 647
f 147 424 423
f 134 424 147
f 123 424 134
f 432 135 431
f 160 136 649
f 179 649 126
f 149 441 416
f 433 137 149
f 127 650 150
f 650 454 150
f 434 435 417
f 434 417 152
f 434 152 442
f 462 109 419
f 139 665 154
f 140 459 421
f 141 459 140
f 666 155 427
f 198 143 144
f 428 659 145
f 428 186 659
f 428 643 443
f 173 130 445
f 189 422 174
f 446 430 661
f 157 438 656
f 669 646 177
f 439 431 135
f 135 432 648
f 179 160 649
f 194 179 126
f 416 441 126
f 441 194 126
f 662 651 162
f 151 442 164
f 195 442 152
f 418 456 435
f 456 195 435
f 418 165 456
f 98 410 166
f 462 167 181
f 657 671 153
f 169 436 664
f 654 641 170
f 449 203 426
f 426 203 142
f 437 155 205
f 198 666 143
f 659 185 145
f 673 659 186
f 443 444 172
f 3 172 444
f 438 157 175
f 191 131 451
f 668 451 131
f 135 447 439
f 648 447 135
f 453 159 178
f 453 440 159
f 161 150 454
f 442 211 164
f 442 195 211
f 654 170 183
f 448 154 458
f 459 141 184
f 173 445 188
f 445 692 188
f 661 189 446
f 190 446 189
f 446 190 450
f 684 450 190
f 450 174 446
f 450 199 174
f 636 176 452
f 193 158 647
f 678 439 447
f 180 194 441
f 455 662 162
f 162 201 455
f 701 425 499
f 663 168 664
f 457 654 202
f 202 654 183
f 448 458 4
f 437 205 464
f 477 185 676
f 227 188 692
f 190 667 684
f 199 450 460
f 667 460 450
f 460 667 190
f 460 461 199
f 199 461 438
f 451 685 191
f 687 452 176
f 193 647 688
f 217 193 688
f 467 453 178
f 454 200 161
f 202 458 457
f 468 215 457
f 215 468 202
f 458 202 468
f 458 468 4
f 184 463 459
f 184 204 463
f 204 203 449
f 463 204 449
f 204 464 205
f 465 477 676
f 190 216 460
f 461 460 466
f 466 460 216
f 685 461 466
f 466 206 685
f 685 206 191
f 192 207 669
f 679 218 200
f 456 211 195
f 462 234 196
f 680 214 197
f 204 184 469
f 184 203 469
f 464 204 469
f 466 216 694
f 206 466 480
f 217 696 230
f 217 688 696
f 467 178 10
f 208 218 232
f 218 679 485
f 218 485 698
f 221 211 456
f 212 221 456
f 233 166 825
f 680 472 214
f 472 681 473
f 681 474 473
f 223 473 474
f 457 215 223
f 457 223 474
f 487 4 475
f 4 468 475
f 475 224 487
f 224 475 691
f 224 691 488
f 488 476 237
f 476 469 237
f 469 203 237
f 682 489 465
f 489 477 465
f 489 478 225
f 478 470 225
f 228 227 479
f 227 692 479
f 479 693 228
f 239 228 693
f 216 239 693
f 694 216 693
f 466 694 480
f 480 695 481
f 695 686 481
f 229 230 697
f 229 697 231
f 244 231 482
f 231 697 482
f 244 482 483
f 483 689 490
f 483 484 689
f 490 467 10
f 486 698 699
f 486 700 471
f 699 700 486
f 825 826 233
f 701 499 828
f 473 492 472
f 224 497 487
f 225 500 489
f 481 241 480
f 229 231 495
f 826 827 233
f 492 491 472
f 496 492 473
f 497 507 487
f 507 246 487
f 228 702 226
f 252 702 228
f 481 494 241
f 495 243 229
f 703 219 486
f 471 703 486
f 505 703 471
f 493 496 473
f 225 250 500
f 250 226 508
f 702 508 226
f 495 707 243
f 703 251 219
f 223 503 493
f 488 497 224
f 500 504 489
f 250 508 500
f 490 247 502
f 233 827 213
f 472 491 249
f 503 714 493
f 503 246 507
f 488 712 497
f 237 712 488
f 237 253 712
f 494 242 720
f 213 827 509
f 249 499 196
f 702 252 706
f 243 707 242
f 495 711 707
f 502 501 495
f 7 254 505
f 709 508 702
f 498 706 252
f 703 835 251
f 705 835 505
f 499 506 828
f 714 496 493
f 504 717 255
f 494 512 241
f 242 513 720
f 515 501 502
f 247 515 502
f 835 518 251
f 710 828 506
f 249 506 499
f 242 707 513
f 491 506 249
f 255 717 253
f 504 511 717
f 512 498 241
f 514 721 254
f 832 506 491
f 720 512 494
f 517 515 247
f 712 253 724
f 717 724 253
f 517 521 515
f 719 506 832
f 513 723 520
f 518 519 517
f 517 519 521
f 258 725 726
f 1069 522 264
f 261 522 868
f 523 725 258
f 264 525 1069
f 261 264 522
f 868 729 261
f 258 262 523
f 264 267 525
f 262 269 523
f 871 732 275
f 526 525 267
f 265 15 731
f 874 296 271
f 526 289 994
f 526 267 289
f 269 286 527
f 737 296 874
f 292 1139 15
f 275 732 298
f 289 995 994
f 286 531 527
f 280 877 279
f 284 528 283
f 530 734 276
f 285 530 276
f 533 530 285
f 284 541 528
f 276 529 290
f 734 529 276
f 280 532 877
f 289 320 995
f 533 22 530
f 537 533 285
f 285 294 537
f 531 286 534
f 291 532 280
f 737 880 296
f 290 529 536
f 301 536 529
f 734 301 529
f 533 537 22
f 534 750 531
f 538 542 299
f 300 745 292
f 544 303 540
f 301 304 536
f 546 294 549
f 749 307 733
f 308 548 299
f 296 880 302
f 298 741 311
f 753 290 536
f 536 304 753
f 535 742 316
f 550 532 291
f 757 753 304
f 537 546 305
f 314 550 291
f 995 320 751
f 304 562 757
f 742 746 316
f 308 317 548
f 297 885 323
f 749 306 307
f 880 760 302
f 885 891 323
f 748 892 319
f 765 306 749
f 745 553 1074
f 751 320 565
f 563 546 549
f 752 317 326
f 327 318 894
f 575 302 760
f 750 332 337
f 316 746 552
f 326 893 752
f 327 894 326
f 326 894 893
f 333 550 314
f 906 1074 553
f 554 315 558
f 555 560 556
f 562 557 757
f 343 330 563
f 549 344 563
f 333 758 550
f 323 891 348
f 556 559 555
f 556 338 559
f 560 339 556
f 339 560 561
f 553 569 906
f 338 342 559
f 564 339 568
f 339 350 568
f 350 339 561
f 346 350 561
f 764 353 341
f 562 335 557
f 557 335 566
f 335 34 566
f 566 34 343
f 905 758 333
f 567 342 338
f 564 567 338
f 573 557 566
f 773 573 566
f 773 566 343
f 563 773 343
f 563 344 773
f 306 765 331
f 337 332 347
f 355 345 574
f 574 775 356
f 775 905 356
f 905 333 356
f 568 567 564
f 572 568 350
f 578 576 346
f 353 764 354
f 354 764 772
f 773 359 573
f 344 359 773
f 355 574 356
f 348 570 358
f 358 570 571
f 761 916 362
f 354 772 359
f 331 765 914
f 576 572 350
f 569 777 906
f 576 585 572
f 777 569 367
f 578 580 576
f 331 914 370
f 362 916 581
f 583 586 351
f 365 383 784
f 584 373 366
f 367 579 777
f 580 585 576
f 370 783 369
f 380 579 367
f 580 578 582
f 581 920 926
f 588 585 580
f 582 588 580
f 381 790 371
f 785 590 379
f 780 782 587
f 588 592 585
f 603 588 582
f 583 594 586
f 594 583 589
f 584 378 373
f 584 933 378
f 782 591 587
f 387 378 933
f 384 593 381
f 925 593 384
f 795 594 589
f 382 795 589
f 596 595 382
f 598 597 604
f 386 784 383
f 591 782 390
f 591 390 45
f 392 47 599
f 599 388 392
f 604 939 598
f 49 1265 1165
f 49 1165 600
f 1220 1018 389
f 390 601 391
f 931 602 797
f 802 606 394
f 603 617 588
f 800 609 48
f 50 810 398
f 391 601 605
f 935 46 622
f 616 592 588
f 624 617 603
f 603 817 624
f 608 607 939
f 604 608 939
f 806 395 948
f 949 396 404
f 1265 65 1104
f 1224 398 810
f 70 69 805
f 399 805 1034
f 399 70 805
f 399 811 611
f 811 812 611
f 605 621 622
f 614 615 402
f 617 616 588
f 404 806 949
f 609 800 1030
f 609 1030 1267
f 65 609 1267
f 405 398 1224
f 406 405 950
f 405 1224 950
f 610 406 950
f 399 1034 811
f 401 813 407
f 408 407 619
f 408 619 620
f 620 389 408
f 613 389 620
f 403 402 615
f 1226 403 615
f 623 403 1226
f 393 403 623
f 653 606 946
f 817 626 624
f 59 409 808
f 626 625 624
f 626 627 625
f 627 819 631
f 617 629 616
f 617 624 629
f 631 625 627
f 631 819 632
f 819 628 632
f 606 653 410
f 630 629 624
f 625 630 624
f 631 630 625
f 425 1040 808
f 425 808 409
f 111 63 436
f 427 92 101
f 93 634 643
f 635 119 636
f 120 645 413
f 645 120 646
f 424 123 414
f 136 415 649
f 824 629 630
f 637 824 630
f 631 637 630
f 632 637 631
f 425 638 1040
f 411 641 633
f 665 421 658
f 642 426 412
f 143 427 101
f 634 444 643
f 429 130 422
f 635 636 668
f 647 423 424
f 414 431 424
f 432 431 414
f 418 434 652
f 639 167 419
f 640 663 657
f 654 436 633
f 642 437 426
f 444 443 643
f 445 444 634
f 445 634 429
f 661 655 644
f 438 661 644
f 656 438 644
f 413 645 176
f 431 439 424
f 650 670 454
f 151 652 442
f 434 442 652
f 418 435 434
f 419 167 462
f 654 664 436
f 641 654 633
f 421 459 658
f 143 666 427
f 429 660 445
f 430 655 661
f 646 669 645
f 439 674 424
f 651 662 650
f 663 671 657
f 672 154 665
f 658 672 665
f 437 449 426
f 659 676 185
f 676 659 673
f 424 674 647
f 447 648 453
f 440 453 648
f 650 662 670
f 458 154 672
f 459 672 658
f 445 660 692
f 429 684 660
f 422 684 429
f 422 189 684
f 450 684 189
f 450 189 661
f 450 661 667
f 661 461 667
f 438 461 661
f 668 452 451
f 678 447 484
f 453 484 447
f 825 410 653
f 425 701 638
f 671 680 197
f 663 664 474
f 654 457 664
f 672 675 458
f 437 464 449
f 478 682 673
f 692 660 683
f 684 667 694
f 461 694 667
f 688 647 677
f 674 677 647
f 674 439 678
f 689 484 453
f 454 679 200
f 662 690 670
f 166 410 825
f 681 680 671
f 663 681 671
f 474 681 663
f 457 474 664
f 458 675 457
f 672 691 675
f 459 691 672
f 476 691 459
f 459 463 476
f 463 449 464
f 465 676 682
f 673 682 676
f 470 478 673
f 684 683 660
f 461 685 694
f 452 686 451
f 687 686 452
f 674 678 677
f 467 689 453
f 454 690 679
f 670 690 454
f 455 690 662
f 201 209 455
f 457 675 468
f 475 468 675
f 691 475 675
f 463 469 476
f 464 469 463
f 479 692 683
f 684 479 683
f 693 479 684
f 694 693 684
f 685 480 694
f 451 695 685
f 695 480 685
f 686 695 451
f 677 696 688
f 697 696 677
f 678 697 677
f 482 697 678
f 484 482 678
f 698 485 679
f 690 698 679
f 699 698 690
f 700 699 690
f 455 700 690
f 220 471 700
f 220 700 455
f 209 220 455
f 681 472 680
f 476 488 691
f 478 489 682
f 687 481 686
f 697 230 696
f 484 483 482
f 467 490 689
f 706 709 702
f 703 505 835
f 492 832 491
f 704 832 492
f 496 704 492
f 504 500 838
f 495 501 711
f 497 712 843
f 510 256 1053
f 510 830 708
f 257 510 708
f 497 843 507
f 500 508 838
f 709 838 508
f 831 709 706
f 254 705 505
f 708 966 257
f 714 503 716
f 503 507 716
f 843 716 507
f 709 848 838
f 512 706 498
f 501 849 711
f 704 496 833
f 714 833 496
f 515 855 501
f 254 721 705
f 256 516 1126
f 257 966 713
f 712 847 843
f 838 511 504
f 711 723 707
f 707 723 513
f 521 855 515
f 506 715 710
f 720 722 512
f 506 719 715
f 716 833 714
f 512 841 706
f 835 844 518
f 509 718 514
f 713 967 836
f 836 967 1056
f 969 511 838
f 855 521 842
f 832 834 719
f 513 722 720
f 513 520 722
f 716 846 833
f 512 722 841
f 718 845 514
f 969 717 511
f 847 712 724
f 851 520 723
f 521 519 842
f 518 853 519
f 844 853 518
f 845 866 514
f 727 259 1136
f 727 1136 988
f 728 725 523
f 727 988 871
f 872 525 526
f 872 526 993
f 15 735 731
f 735 15 1139
f 730 733 307
f 877 875 279
f 283 528 879
f 279 875 535
f 535 875 738
f 283 879 18
f 878 528 541
f 877 532 736
f 18 879 881
f 745 1139 292
f 297 18 881
f 546 537 294
f 750 755 531
f 535 738 742
f 538 299 739
f 736 532 744
f 881 885 297
f 303 740 539
f 303 539 540
f 299 548 739
f 542 538 886
f 740 303 543
f 544 540 748
f 541 545 878
f 878 545 554
f 532 550 744
f 748 319 544
f 740 543 747
f 554 545 315
f 542 886 318
f 886 887 318
f 543 324 747
f 749 754 765
f 317 752 548
f 747 324 756
f 311 1075 334
f 751 565 890
f 746 766 552
f 887 894 318
f 757 341 753
f 305 563 330
f 305 546 563
f 337 755 750
f 901 756 324
f 324 329 901
f 325 892 901
f 554 558 895
f 1075 761 334
f 560 555 759
f 560 759 763
f 757 764 341
f 757 557 764
f 547 365 1307
f 551 1300 366
f 552 766 345
f 891 767 348
f 325 901 329
f 561 560 763
f 561 763 899
f 760 912 575
f 902 895 558
f 762 769 768
f 770 769 762
f 997 770 762
f 771 770 997
f 1253 771 997
f 346 561 899
f 890 565 910
f 557 772 764
f 345 766 774
f 902 558 571
f 574 345 774
f 348 767 570
f 571 776 902
f 1088 1383 768
f 567 1080 342
f 1002 908 567
f 568 1002 567
f 568 1197 1002
f 568 572 1197
f 346 899 578
f 899 781 578
f 565 351 910
f 557 573 772
f 1000 337 347
f 571 570 776
f 573 359 772
f 577 575 912
f 1009 910 351
f 771 787 770
f 909 572 585
f 371 1000 347
f 788 771 1253
f 778 577 1077
f 771 788 787
f 909 585 789
f 351 586 1009
f 778 379 577
f 581 916 920
f 779 780 1010
f 770 786 769
f 781 582 578
f 371 790 1015
f 1010 780 587
f 782 780 779
f 769 786 768
f 786 1088 768
f 787 786 770
f 585 592 789
f 803 603 582
f 803 582 781
f 594 1011 586
f 1156 596 783
f 590 785 925
f 380 792 579
f 1088 786 927
f 793 927 786
f 787 793 786
f 1017 793 787
f 788 1017 787
f 1012 794 788
f 594 1208 1011
f 597 791 604
f 385 792 380
f 385 926 929
f 788 794 1017
f 795 382 595
f 791 796 604
f 385 929 792
f 797 388 798
f 797 798 931
f 940 784 386
f 799 934 805
f 47 935 599
f 48 933 800
f 48 387 933
f 602 931 614
f 606 802 938
f 802 1027 938
f 592 1022 789
f 796 608 604
f 940 386 396
f 805 804 799
f 613 1220 389
f 942 614 931
f 606 938 946
f 1022 592 616
f 817 803 953
f 603 803 817
f 395 806 404
f 396 949 940
f 804 610 807
f 805 610 804
f 935 622 1171
f 615 614 942
f 943 821 816
f 1104 65 1267
f 610 950 807
f 622 621 1171
f 615 942 1168
f 615 1168 1226
f 616 820 1022
f 814 816 815
f 821 815 816
f 626 817 818
f 627 626 818
f 627 818 955
f 819 627 955
f 819 955 628
f 955 814 628
f 815 822 814
f 822 628 814
f 629 820 616
f 822 632 628
f 822 815 821
f 629 823 820
f 824 823 629
f 637 632 1044
f 822 1044 632
f 960 823 824
f 637 960 824
f 1231 960 637
f 1044 1231 637
f 827 829 509
f 1049 828 710
f 510 1053 830
f 708 965 966
f 709 831 848
f 1126 1053 256
f 1054 1049 710
f 509 829 718
f 966 967 713
f 710 715 1054
f 704 834 832
f 833 837 704
f 855 849 501
f 1126 516 836
f 841 831 706
f 704 837 834
f 705 839 835
f 831 840 848
f 839 844 835
f 848 969 838
f 843 846 716
f 841 840 831
f 711 849 723
f 845 718 1057
f 837 979 834
f 833 846 837
f 849 851 723
f 839 856 844
f 705 850 839
f 721 850 705
f 846 857 837
f 843 860 846
f 840 854 848
f 855 852 849
f 865 856 839
f 850 865 839
f 719 984 715
f 979 719 834
f 837 857 979
f 843 847 860
f 841 974 840
f 722 974 841
f 514 866 721
f 859 857 846
f 846 860 859
f 724 717 969
f 858 851 849
f 852 858 849
f 856 853 844
f 866 850 721
f 847 980 860
f 724 987 847
f 840 977 854
f 974 977 840
f 864 858 852
f 855 864 852
f 842 864 855
f 856 867 853
f 845 861 866
f 979 862 719
f 971 859 860
f 987 980 847
f 850 978 865
f 866 978 850
f 857 975 979
f 859 975 857
f 971 970 859
f 860 980 971
f 969 1065 724
f 973 863 854
f 1062 520 851
f 864 1061 858
f 853 867 519
f 983 867 856
f 862 984 719
f 1061 982 858
f 726 725 1188
f 524 726 1188
f 1188 1294 524
f 259 989 1136
f 522 1069 1068
f 522 1068 868
f 989 259 265
f 729 868 869
f 728 523 990
f 1294 870 524
f 271 524 870
f 989 265 731
f 869 730 729
f 873 523 269
f 874 271 870
f 730 869 992
f 993 526 994
f 269 527 873
f 733 730 992
f 1191 733 992
f 732 741 298
f 877 876 875
f 882 879 528
f 882 528 878
f 876 883 875
f 877 736 876
f 736 538 876
f 875 883 738
f 876 739 883
f 538 739 876
f 882 539 879
f 878 884 882
f 879 740 881
f 539 740 879
f 882 540 539
f 884 540 882
f 733 1191 749
f 742 738 888
f 883 888 738
f 739 548 883
f 736 886 538
f 1139 745 1190
f 884 748 540
f 878 554 884
f 742 888 746
f 736 744 886
f 881 747 885
f 744 889 886
f 1074 1190 745
f 881 740 747
f 883 548 888
f 548 752 888
f 889 887 886
f 884 895 748
f 554 895 884
f 1192 754 749
f 747 891 885
f 895 892 748
f 752 900 888
f 744 550 889
f 746 888 766
f 889 894 887
f 747 756 891
f 766 888 900
f 550 758 889
f 555 897 759
f 755 337 1143
f 893 900 752
f 889 758 894
f 756 767 891
f 907 767 756
f 901 907 756
f 901 892 902
f 895 902 892
f 997 762 996
f 997 996 896
f 555 559 999
f 897 555 999
f 998 759 897
f 898 759 998
f 763 759 898
f 894 904 893
f 758 905 894
f 768 1383 762
f 903 763 898
f 899 763 903
f 1194 899 903
f 766 900 774
f 893 774 900
f 904 774 893
f 905 904 894
f 902 907 901
f 342 999 559
f 775 574 904
f 905 775 904
f 570 767 907
f 776 570 907
f 902 776 907
f 1080 999 342
f 1080 567 1081
f 1076 1081 567
f 1076 567 908
f 572 909 1197
f 1194 781 899
f 774 904 574
f 781 1194 1006
f 1005 913 911
f 577 912 1077
f 1005 918 913
f 1253 1489 788
f 779 1010 1309
f 1078 909 789
f 1078 789 921
f 922 1153 913
f 918 922 913
f 1309 917 779
f 586 1011 1009
f 918 1005 919
f 1489 1012 788
f 1257 379 778
f 587 1150 1010
f 1013 779 917
f 1154 1153 922
f 1090 784 940
f 379 1257 785
f 779 1013 782
f 781 923 803
f 1006 923 781
f 370 1156 783
f 922 924 1154
f 918 924 922
f 1014 794 1012
f 593 1205 381
f 1206 1159 593
f 593 925 1206
f 587 1018 1150
f 793 928 927
f 793 1016 928
f 1017 1016 793
f 597 598 1260
f 1159 1205 593
f 1013 390 782
f 599 930 388
f 388 930 798
f 930 1026 798
f 798 1026 931
f 1013 601 390
f 930 599 1108
f 1110 1026 930
f 921 789 1022
f 934 941 805
f 942 931 932
f 801 937 802
f 802 937 1027
f 953 803 923
f 799 804 936
f 801 393 937
f 943 816 947
f 944 943 1029
f 50 1217 810
f 805 941 1034
f 813 401 612
f 605 601 1268
f 393 623 937
f 937 623 945
f 821 943 944
f 808 1032 1111
f 607 808 1111
f 1111 939 607
f 948 618 1113
f 806 948 1033
f 806 1033 1114
f 806 1114 949
f 811 1034 1035
f 811 1035 951
f 812 811 951
f 612 611 812
f 620 619 1036
f 620 1036 613
f 621 605 1268
f 653 946 952
f 957 817 953
f 816 814 954
f 954 947 816
f 817 957 818
f 956 814 955
f 954 814 956
f 944 1042 821
f 818 957 1117
f 955 818 958
f 956 955 958
f 1042 822 821
f 1043 818 1117
f 958 818 1043
f 1042 959 822
f 952 961 653
f 822 959 1044
f 653 961 825
f 961 962 825
f 825 962 826
f 962 963 826
f 826 963 827
f 701 828 1282
f 1282 828 1049
f 827 963 829
f 963 964 829
f 830 1052 708
f 1052 965 708
f 964 968 829
f 1056 1126 836
f 829 968 718
f 968 1057 718
f 1054 715 1128
f 1057 1058 845
f 715 984 1128
f 848 854 969
f 861 845 1058
f 972 854 863
f 854 977 973
f 973 977 985
f 722 520 974
f 851 858 1133
f 1133 858 982
f 856 865 1131
f 983 856 1131
f 866 861 1132
f 1060 970 971
f 972 1065 969
f 854 972 969
f 973 976 863
f 985 981 973
f 986 864 842
f 842 519 986
f 1131 865 978
f 978 866 1132
f 974 985 977
f 1133 1062 851
f 986 519 867
f 867 983 1063
f 975 1064 979
f 1060 971 980
f 987 1060 980
f 724 1065 987
f 974 520 1062
f 862 1067 984
f 979 1064 862
f 1369 985 974
f 986 867 1066
f 1063 1066 867
f 988 991 871
f 525 872 1069
f 990 523 873
f 731 1070 989
f 732 871 991
f 732 991 1072
f 732 1072 741
f 874 1189 737
f 880 737 1189
f 994 995 1140
f 741 1251 311
f 1191 1192 749
f 880 1073 760
f 995 751 1140
f 311 1251 1075
f 1143 337 1000
f 761 1075 1303
f 909 1003 1197
f 911 1593 1004
f 1005 911 1004
f 761 1303 916
f 909 1078 1003
f 911 913 1007
f 1007 913 1008
f 1008 913 1086
f 913 1153 1086
f 915 919 1005
f 1307 365 1392
f 1084 1000 371
f 1015 1084 371
f 1390 370 914
f 365 784 1392
f 1310 920 916
f 918 919 1155
f 918 1155 924
f 1210 933 584
f 1011 1208 1152
f 1089 596 1156
f 597 1260 791
f 790 381 1205
f 785 1206 925
f 1157 929 926
f 1016 1017 794
f 794 1207 1016
f 795 1208 594
f 596 1089 595
f 791 1313 796
f 931 1026 932
f 1020 928 1021
f 1016 1021 928
f 595 1314 795
f 932 1092 942
f 1092 1096 942
f 1016 1098 1021
f 598 939 1167
f 800 933 1210
f 1217 50 600
f 599 935 1023
f 1108 599 1023
f 930 1108 1024
f 1025 930 1024
f 930 1025 1110
f 1027 1166 938
f 1028 943 947
f 943 1028 1029
f 800 1210 1030
f 938 1166 1031
f 938 1031 946
f 953 923 1322
f 1028 947 1107
f 944 1029 1116
f 1037 1107 947
f 948 1113 1033
f 949 1114 1328
f 807 950 1175
f 612 812 951
f 407 813 1416
f 619 407 1416
f 621 1268 1225
f 1171 621 1225
f 952 946 1031
f 954 1037 947
f 944 1116 1039
f 1032 808 1040
f 1031 1038 952
f 1031 1106 1038
f 956 1041 954
f 1041 1037 954
f 1039 1042 944
f 1120 1038 1106
f 958 1334 956
f 1041 956 1334
f 1334 958 1043
f 952 1038 961
f 1040 638 1045
f 1120 1047 1038
f 1038 1046 962
f 961 1038 962
f 1047 1046 1038
f 638 701 1045
f 701 1180 1045
f 962 1046 963
f 1050 1046 1047
f 1046 1048 963
f 1046 1050 1048
f 963 1048 964
f 1048 1122 964
f 1122 1048 1050
f 1053 1235 830
f 1052 1236 965
f 1122 1123 964
f 1049 1054 1051
f 965 1055 966
f 966 1055 967
f 964 1123 968
f 859 970 1059
f 859 1059 975
f 982 1061 1130
f 1063 983 1183
f 1128 984 1239
f 1065 972 976
f 863 976 972
f 981 985 1369
f 984 1067 1239
f 864 986 1061
f 978 1134 1131
f 1132 1134 978
f 1184 1064 975
f 1062 1369 974
f 1061 986 1066
f 1067 862 1135
f 862 1064 1135
f 1063 1638 1066
f 725 728 1188
f 873 527 1071
f 531 1138 527
f 735 1139 1298
f 1073 1141 760
f 1379 1074 1142
f 1142 1074 906
f 996 1252 1302
f 1253 997 896
f 760 1141 912
f 903 898 1386
f 754 1256 765
f 1304 999 1145
f 912 1141 1077
f 1002 1197 1255
f 765 1256 914
f 911 1007 1593
f 999 1080 1145
f 1146 1007 1008
f 1008 1082 1146
f 1146 1082 1199
f 1199 1082 1083
f 1082 1008 1086
f 1303 1310 916
f 1085 1083 1082
f 915 1079 919
f 1200 778 1077
f 1082 1086 1085
f 1147 584 366
f 579 1087 777
f 1309 1483 917
f 1011 1148 1009
f 370 1390 1156
f 1202 1085 1086
f 1489 1312 1012
f 1011 1152 1148
f 1012 1312 1014
f 790 1205 1015
f 920 1157 926
f 927 1091 1088
f 1092 1091 927
f 927 928 1092
f 794 1747 1207
f 794 1014 1747
f 1260 598 1209
f 932 1026 1094
f 1094 1092 932
f 1095 1163 1092
f 928 1095 1092
f 1020 1095 928
f 1098 1016 1019
f 1019 1016 1099
f 1207 1099 1016
f 795 1314 1208
f 1313 1161 796
f 1093 1026 1105
f 1163 1096 1092
f 1096 1095 1020
f 1020 1021 1101
f 1021 1097 1101
f 1098 1097 1021
f 1019 1099 1027
f 1027 1099 1166
f 598 1167 1209
f 1161 608 796
f 1500 1217 600
f 1020 1100 1096
f 1096 1100 942
f 1020 1101 1100
f 1027 937 1019
f 1029 1028 1102
f 1090 940 1103
f 1210 1415 1030
f 935 1171 1023
f 1023 1109 1108
f 1025 1172 1110
f 1105 1026 1110
f 942 1100 1168
f 1031 1166 1106
f 940 949 1103
f 1108 1109 1024
f 1107 1037 1174
f 1167 939 1111
f 608 1112 809
f 618 809 1113
f 950 1844 1175
f 612 951 813
f 613 1036 1413
f 1110 1172 1177
f 1509 1022 820
f 1115 1174 1037
f 953 1322 1178
f 953 1178 957
f 1037 1041 1118
f 1115 1037 1118
f 1041 1334 1118
f 1042 1229 959
f 1043 1228 1334
f 1040 1045 1119
f 1121 1047 1120
f 701 1282 1180
f 1050 1047 1121
f 1282 1049 1051
f 1182 1050 1121
f 1052 830 1181
f 1236 1055 965
f 1235 1053 1124
f 1126 1124 1053
f 1055 1125 967
f 1051 1054 1285
f 1056 1125 1126
f 1125 1056 967
f 1360 968 1123
f 968 1360 1057
f 1285 1054 1128
f 1057 1127 1058
f 1058 1366 861
f 1242 973 981
f 983 1131 1183
f 970 1060 1129
f 973 1367 976
f 1242 1367 973
f 1289 1133 982
f 1131 1185 1183
f 1065 976 1547
f 1289 1292 1133
f 1369 1242 981
f 1246 1369 1062
f 1066 1186 1061
f 1245 1638 1063
f 1065 1244 987
f 1069 872 1249
f 1068 1069 1249
f 868 1068 1137
f 728 990 1372
f 868 1137 869
f 873 1071 990
f 1250 872 993
f 731 735 1070
f 1189 874 870
f 1138 1071 527
f 741 1375 1251
f 994 1140 1562
f 880 1189 1073
f 531 755 1138
f 751 1378 1140
f 1190 1074 1379
f 751 890 1378
f 1143 1470 755
f 999 1193 897
f 897 1193 1926
f 1304 1193 999
f 897 1926 998
f 1383 1088 1725
f 908 1144 1076
f 1005 1004 2173
f 2173 915 1005
f 1006 1194 1195
f 777 1142 906
f 1308 910 1009
f 1256 1478 914
f 914 1478 1390
f 1083 1085 1149
f 1086 1151 1202
f 1149 1085 1202
f 1392 784 1090
f 1087 579 792
f 919 2111 1155
f 1219 1392 1090
f 920 1310 1394
f 1014 1312 1608
f 1203 785 1257
f 920 1394 1157
f 1089 1156 1259
f 785 1203 1206
f 1088 1091 1204
f 1092 1158 1091
f 1026 1093 1094
f 1158 1092 1094
f 1095 1158 1163
f 1158 1095 1317
f 1095 1160 1317
f 1162 1219 1090
f 934 936 1792
f 799 936 934
f 1093 1105 1263
f 1096 1164 1095
f 1163 1164 1096
f 1095 1164 1160
f 1101 1160 1164
f 1101 1097 1160
f 1098 1211 1097
f 1211 1098 1019
f 1161 1112 608
f 1105 1938 1263
f 1100 1163 1218
f 1164 1163 1100
f 1101 1164 1100
f 1793 1029 1102
f 1090 1103 1162
f 936 804 2046
f 1025 1024 1109
f 1100 1218 1168
f 1166 1169 1106
f 1170 1222 1107
f 1028 1107 1222
f 1029 1793 1116
f 1793 1616 1116
f 1265 1104 1749
f 804 807 2046
f 941 2309 1034
f 1109 1023 1171
f 1025 1109 1172
f 1110 1177 1105
f 1938 1105 1177
f 1173 1266 1170
f 1107 1174 1170
f 1174 1173 1170
f 809 1112 1113
f 1328 1103 949
f 1749 1104 1267
f 1224 810 1843
f 1034 2309 1035
f 813 951 1416
f 619 1416 1176
f 1109 1171 1225
f 1172 1109 1225
f 1177 1172 1225
f 1106 1169 1120
f 1174 1115 1173
f 1032 1040 1179
f 1042 1272 1229
f 1042 1039 1272
f 957 1418 1117
f 1118 1334 1419
f 823 1230 820
f 1040 1119 1179
f 1232 1045 1233
f 1119 1045 1232
f 1045 1180 1233
f 1121 1234 1182
f 830 1235 1181
f 1350 1052 1181
f 1350 1236 1052
f 1123 1122 1238
f 1122 1355 1238
f 1050 1355 1122
f 1355 1050 1182
f 1284 1124 1055
f 1055 1124 1125
f 1124 1126 1125
f 1238 1360 1123
f 1633 1128 1239
f 861 1366 1286
f 982 1130 1289
f 861 1286 1291
f 861 1291 1132
f 1129 1060 987
f 975 1059 1184
f 1183 1245 1063
f 1134 1185 1131
f 1134 1132 1639
f 1292 1062 1133
f 1186 1130 1061
f 1067 1247 1239
f 1135 1064 1293
f 1244 1243 987
f 1065 1547 1244
f 1246 1459 1369
f 1066 1638 1186
f 1552 1293 1064
f 1184 1552 1064
f 1247 1067 1135
f 1188 728 1187
f 1137 1068 1248
f 989 1462 1136
f 1373 991 988
f 1248 1068 1249
f 1070 1462 989
f 1464 992 869
f 1557 1250 993
f 1070 735 1298
f 994 1557 993
f 994 1562 1557
f 741 1072 1375
f 1189 1297 1073
f 1298 1139 1190
f 743 1300 551
f 1580 1253 896
f 898 998 1926
f 898 1926 1386
f 1194 903 1386
f 890 910 1308
f 1077 1141 1254
f 1076 1144 1196
f 908 1001 1144
f 1002 1001 908
f 1003 1198 1197
f 1004 1593 1387
f 1004 1387 2173
f 1077 1254 1200
f 1145 1080 1201
f 1081 1201 1080
f 1009 1148 1308
f 1081 1395 1201
f 1150 1602 1010
f 1006 2038 923
f 778 1200 1257
f 1725 1088 1204
f 1086 1153 1151
f 1151 1153 1311
f 1153 1154 1311
f 1258 1015 1205
f 1602 1150 1018
f 791 1260 1313
f 1602 1018 1220
f 1158 1094 1316
f 1317 1097 1262
f 1207 1214 1099
f 595 1089 1314
f 1792 936 2044
f 1158 1316 1163
f 1316 1218 1163
f 1317 1160 1097
f 1262 1097 1211
f 1211 1019 1213
f 1213 1212 1211
f 1166 1099 1215
f 1099 1214 1215
f 600 1165 1500
f 934 2039 941
f 2039 1406 941
f 1213 1019 937
f 1213 937 1840
f 1103 1219 1162
f 1210 1216 1415
f 613 1413 1220
f 1166 1215 1169
f 1266 1221 1170
f 1222 1170 1221
f 1504 1167 1111
f 601 1502 1268
f 1502 1503 1268
f 1840 937 945
f 1270 1266 1173
f 1616 1223 1116
f 1111 1032 1327
f 1327 1504 1111
f 1114 1033 1328
f 1030 1415 1267
f 950 1224 1844
f 1035 1940 951
f 1036 1941 1413
f 1177 1225 1269
f 1168 1218 1619
f 1168 1619 1226
f 1173 1115 1270
f 1227 1039 1116
f 1418 957 1178
f 1115 1118 1270
f 1039 1227 1272
f 823 960 1230
f 1179 1119 1420
f 1169 1234 1120
f 1120 1234 1121
f 1350 1181 1349
f 1237 1236 1445
f 1236 1237 1284
f 1236 1284 1055
f 1057 1360 1127
f 1128 1633 1285
f 1127 1451 1058
f 1058 1451 1366
f 1286 1287 1291
f 1184 1059 1241
f 1059 970 1241
f 1367 1242 1368
f 1183 1185 1240
f 1129 987 1243
f 1458 1242 1369
f 1132 1291 1639
f 1184 1822 1552
f 1288 1822 1184
f 1244 1547 1961
f 1135 1293 1247
f 1187 728 1372
f 869 1137 1464
f 872 1250 1249
f 1071 1372 990
f 992 1464 1374
f 1070 1298 1556
f 1374 1191 992
f 1295 1189 870
f 1297 1189 1295
f 1071 1138 1465
f 1138 755 1470
f 1378 890 1382
f 1073 1299 1141
f 1251 1377 1075
f 1472 1075 1377
f 762 1383 1252
f 996 762 1252
f 996 1302 896
f 1381 1256 754
f 1300 1879 366
f 1379 1142 1380
f 1195 1194 1386
f 1305 1304 1145
f 890 1308 1382
f 1002 1255 1001
f 1197 1474 1255
f 1197 1198 1474
f 1078 1198 1003
f 1198 1078 1306
f 1076 1196 1081
f 1306 1078 921
f 1196 1485 1081
f 1395 1081 1485
f 2032 1147 366
f 777 1087 1142
f 1258 1084 1015
f 1259 1156 1390
f 1154 2035 1311
f 924 1400 1154
f 1155 2111 924
f 924 2111 1400
f 1210 584 1147
f 1258 1205 1261
f 1403 1207 1747
f 1014 1405 1747
f 1314 1611 1208
f 1209 1610 1260
f 792 929 1401
f 1262 1211 1212
f 1207 1403 1214
f 1496 1404 1209
f 1313 1408 1161
f 934 1792 2039
f 1013 1491 601
f 1321 1215 1214
f 1209 1167 1496
f 1028 1222 1264
f 1028 1264 1102
f 936 2046 2044
f 1169 1215 1274
f 1036 619 1941
f 1225 1268 1269
f 1269 1330 1177
f 1177 1894 1938
f 623 1226 2447
f 945 623 2447
f 1227 1116 1271
f 1271 1116 1223
f 1419 1270 1118
f 1272 1227 1273
f 1227 1271 1273
f 820 1417 1509
f 1334 1514 1419
f 1229 1272 1422
f 1422 1272 1275
f 1273 1275 1272
f 1043 1117 1849
f 1339 1422 1275
f 1340 1275 1273
f 1276 1273 1271
f 1340 1273 1276
f 959 1421 1850
f 959 1229 1421
f 1340 1339 1275
f 1274 1338 1169
f 1232 1420 1119
f 1169 1338 1234
f 1319 1333 1278
f 1233 1180 1280
f 1278 1281 1277
f 1333 1281 1278
f 1279 1281 1333
f 1180 1282 1280
f 1345 1277 1281
f 1279 1345 1281
f 1282 1051 1280
f 1338 1283 1234
f 1181 1235 1437
f 1437 1349 1181
f 1234 1283 1182
f 1350 1442 1236
f 1442 1445 1236
f 1441 1235 1124
f 1441 1124 1284
f 1283 1355 1182
f 1447 1357 1238
f 1238 1357 1360
f 1127 1360 1451
f 1633 1239 1546
f 1241 970 1129
f 1184 1241 1288
f 1243 1241 1129
f 976 1367 1547
f 1242 1458 1368
f 1289 1130 1290
f 1290 1130 1186
f 1245 1183 1240
f 1637 1246 1292
f 1062 1292 1246
f 1188 1187 1460
f 988 1136 1373
f 1188 1461 1294
f 1294 1295 870
f 991 1296 1072
f 1296 1375 1072
f 1140 1469 1562
f 1297 1299 1073
f 1191 1466 1192
f 1469 1140 1378
f 1469 1378 1382
f 1471 1141 1299
f 1192 1381 754
f 1470 1143 1301
f 1141 1471 1254
f 1383 1583 1252
f 2477 1580 896
f 1472 1303 1075
f 1385 1193 1304
f 1301 1143 1000
f 1253 1787 1489
f 1310 1303 1482
f 1145 1201 1305
f 1010 1602 1309
f 1087 1391 1142
f 1200 1393 1257
f 1151 1311 1979
f 1393 1203 1257
f 792 1396 1087
f 1491 1013 917
f 1401 1396 792
f 1608 1405 1014
f 1261 1205 1493
f 1262 1212 1494
f 1152 1208 1611
f 1089 1492 1314
f 1089 1259 1492
f 1404 1610 1209
f 1392 1219 1323
f 1205 1159 1493
f 1159 1206 1493
f 1401 929 1315
f 1157 1315 929
f 1398 1319 1318
f 1320 1319 1398
f 1216 1210 1887
f 1316 1751 1218
f 1212 1213 1407
f 1321 1214 1614
f 1333 1319 1320
f 921 1022 1609
f 1325 1321 1614
f 1215 1321 1274
f 1274 1321 1325
f 1326 1333 1320
f 1219 1103 1323
f 1217 1329 810
f 1032 1620 1327
f 1323 1103 1328
f 1507 1323 1328
f 1216 1324 1415
f 810 1329 1843
f 619 1176 1941
f 945 2447 1840
f 1331 1333 1326
f 1178 1322 1803
f 1032 1179 1620
f 1325 1511 1274
f 1508 1270 1419
f 1179 1420 1620
f 1319 1332 1318
f 1230 1417 820
f 1043 1849 1228
f 1229 1422 1421
f 1336 1335 1511
f 1274 1511 1335
f 959 1850 1044
f 1319 1278 1332
f 1231 1517 960
f 1231 1755 1517
f 1044 1853 1231
f 1335 1338 1274
f 1338 1335 1341
f 1232 1233 1337
f 1337 1233 1427
f 1332 1277 1430
f 1278 1277 1332
f 1233 1280 1427
f 1333 1344 1279
f 1331 1344 1333
f 1343 1341 1342
f 1429 1343 1342
f 1338 1341 1343
f 1345 1279 1344
f 1346 1345 1344
f 1760 1352 1343
f 1338 1343 1352
f 1338 1352 1283
f 1277 1345 1358
f 1346 1347 1345
f 1347 1351 1345
f 1436 1347 1346
f 1348 1347 1436
f 1349 1525 1350
f 1435 1350 1525
f 1442 1350 1435
f 1235 1441 1437
f 1363 1443 1430
f 1277 1358 1430
f 1358 1363 1430
f 1347 1356 1351
f 1051 1285 1444
f 1354 1355 1352
f 1283 1352 1355
f 1353 1441 1284
f 1237 1353 1284
f 1444 1285 1633
f 1359 1361 1351
f 1447 1238 1354
f 1355 1354 1238
f 1359 1351 1356
f 1351 1361 1345
f 1359 1362 1361
f 1361 1358 1345
f 1365 1358 1361
f 1362 1365 1361
f 1362 1359 1449
f 1358 1453 1363
f 1364 1365 1362
f 1365 1453 1358
f 1452 1365 1364
f 1454 1365 1452
f 1365 1545 1453
f 1455 1545 1365
f 1454 1455 1365
f 1457 1545 1455
f 1366 1635 1286
f 1633 1546 1765
f 1548 1367 1368
f 1239 1247 1551
f 1186 1550 1290
f 1639 2013 1134
f 1247 1293 1370
f 1188 1460 1461
f 1136 1462 1463
f 1248 1249 1371
f 1137 1248 1643
f 1187 1372 1641
f 1556 1462 1070
f 1461 1295 1294
f 991 1373 1296
f 1372 1071 1657
f 1071 1465 1657
f 1466 1191 1374
f 1561 1375 1296
f 1299 1297 1467
f 1190 1379 1376
f 1707 1385 1384
f 1193 1385 1707
f 1256 1381 1694
f 1385 1475 1384
f 1385 1304 1477
f 1475 1385 1477
f 1304 1305 1477
f 1301 1000 1479
f 1253 2099 1787
f 1475 1484 1384
f 1001 1473 1144
f 1001 1474 1473
f 1255 1474 1001
f 1256 1694 1478
f 1879 2032 366
f 1305 1201 1477
f 1144 1485 1196
f 1000 1084 1479
f 1595 1142 1391
f 1389 1308 1148
f 1309 1602 1785
f 1477 1201 1480
f 1726 1389 1148
f 1310 1482 1394
f 1201 1395 1480
f 1152 1726 1148
f 1491 917 1483
f 1306 921 1609
f 1395 1398 1397
f 1399 1398 1395
f 1598 1259 1390
f 1154 1400 2035
f 1608 1318 1405
f 1397 1318 1608
f 1398 1490 1402
f 1490 1604 1402
f 1260 1610 1743
f 1313 1260 1743
f 1157 1394 1737
f 1398 1318 1397
f 1326 1320 1398
f 1326 1398 1402
f 1501 1326 1402
f 1322 923 2038
f 1313 1743 1408
f 1220 1612 1602
f 1094 1093 1791
f 1094 1791 1316
f 1212 1407 1494
f 1403 1614 1214
f 1504 1496 1167
f 1165 1265 1499
f 1500 1165 1499
f 1613 1497 1412
f 1409 1412 1497
f 1213 1840 1407
f 1506 1747 1405
f 1609 1022 1410
f 1264 1793 1102
f 1220 1413 1612
f 1509 1410 1022
f 1222 1221 1987
f 1216 1887 1324
f 1265 1749 1411
f 2046 807 1175
f 941 1406 2309
f 1414 1409 1505
f 1414 1412 1409
f 1405 1318 1506
f 1266 1270 1508
f 1328 1033 1507
f 1415 1324 1842
f 1843 1844 1224
f 1268 1503 1753
f 1268 1753 1269
f 1414 1330 1269
f 1501 1331 1326
f 1506 1318 1332
f 1271 1223 1510
f 1518 1271 1510
f 1501 1512 1331
f 1117 1418 1849
f 1623 1506 1332
f 1515 1421 1422
f 1271 1518 1276
f 960 1424 1230
f 960 1517 1424
f 1231 1853 1806
f 1520 1515 1422
f 1420 1232 1423
f 1422 1339 1520
f 1336 2450 1335
f 1521 1276 1518
f 1232 1337 1423
f 1512 1522 1331
f 1276 1425 1340
f 1335 2450 1341
f 1430 1623 1332
f 1339 1340 1426
f 1426 1340 1425
f 1341 2450 2633
f 1341 2633 1342
f 2633 1428 1342
f 1428 1429 1342
f 1522 1431 1331
f 1432 1431 1522
f 1431 1344 1331
f 1434 1431 1432
f 1433 1435 1432
f 1429 2319 1343
f 1431 1346 1344
f 1436 1346 1431
f 1434 1436 1431
f 1438 1435 1433
f 1280 1051 1444
f 1525 1432 1435
f 1434 1527 1436
f 1442 1435 1438
f 1527 1348 1436
f 1437 1525 1349
f 1527 1529 1348
f 1533 1356 1347
f 1348 1533 1347
f 1438 1528 1442
f 1440 1446 1530
f 1446 1440 1531
f 1360 1357 1762
f 1762 1357 1447
f 1356 1449 1359
f 1449 1356 1533
f 1634 1443 1363
f 1539 1530 1446
f 1364 1362 1449
f 1536 1448 1364
f 1448 1450 1364
f 1537 1450 1448
f 1450 1538 1539
f 1537 1538 1450
f 1452 1364 1450
f 1541 1452 1450
f 1539 1541 1450
f 1453 1634 1363
f 1763 1634 1453
f 1541 1454 1452
f 1455 1454 1456
f 1456 1454 1541
f 1456 1457 1455
f 1544 1453 1545
f 1241 1818 1288
f 1241 1636 1818
f 1241 1243 1636
f 1239 1551 1546
f 1288 1818 1822
f 1243 1774 1636
f 1244 1774 1243
f 1459 1458 1369
f 1292 1289 1637
f 1185 1134 2013
f 1775 1244 1961
f 1246 1916 1459
f 1551 1247 1370
f 1293 1552 1640
f 1373 1136 1463
f 1137 1643 1464
f 1249 1250 1371
f 1657 1641 1372
f 1556 1298 1660
f 1566 1297 1295
f 1660 1298 1376
f 1467 1297 1566
f 1298 1190 1376
f 1465 1138 1683
f 1375 1561 1251
f 1138 1470 1683
f 1251 1561 1377
f 1466 1468 1192
f 1467 1471 1299
f 1376 1379 1576
f 1192 1468 1381
f 1379 1380 1576
f 1576 1380 1704
f 1470 1301 1691
f 896 1302 2477
f 1384 1970 1707
f 1386 1926 1581
f 1195 1386 1581
f 1195 1581 1969
f 1704 1380 1595
f 1382 1308 1389
f 1595 1380 1142
f 1384 1484 1970
f 1007 1592 1593
f 1303 1472 1482
f 1474 1476 1473
f 1198 1486 1474
f 1486 1476 1474
f 1007 1146 1592
f 1200 1254 1594
f 1596 1970 1484
f 1477 1480 1475
f 1476 1490 1473
f 1473 1490 1144
f 1490 1485 1144
f 1198 1306 1486
f 1006 1195 1882
f 1486 1487 1476
f 1306 1488 1486
f 1006 1882 2038
f 1785 1483 1309
f 1476 1487 1481
f 1599 1479 1084
f 1484 1388 1596
f 1475 1480 1484
f 1480 1388 1484
f 1481 1490 1476
f 1488 1487 1486
f 1390 1478 1598
f 1258 1599 1084
f 1087 1396 1391
f 1306 1606 1488
f 1832 1149 1202
f 1489 1787 1312
f 1485 1399 1395
f 1490 1399 1485
f 1604 1490 1481
f 1604 1487 1605
f 1604 1481 1487
f 1306 1609 1606
f 1734 1203 1393
f 1608 1835 1388
f 1388 1397 1608
f 1480 1397 1388
f 1395 1397 1480
f 1492 1259 1598
f 1734 1206 1203
f 1490 1398 1399
f 1605 1402 1604
f 1402 1605 1495
f 1611 1603 1152
f 1152 1603 1726
f 1210 1147 1887
f 1315 1607 1401
f 1157 1737 1315
f 1747 1742 1403
f 1495 1501 1402
f 1745 1610 1404
f 1496 1745 1404
f 1497 1615 1409
f 1609 1410 1495
f 1496 1504 1745
f 1161 1408 1498
f 1265 1411 1499
f 1502 601 1491
f 1495 1410 1513
f 1327 1620 1504
f 1161 1889 1112
f 1615 1505 1409
f 1495 1512 1501
f 1410 1509 1513
f 1112 1889 1113
f 1415 1752 1267
f 1752 1749 1267
f 1416 951 1940
f 1416 1940 1845
f 1416 1797 1176
f 1414 1505 1330
f 1938 1894 2624
f 1513 1512 1495
f 1621 1508 1419
f 1223 1805 1510
f 1509 1417 1513
f 1621 1419 1514
f 1620 1420 1423
f 1334 1228 1514
f 1044 1850 1853
f 1513 1523 1512
f 1523 1522 1512
f 1339 1426 1520
f 1521 1425 1276
f 1337 1427 1854
f 1523 1432 1522
f 1519 1524 1523
f 1523 1433 1432
f 1524 1433 1523
f 1427 1280 1862
f 1280 1444 1862
f 1430 1443 1623
f 1432 1525 1434
f 1525 1437 1434
f 1433 1526 1438
f 1526 1433 1524
f 1440 1527 1434
f 1441 1440 1434
f 1437 1441 1434
f 1528 1438 1526
f 1533 1348 1534
f 1348 1439 1534
f 1348 1529 1439
f 1529 1527 1630
f 1527 1440 1630
f 1441 1531 1440
f 1445 1442 1528
f 1531 1441 1353
f 1352 1532 1354
f 1440 1530 1630
f 1630 1530 1538
f 1623 1443 1634
f 1439 1448 1534
f 1532 1447 1354
f 1531 1535 1446
f 1957 1762 1447
f 1534 1536 1533
f 1439 1529 1448
f 1538 1537 1529
f 1536 1449 1533
f 1529 1537 1448
f 1534 1448 1536
f 1539 1538 1530
f 1446 1540 1539
f 1540 1446 1535
f 1536 1364 1449
f 1360 1762 1451
f 1542 1539 1540
f 1539 1542 1541
f 1763 1453 1544
f 1456 1541 1542
f 1457 1456 1543
f 1542 1543 1456
f 1451 1635 1366
f 1286 1771 1287
f 1367 1548 1819
f 1548 1368 2221
f 1368 1458 2221
f 1290 1549 1289
f 1290 1550 1549
f 1245 1240 1820
f 1185 2140 1240
f 1185 2013 2140
f 1773 1639 1291
f 1244 1775 1774
f 1640 1370 1293
f 1553 1643 1248
f 1460 1187 1641
f 1462 1642 1463
f 1553 1248 1371
f 1644 1461 1460
f 1556 1642 1462
f 1554 1373 1463
f 1555 1371 1250
f 1648 1464 1643
f 1295 1461 1644
f 1556 1654 1642
f 1373 1554 1296
f 1641 1657 1649
f 1566 1295 1644
f 1250 1557 1555
f 1374 1464 1648
f 1296 1554 1655
f 1557 1558 1555
f 1556 1660 1658
f 1654 1556 1658
f 1296 1655 1561
f 1657 1465 1668
f 1557 1562 1558
f 1667 1558 1562
f 1656 1564 1672
f 1648 1466 1374
f 1560 1559 1670
f 1565 1560 1670
f 1669 1466 1648
f 1465 1683 1668
f 1670 1559 1568
f 1680 1661 1567
f 1562 1575 1667
f 1569 1660 1376
f 1570 1661 1680
f 1562 1469 1575
f 1376 1576 1569
f 1567 1664 1687
f 1468 1466 1669
f 1564 1693 1577
f 547 1920 743
f 1560 1573 1675
f 1563 1571 1589
f 1572 1682 1568
f 1574 1570 1680
f 1689 1570 1582
f 1691 1683 1470
f 1685 1682 1572
f 1582 1570 1574
f 1675 1573 1591
f 1687 1700 1586
f 1469 1382 1575
f 1382 1588 1575
f 1579 1589 1571
f 1687 1586 1578
f 1582 1574 1697
f 1468 1694 1381
f 1685 1572 1584
f 1692 1472 1377
f 1691 1301 1715
f 1577 1693 1721
f 1697 1587 1582
f 1580 2099 1253
f 1702 1577 1721
f 1301 1479 1715
f 1584 1572 1590
f 1590 1591 1585
f 1594 1254 1471
f 1701 1578 1586
f 1697 1701 1587
f 1587 1701 1586
f 1382 1389 1588
f 1702 1719 1579
f 1704 1595 1711
f 1588 1389 1597
f 1589 1579 1719
f 1587 1586 1722
f 1472 1692 1482
f 1712 1478 1694
f 1692 1600 1482
f 1146 1199 1592
f 1715 1479 1599
f 1595 1391 1601
f 1712 1598 1478
f 1389 1726 1597
f 1147 2032 1831
f 1594 1723 1393
f 1200 1594 1393
f 1391 1396 1601
f 1601 1396 1607
f 1482 1600 1394
f 1202 1151 1979
f 1202 1979 1884
f 1884 1832 1202
f 1731 1394 1600
f 1483 1789 1491
f 1487 1488 1605
f 1605 1488 1606
f 1599 1258 1720
f 1261 1720 1258
f 1720 1261 1493
f 1396 1401 1607
f 1394 1731 1737
f 1738 1312 1787
f 1312 1738 1608
f 1609 1605 1606
f 1887 1147 1831
f 1206 1734 1493
f 1737 1607 1315
f 1204 1886 1740
f 1091 1886 1204
f 1091 1158 1886
f 1495 1605 1609
f 1603 1611 1739
f 1739 1314 1492
f 1316 1791 1744
f 1739 1611 1314
f 1498 1408 1743
f 1746 1615 1497
f 1316 1744 1751
f 1747 1506 1757
f 2038 1803 1322
f 1941 1612 1413
f 1221 1266 1937
f 1221 1937 1987
f 1222 1987 1935
f 1935 1264 1222
f 1504 1620 1617
f 1617 2048 1504
f 1412 1414 1753
f 1505 1615 1750
f 1113 1889 1618
f 1035 2309 1940
f 1416 1845 1797
f 1753 1414 1269
f 1330 1505 1893
f 1505 1750 1893
f 1177 1330 1894
f 1218 1751 1619
f 2447 1226 2052
f 1614 1990 1325
f 1805 1518 1510
f 1620 1423 1516
f 1519 1513 1417
f 1230 1424 1622
f 1622 1424 1754
f 1517 1754 1424
f 1517 1755 1856
f 1231 1806 1755
f 1623 1757 1506
f 1417 1625 1519
f 1230 1625 1417
f 1518 1807 1521
f 1513 1519 1523
f 1627 1622 1756
f 1624 1757 1623
f 1230 1627 1625
f 1622 1627 1230
f 1425 1521 1626
f 1519 1625 1524
f 1626 1426 1425
f 1625 1628 1524
f 1627 1628 1625
f 1628 1627 1758
f 1628 1629 1524
f 1629 1628 1758
f 2319 2320 1343
f 1343 2320 1760
f 1524 1629 1526
f 1760 3221 1352
f 1629 1761 1526
f 1526 1761 1528
f 1631 1353 1237
f 1445 1815 1237
f 1237 1815 1631
f 1352 3221 1532
f 1353 1631 1531
f 1632 1531 1631
f 1634 1624 1623
f 1531 1632 1535
f 1630 1538 1529
f 1912 1624 1634
f 1632 2006 1535
f 1535 2006 1540
f 1540 2006 1867
f 1763 1912 1634
f 1540 1867 1542
f 1451 1766 1635
f 1868 1543 1542
f 1633 1765 1866
f 1767 1544 1545
f 1768 1545 1457
f 1769 1457 1543
f 1635 1771 1286
f 1769 1768 1457
f 1772 1773 1287
f 1291 1287 1773
f 1961 1547 1819
f 1367 1819 1547
f 1459 1916 1458
f 1549 1637 1289
f 1186 1638 1550
f 1962 1638 1245
f 1460 1641 1646
f 1646 1641 1649
f 1463 1642 1650
f 1554 1463 1650
f 1553 1371 1645
f 1647 1553 1645
f 1643 1553 1647
f 1644 1460 1646
f 1555 1645 1371
f 1648 1643 1647
f 1650 1642 1654
f 1651 1554 1650
f 1645 1555 1652
f 1648 1647 1665
f 1652 1555 1558
f 1656 1645 1652
f 1649 1657 1659
f 1653 1649 1659
f 1644 1646 1663
f 1566 1644 1676
f 1664 1650 1654
f 1661 1650 1664
f 1655 1554 1651
f 1656 1652 1662
f 1665 1647 1656
f 1648 1665 1666
f 1646 1653 1560
f 1676 1644 1663
f 1650 1661 1651
f 1652 1558 1662
f 1657 1668 1659
f 1560 1653 1559
f 1646 1560 1663
f 1661 1664 1567
f 1655 1651 1671
f 1561 1655 1671
f 1664 1654 1658
f 1662 1558 1667
f 1653 1659 1568
f 1559 1653 1568
f 1651 1661 1570
f 1656 1662 1564
f 1665 1656 1672
f 1563 1665 1672
f 1669 1648 1666
f 1659 1668 1681
f 1675 1663 1560
f 1676 1663 1686
f 1676 1467 1566
f 1658 1660 1569
f 1662 1677 1564
f 1568 1659 1681
f 1663 1675 1686
f 1671 1651 1570
f 1677 1667 1575
f 1662 1667 1677
f 1681 1668 1684
f 1680 1567 1778
f 1666 1665 1563
f 1568 1682 1670
f 1682 1777 1670
f 1777 1673 1670
f 1565 1670 1673
f 1673 1674 1565
f 1658 1569 1700
f 1664 1658 1700
f 1689 1671 1570
f 1564 1677 1693
f 1672 1564 1678
f 1678 1679 1672
f 1563 1672 1571
f 1672 1679 1571
f 1668 1683 1684
f 1687 1664 1700
f 1669 1666 1688
f 1568 1681 1572
f 1779 1777 1682
f 1573 1565 1674
f 1565 1573 1560
f 1467 1676 1686
f 1677 1575 1588
f 1678 1564 1577
f 1679 1780 1571
f 1666 1563 1688
f 1674 1825 1573
f 1686 1675 1699
f 1700 1569 1705
f 1680 1876 1574
f 1671 1689 1690
f 1561 1671 1690
f 1561 1690 1377
f 1468 1669 1688
f 1684 1683 1691
f 1681 1684 1710
f 1779 1682 1685
f 1467 1686 1471
f 1569 1576 1705
f 1468 1688 1694
f 1710 1684 1691
f 1572 1681 1710
f 1573 1825 1585
f 1591 1573 1585
f 1699 1675 1591
f 1576 1704 1705
f 1677 1588 1708
f 1693 1677 1708
f 1579 1571 1827
f 1563 1589 1688
f 1685 1584 1695
f 1585 1825 1696
f 1471 1686 1699
f 1690 1692 1377
f 1579 1827 1703
f 1586 1700 1706
f 1690 1689 1718
f 1695 1698 1696
f 1585 1696 1698
f 1877 1578 1701
f 2477 2099 1580
f 1926 1193 2096
f 1708 1588 1597
f 1721 1693 1708
f 1702 1784 1577
f 1702 1703 1784
f 1688 1589 1709
f 1710 1691 1716
f 1698 1695 1584
f 1711 1705 1704
f 1700 1705 1706
f 1689 1582 1718
f 1690 1718 1692
f 1708 1597 1730
f 1579 1703 1702
f 1712 1688 1709
f 1694 1688 1712
f 1572 1710 1717
f 1698 1584 1590
f 1585 1698 1590
f 1471 1699 1594
f 1572 1717 1590
f 1716 1691 1715
f 1706 1705 1711
f 1722 1586 1706
f 1718 1582 1587
f 1721 1719 1702
f 1719 1709 1589
f 1591 1590 1713
f 1699 1591 1714
f 1714 1591 1713
f 1699 1714 1594
f 1724 1706 1711
f 1692 1718 1600
f 1195 1969 1882
f 1199 1828 1592
f 1717 1710 1716
f 1595 1601 1711
f 1706 1724 1722
f 1970 1596 1833
f 1721 1708 1730
f 1712 1709 1727
f 1715 1599 1716
f 1714 1713 1723
f 1718 1587 1722
f 1732 1719 1721
f 1709 1719 1732
f 1728 1717 1716
f 1590 1717 1728
f 1713 1590 1728
f 1723 1713 1728
f 1594 1714 1723
f 1724 1711 1601
f 1718 1722 1731
f 1483 1785 1729
f 1730 1597 1726
f 1732 1727 1709
f 1598 1712 1727
f 1599 1720 1716
f 1728 1716 1720
f 1735 1722 1724
f 1731 1722 1735
f 1600 1718 1731
f 1732 1721 1730
f 1733 2034 1392
f 1607 1724 1601
f 1735 1724 1607
f 1729 1789 1483
f 1728 1720 1493
f 1723 1728 1734
f 1393 1723 1734
f 1736 1785 1602
f 1596 1388 1833
f 1730 1726 1603
f 1492 1727 1732
f 1598 1727 1492
f 1734 1728 1493
f 1731 1735 1737
f 1491 1789 1788
f 1388 1835 1833
f 1739 1730 1603
f 1732 1730 1739
f 1492 1732 1739
f 1737 1735 1607
f 1608 1738 1835
f 1602 1612 1736
f 1317 1886 1158
f 1262 1494 2420
f 1610 1745 1741
f 1733 1392 1323
f 1491 1788 1502
f 1613 1837 1790
f 1497 1613 1790
f 1790 1746 1497
f 1263 1931 1093
f 1748 1733 1323
f 1612 1941 1736
f 1412 1800 1613
f 1800 1837 1613
f 1846 1836 1747
f 1757 1846 1747
f 1502 1802 1503
f 1412 1753 1800
f 1263 1938 2624
f 1616 1939 1223
f 1113 1618 1033
f 1748 1323 1507
f 1415 1842 1752
f 1176 1797 1801
f 1503 1802 1989
f 1330 1893 1894
f 1223 1939 1805
f 1617 1620 1804
f 1990 1511 1325
f 1508 1621 1942
f 1621 1514 1896
f 1896 1942 1621
f 1515 1994 1421
f 1809 1754 1517
f 1517 1856 1809
f 1520 1994 1515
f 1805 1807 1518
f 1756 1754 1809
f 1423 1337 1854
f 1811 1756 1809
f 1754 1756 1622
f 1426 1902 1857
f 1426 1857 1520
f 1426 1860 1902
f 1426 1626 1860
f 1813 1627 1756
f 1813 1758 1627
f 1759 1758 1813
f 1758 1814 1629
f 1814 1758 1759
f 1445 1528 1815
f 1528 1761 1815
f 1815 1865 1631
f 1910 1632 1631
f 1444 1633 1866
f 1762 1766 1451
f 1867 1868 1542
f 1764 1763 1544
f 1544 1767 1764
f 1635 1766 1771
f 1868 1770 1543
f 1768 1767 1545
f 1770 1769 1543
f 1765 1546 1914
f 1771 1772 1287
f 1546 1551 1914
f 1774 1915 1636
f 1637 1917 1246
f 1962 1550 1638
f 1640 2223 2789
f 1552 2223 1640
f 1646 1649 1653
f 1647 1645 1656
f 1776 1778 1567
f 1567 1687 1776
f 1679 1678 1873
f 1680 1778 1876
f 1920 547 2144
f 1678 1577 1921
f 547 1307 2144
f 1782 1776 1687
f 1781 1571 1780
f 1578 1782 1687
f 1876 1968 1697
f 1876 1697 1574
f 1577 1784 1921
f 1571 1781 1827
f 1826 1696 1825
f 1877 1782 1578
f 1783 1696 1826
f 1968 1877 1701
f 1968 1701 1697
f 2095 2099 2477
f 2104 1199 1083
f 2104 1083 1149
f 1829 1785 1830
f 1785 1829 1729
f 1786 1830 1785
f 1786 1785 1736
f 1747 1836 1742
f 1093 1931 2290
f 1317 1262 2193
f 1889 1498 1743
f 1745 1504 2048
f 1498 1889 1161
f 1941 1796 1736
f 1746 1839 1615
f 1407 1840 2604
f 1797 1798 1794
f 1795 1801 1794
f 1614 1932 1990
f 1793 1841 1616
f 1794 1801 1797
f 1502 1799 1802
f 1616 1841 1939
f 1617 2125 2048
f 1033 2307 1507
f 1503 1989 1753
f 1620 1516 1804
f 1421 1994 1850
f 1856 1755 1808
f 1997 1994 1520
f 1423 1854 1516
f 1812 1809 1856
f 1807 1810 1521
f 1809 1812 1811
f 1859 1808 1904
f 1854 1427 1855
f 1521 1810 1626
f 1756 1811 1813
f 1861 1813 1811
f 1812 1861 1811
f 1859 1861 1812
f 1427 1862 1858
f 1864 1814 1759
f 1629 1814 1863
f 1761 1629 1863
f 1864 1863 1814
f 1910 1631 1865
f 1532 1955 1447
f 1444 1866 1862
f 1867 2138 1868
f 1766 1869 1771
f 1869 1816 1771
f 1771 1816 1871
f 1871 1772 1771
f 1772 1817 1773
f 1819 1548 2010
f 1817 1821 1773
f 1245 1820 1962
f 1639 1773 1821
f 1458 1916 2221
f 1916 1246 1917
f 1639 1821 2013
f 1775 2012 1774
f 1673 1777 1872
f 1674 1673 1963
f 1778 1776 1824
f 1777 1779 1872
f 1674 1963 1825
f 1875 1779 1685
f 1875 1685 1695
f 1877 1922 1782
f 1877 1968 1923
f 1695 1696 1783
f 1193 1707 2096
f 1383 1725 2371
f 1829 1883 1729
f 1978 1830 1786
f 1729 1834 1789
f 1788 1789 1834
f 1610 1983 1743
f 1262 2420 2193
f 1796 1786 1736
f 1933 1790 1837
f 1930 1746 1790
f 1317 2193 1886
f 1403 1932 1614
f 1837 1838 1933
f 1837 1800 1838
f 1733 1748 1929
f 1500 2042 1217
f 2039 2199 1406
f 1795 1794 1985
f 1502 1788 1799
f 1836 1846 2298
f 1890 1324 1887
f 1936 1838 1800
f 1615 1839 1936
f 1266 1892 1937
f 1798 1797 1891
f 1936 1800 1750
f 1750 1800 1753
f 1936 1750 1615
f 1266 1508 1892
f 1892 1508 1942
f 1507 1929 1748
f 1324 1890 1842
f 1891 1797 1845
f 1893 1750 1753
f 1894 1893 2051
f 1847 1178 1803
f 1418 1178 1847
f 1849 1897 1228
f 1511 2999 1336
f 1805 1848 1807
f 1804 1516 1851
f 1808 1755 1900
f 1755 1806 1852
f 1900 1755 1852
f 1851 1516 1854
f 1994 1997 1948
f 1808 1859 1856
f 1520 1857 1997
f 1812 1856 1859
f 1427 1858 1855
f 1852 1905 1904
f 1904 1861 1859
f 1861 1759 1813
f 1907 1759 1861
f 1864 1759 1907
f 1815 1761 1863
f 1815 1953 1865
f 1766 1762 1957
f 1957 2007 1766
f 1764 1912 1763
f 1866 1765 1959
f 1869 1766 2007
f 1768 1769 1870
f 1765 1914 1959
f 1772 1871 1817
f 1914 1551 2009
f 1240 2140 1820
f 1370 2009 1551
f 1820 2336 1962
f 1370 2070 2009
f 1822 1823 1552
f 2139 1775 1961
f 1552 1823 2223
f 1918 1673 1872
f 1918 1963 1673
f 1776 2014 2143
f 1824 1776 2143
f 1679 2074 1780
f 1776 1782 2014
f 743 1920 1300
f 1872 1779 1875
f 1778 2015 1876
f 1873 1678 1921
f 1780 1874 1781
f 1875 1695 1783
f 1921 1784 1878
f 1827 1781 1924
f 1878 1827 1924
f 1703 1878 1784
f 1827 1878 1703
f 1252 1583 2354
f 1581 1926 2019
f 1927 2026 1880
f 1880 1881 1927
f 1880 2026 1883
f 1880 1829 1881
f 1880 1883 1829
f 1829 1830 1881
f 1881 1830 1978
f 2104 1149 1976
f 2106 1831 2032
f 1149 1832 1976
f 2106 2114 1831
f 1787 1885 1738
f 1885 2036 1738
f 1887 1831 2114
f 1929 2034 1733
f 1403 1742 1932
f 1790 1933 2427
f 1790 2427 1930
f 1888 1793 1264
f 1743 1983 1889
f 1500 1499 2042
f 1263 2624 1931
f 1793 1888 1841
f 1406 2199 2309
f 1929 1507 2204
f 1329 2202 1843
f 1844 2050 1175
f 1803 1988 1847
f 1805 1939 1848
f 1847 1895 1418
f 1418 1895 1943
f 1849 1418 1943
f 1897 1849 1943
f 1948 1850 1994
f 2999 1945 1336
f 1899 1852 1806
f 1853 1899 1806
f 1853 1946 1899
f 1850 1947 1853
f 1947 1946 1853
f 1336 1945 2450
f 1851 1854 1855
f 1808 1900 1904
f 1900 1852 1904
f 1901 1852 1899
f 2316 1757 1903
f 1810 1807 1995
f 1905 1852 1901
f 1757 1624 1903
f 1905 1906 1904
f 1906 1861 1904
f 1906 1905 1901
f 1858 1862 2136
f 1428 2319 1429
f 1903 1624 2212
f 1907 1861 1906
f 1908 1907 1906
f 1907 1952 1864
f 1760 3638 3221
f 1864 1909 1863
f 1863 1953 1815
f 1909 1953 1863
f 3221 3339 1532
f 3339 1955 1532
f 1862 1866 2322
f 1447 1955 1957
f 2322 1866 1956
f 1910 2006 1632
f 1624 1912 2326
f 2006 1911 1867
f 1867 1911 2138
f 1956 1866 1959
f 1868 2138 2215
f 1868 2215 2068
f 1767 2330 1764
f 1770 1868 1958
f 1868 2068 1958
f 1767 1768 2217
f 1769 1770 1870
f 1913 1816 1869
f 1871 1816 2069
f 1818 1636 1960
f 1960 1822 1818
f 1549 1550 2457
f 2789 3009 1370
f 2789 1370 1640
f 1823 3534 2223
f 1919 1918 1872
f 1875 1919 1872
f 1963 1826 1825
f 1873 1921 2076
f 2015 2077 1876
f 1965 1875 1966
f 1922 2075 1782
f 1875 1967 1966
f 1783 1967 1875
f 1964 1783 1826
f 1877 1923 1922
f 1924 2092 1878
f 1307 2259 2144
f 1302 1252 2354
f 1707 1925 2241
f 1707 2241 2096
f 1927 1881 2027
f 2027 1881 1978
f 1879 2028 2032
f 1392 2034 1307
f 2034 2259 1307
f 1834 2281 1788
f 1833 1835 1738
f 1610 1741 1983
f 2113 1786 1796
f 1791 1740 1886
f 1742 2115 1932
f 1494 1407 1928
f 1928 1407 2604
f 1935 1934 1984
f 1935 1984 1264
f 1984 1888 1264
f 1499 1411 2197
f 1499 2197 2042
f 1798 1891 2200
f 1936 1839 2438
f 1932 2302 1990
f 2200 1891 2440
f 1795 1986 1801
f 1507 2307 2204
f 1842 2049 1752
f 1796 1941 2127
f 1942 1896 2124
f 1897 1898 1228
f 1514 1228 1898
f 1514 1898 1944
f 1848 1995 1807
f 1949 1946 1947
f 1899 1949 1901
f 1946 1949 1899
f 1995 1998 1810
f 1950 1997 1857
f 1902 2061 1857
f 1951 1626 1810
f 1626 1951 1860
f 1908 1901 1949
f 1906 1901 1908
f 1907 1908 1952
f 1864 2066 1909
f 1952 2066 1864
f 1865 1954 1910
f 1910 2005 2006
f 2326 1912 2329
f 1957 3006 2007
f 1764 2329 1912
f 1913 2069 1816
f 1958 1870 1770
f 2011 2221 1916
f 1817 2338 1821
f 1960 1823 1822
f 1637 2141 1917
f 1549 2141 1637
f 1370 3009 2070
f 2142 1963 1918
f 1679 1873 2073
f 2074 1679 2073
f 2015 1778 1824
f 1780 2074 1874
f 1920 2144 2229
f 1920 2145 1300
f 1963 1964 1826
f 2075 2014 1782
f 1875 1965 1919
f 1874 2344 1781
f 1921 1878 2076
f 1783 1964 1967
f 2087 2092 1924
f 1925 1707 1970
f 1972 2024 2021
f 1972 1971 2024
f 2389 1883 2026
f 1828 1199 2103
f 1975 1971 1972
f 2177 1975 1972
f 1787 2099 1885
f 2029 1973 1974
f 1974 1973 2031
f 1079 2749 919
f 2031 2107 1974
f 1883 2268 1729
f 1974 1977 2029
f 2107 1977 1974
f 1729 2268 1834
f 1980 1978 1786
f 1725 1204 2191
f 919 2409 2111
f 1786 2113 1980
f 1791 1886 2428
f 1494 2588 2420
f 1494 1928 2588
f 1836 2115 1742
f 2115 1836 2422
f 2203 2113 1796
f 1093 2290 1981
f 1791 1093 1981
f 1791 2428 1744
f 2298 2598 1836
f 2598 2422 1836
f 2189 1934 1982
f 1934 2040 1982
f 1745 2048 2118
f 2043 1217 2042
f 1794 1798 2296
f 1798 2200 2296
f 1794 2296 1985
f 1986 1795 1985
f 1934 1935 2040
f 1935 1987 2040
f 1217 2043 1329
f 1888 2047 1841
f 1796 2304 2203
f 1799 2305 1802
f 1841 2047 1939
f 1752 2049 2126
f 1843 2206 1844
f 1940 2443 1845
f 2304 1796 2127
f 1802 2305 1989
f 1892 1942 2124
f 1848 1939 2057
f 2057 1939 2047
f 1944 2124 1514
f 1514 2124 1896
f 1990 2448 1511
f 1943 1895 1991
f 1897 1943 1991
f 1897 1991 1992
f 1898 1897 1993
f 1897 1992 1993
f 1944 1898 1993
f 1804 2058 2054
f 2058 1804 1851
f 1948 2059 1850
f 1851 1855 2058
f 1948 1997 1950
f 1999 1850 2059
f 1850 1999 1947
f 1999 1949 1947
f 2061 1950 1857
f 2062 2061 1902
f 2000 1949 1999
f 2000 1999 2060
f 1949 2000 1908
f 2136 1862 2322
f 2320 2002 1760
f 1760 2002 3638
f 2212 1624 2326
f 1865 1953 2004
f 1865 2004 1954
f 2214 2005 1910
f 1869 2007 1913
f 1767 2217 2330
f 1913 2007 2069
f 1870 1958 2453
f 1959 1914 2220
f 1871 2008 1817
f 1914 2009 2220
f 2338 1817 2008
f 1819 2010 2139
f 1820 2711 2336
f 1774 2222 1915
f 2012 2222 1774
f 2071 2011 1916
f 1962 2788 1550
f 2338 2013 1821
f 1917 2071 1916
f 1917 2141 2071
f 2224 1918 1919
f 2142 1918 2224
f 2230 1963 2142
f 1824 2225 2015
f 1919 1965 2224
f 2230 1964 1963
f 2077 2015 2225
f 2344 2460 1781
f 2076 1878 2078
f 1781 2460 1924
f 1964 2016 1967
f 1922 2082 2075
f 1876 2077 1968
f 1967 2017 1966
f 1967 2016 2017
f 1878 2092 2078
f 1922 2088 2082
f 1922 1923 2088
f 2077 1923 1968
f 1302 2355 2477
f 2019 1969 1581
f 2020 2021 2024
f 1383 2371 1583
f 2248 2093 2018
f 2025 2162 2024
f 1972 2021 2256
f 2018 2097 2248
f 1593 1592 2525
f 2025 2024 1971
f 1972 2256 2177
f 915 2749 1079
f 1927 2027 2258
f 2103 1199 2104
f 2177 2105 1975
f 2105 2177 2263
f 2030 1973 2029
f 1973 2030 2031
f 1971 1975 2181
f 2027 1978 2187
f 2033 2030 2029
f 1975 2105 2181
f 2099 2541 1885
f 2029 1977 2033
f 2107 2033 1977
f 2268 2109 1834
f 2187 1978 1980
f 1204 1740 2191
f 2112 1833 1738
f 1983 1741 2037
f 1740 1791 1981
f 1886 2193 2428
f 1741 1745 2118
f 2037 2288 1983
f 2188 2034 1929
f 2041 2188 1929
f 1988 1803 2038
f 2119 1983 2288
f 2114 1890 1887
f 2195 1890 2114
f 1930 2603 1746
f 1982 2040 2196
f 2189 1984 1934
f 1983 2119 1889
f 1933 1838 2432
f 1746 2603 1839
f 2040 1987 2117
f 2117 1987 2045
f 2043 2202 1329
f 1838 2611 2432
f 2611 1838 1936
f 1929 2204 2041
f 1890 2195 2049
f 1986 2207 1801
f 1033 1618 2307
f 1842 1890 2049
f 1891 1845 2440
f 1845 2444 2440
f 1893 1753 2051
f 1847 1988 2053
f 1617 1804 2054
f 1847 2055 1895
f 1847 2053 2055
f 2293 1993 2056
f 1991 1895 2055
f 2056 1991 2055
f 1992 1991 2056
f 1993 1992 2056
f 1846 1757 2316
f 1511 2448 2999
f 1848 2057 1995
f 1995 2057 2131
f 1948 1950 2059
f 1998 1995 2209
f 1855 1996 2058
f 1950 2060 2059
f 2133 2061 2132
f 2060 1999 2059
f 1950 2133 2060
f 2133 1950 2061
f 2061 2062 2132
f 1810 1998 2063
f 1996 1855 1858
f 1810 2063 1951
f 2000 2060 2064
f 2064 2060 2133
f 2211 1902 1860
f 2001 2000 2064
f 1908 2000 2001
f 2323 1952 1908
f 2323 1908 2001
f 2323 2066 1952
f 2066 2065 1909
f 1909 2003 1953
f 1953 2003 2004
f 2004 2137 1954
f 1954 2137 2213
f 1910 1954 2214
f 2213 2214 1954
f 2067 2006 2005
f 2006 2067 1911
f 2216 1958 2068
f 2069 2008 1871
f 1960 1636 1915
f 1820 2140 2711
f 1960 2710 1823
f 1915 2222 2333
f 1819 2139 1961
f 1549 2457 2335
f 1824 2143 2225
f 1873 2227 2073
f 2075 2072 2014
f 2227 1873 2076
f 2344 1874 2074
f 2225 2148 2077
f 1300 2145 1879
f 1966 2150 1965
f 2230 2016 1964
f 2230 2157 2016
f 2230 2151 2157
f 2460 2467 1924
f 2081 2147 2082
f 2075 2082 2147
f 1924 2467 2087
f 2082 2084 2081
f 2092 2091 2078
f 2083 2018 2093
f 2080 2094 2083
f 2081 2094 2080
f 2088 1923 2089
f 1923 2077 2089
f 2079 2089 2077
f 2169 2089 2079
f 2079 2085 2169
f 2078 2091 2086
f 2156 2161 2149
f 2018 2083 2094
f 2084 2094 2081
f 2088 2084 2082
f 2023 2085 2152
f 2023 2152 2236
f 2019 1926 2096
f 2251 2100 2090
f 2086 2251 2090
f 2159 2251 2091
f 2251 2086 2091
f 2164 2091 2092
f 2149 2161 2160
f 2162 2020 2024
f 2094 2097 2018
f 2084 2097 2094
f 2085 2022 2169
f 2023 2022 2085
f 2098 2023 2236
f 2084 2171 2097
f 2023 2098 2022
f 2162 2025 2101
f 2248 2097 2170
f 2171 2170 2097
f 1387 1593 2525
f 2258 2026 1927
f 2172 2165 2102
f 2371 1725 2191
f 2389 2268 1883
f 2551 1882 1969
f 2031 2030 2179
f 2028 2106 2032
f 1971 2180 2025
f 1971 2181 2180
f 2271 2033 2107
f 2107 2031 2179
f 2034 2188 2259
f 2183 2110 2108
f 2181 2105 2182
f 919 2749 2409
f 2109 2281 1834
f 1979 1311 2190
f 1788 2281 2301
f 2035 2190 1311
f 2035 1400 2190
f 2036 2112 1738
f 1982 2192 2189
f 2116 1988 2038
f 1982 2196 2192
f 2282 1984 2189
f 1411 2120 2197
f 1984 2282 2121
f 2121 1888 1984
f 2044 2046 2303
f 2124 2201 1892
f 1892 2201 1937
f 1987 1937 2201
f 1987 2201 2045
f 1888 2121 2047
f 2046 1175 2303
f 2124 1944 2293
f 1944 1993 2293
f 2121 2129 2047
f 2048 2125 2205
f 2205 2118 2048
f 2122 1749 1752
f 2126 2122 1752
f 1843 2308 2206
f 2303 1175 2050
f 1845 2443 2444
f 1801 2207 1176
f 1941 1176 2310
f 2127 1941 2310
f 1619 1751 2446
f 1226 1619 2052
f 2123 2055 2053
f 2129 2057 2047
f 2056 2055 2123
f 2129 2128 2130
f 2130 2057 2129
f 2130 2131 2057
f 2058 1996 2054
f 1996 2208 2054
f 2209 1995 2131
f 2134 2133 2132
f 2132 2062 2134
f 1998 2209 2063
f 2134 2064 2133
f 1902 2211 2062
f 2062 2211 2134
f 1860 1951 2211
f 2064 2134 3120
f 1428 2135 2319
f 2212 2326 2704
f 2067 2452 1911
f 1911 2452 2138
f 1956 1959 2328
f 1768 2218 2217
f 1870 2453 2218
f 1959 2220 2328
f 2007 2454 2069
f 1870 2218 1768
f 2219 2008 2069
f 2220 2009 2331
f 2331 2009 2070
f 2221 2010 1548
f 2788 1962 2336
f 2337 2140 2013
f 1549 2335 2141
f 2143 2072 2341
f 2224 2340 2142
f 2072 2143 2014
f 2145 1920 2229
f 2078 2146 2227
f 2078 2227 2076
f 2150 2345 1965
f 2077 2148 2079
f 2152 2079 2148
f 2078 2347 2146
f 2233 2345 2149
f 2345 2150 2149
f 2080 2235 2232
f 2081 2080 2232
f 2232 2147 2081
f 2078 2086 2347
f 2087 2467 2238
f 2156 2149 2150
f 1966 2017 2150
f 2234 2153 2151
f 2093 2235 2083
f 2235 2080 2083
f 2079 2152 2085
f 2347 2086 2090
f 2238 2092 2087
f 2150 2017 2156
f 2349 2153 2234
f 2238 2155 2092
f 2160 2233 2149
f 2352 2156 2017
f 2016 2357 2017
f 2157 2357 2016
f 2153 2157 2151
f 2093 2248 2154
f 2088 2089 2244
f 2100 2237 2090
f 2164 2092 2155
f 2156 2242 2161
f 2168 2357 2157
f 2157 2153 2168
f 2243 2168 2153
f 2349 2243 2153
f 2020 2162 2158
f 2021 2020 2363
f 2088 2249 2084
f 2244 2249 2088
f 2169 2244 2089
f 1969 2019 2163
f 2159 2091 2164
f 2155 2166 2165
f 2165 2164 2155
f 2161 2167 2160
f 2242 2167 2161
f 2084 2249 2171
f 2166 2178 2165
f 2021 2363 2256
f 2248 2170 2260
f 2022 2175 2169
f 2169 2175 2370
f 2098 2175 2022
f 2098 2257 2175
f 2165 2172 2164
f 2170 2174 2260
f 2176 2026 2258
f 2178 2102 2165
f 2389 2026 2176
f 2163 2551 1969
f 2172 2102 2183
f 2385 2531 2030
f 2025 2180 2539
f 2181 2266 2180
f 2182 2105 2263
f 2551 2116 1882
f 2178 2184 2102
f 2184 2183 2102
f 2030 2033 2385
f 2033 2185 2385
f 2264 2107 2179
f 1970 1833 2112
f 2116 2038 1882
f 2273 2396 2261
f 2184 2110 2183
f 2273 2186 2396
f 1980 2113 2281
f 2187 1980 2281
f 2281 2109 2187
f 2187 2109 2395
f 2110 2280 2108
f 2282 2189 2275
f 2188 2289 2276
f 2410 2112 2036
f 2192 2407 2189
f 2294 2114 2106
f 2203 2284 2113
f 2115 2422 2590
f 2041 2289 2188
f 2428 1751 1744
f 2192 2196 2194
f 2040 2117 2299
f 2114 2294 2195
f 1985 2296 2297
f 1985 2297 2431
f 2417 1988 2116
f 2040 2299 2196
f 2044 2198 1792
f 1985 2431 1986
f 1788 2301 1799
f 2053 1988 2417
f 2196 2201 2194
f 2049 2195 2436
f 1411 1749 2120
f 2044 2303 2198
f 1839 2603 2438
f 2056 2123 2418
f 2194 2124 2293
f 2201 2124 2194
f 2119 2612 1889
f 1749 2122 2120
f 1889 2612 1618
f 1843 2202 2308
f 1844 2206 2050
f 2304 2127 2311
f 1619 2446 2052
f 1617 2054 2125
f 2125 2054 2698
f 2128 2313 2130
f 2314 2130 2313
f 2054 2208 2698
f 2130 2314 2131
f 2209 2131 2210
f 2210 2131 2314
f 2209 2210 2063
f 2063 2210 1951
f 1951 2210 2318
f 1951 2318 2211
f 2211 3120 2134
f 2211 2318 3120
f 2064 3120 2001
f 2001 2321 2323
f 2137 2325 2213
f 2214 2213 2327
f 2327 2005 2214
f 1955 3006 1957
f 2322 1956 2705
f 2329 1764 2707
f 2707 1764 2330
f 2069 2454 2219
f 2332 2008 2219
f 2008 2332 2338
f 1775 2139 2012
f 2143 2341 2225
f 2228 2344 2074
f 2224 1965 2226
f 2229 2144 2231
f 2231 2145 2229
f 2226 1965 2345
f 2465 2152 2148
f 2233 2346 2345
f 2232 2235 2468
f 2465 2236 2152
f 2231 2144 2259
f 2145 2231 1879
f 2347 2090 2237
f 2231 2252 1879
f 2233 2160 2246
f 2017 2357 2352
f 2358 2154 2248
f 2236 2471 2098
f 2237 2100 2360
f 2245 2351 2350
f 2350 2356 2245
f 2352 2242 2156
f 2168 2485 2357
f 2162 2243 2349
f 2158 2162 2349
f 2169 2359 2244
f 2098 2471 2257
f 2250 1925 1970
f 2159 2489 2361
f 2164 2489 2159
f 2255 2245 2356
f 2160 2167 2246
f 2168 2516 2485
f 2243 2247 2168
f 2168 2247 2516
f 2253 2100 2251
f 2159 2361 2251
f 2170 2171 2369
f 2169 2370 2365
f 2254 2253 2251
f 2164 2172 2269
f 1592 2255 2525
f 2173 1387 2680
f 2680 915 2173
f 2252 2028 1879
f 2101 2243 2162
f 2170 2369 2388
f 2267 2376 2175
f 2257 2267 2175
f 1828 2394 1592
f 2394 2255 1592
f 2025 2539 2101
f 2262 2263 2256
f 2256 2263 2177
f 2170 2388 2174
f 2257 2382 2267
f 1828 2270 2394
f 2103 2270 1828
f 2103 2104 2270
f 2172 2183 2269
f 2104 1976 2270
f 2387 2030 2531
f 2179 2030 2387
f 2264 2179 2387
f 2265 2106 2028
f 2181 2272 2266
f 2182 2263 2262
f 2107 2264 2271
f 2259 2188 2265
f 2181 2182 2272
f 1970 2112 2250
f 2383 2273 2261
f 2183 2108 2269
f 2270 1976 2278
f 2188 2276 2265
f 2265 2276 2106
f 2268 2395 2109
f 2396 2186 2402
f 2273 2274 2186
f 2184 2405 2110
f 2184 2397 2405
f 2393 2399 2392
f 2275 2401 2277
f 2398 2401 2275
f 1976 1832 2278
f 2186 2403 2402
f 2108 2279 2413
f 2275 2189 2398
f 1979 2401 2278
f 1884 1979 2278
f 1832 1884 2278
f 2108 2280 2279
f 1979 2190 2401
f 2401 2190 2416
f 2190 2286 2416
f 2190 1400 2283
f 2286 2190 2283
f 2283 1400 2111
f 2276 2289 2106
f 2284 2281 2113
f 2284 2301 2281
f 2191 1740 2419
f 2036 2541 2410
f 2285 2407 2192
f 2277 2282 2275
f 2106 2289 2294
f 1981 2290 2419
f 2419 1740 1981
f 1932 2115 2589
f 2293 2418 2279
f 2192 2194 2285
f 2286 2425 2287
f 1741 2118 3203
f 1932 2589 2291
f 2053 2412 2123
f 2293 2423 2194
f 2277 2315 2282
f 2039 1792 2295
f 2432 2427 1933
f 2428 2306 1751
f 1932 2291 2302
f 2412 2053 2417
f 2293 2056 2418
f 2121 2282 2315
f 2288 2426 2119
f 2289 2041 2294
f 2429 2042 2197
f 2429 2043 2042
f 2039 2295 2199
f 2296 2200 2300
f 1799 2301 2437
f 2045 2201 2196
f 2045 2196 2299
f 2117 2045 2299
f 3203 2118 2435
f 2426 2612 2119
f 2204 2434 2041
f 2200 2440 2300
f 1799 2437 2305
f 2611 1936 2438
f 1990 2302 2312
f 2129 2121 2315
f 2435 2118 2205
f 2204 2307 2434
f 2049 2436 2441
f 2049 2441 2126
f 2050 2206 2442
f 1753 1989 2051
f 1751 2306 2446
f 2312 2448 1990
f 2128 2129 2313
f 2315 2313 2129
f 2698 2208 2628
f 2315 2314 2313
f 2628 2208 2449
f 2208 1996 2449
f 2315 2317 2314
f 2317 2210 2314
f 1996 1858 2449
f 2210 2317 2318
f 2317 2701 2318
f 2633 2135 1428
f 2701 3120 2318
f 1903 2212 3334
f 2001 3120 2321
f 2066 2323 2065
f 2136 2322 2703
f 2779 2212 2704
f 2137 2004 2324
f 2003 2324 2004
f 2213 2325 2327
f 2327 2067 2005
f 2138 2706 2215
f 3343 2068 2215
f 1958 2216 2453
f 2709 2219 2454
f 2219 2709 2332
f 2334 2221 2011
f 2071 3450 2011
f 2335 2339 2141
f 1550 2787 2457
f 1550 2788 2787
f 2140 2337 2711
f 2141 2339 2071
f 2458 2337 2013
f 2338 2458 2013
f 2227 2792 2790
f 2227 2790 2073
f 2074 2073 2228
f 2340 2224 2226
f 2342 2230 2142
f 2343 2230 2342
f 2227 2146 2792
f 2075 2637 2072
f 2638 2148 2225
f 2146 2347 2459
f 2463 2151 2230
f 2075 2147 2637
f 2459 2347 2466
f 2640 2234 2151
f 2147 2232 2464
f 2348 2234 2640
f 2093 2154 2647
f 2093 2647 2235
f 2238 2467 2480
f 2349 2234 2348
f 2158 2348 2239
f 2233 2246 2346
f 2348 2158 2349
f 2239 2020 2158
f 1302 2354 2355
f 2241 1925 2240
f 2155 2238 2480
f 2362 2367 2472
f 2357 2474 2352
f 2020 2239 2363
f 2249 2656 2497
f 2353 2249 2244
f 2359 2353 2244
f 2240 1925 2250
f 2166 2472 2377
f 2166 2480 2472
f 2166 2155 2480
f 2367 2377 2472
f 2351 2245 2490
f 2231 2259 2252
f 2167 2495 2246
f 2242 2495 2167
f 2248 2364 2358
f 2358 2364 2664
f 2249 2497 2171
f 2169 2365 2359
f 2370 2257 2471
f 2253 2360 2100
f 2251 2361 2254
f 2269 2366 2164
f 2366 2489 2164
f 2166 2377 2178
f 2368 2367 2362
f 2362 2661 2368
f 2661 2374 2368
f 2247 2243 2101
f 2363 2262 2256
f 2260 2533 2364
f 2364 2248 2260
f 2171 2497 2369
f 2257 2370 2376
f 2368 2372 2367
f 2373 2372 2368
f 2374 2373 2368
f 2508 2375 2380
f 2255 2375 2245
f 2255 2676 2525
f 2175 2376 2370
f 2257 2376 2521
f 2378 2372 2384
f 2393 2384 2372
f 2373 2393 2372
f 2379 2393 2373
f 2374 2379 2373
f 2508 2379 2374
f 2380 2379 2508
f 2255 2394 2375
f 915 2680 2749
f 2376 2267 2557
f 2257 2521 2382
f 2261 2253 2254
f 2383 2261 2254
f 2269 2383 2254
f 2178 2377 2378
f 2394 2380 2375
f 2386 2531 2385
f 2260 2174 2381
f 2381 2174 2390
f 2253 2261 2396
f 2391 2378 2384
f 2379 2400 2393
f 2380 2406 2379
f 2394 2401 2380
f 2401 2398 2380
f 2387 2512 2264
f 2259 2265 2252
f 2028 2252 2265
f 2180 2545 2539
f 2266 2546 2180
f 2180 2546 2545
f 2272 2546 2266
f 2262 2532 2182
f 2388 2390 2174
f 2558 2557 2267
f 2267 2382 2558
f 2382 2550 2558
f 2027 2187 2395
f 2178 2378 2184
f 2393 2392 2384
f 2392 2391 2384
f 2398 2406 2380
f 2385 2185 2386
f 2532 2272 2182
f 2392 2397 2391
f 2406 2400 2379
f 2278 2401 2394
f 2270 2278 2394
f 2562 2386 2185
f 2185 2033 2271
f 2273 2383 2274
f 2274 2383 2566
f 2393 2400 2399
f 2551 2565 2116
f 2186 2274 2404
f 2403 2186 2404
f 2108 2413 2269
f 2269 2413 2566
f 2392 2405 2397
f 2398 2285 2406
f 2392 2399 2415
f 2285 2398 2407
f 2407 2398 2189
f 2277 2401 2408
f 2408 2401 2416
f 1885 2541 2036
f 2565 2417 2116
f 2565 2411 2417
f 2402 2403 2412
f 2123 2412 2403
f 2404 2123 2403
f 2418 2566 2413
f 2110 2405 2280
f 2280 2405 2414
f 2111 2409 2283
f 2412 2417 2411
f 2404 2418 2123
f 2413 2279 2418
f 2279 2280 2414
f 2414 2567 2292
f 2567 2415 2292
f 2415 2423 2292
f 2399 2423 2415
f 2400 2423 2399
f 2400 2574 2423
f 2277 2408 2315
f 2286 2283 2425
f 2037 1741 2581
f 1741 3522 2581
f 1928 2421 2588
f 2115 2590 2589
f 2414 2293 2279
f 2292 2293 2414
f 2423 2293 2292
f 2574 2194 2423
f 2424 2416 2286
f 2773 2425 2283
f 1741 3203 3522
f 2426 2288 2037
f 2595 2284 2203
f 2284 2595 2301
f 2421 1928 2604
f 2285 2194 2574
f 2408 2629 2315
f 2287 2424 2286
f 2294 2592 2195
f 2198 2430 1792
f 1792 2430 2295
f 2296 2300 2297
f 2595 2203 2607
f 2287 2433 2424
f 2425 2433 2287
f 2294 2041 2592
f 2592 2041 2434
f 2195 2592 2436
f 2605 2043 2429
f 2301 2595 2437
f 2607 2203 2304
f 2043 2605 2202
f 1986 2431 2207
f 2206 2308 2627
f 2206 2627 2617
f 2206 2617 2442
f 1176 2207 2310
f 2127 2310 2311
f 2305 2437 2445
f 1989 2305 2445
f 1989 2445 2051
f 2449 2630 2628
f 2999 3119 1945
f 2315 2629 2317
f 2629 2451 2317
f 2317 2451 2701
f 2632 2449 1858
f 2136 2632 1858
f 2778 3120 2701
f 2136 2702 2632
f 2135 3220 2319
f 2324 2325 2137
f 1955 3340 3006
f 2635 2327 2325
f 2326 2329 3386
f 2138 2452 2706
f 2329 2707 3005
f 2007 3006 2454
f 2217 2708 2330
f 2453 4424 2218
f 2455 2332 2709
f 2338 2332 2455
f 2333 1960 1915
f 2334 2010 2221
f 3447 2336 2711
f 2458 2338 2455
f 2142 2340 2342
f 2073 2790 2228
f 2146 2459 2792
f 2345 2461 2226
f 2230 2343 2463
f 2148 2638 2465
f 2460 2714 2467
f 2462 2345 2346
f 2461 2345 2462
f 2151 2463 2640
f 2232 2468 2464
f 2637 2147 2464
f 2467 2714 2717
f 2235 2647 2468
f 2236 2465 2471
f 2466 2347 2643
f 2717 2472 2467
f 2472 2480 2467
f 2472 2469 2481
f 2717 2469 2472
f 2469 2641 2651
f 2641 2470 2651
f 2643 2347 2237
f 2651 2481 2469
f 2651 2470 2351
f 2470 2645 2351
f 2350 2351 2645
f 2350 2645 2482
f 2346 2246 2473
f 2242 2352 2484
f 2352 2474 2484
f 2476 2475 2353
f 2355 2354 1583
f 2096 2478 2019
f 2478 2488 2019
f 2019 2488 2163
f 2237 2360 2643
f 2643 2360 2479
f 2481 2362 2472
f 2351 2663 2651
f 2351 2490 2663
f 2356 2482 2676
f 2356 2350 2482
f 2483 2495 2242
f 2242 2484 2483
f 2357 2485 2474
f 2363 2239 2496
f 2497 2656 2529
f 2249 2353 2656
f 2475 2667 2353
f 2499 2353 2667
f 2656 2353 2499
f 2359 2476 2353
f 2476 2359 2499
f 2371 2737 1583
f 2487 2099 2095
f 2250 2536 2240
f 2478 2096 2241
f 2488 2506 2163
f 2524 2658 2360
f 2661 2362 2481
f 2356 2676 2255
f 2511 2491 2492
f 2491 2652 2492
f 2493 2492 2652
f 2654 2493 2652
f 2494 2493 2654
f 2246 2494 2473
f 2246 2495 2494
f 2516 2734 2485
f 2496 2262 2363
f 2656 2498 2666
f 2499 2498 2656
f 2500 2498 2499
f 2359 2500 2499
f 2359 2365 2500
f 2370 2501 2365
f 2501 2370 2471
f 2505 2504 2486
f 2505 2737 2504
f 2504 2737 2559
f 2559 2737 2371
f 2366 2254 2361
f 2508 2374 2661
f 2661 2662 2508
f 2662 2509 2508
f 2676 2490 2509
f 2245 2509 2490
f 2491 2511 2510
f 2492 2387 2511
f 2512 2387 2492
f 2493 2512 2492
f 2527 2512 2493
f 2494 2527 2493
f 2495 2528 2494
f 2514 2516 2515
f 2247 2101 2516
f 2101 2515 2516
f 2517 2364 2533
f 2369 2497 2534
f 2529 2534 2497
f 2666 2534 2529
f 2498 2534 2666
f 2548 2534 2498
f 2500 2535 2498
f 2535 2548 2498
f 2518 2535 2500
f 2500 2519 2518
f 2376 2519 2520
f 2502 2521 2520
f 2503 2521 2502
f 2522 2521 2503
f 2486 2522 2503
f 2504 2523 2486
f 2523 2522 2486
f 2530 2523 2504
f 2487 2573 2099
f 2536 2573 2487
f 2360 2543 2524
f 2367 2372 2377
f 2509 2375 2508
f 2245 2375 2509
f 2511 2531 2510
f 2528 2527 2494
f 2533 2262 2517
f 2369 2540 2388
f 2518 2549 2535
f 2376 2557 2519
f 2520 2521 2376
f 2523 2258 2522
f 2176 2258 2523
f 2176 2523 2530
f 2559 2530 2504
f 2543 2507 2524
f 2360 2396 2543
f 2366 2269 2254
f 2377 2372 2378
f 2531 2526 2510
f 2387 2531 2511
f 2527 2537 2512
f 2538 2513 2514
f 2554 2538 2514
f 2515 2554 2514
f 2101 2539 2515
f 2533 2532 2262
f 2533 2260 2381
f 2369 2534 2540
f 2557 2518 2519
f 2521 2550 2382
f 2682 2550 2521
f 2522 2682 2521
f 2258 2027 2522
f 2176 2530 2389
f 2099 2573 2541
f 2163 2506 2551
f 2507 2542 2506
f 2543 2542 2507
f 2253 2396 2360
f 2531 2386 2526
f 2527 2528 2537
f 2381 2555 2533
f 2390 2555 2381
f 2535 2549 2548
f 2518 2557 2549
f 2027 2682 2522
f 2371 2191 2684
f 2559 2371 2684
f 2536 2250 2683
f 2378 2391 2544
f 2757 2526 2576
f 2562 2526 2386
f 2264 2512 2553
f 2539 2545 2515
f 2533 2547 2532
f 2390 2388 2540
f 2563 2548 2549
f 2570 2550 2682
f 2027 2395 2682
f 2530 2572 2268
f 2389 2530 2268
f 2542 2551 2506
f 2378 2544 2184
f 2185 2271 2552
f 2271 2264 2552
f 2552 2264 2553
f 2537 2553 2512
f 2513 2579 2528
f 2546 2272 2560
f 2272 2532 2547
f 2555 2547 2533
f 2390 2561 2555
f 2540 2561 2390
f 2556 2540 2534
f 2548 2556 2534
f 2557 2563 2549
f 2550 2564 2558
f 2559 2572 2530
f 2250 2112 2683
f 2402 2543 2396
f 2397 2184 2544
f 2391 2397 2544
f 2562 2576 2526
f 2528 2568 2537
f 2579 2568 2528
f 2554 2579 2538
f 2545 2554 2515
f 2546 2560 2545
f 2547 2560 2272
f 2561 2547 2555
f 2557 2558 2563
f 2550 2570 2564
f 2682 2395 2570
f 2268 2572 2395
f 2565 2551 2542
f 2543 2411 2542
f 2411 2565 2542
f 2402 2411 2543
f 2269 2566 2383
f 2552 2562 2185
f 2545 2560 2554
f 2558 2580 2563
f 2564 2580 2558
f 2570 2395 2572
f 2559 2684 2572
f 2274 2566 2404
f 2552 2599 2562
f 2553 2599 2552
f 2537 2578 2553
f 2568 2578 2537
f 2538 2579 2513
f 2560 2579 2554
f 2547 2594 2560
f 2561 2594 2547
f 2563 2556 2548
f 2684 2687 2572
f 2412 2411 2402
f 2405 2392 2567
f 2392 2415 2567
f 2406 2574 2400
f 2406 2285 2574
f 2578 2600 2553
f 2600 2614 2553
f 2579 2593 2568
f 2583 2579 2560
f 2569 2594 2561
f 2540 2569 2561
f 2556 2569 2540
f 2563 2584 2556
f 2580 2584 2563
f 2587 2586 2564
f 2570 2587 2564
f 2572 2571 2570
f 2573 2410 2541
f 2573 2683 2410
f 2683 2112 2410
f 2418 2404 2566
f 2567 2414 2405
f 2408 2977 2591
f 2416 2977 2408
f 2416 2575 2977
f 2562 2577 2576
f 2599 2577 2562
f 2553 2614 2599
f 2571 2587 2570
f 2596 2571 2572
f 2191 2419 2684
f 2576 2426 2581
f 2577 2426 2576
f 2582 2593 2579
f 2583 2582 2579
f 2560 2594 2583
f 2584 2297 2556
f 2580 2585 2584
f 2564 2586 2580
f 2687 2596 2572
f 2684 2290 2687
f 2419 2290 2684
f 2416 2424 2575
f 2575 2424 2771
f 2426 2037 2581
f 2568 2592 2578
f 2593 2615 2568
f 2569 2689 2594
f 2556 2602 2569
f 2584 2431 2297
f 2606 2585 2580
f 2586 2606 2580
f 2587 2595 2586
f 2595 2607 2586
f 2596 2427 2571
f 1930 2427 2596
f 2290 1931 2687
f 2193 2597 2428
f 2420 2597 2193
f 2690 2597 2420
f 2609 2690 2420
f 2588 2609 2420
f 2421 2609 2588
f 2421 2604 2609
f 2629 2408 2591
f 2592 2600 2578
f 2592 2568 2615
f 2688 2593 2197
f 2429 2197 2593
f 2429 2593 2582
f 2691 2582 2583
f 2601 2691 2583
f 2692 2583 2594
f 2430 2696 2594
f 2295 2430 2594
f 2295 2594 2689
f 2556 2297 2300
f 2431 2584 2585
f 2607 2606 2586
f 2608 2595 2587
f 2571 2608 2587
f 2427 2432 2571
f 1930 2596 2603
f 2428 2597 2306
f 2597 2626 2306
f 2612 2426 2577
f 2599 2613 2577
f 2592 2434 2600
f 2120 2688 2197
f 2605 2429 2582
f 2619 2569 2602
f 2620 2602 2556
f 2595 2608 2437
f 2571 2432 2608
f 2623 2603 2596
f 1931 2624 2687
f 2298 1846 2598
f 2600 2434 2614
f 2592 2615 2436
f 2688 2120 2610
f 2202 2605 2616
f 2601 2439 2691
f 2601 2692 2439
f 2696 2430 2198
f 2199 2295 2689
f 2207 2431 2585
f 2607 2304 2622
f 2607 2622 2606
f 2438 2603 2623
f 2624 2625 2687
f 2694 2609 2604
f 1846 3330 2598
f 2435 2205 2775
f 2613 2612 2577
f 2120 2122 2610
f 2617 2627 2439
f 2627 2691 2439
f 2439 2692 2617
f 2303 2696 2198
f 2618 2199 2689
f 2309 2199 2618
f 2620 2619 2602
f 2300 2440 2621
f 2611 2697 2432
f 2438 2697 2611
f 2623 2697 2438
f 2604 1840 2694
f 2205 2125 2775
f 2613 1618 2612
f 2307 1618 2613
f 2614 2307 2613
f 2614 2434 2307
f 2436 2615 2441
f 2441 2695 2610
f 2126 2441 2610
f 2610 2122 2126
f 2616 2308 2202
f 2616 2627 2308
f 2442 2617 2696
f 2442 2696 2050
f 2303 2050 2696
f 2309 2618 1940
f 2443 1940 2618
f 2443 2618 2619
f 2620 2443 2619
f 2444 2443 2620
f 2621 2444 2620
f 2440 2444 2621
f 2311 2310 2622
f 2622 2304 2311
f 2437 2608 2445
f 2051 2445 2697
f 2445 2608 2697
f 2623 2051 2697
f 1894 2051 2625
f 2625 2624 1894
f 2446 2306 2626
f 2446 2626 2693
f 2052 2446 2693
f 2447 2052 2694
f 2694 1840 2447
f 1846 2316 3330
f 2629 2591 2631
f 2316 1903 2700
f 2449 2776 2630
f 1945 3218 2450
f 2629 2631 2451
f 2632 2776 2449
f 2450 3218 2633
f 1903 3334 2700
f 3120 2778 2321
f 2319 3220 2320
f 2212 2779 3334
f 2321 2778 3335
f 2322 2705 2703
f 2635 2325 2634
f 2327 2635 2067
f 2452 2067 2636
f 2636 2067 2635
f 2328 2220 3123
f 2220 2331 3123
f 3123 2331 3008
f 2710 2786 1823
f 2333 2710 1960
f 2139 2010 2456
f 2786 3534 1823
f 2339 3590 2071
f 2342 2713 2343
f 2463 2343 2713
f 2459 2466 3013
f 2461 2462 2639
f 2461 2639 2793
f 2468 2648 2464
f 2648 2642 2464
f 2464 2642 2637
f 2638 2727 2465
f 2463 2720 2640
f 2648 2468 2721
f 2465 2727 2471
f 3013 2466 2644
f 3013 2644 2716
f 2469 2717 2641
f 2462 2346 2646
f 2719 2639 2484
f 2640 2720 2348
f 2348 2731 2239
f 2720 2731 2348
f 2647 2721 2468
f 2642 2648 2655
f 2475 2642 2655
f 2642 2475 3131
f 2475 2476 3131
f 2476 2722 3131
f 2476 2650 2722
f 2466 2643 2659
f 2346 2473 2646
f 2474 2719 2484
f 3016 2719 2474
f 3016 2474 2726
f 2239 2731 2732
f 2154 2358 2649
f 2647 2154 2649
f 2649 2721 2647
f 2721 2655 2648
f 2672 2477 2355
f 2659 2643 2479
f 2466 2659 2644
f 2716 2644 2489
f 2660 2797 2716
f 2653 2728 2652
f 2654 2652 2728
f 2485 2726 2474
f 2485 2730 2726
f 2732 2496 2239
f 2721 2649 2655
f 2656 2655 2529
f 2475 2655 2656
f 2656 2667 2475
f 2650 2476 2499
f 2668 2650 2499
f 2650 2668 2501
f 2471 2727 2501
f 2505 2486 2733
f 1583 2737 2671
f 2355 1583 2672
f 2672 1583 2671
f 2477 2672 2657
f 2095 2477 2657
f 2240 2536 2673
f 2240 2740 2241
f 2241 2740 2478
f 2740 2674 2478
f 2478 2674 2488
f 2674 2741 2488
f 2488 2741 2506
f 2658 2479 2360
f 2361 2644 2659
f 2489 2644 2361
f 2660 2716 2489
f 2661 2481 2651
f 2661 2651 2662
f 2662 2651 2663
f 2663 2490 2802
f 2490 2482 2802
f 2676 2482 2490
f 2743 3232 2491
f 3232 2653 2491
f 2653 2652 2491
f 2654 2473 2494
f 2677 2495 2483
f 2678 2734 2514
f 2485 2734 2730
f 2517 2664 2364
f 2664 2649 2358
f 2735 2655 2649
f 2665 2655 2735
f 2655 2665 2529
f 2529 2665 2666
f 2656 2666 2667
f 2500 2668 2813
f 2668 2500 2501
f 2501 2500 2365
f 2503 2502 2669
f 2733 2503 2669
f 2486 2503 2733
f 2505 2733 2670
f 2737 2505 2670
f 2657 2672 2738
f 2487 2095 2657
f 2673 2536 2487
f 2740 2240 2673
f 2507 2506 2741
f 2821 2507 2741
f 2679 2479 2658
f 2659 2479 2679
f 2675 2659 2679
f 2361 2659 2675
f 2361 2675 2366
f 2489 2366 2742
f 2660 2489 2742
f 2742 2747 2660
f 2663 2509 2662
f 2676 2509 2663
f 2802 2676 2663
f 2743 2491 2510
f 2677 2528 2495
f 2513 2528 2677
f 2513 2677 2678
f 2514 2513 2678
f 2516 2514 2734
f 2806 2262 2496
f 2517 2262 2806
f 2500 2813 2519
f 2519 2813 2520
f 2526 2681 2510
f 2681 2743 2510
f 2681 2526 2757
f 2536 2683 2573
f 2757 2576 2685
f 2283 2409 2769
f 2576 2581 2685
f 2283 2769 2773
f 2291 2589 2590
f 2422 2686 2590
f 2422 2598 2686
f 2598 3324 2686
f 2615 2593 2688
f 2692 2594 2696
f 2693 2626 2597
f 2424 2433 2771
f 2773 2433 2425
f 2616 2582 2691
f 2601 2583 2692
f 2620 2556 2621
f 2556 2300 2621
f 2623 2596 2625
f 2625 2596 2687
f 2690 2693 2597
f 2694 2690 2609
f 3200 2302 2291
f 2613 2599 2614
f 2605 2582 2616
f 2691 2627 2616
f 2569 2619 2689
f 2585 2606 2207
f 2207 2606 2622
f 2690 2694 2693
f 2688 2695 2615
f 2610 2695 2688
f 2696 2617 2692
f 2619 2618 2689
f 2432 2697 2608
f 2125 2698 2775
f 2615 2695 2441
f 2622 2310 2207
f 2623 2625 2051
f 2694 2052 2693
f 2630 2699 2628
f 2632 3290 2776
f 3218 3436 2633
f 2633 3436 2135
f 2702 2136 3438
f 3334 2779 3001
f 2321 3335 2323
f 1909 3121 2003
f 2634 2780 2635
f 2781 2635 2780
f 2781 2636 2635
f 2636 2706 2452
f 1956 2328 2705
f 2010 2334 2456
f 2785 2788 2336
f 2139 3124 2012
f 3450 2334 2011
f 2712 2342 3010
f 3127 2225 2341
f 2461 2793 2226
f 2712 2713 2342
f 2225 3127 2638
f 2344 3393 2460
f 3393 3014 2714
f 3393 2714 2460
f 2642 3012 2637
f 2462 2715 2639
f 2793 2639 2719
f 2726 2463 2713
f 2722 2638 3129
f 2722 2727 2638
f 2714 2794 2723
f 2714 2723 2717
f 2717 2724 2641
f 2641 2718 2470
f 2724 2718 2641
f 2470 2725 2645
f 2718 2725 2470
f 2639 2715 2484
f 2719 3016 3015
f 2713 3016 2726
f 2720 2463 2726
f 3012 2642 3131
f 2650 2727 2722
f 2797 2794 2716
f 2797 2723 2794
f 2796 2717 2723
f 2724 2717 2796
f 2462 2646 2715
f 2484 2715 2798
f 2720 2726 2730
f 2731 2720 2730
f 2645 2725 2482
f 2729 2473 2654
f 2646 2473 2729
f 2715 2646 2729
f 2484 2798 2483
f 2731 2799 2732
f 2501 2727 2650
f 2660 2800 3019
f 2660 3019 2797
f 2802 2482 2725
f 2654 2728 2803
f 2729 2654 2803
f 2812 2729 2803
f 2677 2483 2798
f 2677 2798 2805
f 2799 2730 2734
f 2799 2731 2730
f 2517 2806 3023
f 2664 2517 3023
f 2664 2735 2649
f 2499 2667 2668
f 2667 2813 2668
f 2502 2814 2669
f 2669 2736 2733
f 2816 2733 2736
f 2816 2670 2733
f 2671 2807 2672
f 2672 2807 2738
f 2739 2657 2738
f 2657 2739 2487
f 2808 2487 2739
f 2487 2808 2673
f 2808 2740 2673
f 2740 2745 2674
f 2524 2746 2658
f 2746 2679 2658
f 2366 2675 2742
f 2660 2747 2800
f 2676 2802 2748
f 2748 2525 2676
f 2677 3027 2678
f 2667 2666 2665
f 2520 2813 3033
f 2502 2520 3033
f 2669 2814 2736
f 2744 2670 2816
f 2737 2670 2744
f 2671 2737 2744
f 2820 2674 2745
f 2741 2674 2820
f 2524 2507 2821
f 2524 2821 2746
f 2679 2746 2742
f 2675 2679 2742
f 3044 2743 2681
f 2835 2750 2751
f 2751 2750 2752
f 3044 2681 2761
f 2754 2834 2858
f 2761 2681 2757
f 2753 2831 2886
f 2887 2753 2886
f 2760 2750 2755
f 2875 2859 2752
f 2763 2825 2756
f 2831 2855 2886
f 2760 2755 2754
f 2756 3071 2762
f 2763 2756 2762
f 2764 2825 2763
f 2827 2764 2885
f 2829 2827 2885
f 2886 2758 2885
f 2886 2855 2758
f 2888 2754 2759
f 2760 2754 2888
f 2888 2752 2760
f 2757 2685 2767
f 2761 2757 2767
f 2886 2885 3078
f 2887 2886 3080
f 2767 2768 2761
f 2575 3189 2977
f 2770 3098 2922
f 2769 2575 2771
f 2581 3522 3321
f 2581 3321 2685
f 2774 2767 2685
f 2291 2590 2772
f 2590 2686 2772
f 2773 2769 2771
f 2291 2772 3200
f 2977 2998 2591
f 3324 2598 3330
f 2773 2771 2433
f 2591 2998 2631
f 2998 2777 2631
f 2631 2777 2451
f 3290 2632 2702
f 2701 3486 2778
f 3438 2136 2703
f 1909 2065 3121
f 2704 2326 3386
f 3002 3292 2325
f 2634 2325 3292
f 3292 2780 2634
f 3342 2781 2780
f 2781 2706 2636
f 2706 2782 2215
f 2705 2328 3122
f 2215 2782 3343
f 2329 3005 3003
f 3293 2707 2330
f 2328 3123 3122
f 2709 2784 2455
f 2783 3008 2331
f 2331 2070 2783
f 3447 2785 2336
f 2455 2784 2458
f 2456 3124 2139
f 3010 2340 2226
f 3010 2342 2340
f 2228 2790 3226
f 2228 3226 3299
f 2228 3299 2344
f 3299 3393 2344
f 2072 2637 2791
f 2791 2637 3012
f 3300 2226 2793
f 2714 3014 2794
f 2716 3018 3013
f 3015 2793 2719
f 2794 3018 2716
f 3014 3018 2794
f 2797 2795 2723
f 2723 2795 2796
f 2729 2798 2715
f 3232 2743 3022
f 3026 2653 3233
f 3026 2728 2653
f 2810 2803 2728
f 2729 2812 2804
f 2798 2729 2805
f 2805 2729 2804
f 3030 2496 2732
f 2496 3030 2806
f 2807 2818 2738
f 2738 2818 2739
f 2818 2808 2739
f 2801 2800 3024
f 2809 2801 3024
f 2812 2803 2811
f 2677 2805 3136
f 2678 3027 2734
f 2665 3032 2667
f 2813 2667 3032
f 2814 2502 3033
f 2736 2814 2815
f 2736 2815 2816
f 2744 3034 2817
f 2671 2744 2817
f 2807 2671 3140
f 2740 2808 3037
f 2740 3037 2819
f 2745 2740 2819
f 2741 2820 2821
f 2746 2821 2822
f 2742 2746 2822
f 2742 2822 2823
f 2742 2823 3024
f 2747 2742 3024
f 3024 2800 2747
f 1387 2525 2824
f 2525 2748 2824
f 1387 2824 2680
f 2743 3044 3022
f 3065 2825 2826
f 3026 3065 2826
f 2825 2827 2826
f 2826 2827 3051
f 3051 2827 2828
f 2827 2829 2828
f 2829 2758 3159
f 2758 2855 3159
f 3159 2855 3052
f 2855 2831 3052
f 3052 2831 2830
f 2830 2831 2753
f 2755 2750 2835
f 2752 2859 2751
f 2751 2859 2836
f 2859 2837 2836
f 2836 2837 2838
f 2840 2841 2842
f 2841 2844 2843
f 2842 2841 2843
f 2843 2844 2845
f 2845 2863 2846
f 2846 2863 2847
f 2863 2864 2847
f 2847 2864 3057
f 2864 2865 3057
f 2865 2848 3057
f 3057 2848 3046
f 2848 3066 3046
f 2825 3065 2756
f 2858 2833 2832
f 2834 2833 2858
f 2755 2834 2754
f 2760 2752 2750
f 2868 2837 2859
f 2869 2837 2868
f 2838 2837 2869
f 2839 2838 2860
f 2861 2839 2860
f 3055 2839 2861
f 2862 3055 2861
f 2840 3055 2862
f 2841 2840 2862
f 2845 2844 2891
f 2865 2864 2881
f 2848 2865 2866
f 3066 2848 2866
f 3066 2849 3046
f 2756 3065 3071
f 2856 2753 2873
f 2874 2832 2857
f 2874 2858 2832
f 2858 2874 2754
f 2867 2859 2875
f 2868 2859 2867
f 2860 2838 2869
f 2862 2861 2879
f 2841 2862 2880
f 2844 2841 2890
f 2891 2844 3086
f 2863 2845 2891
f 2892 2863 2891
f 2881 2864 2893
f 3067 2849 3066
f 3062 2871 2872
f 2872 2871 2884
f 2764 2827 2825
f 2753 2887 2873
f 2873 2874 2857
f 2754 2874 2759
f 2868 2867 2876
f 2877 2868 2876
f 2869 2877 2878
f 2860 2869 2878
f 2861 2860 2878
f 2879 2861 2878
f 2889 2862 2879
f 3086 2844 2890
f 2864 2863 2892
f 2893 2864 2892
f 2883 3067 3066
f 2758 2829 2885
f 2874 2873 2887
f 2759 2874 2887
f 2875 2752 2888
f 2876 2867 2875
f 2880 2862 2889
f 2841 2880 2898
f 2890 2841 2898
f 2881 2893 2901
f 2761 2768 3262
f 2763 2762 3075
f 2763 3075 3076
f 2764 2763 3076
f 2764 3076 2765
f 2885 2764 2765
f 3077 2885 2765
f 3078 2885 3077
f 3080 2886 3078
f 2766 2887 3080
f 2759 2887 2766
f 2888 2759 2766
f 2888 2766 2894
f 2875 2888 2894
f 3082 2875 2894
f 2876 2875 3082
f 2895 2876 3082
f 2877 2876 2895
f 2878 2877 2895
f 3084 2878 2895
f 2879 2878 3084
f 2896 2879 3084
f 2889 2879 2896
f 2897 2889 2896
f 2880 2889 2897
f 2898 2880 2897
f 2899 2890 2898
f 3086 2890 2899
f 2900 2891 3086
f 2900 2902 2891
f 2891 2902 2892
f 2903 2892 2902
f 2893 2892 2903
f 2901 2893 2903
f 2870 2881 2901
f 2866 2901 2882
f 3067 2883 3091
f 2409 2904 2769
f 2916 2917 2907
f 2907 2917 2908
f 2909 2921 3097
f 2910 2911 3101
f 2977 2912 2944
f 2977 3189 2912
f 2769 3320 2575
f 2575 3320 3189
f 2769 2904 3320
f 2913 3092 2955
f 2914 2929 2905
f 2906 2905 2929
f 2915 2906 2929
f 2916 2906 2915
f 2907 2906 2916
f 2917 2918 2908
f 2908 2918 2919
f 2920 2919 2918
f 2909 2919 2920
f 2941 2909 2920
f 2921 2909 2941
f 2921 2922 3097
f 3097 2922 3098
f 3100 3098 2770
f 3100 2770 2923
f 2925 2926 3101
f 2924 2925 3101
f 2910 3101 2926
f 2927 2928 3102
f 2928 2772 2686
f 2767 2953 2768
f 2945 2913 2955
f 2945 2914 2913
f 2929 2914 2945
f 2915 2929 2930
f 2931 2915 2930
f 2916 2915 2931
f 2932 2916 2931
f 2933 2916 2932
f 2946 2916 2933
f 2917 2916 2946
f 2934 2917 2946
f 2935 2917 2934
f 2936 2917 2935
f 2918 2917 2937
f 2937 2917 2936
f 2938 2918 2937
f 2920 2918 2939
f 2939 2918 2938
f 2941 2920 2940
f 2941 2940 2942
f 2921 2941 2942
f 2922 2921 2942
f 2943 2922 2942
f 2943 2770 2922
f 2923 2770 2943
f 2925 2924 2951
f 2910 2926 3199
f 2772 2928 2927
f 2685 3321 2774
f 3321 3201 2774
f 2953 2767 2774
f 2945 2955 2956
f 2929 2945 2957
f 3111 2931 2930
f 2937 2936 2947
f 2938 2937 2948
f 2948 2937 2947
f 2939 2938 2961
f 2961 2938 2949
f 2943 2942 3114
f 2925 2951 2971
f 2926 2925 2952
f 2911 2975 2927
f 2975 2976 2927
f 2963 2774 3201
f 2953 2774 2963
f 2954 2955 3202
f 2957 2945 2956
f 2930 2929 2957
f 2958 2930 2957
f 2930 2958 3111
f 2933 2932 2966
f 2934 2946 2959
f 2960 2948 2947
f 3427 2938 2948
f 2938 3427 2949
f 2970 2940 2969
f 2942 2940 2970
f 3114 2942 2970
f 2962 2971 2951
f 2925 2971 2982
f 2952 2925 2982
f 2972 2910 3106
f 2973 2910 2972
f 2964 2955 2954
f 2956 2955 2964
f 2958 2957 2965
f 2933 2966 2967
f 2959 2946 2933
f 2947 2936 2991
f 3113 2949 3427
f 2961 2949 2968
f 3327 2950 2961
f 3327 2961 2968
f 3114 2970 2995
f 2980 3208 2943
f 2952 2982 2983
f 3633 2972 3106
f 2975 2973 2974
f 2976 2975 2974
f 2954 2953 2963
f 2957 2956 2964
f 2959 2933 3112
f 2934 2959 2978
f 2978 2979 2934
f 2936 2990 2991
f 2960 2947 3116
f 3116 2947 2991
f 3211 2949 3113
f 3327 2968 3377
f 2995 2970 2994
f 2987 3114 2995
f 2962 3115 2981
f 2971 2962 2981
f 2982 2971 2981
f 2973 2972 2974
f 2997 2976 2974
f 2998 2977 2944
f 3000 2998 2944
f 2954 2963 2989
f 2964 2954 2989
f 2965 2957 2984
f 2984 2957 2964
f 3209 3111 2958
f 2965 3209 2958
f 2967 2966 2985
f 2968 2949 3211
f 3377 2968 2992
f 2970 2969 2986
f 2994 2970 2986
f 2980 2987 2988
f 3115 2980 2988
f 3115 2988 2981
f 2302 3808 2312
f 2967 2985 3527
f 2959 3112 2967
f 2968 3211 3484
f 3331 2968 3484
f 2992 2968 3331
f 2994 2986 2993
f 2981 2988 3217
f 2982 2981 3217
f 2996 2982 3217
f 2983 2982 2996
f 2972 3633 3693
f 2974 2972 3693
f 3755 2974 3693
f 2997 2974 3755
f 2698 2628 3117
f 2998 3000 2777
f 2451 2777 2701
f 2777 3333 2701
f 3333 3486 2701
f 2323 3440 2065
f 2065 3440 3532
f 2323 3335 3440
f 2324 3002 2325
f 2703 2705 3122
f 3342 3004 2781
f 2781 3004 2706
f 2706 3004 2782
f 3294 2216 2068
f 2217 4133 2708
f 3295 2454 3006
f 2217 2218 4133
f 2709 2454 3295
f 2709 3007 2784
f 2222 3448 2333
f 2012 3448 2222
f 2457 3387 2335
f 2787 3387 2457
f 2337 3125 2711
f 3125 2337 2458
f 2789 3344 3009
f 2789 2223 3344
f 3534 3344 2223
f 2791 2341 2072
f 2792 3227 2790
f 2226 3300 3225
f 3225 3010 2226
f 3011 2713 2712
f 3227 2792 2459
f 3300 2793 3302
f 2459 3013 3228
f 3016 2713 3011
f 2793 3015 3303
f 3017 2722 3129
f 2724 2796 3133
f 2718 2724 3133
f 3016 3130 3015
f 2795 2797 3019
f 2718 3133 3135
f 2725 2718 3135
f 2801 3019 2800
f 2801 3020 3019
f 2801 3021 3020
f 2802 2725 3135
f 3023 2806 3030
f 2801 2809 3021
f 3134 3021 3025
f 3025 3021 2809
f 3134 3025 3043
f 2802 3135 2748
f 2728 3026 2810
f 2811 2803 2810
f 2804 2812 2811
f 2804 2811 3136
f 2805 2804 3136
f 3027 2677 3136
f 2734 3027 3028
f 2799 2734 3028
f 2799 3028 3029
f 2732 2799 3029
f 2732 3029 3030
f 2664 3023 3031
f 2735 2664 3031
f 2665 2735 3031
f 2665 3031 3032
f 2813 3032 3033
f 2814 3033 2815
f 2744 2816 3034
f 2671 2817 3140
f 2807 3140 3035
f 2818 2807 3035
f 2818 3035 3036
f 2808 2818 3036
f 2808 3036 3037
f 2745 2819 3145
f 2745 3145 3146
f 2820 2745 3146
f 2820 3146 3038
f 2820 3038 3039
f 2821 2820 3039
f 2822 2821 3039
f 2822 3039 3147
f 2823 2822 3147
f 3024 2823 3040
f 3041 3024 3040
f 2809 3024 3041
f 3042 2809 3041
f 3025 2809 3042
f 3149 3025 3042
f 3043 3025 3149
f 2680 2824 3304
f 3026 2826 3150
f 3045 3038 2847
f 3155 3046 3147
f 3046 2851 3047
f 3047 3058 3048
f 3049 2853 3043
f 3050 3043 2853
f 3166 2748 3050
f 2680 3304 2749
f 2826 3051 3150
f 3051 3157 3150
f 2828 3157 3051
f 2828 3158 3157
f 2829 3159 2828
f 2828 3159 3158
f 2830 3160 3052
f 2753 2856 2830
f 2833 3060 2832
f 2834 3053 2833
f 2755 3053 2834
f 2755 2835 3053
f 2751 3054 2835
f 2836 3054 2751
f 2840 2842 3245
f 2842 3142 3165
f 2842 2843 3142
f 2845 3151 2843
f 2845 3056 3151
f 2846 3056 2845
f 2846 3153 3056
f 2846 3154 3153
f 2847 3154 2846
f 2847 3057 3045
f 3046 3155 3057
f 2850 3046 2849
f 2850 2851 3046
f 2851 3058 3047
f 3058 2852 3048
f 2852 3049 3048
f 3049 2852 2853
f 3064 3050 2853
f 3247 2854 3166
f 2854 3059 3166
f 2857 2832 3060
f 2849 3067 2850
f 3069 2851 2850
f 2851 3069 3070
f 3070 3058 2851
f 3061 3058 3070
f 3062 3058 3061
f 2852 3058 3062
f 2872 2852 3062
f 2852 3063 2853
f 2872 3063 2852
f 2853 3063 3064
f 3180 2854 3247
f 2854 3180 3073
f 2854 3073 3059
f 3059 3073 3074
f 3060 3307 2857
f 2881 2870 2865
f 2865 2870 2866
f 3067 3068 2850
f 3069 2850 3068
f 3063 2872 2884
f 3044 2761 3262
f 2857 3072 2873
f 3072 2857 3307
f 2869 2868 2877
f 2866 2870 2901
f 2882 2883 2866
f 2883 3066 2866
f 3175 3062 3061
f 2871 3062 3175
f 2871 3177 2884
f 2762 3071 3075
f 3179 3068 3091
f 3091 3068 3067
f 2871 3175 3177
f 3076 3075 3181
f 2765 3182 3077
f 3080 3078 3079
f 2894 2766 3081
f 2895 3082 3083
f 2895 3083 3184
f 2895 3184 3084
f 2896 3084 3085
f 2897 2896 3085
f 2897 3085 3185
f 2898 2897 3185
f 2899 2898 3185
f 2902 2900 3087
f 2903 2902 3318
f 2903 3318 3088
f 2901 2903 3088
f 2901 3088 3089
f 2882 2901 3089
f 2883 2882 3090
f 3090 2882 3089
f 3091 2883 3090
f 2913 3093 3092
f 2914 3093 2913
f 2906 3095 2905
f 2907 3192 2906
f 2907 2908 3096
f 2909 3193 2919
f 2909 3099 3193
f 2909 3097 3099
f 3098 3198 3099
f 3098 3100 3198
f 2924 3194 3103
f 2924 3101 3194
f 2928 3196 3102
f 2912 3109 2944
f 3092 3263 2955
f 2924 3103 3277
f 3102 3101 2911
f 3196 2928 2686
f 3522 4107 3321
f 2939 3104 2920
f 2940 2920 3105
f 2920 3104 3105
f 3108 2923 2943
f 2951 2924 3277
f 2926 2952 3199
f 3106 2910 3199
f 2911 2927 3102
f 3107 2772 2927
f 2772 3107 3371
f 2772 3371 3425
f 3425 3200 2772
f 2768 2953 3110
f 3263 3202 2955
f 2950 2939 2961
f 2950 3104 2939
f 2911 2910 2973
f 2975 2911 2973
f 3107 2927 2976
f 3107 2976 3322
f 2954 3325 2953
f 2953 3325 3110
f 2954 3326 3325
f 2954 3202 3326
f 2931 3204 2932
f 2935 2934 3207
f 2960 3205 2948
f 2948 3205 3283
f 2948 3283 3427
f 2940 3105 2969
f 3108 2943 3208
f 3203 2435 3284
f 3201 3483 2963
f 2933 2967 3112
f 2943 3114 2980
f 2980 3114 2987
f 3375 3208 2980
f 2997 3322 2976
f 2944 3109 3000
f 2435 2775 3284
f 2960 3116 3205
f 3115 3375 2980
f 2963 3483 3431
f 2989 2963 3431
f 2989 3431 3118
f 2964 2989 3118
f 2984 2964 3118
f 2984 3118 3288
f 2965 2984 3288
f 3288 3209 2965
f 2967 3527 3289
f 2967 3289 2959
f 2978 2959 3634
f 3634 2979 2978
f 2990 3213 3214
f 2991 2990 3214
f 3211 3481 3484
f 3331 3484 3528
f 2992 3331 3377
f 2994 2993 3216
f 2995 2994 3216
f 2987 2995 3216
f 2988 2987 3216
f 2988 3216 3217
f 2628 2699 3117
f 2448 3757 2999
f 2316 2700 3433
f 2776 2699 2630
f 2999 3757 3119
f 3000 3219 2777
f 2777 3219 3333
f 3220 3989 2320
f 2320 3989 2002
f 2003 3222 2324
f 3121 3222 2003
f 1955 3339 3340
f 2780 3292 3342
f 2329 3003 3386
f 3005 2707 3293
f 2330 2708 3293
f 3007 3224 2784
f 2783 2070 3009
f 3495 2783 3009
f 2333 3535 2710
f 2458 2784 3126
f 3009 3344 3495
f 2071 3590 3450
f 2790 3227 3345
f 3226 2790 3345
f 2459 3228 3227
f 3127 3128 2638
f 2638 3128 3129
f 2793 3303 3302
f 3015 3350 3303
f 3015 3130 3350
f 3130 3016 3011
f 3017 3131 2722
f 2795 3132 2796
f 2796 3132 3133
f 3020 2795 3019
f 3132 2795 3020
f 3134 3132 3020
f 3133 3132 3134
f 3134 3135 3133
f 3021 3134 3020
f 3043 3135 3134
f 3305 3026 3233
f 3234 2810 3026
f 2811 2810 3234
f 2811 3234 3238
f 3136 2811 3239
f 2811 3238 3239
f 3028 3027 3239
f 3028 3239 3137
f 3029 3028 3137
f 3030 3029 3137
f 3030 3137 3138
f 3023 3030 3138
f 3023 3138 3031
f 3032 3031 3235
f 3031 3138 3235
f 3033 3032 3139
f 3032 3235 3139
f 3033 3139 2815
f 2817 3034 3236
f 2817 3236 3140
f 3035 3140 3237
f 3035 3237 3141
f 3036 3035 3141
f 3037 3036 3141
f 3037 3141 3143
f 3143 3144 3037
f 3037 3144 2819
f 3144 3145 2819
f 3246 3146 3145
f 2823 3147 3040
f 3147 3148 3040
f 3040 3148 3041
f 3041 3149 3042
f 3148 3149 3041
f 3050 3135 3043
f 2748 3135 3050
f 2748 3156 2824
f 3022 3044 3262
f 3026 3150 3234
f 3144 3143 3151
f 3151 3143 3142
f 3145 3144 3152
f 3152 3144 3151
f 3246 3145 3152
f 3153 3146 3246
f 3154 3146 3153
f 3038 3146 3154
f 3039 3038 3045
f 3147 3039 3155
f 3047 3147 3046
f 3148 3147 3047
f 3048 3148 3047
f 3149 3148 3048
f 3049 3149 3048
f 3043 3149 3049
f 2748 3166 3156
f 3026 3305 3065
f 3052 3240 3159
f 3052 3160 3240
f 2830 3241 3160
f 2830 3242 3241
f 2856 3242 2830
f 3242 3060 3161
f 2833 3161 3060
f 3053 3161 2833
f 3053 3162 3161
f 2835 3162 3053
f 3054 3162 2835
f 2836 3243 3054
f 3054 3243 3162
f 2838 3163 2836
f 2836 3163 3243
f 2839 3163 2838
f 3055 3163 2839
f 2840 3245 3055
f 3055 3245 3163
f 2842 3164 3245
f 3165 3164 2842
f 3151 3142 2843
f 3152 3151 3056
f 3152 3056 3168
f 3306 3056 3153
f 3038 3154 2847
f 3039 3045 3057
f 3155 3039 3057
f 3166 3050 3247
f 3242 3167 3513
f 3242 2856 3167
f 2856 2873 3167
f 3514 3242 3513
f 3060 3242 3307
f 3242 3514 3307
f 3306 3168 3056
f 3169 3170 3063
f 3064 3063 3170
f 3170 3171 3064
f 3064 3171 3247
f 3064 3247 3050
f 3308 3178 3174
f 3070 3310 3061
f 3061 3310 3176
f 3175 3176 3177
f 3176 3169 3177
f 3177 3169 2884
f 3063 2884 3169
f 3065 3172 3071
f 2873 3072 3167
f 3565 3072 3307
f 3249 3173 3254
f 3173 3186 3254
f 3187 3186 3173
f 3174 3187 3173
f 3188 3187 3174
f 3178 3188 3174
f 3068 3179 3178
f 3175 3061 3176
f 3247 3171 3191
f 3073 3180 3074
f 3186 3260 3254
f 3075 3255 3181
f 3076 3181 3256
f 2765 3076 3256
f 2765 3256 3182
f 3078 3077 3257
f 3077 3182 3257
f 3079 3078 3257
f 3080 3079 3183
f 2766 3080 3183
f 2766 3183 3081
f 2894 3081 3082
f 3085 3084 3184
f 3085 3184 3258
f 3085 3258 3185
f 2899 3185 3273
f 2899 3273 3312
f 3086 2899 3312
f 3086 3312 2900
f 3178 3179 3188
f 3318 2902 3087
f 3260 3088 3318
f 3186 3088 3260
f 3187 3088 3186
f 3089 3088 3187
f 3090 3089 3187
f 3188 3090 3187
f 3091 3090 3188
f 3179 3091 3188
f 3190 3189 3191
f 3191 3189 3197
f 3092 3264 3263
f 3092 3093 3264
f 3094 3093 2914
f 2905 3094 2914
f 2905 3095 3094
f 2906 3192 3095
f 3096 3192 2907
f 2919 3096 2908
f 2919 3193 3096
f 3098 3099 3097
f 3101 3195 3194
f 3102 3195 3101
f 3102 3196 3195
f 3109 2912 3190
f 3190 2912 3189
f 3189 3320 3197
f 2768 3110 3262
f 3198 3100 2923
f 2686 3275 3196
f 3198 3108 3370
f 2923 3108 3198
f 3275 2686 3324
f 3190 3212 3109
f 3277 2962 2951
f 3200 3685 2302
f 2932 3204 2966
f 2990 2936 3213
f 3105 3206 2969
f 3479 3111 3209
f 2934 2979 3207
f 3207 2979 3210
f 3329 3115 2962
f 2969 3206 2986
f 3329 3375 3115
f 3118 3431 3576
f 3287 3209 3288
f 2959 3289 3634
f 3116 2991 3215
f 3217 3216 4121
f 3109 3212 3000
f 3379 2699 2776
f 3212 3219 3000
f 2702 3381 3290
f 3001 2779 3336
f 2065 3291 3121
f 3342 2782 3004
f 4424 4133 2218
f 2709 3295 3007
f 3123 3223 3122
f 3008 3223 3123
f 2710 3535 2786
f 2456 3449 3124
f 2787 2785 3387
f 2788 2785 2787
f 2711 3586 3447
f 2784 3224 3126
f 3227 3389 3345
f 3298 3225 3300
f 2791 3457 2341
f 3457 3127 2341
f 3228 3013 3229
f 3012 3131 3347
f 3011 3390 3130
f 3018 3229 3013
f 3018 3230 3229
f 3231 3347 3131
f 3129 3349 3017
f 3397 3230 3018
f 3014 3397 3018
f 3017 3231 3131
f 3233 2653 3464
f 3136 3239 3027
f 2815 3243 2816
f 2816 3243 3034
f 3243 3244 3034
f 3244 3236 3034
f 3143 3141 3142
f 2824 3156 3465
f 2824 3465 3304
f 3150 3238 3234
f 3137 3239 3240
f 3160 3137 3240
f 3241 3137 3160
f 3138 3137 3241
f 3242 3138 3241
f 3161 3138 3242
f 3235 3138 3161
f 3162 3235 3161
f 3139 3235 3162
f 3243 3139 3162
f 2815 3139 3243
f 3140 3236 3244
f 3245 3140 3244
f 3237 3140 3245
f 3164 3237 3245
f 3141 3237 3164
f 3165 3141 3164
f 3142 3141 3165
f 3411 3156 3166
f 3238 3150 3157
f 3158 3238 3157
f 3239 3238 3158
f 3240 3239 3158
f 3159 3240 3158
f 3244 3243 3163
f 3245 3244 3163
f 3152 3168 3417
f 3305 3172 3065
f 3173 3249 3365
f 3174 3173 3365
f 3174 3365 3250
f 3308 3174 3250
f 3068 3178 3251
f 3069 3068 3251
f 3070 3069 3251
f 3070 3251 3310
f 3252 3171 3170
f 3071 3172 3253
f 3249 3254 3248
f 3191 3171 3314
f 3314 3171 3252
f 3180 3247 3191
f 3180 3311 3074
f 3075 3071 3253
f 3075 3253 3255
f 2749 3472 2409
f 3081 3083 3082
f 3270 3103 3083
f 3258 3273 3185
f 2900 3312 3259
f 3259 3087 2900
f 3191 3261 3180
f 3255 3264 3265
f 3181 3255 3265
f 3256 3181 3265
f 3266 3256 3265
f 3182 3256 3266
f 3257 3182 3266
f 3267 3257 3266
f 3079 3257 3267
f 3268 3079 3267
f 3183 3079 3268
f 3269 3183 3268
f 3081 3183 3269
f 3270 3081 3269
f 3083 3081 3270
f 3083 3103 3271
f 3184 3083 3271
f 3258 3184 3271
f 3272 3258 3271
f 3273 3258 3272
f 3318 3087 3317
f 3191 3314 3190
f 3191 3197 3261
f 3265 3264 3093
f 3094 3265 3093
f 3095 3265 3094
f 3266 3265 3095
f 3192 3266 3095
f 3267 3266 3192
f 3096 3267 3192
f 3268 3267 3096
f 3193 3268 3096
f 3269 3268 3193
f 3099 3269 3193
f 3270 3269 3099
f 3198 3270 3099
f 3274 3270 3198
f 3103 3270 3274
f 3194 3271 3103
f 3195 3271 3194
f 3272 3271 3195
f 3196 3272 3195
f 3196 3275 3315
f 3196 3315 3272
f 3370 3274 3198
f 3103 3424 3277
f 3319 3286 3190
f 3262 3110 3276
f 3276 3110 3683
f 3263 3625 3202
f 3108 3208 3370
f 3107 3322 3323
f 3190 3286 3212
f 2950 3372 3104
f 3278 3104 3372
f 3105 3104 3426
f 3279 3105 3426
f 3201 3631 3483
f 3110 3325 3683
f 3111 3429 2931
f 3428 3429 3111
f 3429 3204 2931
f 3280 3281 3207
f 2935 3207 3281
f 3572 2936 3281
f 2936 2935 3281
f 3205 3282 3283
f 2950 3327 3372
f 3105 3279 3206
f 2952 2983 3628
f 3111 3479 3428
f 3285 3204 3429
f 3285 2966 3204
f 3280 3207 3210
f 3572 3374 2936
f 3282 3205 3328
f 2966 3285 2985
f 2936 3374 3213
f 3205 3116 3328
f 3430 3208 3375
f 3209 3287 3479
f 3328 3116 3575
f 2698 3117 2775
f 3527 2985 3809
f 3214 3213 3635
f 3214 3635 3215
f 2991 3214 3215
f 3575 3116 3215
f 2996 3217 3811
f 3212 3332 3219
f 3332 3380 3219
f 2702 3438 3437
f 3638 3488 3221
f 2065 3532 3291
f 2779 2704 3336
f 3336 2704 3385
f 3121 3291 3222
f 3338 2324 3222
f 2324 3338 3002
f 3385 2704 3386
f 2703 3122 3492
f 3340 3820 3006
f 3295 3444 3007
f 3444 3224 3007
f 2012 3296 3448
f 2012 3124 3296
f 3126 3125 2458
f 3010 3225 3297
f 3297 2712 3010
f 2712 3297 3301
f 3127 3457 3391
f 2712 3301 3011
f 2791 3012 3346
f 3227 3228 3389
f 3302 3298 3300
f 3301 3390 3011
f 3127 3391 3128
f 3012 3347 3346
f 3014 3393 3397
f 3129 3128 3349
f 3348 3350 3130
f 3348 3130 3390
f 3246 3152 3354
f 3246 3354 3360
f 3153 3246 3360
f 3304 3468 2749
f 3152 3417 3354
f 3153 3360 3306
f 3168 3306 3417
f 3170 3169 3965
f 3252 3170 3965
f 3059 3074 3516
f 3172 3305 3413
f 3248 3798 3249
f 3178 3308 3251
f 3251 3309 3310
f 3564 3074 3311
f 3254 3520 3248
f 3180 3366 3311
f 3367 3255 3253
f 3312 3313 3259
f 3313 3316 3259
f 3316 3087 3259
f 3254 3260 3520
f 3180 3261 3366
f 3367 3264 3255
f 3273 3272 3315
f 3312 3273 3315
f 3313 3312 3315
f 3520 3260 3318
f 3190 3314 3319
f 3103 3274 3424
f 3107 3323 3371
f 3425 3685 3200
f 3285 3809 2985
f 3113 3481 3211
f 3284 2775 3378
f 3289 3527 3754
f 3216 2993 4121
f 3755 3693 4553
f 3286 3376 3212
f 3117 2699 3434
f 3212 3376 3332
f 2776 3290 3379
f 3290 3381 3379
f 3333 3219 3380
f 3436 4292 2135
f 3381 2702 3437
f 4292 3220 2135
f 3333 3383 3486
f 3001 3336 4126
f 3221 3488 3339
f 3337 3222 3291
f 3222 3337 3338
f 3341 3292 3002
f 3340 3490 3820
f 3122 3223 3492
f 3442 3343 2782
f 2708 4133 3493
f 4424 2453 3583
f 2786 3535 3496
f 2334 3449 2456
f 3224 3446 3126
f 3448 3535 2333
f 3125 3539 2711
f 3226 3345 3498
f 3451 3225 3298
f 3457 2791 3452
f 3226 3498 3299
f 3394 3451 3298
f 3297 3542 3301
f 3228 3392 3388
f 3228 3388 3389
f 3228 3229 3392
f 3302 3394 3298
f 3302 3460 3394
f 3231 3396 3347
f 3396 3231 3398
f 3017 3349 3398
f 2653 3232 3464
f 3356 3351 3361
f 3352 3461 3358
f 3400 3354 3359
f 3406 3356 3355
f 3361 3363 3356
f 3360 3354 3404
f 3363 3355 3356
f 3409 3309 3361
f 3411 3357 3156
f 3354 3417 3359
f 3406 3355 3362
f 3309 3363 3361
f 3515 3309 3409
f 3059 3516 3166
f 3166 3516 3411
f 3417 3306 3364
f 3360 3364 3306
f 3404 3364 3360
f 3362 3355 3308
f 3363 3251 3355
f 3251 3308 3355
f 3309 3251 3363
f 3515 3620 3309
f 3310 3620 3176
f 3169 3176 4032
f 3169 4032 3965
f 3514 3797 3307
f 3248 3855 3798
f 3249 3798 3365
f 3362 3308 3250
f 3309 3620 3310
f 3413 3253 3172
f 3072 3622 3167
f 3072 3565 3622
f 3797 3565 3307
f 3364 3420 3417
f 3518 3564 3311
f 3472 3566 2409
f 3263 3475 3625
f 3264 3475 3263
f 3475 3264 3367
f 3315 3421 3368
f 3313 3315 3368
f 3313 3368 3418
f 3316 3313 3418
f 3316 3418 3420
f 3087 3316 3369
f 3316 3420 3369
f 3317 3087 3423
f 3087 3369 3423
f 3318 3317 3520
f 2409 3566 2904
f 3320 3680 3197
f 3320 2904 3680
f 3319 3373 3286
f 3627 3106 3199
f 3104 3278 3426
f 3326 4169 3325
f 3372 3327 3377
f 3373 3376 3286
f 3428 3479 3688
f 3628 2983 3629
f 3210 2979 3691
f 3206 4407 2986
f 2775 3117 3378
f 3527 3809 3864
f 3289 3754 4045
f 3634 3289 4045
f 3117 3434 3529
f 3376 3380 3332
f 3382 3376 3373
f 3380 3376 3382
f 2699 3379 3434
f 3380 3382 3333
f 3382 3383 3333
f 3381 3437 3530
f 3531 2778 3486
f 3335 3439 3440
f 3438 2703 3384
f 3336 3385 3640
f 3339 3490 3340
f 3342 3292 2782
f 3443 2068 3343
f 2068 3443 3294
f 2216 3583 2453
f 2216 3294 3583
f 3444 3446 3224
f 3449 2334 3450
f 2339 3387 3590
f 2335 3387 2339
f 2711 3539 3586
f 3451 3542 3297
f 3389 3388 3453
f 3453 3497 3389
f 3497 3345 3389
f 3297 3225 3451
f 3455 3451 3394
f 3346 3452 2791
f 3390 3301 3456
f 3393 3395 3397
f 3347 3396 3346
f 3302 3303 3460
f 3350 3507 3303
f 3348 3657 3350
f 3398 3231 3017
f 3657 3507 3350
f 3401 3399 3402
f 3461 3353 3358
f 3359 3358 3353
f 3400 3359 3353
f 3402 3404 3401
f 3405 3462 3406
f 3462 3403 3406
f 3406 3403 3356
f 3351 3356 3403
f 3351 3409 3361
f 3022 3262 3407
f 3401 3354 3400
f 3404 3354 3401
f 3465 3156 3357
f 3233 3408 3305
f 3352 3414 3511
f 3406 3410 3405
f 3410 3406 3362
f 3563 3413 3305
f 3402 3412 3404
f 3412 3364 3404
f 3414 3352 3415
f 3352 3358 3415
f 3422 3415 3358
f 3359 3422 3358
f 3422 3359 3417
f 3365 3416 3470
f 3250 3365 3470
f 3470 3362 3250
f 3516 3074 3564
f 2749 3468 3472
f 3415 3476 3414
f 3418 3417 3420
f 3252 3419 3314
f 3311 3675 3518
f 3253 3413 3367
f 3474 3364 3412
f 3311 3366 3675
f 3422 3473 3415
f 3418 3422 3417
f 3474 3420 3364
f 3368 3421 3473
f 3368 3473 3422
f 3422 3418 3368
f 3420 3474 3369
f 3423 3369 3474
f 3317 3423 3477
f 3315 3275 3421
f 3424 2962 3277
f 3569 2962 3424
f 3319 3478 3373
f 3750 3627 3199
f 3372 4112 3278
f 3370 3208 3430
f 3372 3377 4112
f 3282 3328 4174
f 4174 3328 3575
f 3279 4407 3206
f 3331 3528 4411
f 3331 4411 3377
f 3478 3382 3373
f 3379 3435 3434
f 3379 3381 3435
f 3435 3381 3530
f 3335 2778 3531
f 3440 3439 3487
f 2703 3492 3384
f 3337 3441 3338
f 3002 3338 3700
f 3490 3339 3489
f 3818 3385 3491
f 3385 3386 3491
f 3292 3341 3442
f 3292 3442 2782
f 3820 3295 3006
f 3005 3927 3003
f 3929 3005 3293
f 3223 3008 3445
f 3008 2783 3445
f 3445 2783 3495
f 3344 3534 3540
f 3536 3296 3124
f 2785 3642 3387
f 3344 3540 3495
f 3299 3498 3454
f 3542 3456 3301
f 3388 3392 3453
f 3299 3454 3393
f 3454 3395 3393
f 3456 3602 3390
f 3346 3499 3452
f 3457 3458 3391
f 3459 3499 3346
f 3390 3602 3348
f 3391 3458 3128
f 3458 3603 3128
f 3459 3346 3396
f 3657 3348 3602
f 3396 3508 3459
f 3230 3397 3660
f 3303 3507 3460
f 3398 3508 3396
f 3353 3553 3400
f 3401 3400 3553
f 3399 3401 3509
f 3399 3469 3402
f 3351 3403 3612
f 3232 3022 3463
f 3022 3510 3463
f 3232 3463 3464
f 3408 3233 3464
f 3352 3608 3461
f 3352 3511 3608
f 3351 3613 3409
f 3022 3407 3510
f 3465 3357 3467
f 3304 3465 3468
f 3405 3410 3466
f 3467 3468 3465
f 3408 3668 3305
f 3402 3469 3412
f 3623 3511 3414
f 3470 3466 3410
f 3470 3410 3362
f 3513 3167 3671
f 3416 3365 3672
f 3470 3416 3466
f 3622 3671 3167
f 3623 3414 3476
f 3412 3469 3471
f 3855 3248 3801
f 3367 3413 3677
f 3412 3471 3474
f 3476 3415 3473
f 3520 3801 3248
f 3366 3261 3678
f 3476 3473 3421
f 3471 3423 3474
f 3471 3477 3423
f 3317 3477 3567
f 3567 3520 3317
f 3314 3521 3319
f 3261 3197 3678
f 3421 3275 3570
f 3323 3322 4280
f 3371 3323 4110
f 3323 4280 4110
f 3371 4110 3425
f 3321 3982 3201
f 2952 3628 4109
f 3201 3982 3631
f 3282 4171 3283
f 3429 3428 4116
f 3429 4116 3285
f 3375 3524 3430
f 3375 3329 3524
f 3324 3330 3984
f 3117 3526 3378
f 3431 3483 3692
f 3431 3692 3576
f 3288 3118 3918
f 3480 3287 3288
f 3691 2979 3634
f 2993 2986 3920
f 2996 3811 3812
f 3482 2983 2996
f 3812 3482 2996
f 3330 2316 3433
f 3478 3485 3382
f 3434 3435 3529
f 3435 3530 3636
f 3382 3485 3383
f 3485 3699 3383
f 3699 3924 3383
f 3924 3486 3383
f 3531 3439 3335
f 3437 3438 3384
f 3440 3581 3532
f 3700 3338 3441
f 3822 3444 3295
f 3584 3223 3445
f 3446 3494 3126
f 3296 3589 3448
f 3449 3536 3124
f 3449 3585 3536
f 3450 3590 3537
f 3451 3541 3542
f 3541 3451 3455
f 3498 3345 3497
f 3454 3593 3597
f 3454 3498 3593
f 3452 3544 3457
f 3452 3499 3543
f 3500 3457 3544
f 3501 3453 3392
f 3454 3597 3395
f 3394 3545 3455
f 3500 3458 3457
f 3392 3546 3501
f 3499 3459 3548
f 3502 3504 3500
f 3504 3458 3500
f 3502 3503 3504
f 3394 3460 3545
f 3504 3505 3458
f 3503 3505 3504
f 3229 3546 3392
f 3397 3395 3601
f 3349 3128 3603
f 3230 3552 3229
f 3660 3552 3230
f 3601 3609 3397
f 3401 3553 3554
f 3509 3401 3554
f 3403 3462 3560
f 3351 3612 3613
f 3464 3463 3561
f 3561 3408 3464
f 3668 3408 3561
f 3462 3405 3739
f 3743 3409 3613
f 3466 3739 3405
f 3512 3467 3357
f 3357 3411 3512
f 3411 3516 3670
f 3563 3305 3668
f 3517 3620 3515
f 3621 3413 3563
f 3799 3472 3468
f 3621 3677 3413
f 3624 3623 3476
f 3314 3419 3521
f 3472 3519 3566
f 3475 3677 3625
f 3677 3475 3367
f 3624 3476 3421
f 3421 3570 3624
f 3521 3478 3319
f 3197 3680 3803
f 2904 3679 3680
f 3324 3984 3275
f 3278 4112 4530
f 3278 4530 3426
f 3807 3279 3426
f 2962 3569 3573
f 3326 4040 4169
f 4040 3326 3202
f 3281 3280 3523
f 3280 3571 3523
f 3281 3523 3572
f 3283 4171 4172
f 3285 4116 3574
f 3280 3210 3571
f 3282 4174 4171
f 3285 3574 3809
f 3573 3329 2962
f 3689 3329 3573
f 3629 2983 3482
f 3627 3690 3633
f 3374 4410 3213
f 3483 3631 3692
f 3918 3480 3288
f 3213 4410 3635
f 3215 3635 3432
f 3432 3575 3215
f 3377 4411 4541
f 2986 4407 3920
f 3478 3525 3485
f 3117 3529 3526
f 2312 3577 2448
f 3577 3694 2448
f 2448 3694 3757
f 3433 2700 3697
f 3525 3578 3485
f 3529 3435 3636
f 3485 3579 3699
f 3486 3924 3531
f 3487 3581 3440
f 3488 4296 3339
f 3337 3641 3441
f 3700 3819 3002
f 3819 3341 3002
f 3490 3533 3820
f 3491 3386 4131
f 4131 3386 3003
f 3341 3582 3442
f 3822 3761 3444
f 3444 3761 3446
f 3761 3494 3446
f 3126 3494 3587
f 2786 3496 3534
f 3448 3764 3535
f 3764 3448 3589
f 3449 3537 3585
f 3450 3537 3449
f 3447 3538 2785
f 3586 3538 3447
f 3125 3587 3539
f 3126 3587 3125
f 3541 3712 3542
f 3543 3592 3452
f 3502 3500 3648
f 3502 3648 3595
f 3502 3595 3503
f 3547 3503 3595
f 3458 3549 3603
f 3458 3505 3549
f 3505 3503 3606
f 3606 3503 3547
f 3546 3229 3552
f 3551 3550 3599
f 3506 3551 3607
f 3557 3604 3550
f 3551 3611 3550
f 3611 3557 3550
f 3506 3556 3551
f 3556 3611 3551
f 3461 3553 3353
f 3555 3460 3507
f 3399 3509 3952
f 3399 3952 3469
f 3397 3609 3660
f 3507 3562 3555
f 3562 3507 3657
f 3506 3607 3558
f 3403 3664 3612
f 3612 3660 3609
f 3612 3609 3613
f 3558 3556 3506
f 3608 3511 3559
f 3511 3618 3559
f 3739 3466 3619
f 3467 4085 3468
f 3511 3623 3618
f 3517 3971 3620
f 3176 3620 4032
f 3468 4085 3799
f 3466 3416 3619
f 3416 3672 3619
f 3564 3518 3800
f 3565 3676 3622
f 3471 3802 3856
f 3477 3471 3856
f 3477 3856 3567
f 3801 3520 3567
f 3566 3679 2904
f 3521 3568 3478
f 3749 3274 3370
f 3478 3568 3525
f 3321 4107 3914
f 3370 3430 3749
f 3275 3984 3570
f 3568 3578 3525
f 3571 3210 4117
f 3572 4118 3374
f 3633 3106 3627
f 3685 3808 2302
f 3479 3287 3688
f 3210 3691 4117
f 4118 4410 3374
f 3329 3689 3524
f 3984 3330 4869
f 2993 3920 4121
f 4869 3330 3433
f 3696 3529 3636
f 3636 3530 3698
f 1945 3119 3218
f 3578 3579 3485
f 3698 3530 3814
f 3530 3437 3814
f 3814 3437 3384
f 3334 3001 4055
f 3001 4126 4055
f 3531 3580 3439
f 3439 3637 3487
f 2002 4125 3638
f 3532 3581 3815
f 3291 3532 3337
f 3441 3641 3759
f 3385 3818 4184
f 3759 3700 3441
f 3489 3701 3490
f 3818 3491 4056
f 3341 3819 3582
f 3343 3442 3870
f 3343 3870 3443
f 3295 3820 3992
f 3293 2708 3929
f 3534 3496 3540
f 2785 3538 3642
f 3540 3588 3495
f 3536 3589 3296
f 3590 3387 3591
f 3587 3709 3539
f 3497 3645 3713
f 3713 3593 3498
f 3452 3592 3544
f 3497 3453 3645
f 3713 3498 3497
f 3768 3541 3455
f 3712 3831 3542
f 3593 3594 3597
f 3542 3831 3456
f 3714 3453 3501
f 3455 3545 3768
f 3546 3596 3501
f 3599 3598 3774
f 3774 3652 3599
f 3597 3651 3395
f 3600 3547 3595
f 3598 3600 3595
f 3598 3599 3600
f 3601 3395 3651
f 3545 3460 3654
f 3549 3505 3656
f 3550 3600 3599
f 3653 3551 3599
f 3607 3551 3719
f 3551 3653 3719
f 3654 3460 3555
f 3505 3718 3656
f 3606 3718 3505
f 3600 3604 3547
f 3604 3606 3547
f 3550 3604 3600
f 3459 3661 3548
f 3508 3661 3459
f 3349 3605 3398
f 3349 3603 3605
f 3549 3605 3603
f 3726 3606 3604
f 3726 3604 3557
f 3461 3730 3553
f 3730 3461 3608
f 3557 3610 3726
f 3663 3658 3559
f 3403 3560 3734
f 3403 3734 3664
f 3463 3510 3614
f 3463 3614 3561
f 4021 3668 3561
f 3740 3668 4021
f 3611 3610 3557
f 3615 3610 3611
f 3611 3556 3615
f 3560 3462 3739
f 3791 3743 3613
f 3617 3614 3510
f 3556 3666 3615
f 3558 3666 3556
f 3616 3663 3559
f 3559 3618 3616
f 3467 3512 4026
f 3617 3510 3407
f 3621 3563 3673
f 3745 3618 3623
f 3469 3961 3471
f 3365 3798 3672
f 3516 3564 3800
f 3797 3676 3565
f 3745 3623 3973
f 3424 3274 3626
f 3626 3569 3424
f 3626 3274 3749
f 3521 3630 3568
f 2952 4109 3199
f 3625 3860 3202
f 3573 3569 3681
f 3860 4040 3202
f 3686 3573 3681
f 3568 3630 3578
f 3428 3688 4115
f 3428 4115 4116
f 3629 3482 3632
f 3217 4121 3811
f 3632 3482 3812
f 3529 3696 3526
f 3578 3630 3579
f 3218 4050 3436
f 3531 3988 3580
f 3989 4125 2002
f 3439 3580 3637
f 3487 3637 3639
f 3639 3581 3487
f 3532 3816 3337
f 3641 3337 3816
f 3339 4556 3489
f 3490 3701 3533
f 3003 3927 4131
f 3582 3928 3442
f 3584 3445 3872
f 3445 3495 3872
f 3872 3495 3823
f 3587 3494 3703
f 3588 3823 3495
f 3535 3704 3496
f 3535 3764 3704
f 3585 3537 3705
f 3538 3707 3642
f 3538 3586 3708
f 3586 3539 3644
f 3540 3766 3588
f 3496 3766 3540
f 3585 3710 3536
f 3705 3710 3585
f 3537 3590 3643
f 3387 3706 3591
f 3387 3642 3706
f 3593 3713 3937
f 3714 3645 3453
f 3831 3716 3456
f 3500 3646 3648
f 3501 3596 3714
f 3456 3716 3602
f 3647 3499 3548
f 3648 3649 3595
f 3595 3649 3650
f 3598 3595 3650
f 3653 3599 3652
f 3546 3552 3596
f 3657 3602 3655
f 3718 3606 3722
f 3549 3786 3605
f 3656 3786 3549
f 3606 3726 3722
f 3719 3558 3607
f 3553 3730 3845
f 3553 3845 3724
f 3554 3553 3724
f 3554 3724 3789
f 3554 3789 3509
f 3789 3952 3509
f 3601 3651 3887
f 3609 3601 3887
f 3398 3605 3662
f 3728 3723 3658
f 3659 3608 3559
f 3608 3659 3729
f 3608 3729 3730
f 3660 3720 3552
f 3508 3662 3661
f 3398 3662 3508
f 3728 3663 3733
f 3658 3663 3728
f 3659 3559 3658
f 3660 3612 3664
f 3609 3887 3613
f 3561 3614 4021
f 3614 3617 3665
f 3740 3744 3668
f 3616 3741 3663
f 3617 3667 3665
f 3616 3745 3669
f 3616 3618 3745
f 3563 3668 3744
f 3514 3513 4237
f 3514 4237 3797
f 3674 3621 3673
f 3518 3675 4096
f 3518 4096 3800
f 3799 3519 3472
f 3407 3262 3276
f 3623 3747 3973
f 3747 3623 3624
f 3624 3570 3747
f 3678 3197 3803
f 3804 3569 3626
f 3858 3569 3804
f 3570 3984 3748
f 3569 3858 3681
f 3805 3630 3521
f 3321 3914 3982
f 4109 3628 3752
f 3805 3695 3630
f 3325 4282 3683
f 3682 3684 3681
f 3684 3686 3681
f 3682 3628 3684
f 4112 3377 4541
f 3687 3686 3684
f 3628 3687 3684
f 3628 3629 3687
f 3574 4286 3809
f 3573 3686 3689
f 3629 3753 3687
f 3287 3480 3688
f 3753 3629 3632
f 3690 4177 3633
f 3527 3864 3754
f 3634 4045 4546
f 4546 3691 3634
f 3633 4177 3693
f 2312 3808 3577
f 3695 3756 3630
f 3579 3630 3756
f 3756 3699 3579
f 4292 4416 3220
f 2700 3334 4055
f 3637 3867 3639
f 3336 3640 4126
f 3815 3816 3532
f 3489 4556 3701
f 3442 3928 3870
f 3927 3005 4559
f 3223 3584 3492
f 2708 3493 3929
f 3992 3822 3295
f 3761 3762 3494
f 3762 3703 3494
f 3766 3496 3704
f 3705 3537 3643
f 3642 3707 3706
f 3538 3708 3707
f 3711 3708 3586
f 3709 3587 3703
f 3536 3710 3589
f 3590 3591 3643
f 3644 3711 3586
f 3539 3709 3644
f 3541 3768 3876
f 3541 3876 3712
f 3592 3767 3544
f 3767 3933 3544
f 3543 3767 3592
f 3593 3937 3594
f 3500 3544 3769
f 3500 3769 3646
f 3768 3545 3771
f 3499 3647 3543
f 3594 3878 3597
f 3649 3648 3715
f 3597 3878 3651
f 3598 3650 3773
f 3545 3654 3771
f 3602 3716 3655
f 3653 3652 3717
f 3719 3653 3717
f 3552 3720 3596
f 3661 3778 3548
f 3786 3656 3721
f 3656 3718 3721
f 3788 3719 3837
f 3719 3788 3558
f 3723 3659 3658
f 3725 3657 3655
f 3726 3727 3779
f 3788 3783 3728
f 3783 3723 3728
f 3731 3720 3660
f 3562 3657 3725
f 3610 3727 3726
f 3558 3788 3738
f 3733 3732 3788
f 3728 3733 3788
f 3735 3664 3734
f 3731 3660 3664
f 3613 3887 3791
f 3667 3736 3665
f 3736 3614 3665
f 3615 3737 3610
f 3610 3737 3727
f 3733 3741 3732
f 3560 3739 3793
f 3734 3560 3793
f 3666 3737 3615
f 3666 3558 3738
f 3663 3741 3733
f 3742 3741 3616
f 3669 3742 3616
f 3619 3794 3739
f 3409 3743 3515
f 4032 3620 3971
f 3516 3909 3670
f 3563 3744 3673
f 3798 3855 3969
f 3619 3672 3794
f 3252 3965 3419
f 3516 3800 3909
f 3673 3966 3674
f 3621 3746 3677
f 3621 3674 3746
f 3961 3802 3471
f 3675 3366 4095
f 3419 3859 3521
f 3747 3570 3748
f 3856 3980 3567
f 3521 3859 3805
f 3680 4105 3803
f 3680 3679 4105
f 3199 4109 3750
f 3751 3682 3681
f 3805 3810 3695
f 3325 4169 4282
f 3283 4172 4114
f 3427 3283 4114
f 3628 3682 3752
f 3751 3687 3682
f 3751 3686 3687
f 3526 3696 3813
f 3813 3696 3758
f 3636 3758 3696
f 3636 3698 3758
f 3119 4050 3218
f 3698 3814 3922
f 3220 4416 3989
f 4125 5458 3638
f 3638 5458 3488
f 3815 3581 3925
f 4296 4556 3339
f 3819 3702 3582
f 3702 3760 3582
f 3582 3760 3928
f 3005 3929 4559
f 3763 4191 3703
f 3704 3824 3930
f 3764 3824 3704
f 3707 3827 3706
f 3708 3874 3707
f 3709 3703 4191
f 3589 3875 3764
f 3764 3875 3824
f 3589 3710 3873
f 3765 3710 3705
f 3705 3826 3765
f 3643 3826 3705
f 3643 3830 3826
f 3643 3591 3830
f 3544 3933 3769
f 3768 3940 3876
f 3831 3712 3994
f 3770 3646 3769
f 3646 3770 3648
f 3768 3771 3940
f 3772 3716 3831
f 3648 3770 3715
f 3770 3938 3715
f 3596 3833 3714
f 3715 3650 3649
f 3598 3773 3774
f 3772 3655 3716
f 3652 3774 3775
f 3548 4011 3647
f 3777 3652 3775
f 3781 3652 3777
f 3652 3781 3717
f 3771 3654 3776
f 4011 3548 3778
f 3717 3781 3841
f 3717 3841 3782
f 3717 3782 3719
f 3782 3837 3719
f 3718 3836 3721
f 3722 3838 3718
f 3722 3779 3884
f 3779 3727 3780
f 3723 3783 3784
f 3723 3784 3785
f 3785 3659 3723
f 3730 3893 3889
f 3730 3889 3845
f 3605 3786 3891
f 3722 3726 3779
f 3841 3781 3787
f 3842 3783 3788
f 3659 3785 3729
f 3730 3729 3893
f 3891 3662 3605
f 3727 3781 3780
f 3787 3781 3727
f 3738 3788 3732
f 3731 3664 3735
f 3791 3887 3896
f 3853 3614 3736
f 3614 3853 4020
f 3614 4020 4021
f 3737 3787 3727
f 3787 3737 3848
f 3848 3666 3738
f 3849 3738 3732
f 3793 3790 3734
f 3735 3734 3790
f 3848 3737 3666
f 3732 3741 3792
f 3742 3792 3741
f 3512 3908 3902
f 3411 3908 3512
f 3512 3902 4026
f 3736 3667 3617
f 3736 3617 3853
f 3739 3794 3793
f 3795 3793 3794
f 3411 3670 3908
f 3467 4026 4085
f 3617 3407 3853
f 3513 3671 4237
f 4028 3517 3515
f 3744 3854 3796
f 3673 3744 3796
f 3798 3970 3672
f 3673 3796 3966
f 3855 3801 3910
f 3677 4102 3625
f 3913 3801 3567
f 3980 3913 3567
f 3566 4396 3679
f 3679 4396 4105
f 3806 3626 3749
f 3806 3749 3430
f 3681 4043 3751
f 3858 4043 3681
f 3687 3752 3682
f 3572 3983 4118
f 3751 3689 3686
f 4043 3689 3751
f 3753 3752 3687
f 3861 3752 3753
f 4174 3575 4119
f 3753 3632 3861
f 3692 3631 4542
f 3692 4542 3863
f 3576 3692 3863
f 3635 4410 3919
f 3635 3919 3432
f 4119 3575 3432
f 3528 3484 4548
f 4121 4413 3811
f 3695 3810 3756
f 3756 3865 3699
f 3865 4053 3699
f 3699 4053 3924
f 3814 3384 4054
f 3639 3925 3581
f 3639 3867 3925
f 3385 4184 3640
f 3533 4558 3820
f 3760 3869 3928
f 3492 3584 4058
f 3992 3821 3822
f 3822 3762 3761
f 3822 3871 3762
f 3871 3763 3762
f 3762 3763 3703
f 3931 3766 3930
f 3704 3930 3766
f 3873 3710 3825
f 4134 3706 3827
f 3707 3874 3827
f 3708 3828 3874
f 3708 3829 3828
f 3711 3829 3708
f 3766 3931 3588
f 3875 3589 3873
f 3765 3825 3710
f 3706 4134 3591
f 3644 3932 3711
f 3709 3932 3644
f 3709 4191 3932
f 3712 3876 3994
f 3934 3767 3543
f 3770 3769 3877
f 3714 3833 3645
f 3594 3937 3878
f 3831 3994 3880
f 3831 3880 3772
f 3543 3647 3939
f 3880 3941 3772
f 3715 3938 3999
f 3715 3832 3650
f 3773 3650 3832
f 3834 3651 3878
f 3776 3940 3771
f 3772 3941 3882
f 3772 3882 3655
f 3774 3773 3775
f 3596 3720 3833
f 3655 3882 3725
f 3836 3718 3838
f 3884 3779 3835
f 3775 3835 3777
f 3841 3885 3782
f 3885 3837 3782
f 3834 3887 3651
f 3722 3884 3838
f 3780 3835 3779
f 3777 3835 3780
f 3780 3847 3777
f 3839 3777 3847
f 3777 3839 3781
f 3840 3781 3839
f 3781 3840 3780
f 3840 3839 3841
f 3842 3788 3837
f 3837 3888 3842
f 3783 3842 3843
f 3842 3888 3843
f 3784 3783 3843
f 3784 3843 3844
f 3844 3785 3784
f 3720 3846 3833
f 3555 3776 3654
f 3776 3555 3946
f 3721 3891 3786
f 3780 3840 3847
f 3897 3847 3840
f 3787 3840 3841
f 3892 3785 3844
f 3729 3785 3892
f 3893 3729 3892
f 3724 3845 3894
f 3469 3952 3960
f 3731 3846 3720
f 3846 3731 3948
f 3555 3562 3946
f 3787 3897 3840
f 3948 3731 3735
f 3848 3738 3849
f 3790 3904 3735
f 3740 3906 3744
f 3732 3850 3849
f 3792 3850 3732
f 3793 3795 3790
f 3904 3790 3907
f 3792 3851 3850
f 3742 3852 3792
f 3792 3852 3851
f 3469 3960 3961
f 3906 3854 3744
f 3669 3852 3742
f 3669 3745 3903
f 3852 3669 3903
f 3790 3795 3907
f 3907 3795 4031
f 3671 3964 4237
f 3903 3745 3973
f 4237 4238 3797
f 3794 3672 4030
f 3795 3794 4030
f 4031 3795 4030
f 3909 3800 3911
f 3853 3407 3276
f 3671 3622 3964
f 3797 4238 3676
f 3674 3975 3746
f 3519 4785 3566
f 3746 4102 3677
f 3973 3747 3976
f 3976 3747 3748
f 3802 3968 3856
f 3566 4785 4396
f 4166 3858 3804
f 3748 3984 3857
f 3805 3859 3810
f 5187 3857 3984
f 3426 4530 4399
f 4109 3752 3861
f 3859 3862 3810
f 3523 3983 3572
f 3427 4114 3113
f 4114 4042 3113
f 3113 4042 3481
f 3524 4287 3430
f 3430 4287 4175
f 3524 3689 4287
f 4176 2997 3755
f 3986 3526 3921
f 3862 3865 3810
f 3810 3865 3756
f 3526 3813 3921
f 3757 4048 3119
f 3813 3758 3866
f 3758 3698 3866
f 3866 3698 3922
f 3922 3814 4054
f 3867 3637 3580
f 4054 3384 3990
f 3925 3816 3815
f 4184 3818 4128
f 3700 3926 3819
f 3818 4056 4128
f 3819 3926 3702
f 3491 4131 4130
f 3868 3702 3926
f 3868 3760 3702
f 3822 3821 3871
f 5095 3872 3823
f 3711 4301 3829
f 3711 3932 4301
f 3930 4059 3931
f 3591 4194 3830
f 3995 3769 3933
f 3713 3645 3936
f 3713 3936 3937
f 3769 3995 3877
f 3770 3877 3935
f 3939 3934 3543
f 3770 3935 3938
f 3645 3833 3936
f 3939 3647 4011
f 3773 3832 3881
f 3878 4307 3834
f 3999 3836 3715
f 3715 3942 3832
f 3775 3773 3881
f 3715 3836 3942
f 3881 3942 3884
f 3835 3881 3884
f 3775 3881 3835
f 3847 3944 3943
f 3943 3839 3847
f 3839 3885 3841
f 3837 3885 3886
f 3883 3890 3725
f 3883 3725 3882
f 3836 4013 3721
f 3888 3837 3886
f 3843 3888 3947
f 3843 3947 4014
f 3843 4014 3844
f 3889 3894 3845
f 4011 3778 4075
f 3844 4014 3951
f 3844 3951 3892
f 3724 3894 3895
f 3789 3724 3895
f 3948 3896 3887
f 3890 3946 3562
f 3725 3890 3562
f 3661 4075 3778
f 3661 3662 4075
f 4075 3662 4015
f 4015 3662 3891
f 3721 4013 3891
f 3950 3847 3897
f 3892 3953 3893
f 3953 3899 3893
f 3853 3955 4020
f 3897 3787 3848
f 3899 3953 3898
f 3904 3948 3735
f 3904 3896 3948
f 3849 3900 3848
f 3849 3956 3900
f 3850 3956 3849
f 3850 3957 3956
f 3851 3852 3901
f 3898 3967 3899
f 3851 3957 3850
f 3903 3898 3852
f 4157 3902 3908
f 4026 3902 4157
f 3907 3905 3904
f 3743 4028 3515
f 3963 3908 3670
f 3909 3963 3670
f 3854 3906 3796
f 3855 3910 3969
f 3798 3969 3970
f 3672 3970 4159
f 3672 4159 4030
f 3974 3674 3966
f 3964 3622 3972
f 3675 4095 4096
f 4096 3911 3800
f 3974 3975 3674
f 3676 3972 3622
f 3802 3961 3968
f 4095 3366 3912
f 3746 3975 4102
f 3801 3913 3910
f 3366 3678 3912
f 3804 3626 4166
f 3276 3683 4527
f 4109 3861 3915
f 3859 3916 3862
f 3916 3917 3862
f 3576 3918 3118
f 3809 4286 3864
f 3811 4551 3812
f 3862 3917 3865
f 3917 3923 3865
f 4049 3921 3813
f 3813 3866 4049
f 3865 3923 4053
f 3988 3531 3924
f 4126 3640 4127
f 3816 3925 4417
f 3816 4417 3641
f 3700 3817 3926
f 3817 3700 3759
f 3701 4419 3533
f 4419 4558 3533
f 3384 3492 4186
f 4056 3491 4130
f 4129 3868 3926
f 3991 3760 3868
f 3760 3991 3869
f 3823 4724 5097
f 3824 4563 3930
f 3765 4798 3825
f 3765 3826 4798
f 4194 3591 4134
f 3827 3874 4190
f 3874 3828 4135
f 3823 3588 3931
f 3876 3940 4139
f 3877 3995 3935
f 3878 3937 3879
f 3878 3879 3997
f 3833 3996 3936
f 3939 4011 4140
f 3996 3833 4196
f 3940 3776 4141
f 3881 3832 3942
f 4004 3836 3999
f 4065 3943 3944
f 3890 3883 4010
f 3838 3942 3836
f 3884 3942 3838
f 4005 3839 3943
f 3885 3839 3945
f 3839 4005 3945
f 3885 3945 3886
f 3833 3846 4196
f 4142 3776 3946
f 3836 4004 4013
f 3944 3847 3950
f 3886 3947 3888
f 4200 3846 3948
f 3834 4200 3948
f 3834 3948 3887
f 4014 3947 4017
f 3889 3893 3954
f 4019 3895 3894
f 3895 4024 3789
f 4024 3952 3789
f 3891 4013 3949
f 3951 4014 4018
f 3951 3953 3892
f 3954 3893 3899
f 3894 3889 3954
f 4025 3952 4024
f 4020 4325 4021
f 3958 3740 4021
f 4017 3956 4018
f 3956 3957 4018
f 3901 4018 3957
f 3951 4018 3901
f 3953 3951 3901
f 3953 3901 3898
f 3904 3959 3896
f 3896 3959 3791
f 3740 3958 3906
f 3848 4078 3897
f 3848 3900 4078
f 3900 3956 4016
f 3901 3957 3851
f 3898 3901 3852
f 3967 3954 3899
f 3958 4081 3906
f 3898 3903 3967
f 3959 3904 3905
f 3743 3791 4028
f 3908 3963 3962
f 4237 3964 4236
f 3903 3973 3967
f 3961 4025 4027
f 3911 3963 3909
f 3906 4081 3796
f 4081 3966 3796
f 3961 4027 3968
f 4092 3907 4031
f 3905 3907 4092
f 3799 4085 3519
f 3973 4087 3967
f 3973 3976 4087
f 3913 4035 3910
f 3976 3748 4037
f 4034 3976 4037
f 3978 4034 4037
f 3977 4034 3978
f 3979 3977 3978
f 4036 3913 3980
f 3276 4527 4160
f 3859 4101 3916
f 3626 3806 4106
f 3626 4106 4166
f 4101 3981 3916
f 3522 3203 5184
f 3625 4529 3860
f 4399 3807 3426
f 4108 4043 3858
f 3916 3981 3917
f 3523 3571 4041
f 3983 3523 4041
f 3322 2997 4168
f 3203 3284 5184
f 3981 3987 3917
f 4042 4044 3481
f 3985 3689 4043
f 3284 3378 4120
f 3526 3986 4120
f 3378 3526 4120
f 3432 3919 4547
f 3481 4044 3484
f 3811 4413 4551
f 4553 4176 3755
f 3917 3987 3923
f 3987 4051 3923
f 3866 3922 4182
f 4050 4052 3436
f 4051 4053 3923
f 3436 4052 4292
f 3922 4054 4182
f 4053 4183 3924
f 3988 3924 4183
f 3867 4719 3925
f 4127 3640 4184
f 3925 4795 4417
f 3384 4186 4418
f 3991 4057 3869
f 4558 3992 3820
f 4057 3928 3869
f 3584 3872 5095
f 3823 3931 4724
f 3824 3875 4189
f 4800 4798 3826
f 3874 4135 4190
f 3767 4137 3933
f 4139 4060 3876
f 4060 3994 3876
f 4137 3767 3934
f 3936 4062 3937
f 4062 3879 3937
f 4303 3994 4060
f 4303 3880 3994
f 3996 4062 3936
f 3940 4141 4139
f 4307 3878 3997
f 3941 3998 3882
f 4000 4001 4002
f 4065 4005 3943
f 3776 4142 4141
f 4006 3883 3998
f 3998 3883 3882
f 4003 4002 4001
f 4065 3944 4003
f 3944 4002 4003
f 3883 4006 4010
f 4006 4066 4010
f 4000 4002 4007
f 3945 4008 4009
f 3886 3945 4009
f 4009 3947 3886
f 3846 4200 4196
f 3946 3890 4073
f 4066 4012 4010
f 4013 4004 3949
f 4007 4002 3950
f 3944 3950 4002
f 4074 3890 4010
f 4012 4074 4010
f 3949 4072 3891
f 4009 4016 4017
f 3947 4009 4017
f 4072 4015 3891
f 3950 4022 4076
f 4014 4017 4018
f 3954 4019 3894
f 4019 4023 3895
f 4025 3960 3952
f 3897 4022 3950
f 4017 4016 3956
f 4083 4019 3954
f 4079 3895 4023
f 4024 3895 4079
f 4024 4080 4025
f 3897 4078 4022
f 3954 3967 4082
f 4019 4083 4088
f 3960 4025 3961
f 3908 4218 4157
f 3908 3962 4218
f 4084 4027 4080
f 4025 4080 4027
f 3959 3905 4029
f 3791 3959 4028
f 4082 3967 4087
f 3910 4035 3969
f 3970 3969 4097
f 3969 4035 4097
f 4030 4159 4240
f 4031 4030 4240
f 3517 4028 4029
f 3517 4029 4093
f 3517 4093 3971
f 3965 4089 3419
f 3853 3276 4033
f 4034 4087 3976
f 4086 4087 4034
f 3977 4090 4086
f 4086 4034 3977
f 4084 4099 4027
f 4036 4035 3913
f 4097 4035 4036
f 3859 4098 4101
f 4037 3748 4255
f 4090 3977 3979
f 4027 4099 4104
f 3968 4027 4104
f 3968 4104 3856
f 4038 4036 3980
f 4255 3748 3857
f 4108 3858 4166
f 4101 4039 3981
f 4107 3522 5180
f 4176 4168 2997
f 3981 4046 3987
f 3279 3807 4407
f 3986 3921 4047
f 4046 4123 3987
f 3921 4049 4047
f 4124 4049 3866
f 4124 3866 4182
f 3987 4123 4051
f 4414 3988 4183
f 4416 4294 3989
f 3989 4294 4125
f 3384 4418 3990
f 3817 3759 3641
f 4130 4131 4720
f 4186 3492 4058
f 3868 4132 3991
f 4297 4131 3927
f 3870 4057 4423
f 4057 3870 3928
f 3821 3992 4298
f 3583 3294 5094
f 3583 5094 4424
f 3871 3821 3763
f 3821 4188 3763
f 5095 3823 5097
f 3827 4190 4134
f 3828 4426 4799
f 3829 4426 3828
f 3763 4188 4191
f 3824 4189 4563
f 3875 4193 4189
f 3875 3873 4193
f 3826 3830 4800
f 3932 4191 4302
f 3934 4195 4137
f 3933 4137 3995
f 4566 3880 4303
f 3939 4195 3934
f 4566 3941 3880
f 4195 3939 4140
f 4061 4063 3995
f 3935 3995 4063
f 3935 4063 3938
f 4727 4062 3996
f 4063 4064 3999
f 4063 3999 3938
f 4063 4003 4064
f 4064 4003 4001
f 3999 4064 4004
f 4005 4065 4067
f 4140 4011 4147
f 3834 4307 4068
f 4066 4006 4144
f 4066 4144 4069
f 4004 4072 3949
f 4004 4070 4072
f 4064 4070 4004
f 4001 4070 4064
f 4001 4000 4007
f 4070 4001 4007
f 4005 4067 4071
f 3945 4005 4071
f 4008 3945 4071
f 3834 4068 4200
f 4012 4066 4069
f 4146 4012 4069
f 4011 4075 4147
f 4153 4070 4007
f 4153 4007 3950
f 4009 4008 4154
f 3946 4073 4142
f 4074 4073 3890
f 4074 4012 4150
f 4146 4150 4012
f 4075 4015 4152
f 4072 4152 4015
f 4076 4153 3950
f 4009 4154 4016
f 4021 4325 4077
f 4077 3958 4021
f 4326 3958 4077
f 4022 4149 4076
f 4088 4023 4019
f 4079 4080 4024
f 3958 4326 4081
f 4078 4149 4022
f 4078 3900 4156
f 4154 3900 4016
f 4083 3954 4082
f 4079 4023 4091
f 4026 4157 4219
f 4023 4088 4091
f 4080 4079 4084
f 4026 4219 4085
f 4083 4082 4087
f 4086 4083 4087
f 4088 4083 4086
f 4084 4079 4091
f 3959 4029 4028
f 4032 4089 3965
f 4086 4090 4088
f 4091 4088 4090
f 4031 4240 4092
f 4029 3905 4092
f 4032 3971 4094
f 4268 4091 4090
f 3419 4098 3859
f 4489 3911 4096
f 3975 3974 4245
f 4099 4084 4162
f 3519 5849 4785
f 4033 3276 4160
f 4097 4036 4100
f 4245 4102 3975
f 3978 4103 4164
f 3979 3978 4164
f 4090 3979 4164
f 3980 3856 4165
f 4100 4036 4038
f 4102 4529 3625
f 3322 4168 4280
f 3425 4110 4281
f 4113 3807 4399
f 4108 4660 4043
f 3430 4175 3806
f 3981 4039 4046
f 3571 4117 4041
f 4398 3690 3627
f 4039 4111 4046
f 3807 4113 4407
f 3689 3985 4287
f 3861 3632 4288
f 4111 4178 4046
f 3754 3864 4544
f 3484 4044 4540
f 3484 4540 4548
f 3812 4551 4122
f 4122 3632 3812
f 3693 4552 4553
f 4869 3433 5493
f 3433 3697 5493
f 4178 4123 4046
f 4181 4123 4178
f 4048 5291 3119
f 4791 3697 2700
f 4123 4181 4183
f 4183 4051 4123
f 4183 4053 4051
f 2700 4055 4791
f 3580 3988 5090
f 3641 4417 3817
f 4185 4184 4128
f 4128 4056 4130
f 4129 4132 3868
f 4132 4187 3991
f 4057 3991 4187
f 3294 3443 4560
f 4135 3828 4799
f 4059 3930 3993
f 3873 4136 4193
f 3873 3825 4136
f 3829 4301 4300
f 4301 4302 4300
f 3932 4302 4301
f 4059 4192 3931
f 4726 4137 4195
f 3995 4137 4061
f 4063 4061 4428
f 4063 4138 4003
f 4428 4138 4063
f 3941 4566 3998
f 4003 4138 4197
f 4065 4003 4197
f 3996 4196 4727
f 4142 4139 4141
f 4067 4065 4197
f 4006 3998 4143
f 3998 4198 4143
f 4067 4197 4145
f 4307 4310 4068
f 4144 4006 4143
f 4069 4144 4199
f 4145 4071 4067
f 4147 4075 4152
f 4070 4148 4072
f 4153 4148 4070
f 4145 4149 4071
f 4150 4146 4151
f 4071 4149 4155
f 4008 4071 4155
f 4156 4008 4155
f 4154 4008 4156
f 4074 4321 4073
f 4074 4150 4321
f 4149 4203 4076
f 4020 3955 4325
f 4155 4149 4078
f 4078 4156 4155
f 4154 4156 3900
f 4157 4218 4594
f 3955 3853 4033
f 4326 4227 4081
f 3963 3911 4369
f 4158 3970 4097
f 4029 4092 4093
f 3971 4093 4094
f 4032 4094 4243
f 4089 4032 4243
f 3966 4161 3974
f 4084 4091 4162
f 4091 4268 4162
f 4097 4100 4158
f 4098 4163 4101
f 4037 4255 4103
f 3978 4037 4103
f 4090 4164 4268
f 4099 4162 4269
f 4099 4269 4104
f 3856 4104 4165
f 3980 4165 4038
f 4101 4163 4039
f 4039 4167 4111
f 4039 4163 4167
f 4178 4111 4167
f 4179 4178 4167
f 3683 4282 4527
f 4040 3860 4169
f 4041 4173 4534
f 4041 4534 3983
f 3982 4285 3631
f 4115 3688 4283
f 4170 4116 4115
f 4170 3574 4116
f 4041 4117 4173
f 3983 4405 4118
f 4112 4541 4402
f 3915 3861 4288
f 3984 4869 5187
f 5184 3284 5190
f 4117 3691 4173
f 4118 4405 4410
f 4406 3985 4043
f 3284 4120 5190
f 5190 4120 4289
f 4120 3986 4289
f 4547 4119 3432
f 3693 4177 4552
f 4714 3986 4047
f 4181 4178 4179
f 4180 4181 4179
f 4049 4554 4047
f 4049 4124 4554
f 3119 5291 4050
f 4554 4124 4291
f 4182 4291 4124
f 4181 4180 4183
f 4180 4793 4183
f 4054 4293 4182
f 4415 3988 4414
f 4054 3990 4293
f 4293 3990 4295
f 3990 4418 4295
f 3867 3580 4719
f 3925 4719 4795
f 3926 4421 4129
f 3926 3817 4421
f 4422 4132 4129
f 4057 4187 4721
f 4890 4298 3992
f 4133 4424 4561
f 3584 5095 4058
f 3821 4299 4188
f 3930 4563 3993
f 4194 4134 4725
f 4190 4564 4134
f 3829 4300 4426
f 3931 4192 4724
f 5504 4194 4725
f 4565 4566 4303
f 4062 5385 3879
f 4060 4139 4304
f 4304 4139 4305
f 4197 4138 4309
f 4139 4142 4305
f 4143 4198 4312
f 4319 4140 4147
f 4197 4309 4145
f 4143 4312 4313
f 4144 4143 4313
f 4144 4313 4199
f 4145 4309 4203
f 4309 4311 4203
f 4310 4201 4068
f 4147 4152 4319
f 4202 4206 4152
f 4072 4202 4152
f 4148 4202 4072
f 4148 4153 4311
f 4203 4149 4145
f 4073 4318 4317
f 4151 4146 4439
f 4152 4206 4319
f 4205 4209 4204
f 4207 4209 4205
f 4205 4208 4207
f 4208 4323 4207
f 4318 4073 4321
f 4151 4438 4150
f 4150 4438 4321
f 4439 4438 4151
f 4311 4153 4076
f 4203 4311 4076
f 4330 4210 4228
f 4210 4220 4228
f 4213 4452 4223
f 4452 4214 4223
f 4232 4223 4454
f 4454 4335 4232
f 4335 4215 4232
f 4233 4336 4216
f 4215 4336 4233
f 4217 4337 4234
f 4234 4337 4225
f 4337 4338 4225
f 4157 4594 4219
f 4351 4227 4326
f 4327 4330 4228
f 4212 4230 4211
f 4221 4230 4212
f 4328 4221 4212
f 4213 4222 4328
f 4222 4221 4328
f 4231 4222 4213
f 4223 4231 4213
f 4231 4223 4232
f 4215 4233 4232
f 4217 4224 4216
f 4217 4234 4224
f 4234 4339 4235
f 4225 4339 4234
f 4220 4229 4228
f 4211 4229 4220
f 4359 4229 4211
f 4230 4359 4211
f 4361 4221 4222
f 4231 4361 4222
f 4364 4233 4216
f 4224 4364 4216
f 4352 4367 4235
f 3962 4226 4218
f 3963 4369 3962
f 4227 4161 4081
f 4243 4239 4089
f 4081 4161 3966
f 4158 4372 3970
f 4159 3970 4372
f 4240 4159 4373
f 4092 4240 4374
f 4093 4092 4241
f 4093 4241 4094
f 4241 4242 4094
f 4094 4242 4243
f 4239 3419 4089
f 4375 4239 4226
f 3911 4489 4369
f 3676 4376 3972
f 4376 3676 4238
f 4372 4158 4100
f 3419 4239 4098
f 4239 4375 4098
f 4257 4489 4095
f 4489 4096 4095
f 4501 4245 3974
f 4382 4241 4256
f 4242 4241 4382
f 4226 4257 4375
f 4095 3912 4257
f 4248 4384 4262
f 4262 4384 4249
f 4249 4250 4251
f 4251 4250 4252
f 4250 4253 4252
f 4387 4244 4377
f 4382 4256 4390
f 4375 4163 4098
f 4375 4270 4163
f 4257 4270 4375
f 3912 3678 4257
f 4102 4245 4258
f 4383 4258 4245
f 4259 4258 4383
f 4246 4259 4383
f 4260 4259 4246
f 4247 4260 4246
f 4261 4260 4247
f 4248 4261 4247
f 4262 4261 4248
f 4263 4262 4249
f 4251 4263 4249
f 4264 4252 4253
f 4265 4264 4253
f 4254 4265 4253
f 4254 4255 4265
f 4255 4254 4266
f 4103 4255 4266
f 4103 4266 4267
f 4164 4103 4267
f 4165 4104 4269
f 4165 4269 4386
f 4165 4386 4508
f 4165 4508 4038
f 4387 4377 4391
f 4278 4163 4270
f 4270 4257 3678
f 4270 3678 3803
f 4259 4271 4258
f 4272 4271 4259
f 4260 4272 4259
f 4273 4272 4260
f 4261 4273 4260
f 4515 4273 4261
f 4262 4515 4261
f 4274 4515 4262
f 4275 4274 4262
f 4263 4275 4262
f 4276 4275 4263
f 4251 4276 4263
f 4276 4251 4393
f 4252 4166 4251
f 4166 4393 4251
f 4108 4166 4252
f 4394 4108 4252
f 4264 4394 4252
f 4518 4394 4264
f 4277 4518 4264
f 4265 4277 4264
f 4395 4277 4265
f 4255 3857 4395
f 4255 4395 4265
f 4163 4278 4167
f 4106 3806 4393
f 3806 4397 4393
f 4166 4106 4393
f 4278 4279 4167
f 4398 3627 3750
f 4397 3806 4175
f 3425 4281 3685
f 4167 4279 4179
f 4170 4115 4283
f 4171 4284 4172
f 4660 4406 4043
f 4171 4174 4284
f 4536 4286 3574
f 4173 3691 4408
f 4174 4119 4284
f 3688 3480 4404
f 4284 4119 4539
f 4539 4119 4547
f 3528 4548 4411
f 4412 4413 4121
f 4288 3632 4122
f 4279 4290 4179
f 5493 3697 4791
f 3757 3694 4048
f 4179 4290 4180
f 4793 4414 4183
f 4182 4293 4291
f 4293 4295 4291
f 4127 4184 4185
f 3817 4417 5091
f 3701 4556 4419
f 4185 4128 4720
f 4128 4130 4720
f 5092 4132 4422
f 4132 5092 4187
f 4131 4297 4720
f 3927 4559 4297
f 4559 3929 4722
f 4133 4561 5556
f 4425 3821 4298
f 4058 5095 4891
f 4425 4299 3821
f 4188 4299 4427
f 4192 4059 3993
f 4798 4136 3825
f 4191 4427 4302
f 4427 4191 4188
f 3830 5381 4800
f 4137 4726 5100
f 5100 4061 4137
f 4801 4061 5100
f 4061 4801 4428
f 3997 3879 4897
f 4306 4138 4428
f 4897 4307 3997
f 4566 4308 3998
f 4195 4140 5206
f 4306 4309 4138
f 4727 4196 4570
f 3998 4308 4198
f 4311 4309 4430
f 4570 4196 4200
f 4315 4570 4200
f 4312 4198 4318
f 4199 4313 4314
f 4069 4199 4314
f 4430 4148 4311
f 4068 4315 4200
f 4068 4572 4315
f 4572 4068 4201
f 4320 4201 4310
f 4320 4310 4434
f 4313 4312 4435
f 4435 4312 4318
f 4069 4314 4146
f 4314 4439 4146
f 4148 4430 4202
f 4320 4440 4201
f 4204 4320 4434
f 4316 4204 4434
f 4205 4204 4316
f 4205 4316 4208
f 4073 4437 4142
f 4073 4317 4437
f 4198 4317 4318
f 4321 4435 4318
f 4438 4435 4321
f 4206 4576 4319
f 4206 4322 4576
f 4322 4206 4202
f 4209 4440 4320
f 4204 4209 4320
f 4207 4323 4448
f 4324 4323 4208
f 3955 4450 4325
f 4326 4580 4327
f 4333 4578 4328
f 4218 4323 4324
f 4327 4351 4326
f 4330 4327 4580
f 4220 4210 4581
f 4211 4220 4581
f 4211 4581 4331
f 4211 4331 4332
f 4212 4211 4332
f 4212 4332 4333
f 4328 4212 4333
f 4213 4328 4334
f 4213 4334 4452
f 4214 4454 4223
f 4215 4335 4336
f 4216 4336 4217
f 4337 4217 4329
f 4225 4443 4339
f 4338 4443 4225
f 4443 4444 4339
f 4444 4340 4339
f 4339 4340 4341
f 4340 4457 4341
f 4341 4457 4343
f 4457 4342 4343
f 4342 4344 4343
f 4343 4344 4345
f 4344 4346 4345
f 4345 4346 4348
f 4346 4347 4348
f 4348 4347 4357
f 4448 4323 4465
f 4218 4465 4323
f 4218 4324 4594
f 3955 4033 4450
f 4358 4351 4327
f 4358 4327 4228
f 4352 4235 4339
f 4341 4352 4339
f 4353 4352 4341
f 4343 4353 4341
f 4354 4353 4343
f 4345 4354 4343
f 4355 4354 4345
f 4348 4355 4345
f 4356 4355 4348
f 4446 4462 4357
f 4218 4226 4465
f 4467 4358 4228
f 4228 4229 4467
f 4221 4359 4230
f 4221 4360 4359
f 4221 4361 4360
f 4231 4599 4361
f 4231 4362 4599
f 4232 4363 4231
f 4231 4363 4362
f 4233 4363 4232
f 4233 4364 4363
f 4224 4365 4364
f 4234 4365 4224
f 4234 4366 4365
f 4235 4366 4234
f 4235 4367 4366
f 4353 4367 4352
f 4368 4367 4353
f 4354 4368 4353
f 4355 4368 4354
f 4612 4356 4348
f 4357 4612 4348
f 4226 3962 4482
f 3962 4369 4482
f 4085 5849 3519
f 4237 4236 4370
f 4370 4238 4237
f 4371 4465 4243
f 4243 4465 4239
f 4465 4226 4239
f 4159 4372 4373
f 4240 4373 4486
f 4486 4374 4240
f 4374 4241 4092
f 4487 4243 4242
f 4243 4487 4371
f 4482 4488 4226
f 4377 4372 4100
f 4378 4372 4377
f 4378 4244 4491
f 4244 4379 4491
f 4491 4379 4486
f 4374 4486 4379
f 4380 4374 4379
f 4241 4374 4381
f 4381 4374 4380
f 4488 4257 4226
f 4257 4488 4489
f 3974 4161 4501
f 4244 4378 4377
f 4244 4380 4379
f 4241 4381 4256
f 4494 4242 4382
f 4494 4487 4242
f 4247 4246 4503
f 4247 4503 4504
f 4248 4247 4504
f 4387 4380 4244
f 4511 4380 4387
f 4388 4380 4511
f 4381 4380 4388
f 4256 4381 4512
f 4381 4388 4512
f 4256 4389 4390
f 4266 4254 4507
f 4267 4266 4507
f 4268 4164 4640
f 4164 4267 4640
f 4268 4640 4513
f 4162 4268 4513
f 4269 4162 4513
f 4269 4513 4386
f 4100 4038 4391
f 4377 4100 4391
f 4511 4387 4391
f 4389 4256 4512
f 4494 4382 4390
f 4102 4392 4529
f 4102 4258 4392
f 4273 4644 4272
f 4274 4655 4515
f 4275 4516 4274
f 4275 4645 4516
f 4276 4645 4275
f 4277 4525 4518
f 4277 4519 4525
f 3803 4521 4270
f 3803 4105 4521
f 4526 4395 3857
f 4278 4665 4279
f 4109 3915 3750
f 4170 4283 4533
f 4281 5046 3685
f 4665 4403 4279
f 4527 4282 4528
f 4282 4169 4532
f 4532 4169 3860
f 3983 4534 4400
f 4400 4405 3983
f 4172 4284 4401
f 4114 4172 4401
f 3685 5046 3808
f 4283 3688 4404
f 4170 4536 3574
f 4534 4173 4408
f 4114 4401 4042
f 4403 4290 4279
f 3986 4713 4289
f 3631 4285 4542
f 3576 3863 4543
f 3918 3576 4543
f 3864 4286 4536
f 4408 3691 4546
f 4407 4409 3920
f 4121 3920 4412
f 4713 3986 4714
f 4290 4717 4180
f 4047 4554 4716
f 4180 4717 4793
f 5090 3988 4415
f 4185 4720 4420
f 4129 4421 4422
f 4057 4721 4423
f 3870 4423 3443
f 4058 4891 4186
f 4562 4799 4426
f 5298 4562 4426
f 4303 4060 4304
f 4303 4304 4565
f 5101 4726 4195
f 4428 4801 4429
f 4306 4428 4429
f 5206 4140 4319
f 5206 4319 4571
f 4306 4429 4430
f 4306 4430 4309
f 4305 4142 4574
f 4308 4431 4198
f 4430 4429 4569
f 4317 4198 4431
f 4432 4202 4569
f 4430 4569 4202
f 4434 4310 4433
f 4574 4142 4437
f 4314 4313 4435
f 4439 4314 4435
f 4432 4322 4202
f 4441 4208 4316
f 4439 4435 4438
f 4440 4209 4586
f 4586 4209 4447
f 4209 4207 4447
f 4208 4441 4747
f 4747 4324 4208
f 4449 4325 4450
f 4326 4077 4580
f 4210 4742 4750
f 4583 4752 4333
f 4578 4333 4752
f 4578 4334 4328
f 4217 4590 4329
f 4337 4329 4455
f 4442 4443 4338
f 4460 4440 4586
f 4207 4587 4447
f 4207 4448 4587
f 4210 4330 4749
f 4581 4210 4750
f 4332 4331 4582
f 4332 4582 4451
f 4333 4332 4451
f 4333 4451 4583
f 4336 4854 4590
f 4217 4336 4590
f 4337 4455 4338
f 4457 4340 4456
f 4346 4344 4458
f 4347 4459 4357
f 4459 4445 4357
f 4446 4357 4445
f 4349 4446 4460
f 4350 4349 4460
f 4460 4586 4350
f 4586 4461 4350
f 4448 4465 4593
f 4450 4596 4449
f 4596 4450 4033
f 4227 4351 4595
f 4358 4595 4351
f 4357 4479 4612
f 4357 4462 4479
f 4462 4446 4349
f 4349 4350 4463
f 4461 4464 4350
f 4593 4464 4461
f 4593 4465 4464
f 4358 4466 4595
f 4467 4466 4358
f 4229 4468 4467
f 4229 4469 4468
f 4359 4469 4229
f 4359 4470 4469
f 4360 4470 4359
f 4360 4471 4470
f 4361 4471 4360
f 4361 4615 4471
f 4599 4615 4361
f 4472 4599 4362
f 4363 4473 4362
f 4362 4473 4472
f 4363 4474 4473
f 4364 4474 4363
f 4364 4475 4474
f 4365 4475 4364
f 4365 4605 4475
f 4366 4605 4365
f 4366 4476 4605
f 4367 4476 4366
f 4367 4477 4476
f 4368 4477 4367
f 4368 4478 4477
f 4368 4607 4478
f 4355 4607 4368
f 4355 4609 4607
f 4355 4611 4609
f 4356 4611 4355
f 4356 4612 4611
f 4480 4462 4349
f 4463 4480 4349
f 4481 4480 4463
f 4350 4481 4463
f 4464 4481 4350
f 4371 4481 4464
f 4465 4371 4464
f 4480 4483 4462
f 4481 4499 4480
f 4370 4236 4484
f 4236 3964 4484
f 4370 4376 4238
f 4485 4621 4372
f 4373 4372 4621
f 4486 4373 4621
f 4483 4486 4479
f 4480 4493 4483
f 4499 4493 4480
f 4371 4499 4481
f 4369 4489 4482
f 4489 4488 4482
f 3972 4484 3964
f 4484 3972 4376
f 4372 4490 4485
f 4490 4509 4485
f 4372 4378 4490
f 4491 4486 4492
f 4483 4497 4486
f 4497 4492 4486
f 4493 4497 4483
f 4499 4498 4493
f 4491 4496 4378
f 4496 4490 4378
f 4492 4496 4491
f 4497 4496 4492
f 4498 4497 4493
f 4371 4500 4499
f 4487 4500 4371
f 4383 4245 4628
f 4245 4501 4628
f 4383 4628 4502
f 4246 4383 4502
f 4246 4502 4503
f 4384 4248 4504
f 4249 4384 4505
f 4250 4249 4505
f 4253 4250 4506
f 4254 4253 4506
f 4254 4506 4385
f 4254 4385 4507
f 4640 4641 4513
f 4386 4784 4495
f 4508 4386 4495
f 4495 4509 4508
f 4496 4510 4490
f 4510 4509 4490
f 4511 4510 4496
f 4497 4511 4496
f 4388 4511 4497
f 4498 4388 4497
f 4512 4388 4498
f 4389 4512 4498
f 4499 4389 4498
f 4500 4389 4499
f 4390 4389 4500
f 4487 4390 4500
f 4386 4513 4784
f 4391 4038 4508
f 4509 4391 4508
f 4510 4391 4509
f 4511 4391 4510
f 4487 4494 4390
f 4278 4270 4521
f 4258 4648 4392
f 4648 4258 4271
f 4271 4272 4649
f 4522 4271 4649
f 4273 4514 4644
f 4273 4515 4514
f 4655 4523 4515
f 4655 4274 4516
f 4276 4524 4645
f 4393 4524 4276
f 4394 4661 4108
f 4661 4394 4517
f 4518 4517 4394
f 4277 4395 4519
f 4395 4526 4679
f 4278 4520 4665
f 4105 4396 4521
f 4642 4160 4527
f 4523 4514 4515
f 4524 4393 4397
f 4661 4660 4108
f 4519 4678 4525
f 3522 5179 5180
f 4532 4529 4528
f 4656 4530 4673
f 4168 4531 4280
f 3857 5187 4526
f 3522 5184 5179
f 3860 4529 4532
f 4668 4533 4283
f 4530 4112 4673
f 4113 4399 4674
f 4113 4674 4685
f 4168 4176 4531
f 4532 4528 4282
f 4283 4404 4668
f 4533 4699 4170
f 4669 4699 4533
f 4284 4692 4535
f 4401 4284 4535
f 4401 4535 4693
f 4402 4673 4112
f 4397 4175 4687
f 4170 4699 4536
f 4703 4537 4670
f 4700 4534 4408
f 4401 4693 4042
f 4693 4704 4042
f 3915 4288 4122
f 4398 4177 3690
f 4042 4704 4044
f 4113 4685 4407
f 4685 4409 4407
f 4687 4175 4287
f 4538 4687 4287
f 4703 4545 4537
f 4704 4540 4044
f 3985 4538 4287
f 3863 4542 4543
f 3754 4544 4545
f 3754 4545 4045
f 4411 4548 4549
f 4549 4541 4411
f 4412 3920 4409
f 4413 4412 4550
f 4551 4413 4550
f 3808 5578 3577
f 4403 4717 4290
f 4714 4047 4716
f 4717 5087 4793
f 4554 4291 4555
f 4126 4127 4718
f 4295 4418 4794
f 4718 4127 4185
f 3817 4889 4421
f 4422 4421 4889
f 4187 5092 4557
f 4187 4557 4721
f 4722 3929 3493
f 3493 4133 5556
f 4424 5094 4561
f 4425 4723 4299
f 5649 4193 4136
f 4134 4564 4725
f 4190 5463 4564
f 4135 5463 4190
f 5298 4426 4300
f 4192 5750 4724
f 4194 5382 3830
f 5382 4194 5504
f 5101 4195 5206
f 4898 4308 4566
f 4898 4728 4308
f 4307 4568 4310
f 4305 4574 4567
f 4308 4728 4431
f 4568 4733 4572
f 4319 4576 4571
f 4572 4573 4568
f 4573 4310 4568
f 4310 4573 4433
f 4575 4317 4431
f 4572 4201 4573
f 4434 4433 4436
f 4316 4434 4436
f 4316 4436 4735
f 4316 4735 4441
f 4317 4575 4437
f 4440 4577 4201
f 4577 4573 4201
f 4579 4077 4325
f 4449 4748 4325
f 4077 4579 4580
f 4749 4742 4210
f 4750 4751 4581
f 4743 4451 4582
f 4819 4583 4451
f 4334 4578 4584
f 4578 4744 4584
f 4329 4590 4455
f 4442 4338 4585
f 4443 4442 4757
f 4443 4757 4926
f 4769 4444 4443
f 4445 4459 4839
f 4592 4446 4445
f 4440 4460 4577
f 4460 4592 4577
f 4586 4447 4587
f 4324 4747 4772
f 4773 4748 4449
f 4580 4749 4330
f 4331 4581 4588
f 4331 4588 4582
f 4214 4452 4453
f 4214 4453 4589
f 4214 4589 4754
f 4454 4214 4754
f 4335 4454 4767
f 4336 4335 4768
f 4336 4768 4854
f 4854 4843 4590
f 4338 4455 4585
f 4456 4340 4444
f 4457 4456 4770
f 4457 4770 4758
f 4342 4457 4758
f 4342 4758 4591
f 4344 4342 4591
f 4344 4591 4760
f 4344 4760 4458
f 4346 4862 4347
f 4771 4459 4347
f 4460 4446 4592
f 4587 4461 4586
f 4593 4461 4587
f 4448 4593 4587
f 4324 4772 4594
f 4594 5416 4219
f 4449 4596 4773
f 4219 5849 4085
f 4466 4467 4774
f 4467 4468 4775
f 4597 4775 4468
f 4468 4469 4597
f 4597 4469 4598
f 4469 4470 4598
f 4598 4470 4614
f 4470 4471 4614
f 4614 4471 4615
f 4599 4472 4600
f 4472 4473 4601
f 4600 4472 4601
f 4473 4474 4601
f 4601 4474 4617
f 4617 4474 4602
f 4474 4475 4602
f 4602 4475 4603
f 4604 4603 4475
f 4604 4475 4605
f 4605 4476 4620
f 4477 4620 4476
f 4782 4606 4477
f 4478 4782 4477
f 4478 4778 4782
f 4478 4627 4778
f 4607 4627 4478
f 4627 4607 4608
f 4607 4609 4608
f 4609 4611 4610
f 4161 4227 4595
f 4775 4774 4467
f 4598 4613 4597
f 4615 4370 4614
f 4600 4624 4599
f 4601 4624 4600
f 4616 4624 4601
f 4617 4616 4601
f 4602 4618 4617
f 4603 4619 4602
f 4608 4631 4627
f 4610 4608 4609
f 4611 4621 4610
f 4612 4621 4611
f 4486 4621 4612
f 4479 4486 4612
f 4462 4483 4479
f 4033 4160 4596
f 4596 4160 4779
f 4598 4623 4613
f 4370 4484 4776
f 4370 4776 4614
f 4376 4370 4615
f 4599 4624 4615
f 4616 4634 4624
f 4617 4625 4616
f 4618 4625 4617
f 4610 4631 4608
f 4485 4631 4610
f 4621 4485 4610
f 4628 4780 4629
f 4613 4622 4597
f 4484 4630 4776
f 4776 4630 4633
f 4484 4376 4630
f 4615 4630 4376
f 4624 4630 4615
f 4625 4634 4616
f 4495 4784 4627
f 4631 4495 4627
f 4485 4509 4631
f 4637 4628 4629
f 4623 4622 4613
f 4624 4633 4630
f 4634 4633 4624
f 4635 4634 4625
f 4618 4635 4625
f 4781 4626 4603
f 4628 4637 4502
f 4502 4637 4632
f 4503 4502 4632
f 4622 4503 4632
f 4623 4503 4622
f 4623 4504 4503
f 4623 4633 4504
f 4384 4504 4633
f 4634 4384 4633
f 4505 4384 4634
f 4635 4505 4634
f 4636 4505 4635
f 4250 4505 4636
f 4626 4250 4636
f 4626 4781 4250
f 4250 4781 4506
f 4385 4506 4638
f 4507 4385 4639
f 4639 4640 4507
f 4641 4784 4513
f 4631 4509 4495
f 4642 4779 4160
f 4267 4507 4640
f 4271 4522 4648
f 4272 4644 4649
f 4657 4645 4658
f 4517 4518 4663
f 4518 4525 4663
f 4519 4395 4664
f 4395 4679 4664
f 4278 4646 4520
f 4278 4521 4646
f 4648 4647 4392
f 4650 4649 4644
f 4514 4650 4644
f 4650 4514 4651
f 4651 4514 4652
f 4514 4523 4652
f 4652 4523 4653
f 4523 4655 4653
f 4653 4655 4654
f 4655 4516 4672
f 4516 4656 4672
f 4645 4656 4516
f 4657 4656 4645
f 4645 4659 4658
f 4659 4645 4524
f 4524 4397 4659
f 4661 4517 4662
f 4663 4662 4517
f 4663 4525 4678
f 4678 4519 4531
f 4531 4519 4664
f 4642 4681 4643
f 4666 4647 4648
f 4522 4667 4648
f 4667 4666 4648
f 4649 4667 4522
f 4698 4667 4649
f 4650 4668 4649
f 4668 4698 4649
f 4533 4668 4650
f 4669 4533 4650
f 4651 4669 4650
f 4670 4669 4651
f 4653 4534 4652
f 4671 4683 4653
f 4654 4671 4653
f 4655 4684 4654
f 4672 4684 4655
f 4656 4673 4672
f 4399 4530 4656
f 4657 4399 4656
f 4674 4399 4657
f 4675 4674 4657
f 4658 4675 4657
f 4676 4675 4658
f 4659 4676 4658
f 4397 4676 4659
f 4677 4660 4661
f 4662 4677 4661
f 3750 3915 4662
f 4663 3750 4662
f 4398 3750 4663
f 4398 4663 4695
f 4678 4695 4663
f 4280 4531 4664
f 4110 4280 4664
f 4679 4281 4664
f 4679 4787 4281
f 4110 4664 4281
f 4526 5187 4787
f 4526 4787 4679
f 4665 4696 4403
f 3914 4680 3982
f 4642 4527 4681
f 4392 4647 4529
f 4647 4682 4529
f 4690 4666 4667
f 4698 4690 4667
f 4703 4670 4651
f 4652 4700 4651
f 4700 4703 4651
f 4534 4700 4652
f 4400 4534 4653
f 4683 4400 4653
f 4535 4671 4654
f 4684 4535 4654
f 4694 4684 4672
f 4402 4694 4672
f 4673 4402 4672
f 4686 4685 4674
f 4675 4686 4674
f 4676 4686 4675
f 4687 4686 4676
f 4676 4397 4687
f 4688 4695 4678
f 4531 4688 4678
f 4531 4176 4688
f 4281 4787 5046
f 4527 4689 4681
f 4528 4689 4527
f 4529 4689 4528
f 4668 4404 4698
f 4691 4699 4669
f 4670 4691 4669
f 4537 4691 4670
f 4405 4400 4683
f 4671 4692 4683
f 4535 4692 4671
f 4693 4535 4684
f 4693 4684 4694
f 4677 4711 4660
f 4680 4697 3982
f 4682 4689 4529
f 4666 4682 4647
f 4690 4682 4666
f 4698 4707 4690
f 4707 4706 4690
f 4683 4710 4405
f 4694 4704 4693
f 4402 4541 4549
f 4687 4705 4686
f 4406 4660 4711
f 4662 4701 4677
f 4701 4711 4677
f 3915 4122 4662
f 4122 4701 4662
f 4695 4712 4177
f 4398 4695 4177
f 4688 4702 4695
f 4688 4176 4702
f 3982 4697 4285
f 4689 4697 4681
f 4709 4703 4700
f 4408 4709 4700
f 4710 4410 4405
f 4692 4710 4683
f 4402 4549 4694
f 4549 4704 4694
f 4686 4705 4685
f 4705 4409 4685
f 4696 4715 4403
f 4706 4697 4689
f 4682 4706 4689
f 4690 4706 4682
f 4404 3480 4707
f 4698 4404 4707
f 4699 4708 4536
f 4691 4708 4699
f 4537 4545 4691
f 4545 4703 4709
f 4692 4539 4710
f 4692 4284 4539
f 4687 4538 4705
f 4538 3985 4711
f 3985 4406 4711
f 4702 4712 4695
f 4289 4713 5447
f 4706 4542 4697
f 4543 4542 4706
f 4707 4543 4706
f 3918 4543 4707
f 3480 3918 4707
f 3864 4536 4708
f 4544 3864 4708
f 4691 4544 4708
f 4545 4544 4691
f 4709 4045 4545
f 4546 4045 4709
f 4408 4546 4709
f 4710 3919 4410
f 4539 3919 4710
f 4547 3919 4539
f 4548 4540 4704
f 4549 4548 4704
f 4412 4409 4705
f 4550 4412 4705
f 4538 4550 4705
f 4711 4550 4538
f 4701 4550 4711
f 4551 4550 4701
f 4122 4551 4701
f 4177 4712 4552
f 4553 4552 4712
f 4702 4553 4712
f 4176 4553 4702
f 4403 4715 4717
f 4792 4554 4555
f 4052 5088 4292
f 4291 4295 4555
f 4055 4126 4718
f 3817 5091 4889
f 4889 5092 4422
f 5092 5093 4557
f 5200 4720 4297
f 4558 4890 3992
f 3443 4423 5598
f 3294 4560 5094
f 4298 4892 4425
f 4425 4892 4723
f 3993 4563 5378
f 4299 4723 4427
f 4136 5098 5649
f 5101 4894 4726
f 4304 4895 5099
f 4304 5099 4565
f 3879 5385 5384
f 4305 4895 4304
f 4898 4566 4565
f 4062 4727 5385
f 4895 4305 4567
f 4429 4801 4804
f 4429 4804 4569
f 4727 4570 4802
f 5206 4571 4729
f 4567 4574 4806
f 4804 4432 4569
f 4804 4731 4432
f 4902 4568 4730
f 4902 4733 4568
f 4806 4574 4737
f 4738 4431 4728
f 4732 4738 4728
f 4571 4822 4729
f 4822 4571 4576
f 4739 4753 4432
f 4731 4739 4432
f 4572 4733 4315
f 4902 4573 4733
f 4573 4734 4433
f 4902 4734 4573
f 4433 4734 4436
f 4436 4734 4809
f 4735 4436 4809
f 4809 4736 4735
f 4810 4806 4816
f 4806 4742 4816
f 4737 4742 4806
f 4574 4437 4737
f 4817 4738 4732
f 4322 4822 4576
f 4322 4753 4822
f 4432 4753 4322
f 4811 4740 4731
f 4736 4441 4735
f 4738 4575 4431
f 5212 4819 4743
f 4731 4740 4739
f 4825 4733 4577
f 4733 4573 4577
f 4741 4441 4736
f 4819 4910 4583
f 4752 4842 4578
f 4842 4744 4578
f 4740 4745 4739
f 4913 4828 4758
f 4828 4759 4758
f 4741 4747 4441
f 4325 4748 4840
f 4325 4840 4579
f 4749 4816 4742
f 4742 4826 4750
f 4762 4581 4751
f 4582 4763 4743
f 4819 4451 4743
f 4583 4910 4752
f 4453 4833 4589
f 4753 4589 4833
f 4589 4753 4754
f 4745 4740 4755
f 4766 4755 4740
f 4756 4757 4585
f 4926 4769 4443
f 4758 4770 4913
f 4758 4759 4591
f 4759 4760 4591
f 4746 4458 4760
f 4746 4856 4458
f 4459 4771 4838
f 4592 4445 4761
f 4577 4592 4761
f 4588 4581 4762
f 4588 4762 4763
f 4582 4588 4763
f 4584 4764 4334
f 4334 4764 4765
f 4452 4334 4765
f 4452 4765 4453
f 4454 4754 4755
f 4766 4454 4755
f 4767 4454 4766
f 4768 4335 4767
f 4844 4455 4590
f 4585 4455 4844
f 4756 4585 4844
f 4757 4442 4585
f 4444 4769 4456
f 4346 4458 4856
f 4862 4346 4856
f 4347 4862 4771
f 4839 4459 4838
f 4594 4772 5416
f 4595 4466 4780
f 4620 4477 4606
f 4774 4780 4466
f 4598 4614 4776
f 4619 4618 4602
f 4626 4619 4603
f 4604 4605 4777
f 4605 4620 4777
f 4596 4779 4773
f 4779 4783 4773
f 4629 4780 4774
f 4597 4622 4775
f 4776 4633 4598
f 4619 4636 4618
f 4781 4604 4777
f 4620 4781 4777
f 4778 4640 4782
f 4627 4784 4778
f 4780 4628 4595
f 4637 4629 4774
f 4775 4632 4774
f 4622 4632 4775
f 4633 4623 4598
f 4626 4636 4619
f 4604 4781 4603
f 4606 4638 4620
f 4782 4639 4606
f 4641 4640 4778
f 4784 4641 4778
f 4161 4595 4501
f 4595 4628 4501
f 4632 4637 4774
f 4636 4635 4618
f 4620 4638 4781
f 4782 4640 4639
f 4638 4506 4781
f 4385 4638 4606
f 4639 4385 4606
f 4779 4642 4643
f 4779 4643 4783
f 4785 4867 4396
f 4867 4521 4396
f 4521 4788 4646
f 4789 4788 4521
f 4867 4789 4521
f 4107 5180 4786
f 3914 4786 4680
f 3914 4107 4786
f 4643 4681 4680
f 4681 4697 4680
f 5190 4289 5447
f 4285 4697 4542
f 4713 4714 4790
f 4716 4554 4792
f 5087 4414 4793
f 4292 5088 4416
f 4416 5498 4294
f 3580 5090 4719
f 4417 4719 5091
f 4417 4795 4719
f 4794 4418 4186
f 4556 5897 4419
f 5093 5092 5460
f 4557 5093 4796
f 4557 4796 4721
f 4721 5201 4423
f 4890 4892 4298
f 4891 5095 5502
f 4563 5503 5378
f 4798 4797 4136
f 4563 4189 5204
f 4189 4193 5204
f 3830 5382 5381
f 5100 4726 4894
f 5384 4897 3879
f 5465 4898 4565
f 4727 4802 5385
f 4897 4803 4307
f 4307 4803 4568
f 4567 4806 5106
f 4728 4898 4805
f 4810 5106 4806
f 4728 4805 4732
f 4570 4315 4808
f 4818 4732 4805
f 5111 4901 4820
f 4821 4820 4901
f 4729 4821 4901
f 4731 4807 4811
f 5113 5112 4824
f 4808 4824 5112
f 4315 4829 4808
f 4830 4829 4315
f 4734 4902 4812
f 4809 4734 4812
f 4813 4809 4812
f 4736 4809 4813
f 4736 4813 4814
f 4907 4736 4814
f 4810 4816 4815
f 4817 4732 4818
f 5110 5111 4744
f 5111 4820 4744
f 4822 4821 4729
f 4825 4830 4315
f 4733 4825 4315
f 4741 4736 4907
f 4742 4737 4826
f 4826 4737 4908
f 4437 4908 4737
f 4575 4908 4437
f 4575 4827 4908
f 4820 4584 4744
f 4821 4831 4820
f 4822 4832 4821
f 4833 4832 4822
f 4822 4753 4833
f 4828 4835 4759
f 4808 4829 4824
f 4747 4741 4907
f 4738 4827 4575
f 4738 4909 4827
f 4817 4909 4738
f 4819 4905 4910
f 4744 4842 5110
f 4820 4764 4584
f 4831 4764 4820
f 4919 4764 4831
f 4832 4831 4821
f 4753 4739 4922
f 4922 4739 4745
f 4811 4834 4740
f 4834 4811 4823
f 4759 4835 4760
f 4835 4836 4760
f 4836 4746 4760
f 4836 4837 4746
f 5118 5113 4838
f 4824 4838 5113
f 4829 4839 4824
f 4839 4838 4824
f 4927 4839 4829
f 4830 4927 4829
f 4825 4761 4914
f 4825 4577 4761
f 4579 4840 4916
f 4580 4579 4930
f 4579 4916 4930
f 4749 4580 4930
f 4749 4930 4841
f 4749 4841 4816
f 4826 4847 4750
f 4743 4934 5212
f 4752 4910 4849
f 4752 4935 4842
f 4849 4935 4752
f 4453 4920 4833
f 4754 4753 4922
f 4766 4740 4923
f 4923 4740 4834
f 4757 4756 4926
f 4913 4770 4845
f 4960 4746 4837
f 5118 4838 4771
f 4839 4927 4445
f 4445 4927 4761
f 4848 4750 4847
f 4750 4848 4751
f 4762 4751 4933
f 4952 4762 4944
f 4762 4952 4763
f 4952 4934 4763
f 4743 4763 4934
f 4764 4919 4850
f 4764 4850 4765
f 4851 4765 4850
f 4453 4765 4851
f 4453 4851 4852
f 4920 4453 4852
f 4754 4922 4945
f 4945 4923 4755
f 4945 4755 4754
f 4923 4945 4853
f 4923 4853 4766
f 4766 4853 4936
f 4937 4766 4936
f 4937 4767 4766
f 4767 4937 4858
f 4768 4767 4858
f 4768 4858 4854
f 4844 4590 4843
f 4456 4769 4845
f 4770 4456 4845
f 4856 4746 4960
f 4862 4857 4771
f 4771 4857 5118
f 4748 4773 4978
f 4968 4853 4945
f 4955 4968 4945
f 4858 4937 4861
f 4861 4937 4860
f 4859 4858 4861
f 4978 4773 4783
f 4863 4783 4643
f 4643 4680 4863
f 4868 4865 4866
f 4866 4865 5016
f 4665 4520 4696
f 5021 4646 5047
f 4786 5180 5181
f 4680 4786 4863
f 5174 5039 4787
f 5174 4787 5187
f 4696 4520 5028
f 4646 4788 5047
f 4787 5039 5046
f 4887 4696 5028
f 5070 5064 5042
f 5005 5068 4876
f 4788 4870 5047
f 4788 4789 4870
f 5029 4786 4878
f 4879 5030 5029
f 4871 5030 4879
f 5045 4885 4877
f 5046 5578 3808
f 5029 4878 4879
f 4881 5032 5049
f 4873 5064 5070
f 5035 4875 5043
f 4882 5043 4875
f 4883 5044 5055
f 5067 5044 4883
f 4715 4696 4887
f 4871 4879 4880
f 4872 4871 4880
f 5052 4874 4873
f 5035 5072 4875
f 4881 5049 5075
f 5077 4873 5070
f 5067 4883 5080
f 4716 4790 4714
f 4888 4716 4792
f 4717 4715 4887
f 4050 5893 4052
f 4717 4887 5087
f 4792 4555 5549
f 4052 5893 5088
f 4414 5087 5373
f 5088 5498 4416
f 4414 5373 4415
f 4555 4295 5089
f 5458 4296 3488
f 4889 5091 5376
f 5093 5296 4796
f 4796 5201 4721
f 4892 4893 4723
f 4893 5096 4723
f 4136 4797 5098
f 4800 5203 4798
f 5203 4800 5381
f 4135 4799 5463
f 5463 4799 5689
f 4300 5299 5298
f 4427 4723 5096
f 4724 6083 5097
f 6083 4724 5750
f 4193 5649 5204
f 5096 4302 4427
f 4192 5380 5750
f 4565 5099 5465
f 5300 4898 5465
f 4896 4804 4801
f 4570 4900 4802
f 5107 5206 4729
f 4804 4896 4899
f 4731 4804 4899
f 4570 4808 4900
f 4568 4803 4730
f 4729 4901 5107
f 4731 4899 4807
f 4808 5112 4900
f 4812 4902 4906
f 4902 4730 4906
f 4906 4903 4812
f 4903 4813 4812
f 4904 4814 4813
f 5209 4810 4815
f 4905 4819 5212
f 4811 4807 4823
f 4807 5314 4823
f 4928 4813 4903
f 4904 4813 4928
f 4827 5306 4908
f 4827 4909 5306
f 4825 4914 4830
f 5120 4730 5108
f 4949 4730 5120
f 4949 4906 4730
f 4904 4928 4846
f 4814 4904 4915
f 4915 4904 4846
f 4908 5305 4826
f 5114 4817 4818
f 4831 4832 5221
f 4911 4922 4912
f 4927 4830 5219
f 4903 5115 4928
f 4816 4841 4815
f 4815 4841 4917
f 4847 5310 4917
f 4826 5310 4847
f 4909 4817 5211
f 4910 5328 4849
f 4918 5110 4842
f 4935 4918 4842
f 4831 5221 4919
f 4920 4911 4833
f 4921 4911 4920
f 4922 4911 4921
f 4922 4745 4912
f 4745 4923 4912
f 4745 4755 4923
f 4843 4924 4844
f 4844 4925 4756
f 4924 4925 4844
f 4756 4925 4926
f 4845 4948 4913
f 4927 5219 5131
f 4761 4927 5124
f 4761 5124 5119
f 5119 4914 4761
f 5126 4928 5115
f 4846 4928 5126
f 4929 4915 4846
f 5121 5116 4915
f 4940 4747 4907
f 4840 4748 4962
f 4916 4840 4962
f 4841 4930 4931
f 4942 4841 4931
f 4917 4841 4932
f 4932 4841 4942
f 4943 4917 4932
f 4917 4943 4847
f 4933 4944 4762
f 4921 4920 4852
f 4922 4921 4945
f 4956 4854 4858
f 4924 4843 4855
f 4925 4924 4982
f 4946 4925 4982
f 4938 4925 4946
f 4926 4925 4938
f 4769 4926 4938
f 4769 4947 4845
f 4938 4947 4769
f 4947 4948 4845
f 5151 4960 4837
f 4939 5124 4927
f 5121 4915 4929
f 4747 4940 4772
f 4219 5416 5222
f 5222 5849 4219
f 4978 4962 4748
f 4930 4916 4941
f 4950 4931 4930
f 4943 4848 4847
f 4848 4933 4751
f 4848 4987 4933
f 4952 4953 4934
f 4953 5136 4934
f 4935 4849 4967
f 4954 4935 4967
f 4918 4935 4954
f 4853 4968 4936
f 4858 4859 4956
f 4956 4957 4854
f 5139 4854 4957
f 4843 4854 5139
f 4855 4843 5139
f 4855 4970 4924
f 4947 4938 4971
f 4959 4947 4971
f 4960 4862 4856
f 4939 4927 5131
f 4941 4916 4962
f 4950 4930 4941
f 4942 4931 4951
f 4963 4942 4951
f 4963 4943 4932
f 4848 4943 4963
f 4944 4933 4964
f 4952 4944 4964
f 4919 5138 4850
f 4851 4850 4981
f 4852 4851 4992
f 4992 4955 4852
f 4921 4852 4955
f 4945 4921 4955
f 4957 5149 4958
f 4957 4958 5139
f 4982 4924 4970
f 4946 4982 4996
f 4938 4946 4971
f 4948 4947 4959
f 4959 5004 4948
f 4862 4960 4972
f 5156 4857 4862
f 4949 5120 5152
f 4941 4985 4950
f 4987 4848 4963
f 4952 4964 4965
f 4953 4952 4965
f 4967 5159 4966
f 4954 4967 4989
f 4980 4954 4989
f 4850 5138 4991
f 4981 4850 4991
f 4992 4851 4981
f 4955 4992 4993
f 4958 5149 4969
f 4971 4946 4996
f 4997 4959 4971
f 4998 4862 4972
f 5156 4862 4998
f 4783 4863 4978
f 4941 4962 4961
f 4963 4951 4986
f 4987 4963 4986
f 4964 4933 5001
f 4965 4964 5001
f 5002 4953 4965
f 4966 5159 4979
f 4967 4966 4989
f 4980 4991 5138
f 4968 4955 4993
f 4974 4968 4993
f 4974 4975 5244
f 4861 5244 4975
f 4861 4860 5244
f 4861 4975 5155
f 4859 4861 5155
f 5247 4859 5155
f 5149 5148 4969
f 5004 4959 4997
f 5151 4972 4960
f 4988 4979 5159
f 4966 4979 5014
f 4969 5148 4976
f 4995 5005 4970
f 4982 4970 5005
f 5175 4972 5151
f 4998 4972 5175
f 4977 5160 4983
f 4978 4863 5011
f 4962 4978 5011
f 4951 4973 4985
f 4986 4951 4985
f 4933 4987 5000
f 5001 4933 5000
f 4989 4966 5014
f 4980 4989 4990
f 4991 4980 4990
f 4992 4981 4868
f 4994 4975 5003
f 5003 4975 4974
f 4961 4962 5011
f 5030 4961 5011
f 5012 4941 4961
f 4985 4941 5012
f 4986 4985 5022
f 5000 4986 5022
f 4987 4986 5000
f 5002 4965 5001
f 4981 4991 5015
f 4993 4992 4866
f 4982 5005 5006
f 4996 4982 5006
f 4971 4996 5024
f 5175 5176 4998
f 4985 5012 5022
f 4988 5002 5013
f 4979 4988 5013
f 5014 4979 5013
f 4990 4989 5014
f 4991 4990 5015
f 4981 5015 4868
f 4866 4992 4868
f 5016 4993 4866
f 4974 4993 5016
f 5003 4974 5016
f 5148 5003 5017
f 4976 5148 5017
f 4995 4976 5005
f 4997 4971 5039
f 5007 5256 5172
f 4983 5007 5172
f 5008 4983 5172
f 5008 4977 4983
f 5164 5009 5239
f 5027 5010 4864
f 4864 5010 5167
f 5027 5019 5010
f 5020 5260 5019
f 5012 4961 5030
f 5001 5000 5042
f 5002 5001 5013
f 5014 5013 5033
f 5015 4990 5014
f 5005 4976 5017
f 5024 4996 5045
f 5039 4971 5024
f 5009 5164 5025
f 5026 5009 5025
f 5009 5026 5018
f 4864 5167 5018
f 4646 5021 4520
f 4520 5021 5168
f 5031 5012 5030
f 5022 5012 5031
f 5051 5001 5050
f 5013 5001 5051
f 5033 5013 5051
f 5015 5014 5034
f 5043 5015 5035
f 4868 5015 5043
f 4865 5023 5016
f 5017 5003 5057
f 5036 4996 5006
f 5045 4996 5036
f 5174 4997 5039
f 5174 5004 4997
f 5164 5259 5025
f 5168 5028 4520
f 5040 4789 4867
f 4786 5011 4863
f 4786 5029 5011
f 5030 5011 5029
f 5182 5031 5030
f 5022 5031 5041
f 5000 5022 5032
f 5042 5000 5032
f 5050 5001 5042
f 5014 5033 5034
f 5035 5015 5034
f 4865 4868 5043
f 5056 5016 5023
f 5003 5016 5056
f 5037 5045 5036
f 5038 5039 5024
f 5062 4786 5181
f 5186 5182 5030
f 5049 5022 5041
f 5032 5022 5049
f 5050 5042 5064
f 5033 5051 4874
f 5054 4865 5043
f 5023 4865 5054
f 5056 5023 5044
f 5003 5056 5057
f 5006 5005 4876
f 5036 5006 5269
f 5061 5045 5037
f 5028 5085 4887
f 5040 4870 4789
f 4872 5031 5182
f 5048 4872 5182
f 5031 4872 5041
f 5042 5032 5284
f 5285 5042 5284
f 5053 5033 5052
f 5484 5033 5053
f 5189 5033 5484
f 5034 5033 5189
f 5035 5034 5072
f 5054 5043 4882
f 5055 5023 5054
f 5055 5044 5023
f 5358 5058 5057
f 5017 5057 5059
f 5059 5057 5058
f 5068 5005 5017
f 4876 5060 5006
f 5060 5269 5006
f 5060 5444 5269
f 4885 5045 5061
f 4877 5024 5045
f 4877 5038 5024
f 4786 5062 4878
f 5281 5030 4871
f 5032 4881 5283
f 5284 5032 5283
f 5285 5063 5042
f 5070 5042 5063
f 5051 5050 5065
f 5065 5050 5064
f 4874 5051 5065
f 5033 4874 5052
f 5066 5034 5189
f 5072 5034 5066
f 5360 5054 4882
f 5067 5056 5044
f 5057 5056 5082
f 5358 5057 5082
f 5486 5059 5058
f 5068 5017 5059
f 4885 5061 5193
f 5074 5038 4877
f 5062 5192 4878
f 5048 5281 4872
f 5281 4871 4872
f 4872 4880 5041
f 5283 4881 5191
f 5442 5070 5063
f 5053 5052 5443
f 5066 5071 5072
f 4884 5056 5067
f 4884 5082 5056
f 5068 5059 5073
f 5069 5041 4880
f 5049 5041 5069
f 4873 5065 5064
f 5065 4873 4874
f 5059 5486 5073
f 4878 5192 5287
f 4879 4878 5287
f 4879 5287 5194
f 4880 4879 5194
f 5069 4880 5194
f 5049 5069 5075
f 4881 5075 5076
f 5076 5191 4881
f 5070 5442 5077
f 5078 4873 5077
f 5052 4873 6043
f 4873 5078 6043
f 5443 5052 6043
f 5072 5071 5365
f 5366 5072 5365
f 4875 5072 5366
f 4875 5366 4882
f 4882 5366 5079
f 5360 4882 5079
f 5067 5080 5081
f 4884 5067 5081
f 5196 5073 5083
f 5068 5073 5196
f 4876 5068 5448
f 5068 5196 5448
f 5060 4876 5448
f 5444 5060 5448
f 4885 5193 5084
f 4877 4885 5584
f 4885 5084 5584
f 4877 5584 4886
f 5074 4877 4886
f 4869 5493 5621
f 4888 4790 4716
f 5493 4791 5542
f 4888 4792 5086
f 4050 5963 5893
f 4887 5085 5087
f 5085 5197 5087
f 4792 5549 5086
f 5549 4555 5089
f 4415 5199 5090
f 4415 5373 5199
f 5199 5198 5090
f 4791 4055 4718
f 4295 4794 5089
f 4718 4185 5200
f 4185 4420 5200
f 4889 5376 5092
f 4420 4720 5200
f 5597 4794 4186
f 5200 4297 5551
f 4186 4891 5597
f 3443 5598 4560
f 4890 5202 4892
f 5202 4893 4892
f 5204 5503 4563
f 4798 5203 4797
f 4562 5689 4799
f 5102 4801 5100
f 5102 4896 4801
f 4895 4567 5205
f 4897 5509 4803
f 5106 5205 4567
f 4810 5105 5106
f 4901 5208 5303
f 5111 5208 4901
f 4901 5303 5107
f 4899 5313 4807
f 4810 5209 5105
f 4818 4805 5109
f 5122 5103 5127
f 5127 5103 5104
f 5109 5114 4818
f 4814 5116 4907
f 4908 5306 5305
f 5214 5110 4918
f 4835 4828 5517
f 5119 4830 4914
f 4949 5115 4906
f 4906 5115 4903
f 4915 5116 4814
f 5310 4826 5305
f 4910 4905 5213
f 4832 5215 5221
f 4832 5117 5215
f 4833 5117 4832
f 4911 5117 4833
f 4911 4912 5117
f 4828 4913 5216
f 4837 4836 5319
f 4830 5119 5219
f 4817 5114 5211
f 5212 4934 5326
f 4834 5123 4923
f 5123 4834 4823
f 4913 4948 5216
f 5115 4949 5125
f 5125 5126 5115
f 4846 5126 4929
f 5116 5121 4940
f 5116 4940 4907
f 4917 5128 4815
f 5129 5128 4917
f 5328 5223 4849
f 5118 4857 5218
f 4939 5217 5124
f 5126 5125 5231
f 5469 4772 4940
f 4772 5469 5416
f 5132 5122 5127
f 5132 5127 5133
f 4950 5134 4931
f 5334 4931 5134
f 4942 5334 4932
f 4849 5223 4967
f 5137 4918 4954
f 4937 4936 5135
f 5135 4860 4937
f 5228 4860 5135
f 5336 5130 5139
f 5139 5130 4855
f 4855 5130 5330
f 5330 4970 4855
f 4948 5004 5140
f 5126 5231 5143
f 4929 5126 5143
f 4940 5121 5154
f 4950 5132 5133
f 4950 5233 5132
f 4931 5334 5226
f 4951 4931 5226
f 5226 5334 4942
f 4942 4963 5226
f 4963 4932 5145
f 4919 5224 5138
f 4936 4968 5135
f 5228 5244 4860
f 4957 4956 5150
f 4956 5147 5150
f 5336 4957 5150
f 5149 5336 5139
f 5149 4957 5336
f 5337 4970 5330
f 5218 4857 5141
f 5010 4929 5143
f 5121 4929 5157
f 5154 5121 5157
f 5233 4950 4985
f 5243 4951 5226
f 5159 4967 5146
f 5223 5146 4967
f 5146 5223 5227
f 4954 4980 5137
f 4980 5335 5137
f 5335 4980 5138
f 5335 5138 5224
f 4956 4859 5147
f 5149 5139 5150
f 4969 5150 5139
f 4969 5139 4958
f 4857 5156 5141
f 5131 4977 4939
f 4977 5341 4939
f 4949 5152 4984
f 4984 5239 4949
f 5125 4949 5239
f 4929 5010 5157
f 5165 5154 5158
f 5144 5154 5424
f 5424 5154 5165
f 4973 5233 4985
f 4951 5243 4973
f 4968 5235 5135
f 4974 5235 4968
f 5244 5235 4974
f 5149 5248 5148
f 4970 5337 5343
f 5250 5141 5156
f 5131 5160 4977
f 4984 5152 5339
f 5158 5154 5157
f 4953 5002 5340
f 5155 4975 4994
f 4969 4976 5162
f 4995 4970 5343
f 5156 4998 5250
f 5131 5142 5160
f 4984 5339 5252
f 5143 5153 5010
f 5157 5010 5260
f 4988 5340 5002
f 5161 4988 5159
f 5248 4994 5003
f 5148 5248 5003
f 4995 5162 4976
f 5343 5162 4995
f 4998 4999 5250
f 4999 5163 5250
f 5164 4984 5252
f 5239 4984 5164
f 5010 5153 5167
f 5165 5158 5169
f 5170 5175 5151
f 5163 5007 5166
f 5160 5166 5007
f 4983 5160 5007
f 5341 4977 5008
f 5345 5239 5253
f 5019 5260 5010
f 5169 5158 5168
f 4998 5176 4999
f 4999 5171 5163
f 5007 5163 5256
f 5163 5171 5256
f 5253 5239 5009
f 5004 5174 5140
f 5175 5271 5176
f 4999 5176 5171
f 5183 5256 5171
f 5277 5251 5008
f 5252 5259 5164
f 5018 5253 5009
f 5167 5253 5018
f 5173 5020 5019
f 5173 5260 5020
f 5169 5168 5021
f 5256 5183 5172
f 5277 5259 5251
f 5026 5177 5018
f 5177 4864 5018
f 5178 5019 5027
f 5168 5261 5028
f 5047 5263 5021
f 5040 4867 5263
f 5036 5352 5037
f 5039 5038 5273
f 5286 5176 5271
f 5171 5176 5286
f 5008 5172 5274
f 5259 5277 5275
f 5025 5259 5275
f 5026 5025 5275
f 5181 5185 5062
f 5061 5037 5531
f 4870 5040 5188
f 5028 5261 5085
f 5047 4870 5188
f 5185 5280 5062
f 5030 5281 5186
f 5054 5360 5536
f 5269 5444 5351
f 5061 5531 5193
f 5062 5280 5192
f 5282 5281 5048
f 5082 5485 5358
f 4713 5489 5447
f 5069 5194 5195
f 5194 5490 5195
f 5075 5069 5195
f 5075 5195 5492
f 4884 5081 5485
f 5485 5082 4884
f 5073 5486 5083
f 5578 5959 3577
f 3577 5959 3694
f 5261 5197 5085
f 5291 5963 4050
f 5087 5292 5373
f 5460 5092 5376
f 4796 5296 5201
f 5377 4297 4559
f 4559 4722 5377
f 5556 4722 3493
f 5597 4891 5600
f 5461 5202 4890
f 5097 5605 5095
f 5605 5097 6083
f 4302 5299 4300
f 5299 4302 5096
f 5099 5383 5465
f 4894 5101 5466
f 5100 4894 5102
f 5103 5301 5921
f 5103 5921 5104
f 5467 4900 5389
f 4802 4900 5467
f 5467 5385 4802
f 5301 5103 5325
f 4805 4898 5302
f 4898 5300 5302
f 4803 5510 4730
f 4805 5302 5109
f 5389 4900 5112
f 5210 5389 5112
f 5510 5108 4730
f 5207 5111 5110
f 5111 5207 5208
f 5314 4807 5313
f 5103 5122 5325
f 5104 5220 5127
f 5207 5110 5311
f 5210 5112 5113
f 5108 5390 5321
f 4905 5317 5213
f 5110 5214 5311
f 5314 5123 4823
f 4836 4835 5829
f 4909 5308 5306
f 4909 5211 5308
f 4905 5212 5317
f 5113 5118 5210
f 5119 5217 5219
f 5108 5321 5120
f 4917 5310 5129
f 4910 5213 5328
f 4923 5318 4912
f 4923 5123 5318
f 5216 4948 5140
f 5319 5151 4837
f 5131 5219 5323
f 5124 5217 5119
f 5152 5120 5324
f 5324 5120 5321
f 5214 4918 5137
f 4919 5221 5224
f 5323 5142 5131
f 5225 5142 5323
f 5217 4939 5327
f 4940 5415 5469
f 5122 5132 5325
f 5325 5132 5524
f 5220 5133 5127
f 5133 5134 4950
f 4932 5334 5234
f 5136 5326 4934
f 4939 5341 5327
f 5331 5415 5154
f 5415 4940 5154
f 5132 5233 5524
f 4932 5234 5145
f 5228 5135 5235
f 5229 5218 5141
f 5225 5230 5142
f 5240 5231 5125
f 5153 5231 5240
f 5231 5153 5143
f 5154 5144 5331
f 5144 5232 5331
f 5246 5232 5144
f 5233 4973 5333
f 5333 4973 5243
f 5234 5226 4963
f 5234 4963 5145
f 5340 5136 4953
f 5150 5147 5236
f 5149 5236 5237
f 5336 5237 5236
f 5237 5336 5150
f 5236 5149 5150
f 5150 4969 5237
f 5141 5238 5229
f 5338 5327 5341
f 5324 5339 5152
f 5239 5240 5125
f 5253 5153 5240
f 5241 5524 5233
f 5242 5233 5332
f 5242 5241 5233
f 5233 5333 5332
f 5159 5146 5474
f 5235 5244 5228
f 4994 5247 5155
f 5147 4859 5247
f 5149 5342 5248
f 5149 5237 5342
f 4969 5245 5237
f 5141 5250 5238
f 5345 5240 5239
f 5524 5241 5523
f 5474 5161 5159
f 5146 5227 5474
f 5248 5247 4994
f 4969 5162 5245
f 5142 5230 5160
f 5230 5249 5160
f 5144 5424 5246
f 5349 5241 5242
f 5160 5249 5425
f 5344 5338 5341
f 5153 5253 5167
f 5157 5257 5158
f 5343 5477 5162
f 5163 5473 5250
f 5166 5425 5163
f 5163 5425 5473
f 5160 5425 5166
f 5251 5344 5341
f 5251 5341 5008
f 5260 5257 5157
f 5257 5168 5158
f 5169 5254 5165
f 5424 5165 5426
f 5241 5354 5523
f 5354 5241 5258
f 5241 5349 5258
f 5252 5251 5259
f 5169 5021 5254
f 5254 5021 5347
f 5140 5174 5353
f 5178 5173 5019
f 5257 5261 5168
f 5021 5262 5347
f 5263 5262 5021
f 5262 5263 5264
f 5263 4867 5264
f 5939 4867 4785
f 5264 4867 5939
f 5175 5170 5271
f 5348 5272 5261
f 5348 5261 5257
f 5349 5266 5258
f 5266 5354 5258
f 5255 5268 5267
f 5268 5255 5265
f 5036 5269 5352
f 5037 5352 5478
f 5038 5270 5273
f 5047 5188 5263
f 5263 5188 5040
f 5048 5182 5186
f 5354 5266 5357
f 5267 5058 5358
f 5268 5058 5267
f 5037 5478 5531
f 5270 5038 5575
f 5273 5046 5039
f 5353 5174 5187
f 5438 5353 5187
f 5286 5445 5171
f 5445 5183 5171
f 5183 5274 5172
f 5274 5277 5008
f 4864 5279 5027
f 5177 5279 4864
f 5027 5279 5178
f 5189 5484 6036
f 5187 4869 5438
f 5274 5183 5445
f 5177 5026 5275
f 5279 5177 5446
f 5278 5279 5276
f 5272 5363 5261
f 5189 5440 5066
f 5038 5074 5575
f 4869 5621 5438
f 5355 5276 5359
f 5280 5627 5192
f 5283 5191 6038
f 5351 5444 5537
f 5363 5289 5261
f 5192 5627 5287
f 5287 5583 5490
f 5194 5287 5490
f 5077 5442 5956
f 5442 6660 5956
f 5078 5077 5956
f 5080 5957 5081
f 5630 5485 5081
f 5196 5083 5631
f 4713 4790 5489
f 5261 5289 5197
f 5290 5289 5368
f 4790 4888 5288
f 5370 5289 5290
f 5197 5289 5370
f 5292 5087 5197
f 5198 5199 5294
f 5373 5294 5199
f 5375 5090 5198
f 4294 5457 4125
f 5375 4719 5090
f 4125 5457 5458
f 5093 5295 5296
f 4423 5201 5646
f 4423 5646 5598
f 5297 5202 5461
f 5202 5297 4893
f 5600 4891 5502
f 5502 5095 5605
f 4893 5379 5096
f 5381 5603 5203
f 4564 5604 4725
f 4564 5463 5604
f 5099 4895 5383
f 4895 5508 5383
f 4895 5205 5508
f 5466 5101 5386
f 5206 5388 5386
f 5386 5101 5206
f 5509 5510 4803
f 5388 5206 5107
f 5312 4899 4896
f 5105 5307 5106
f 5106 5307 5205
f 5303 5304 5107
f 5304 5388 5107
f 4899 5312 5313
f 5390 5108 5510
f 5209 5309 5105
f 5307 5105 5305
f 5305 5105 5309
f 5394 5304 5303
f 5309 5209 5316
f 5305 5309 5310
f 5306 5307 5305
f 5302 5308 5211
f 5109 5302 5211
f 5208 5207 5303
f 5313 5312 5315
f 5314 5313 5318
f 5209 4815 5316
f 5309 5316 5129
f 5310 5309 5129
f 5109 5211 5114
f 5401 5304 5394
f 5117 5396 5401
f 5397 5396 5315
f 5318 5313 5315
f 4836 5829 5613
f 5117 5401 5215
f 5315 5396 5117
f 4912 5315 5117
f 5318 5315 4912
f 5123 5314 5318
f 5517 4828 5216
f 4836 5613 5319
f 5405 5210 5118
f 5323 5219 5399
f 5399 5219 5320
f 5217 5320 5219
f 5129 5316 5128
f 5212 5326 5317
f 5311 5214 5411
f 5224 5221 5406
f 5406 5221 5215
f 5216 5140 5322
f 5118 5218 5405
f 5218 5323 5405
f 5320 5217 5324
f 5321 5320 5324
f 4815 5128 5316
f 5214 5137 5411
f 5411 5137 5414
f 5225 5323 5218
f 5324 5217 5327
f 5334 5470 5234
f 5223 5328 5329
f 5336 5417 5130
f 5130 5417 5518
f 5218 5229 5225
f 5220 5333 5133
f 5220 5332 5333
f 5133 5333 5134
f 5223 5329 5227
f 5335 5414 5137
f 5414 5335 5224
f 5417 5336 5245
f 5225 5418 5230
f 5336 5236 5245
f 5342 5245 5236
f 5324 5338 5339
f 5236 5147 5247
f 5237 5245 5342
f 5428 5322 5353
f 5322 5140 5353
f 5253 5240 5345
f 5248 5342 5247
f 5473 5238 5250
f 6169 5170 5151
f 5344 5251 5252
f 5165 5254 5426
f 5265 5346 5477
f 5265 5350 5346
f 5265 5255 5350
f 5260 5173 5348
f 5260 5348 5257
f 5255 5267 5350
f 5180 5179 5439
f 5180 5439 5181
f 5269 5351 5352
f 5178 5348 5173
f 5179 5184 5439
f 5433 5046 5273
f 5278 5178 5279
f 5278 5276 5355
f 5439 5184 5447
f 5186 5282 5048
f 5357 5266 5356
f 5266 5483 5356
f 5189 6036 5440
f 5046 5433 5578
f 5184 5190 5447
f 5282 5186 5281
f 5275 5446 5177
f 5446 5361 5279
f 5362 5279 5361
f 5279 5359 5276
f 5279 5362 5359
f 5356 5195 5357
f 5492 5195 5356
f 5492 5356 5483
f 5289 5363 5364
f 5287 5627 5583
f 5366 5365 5629
f 5080 4883 5957
f 5081 5957 5630
f 5084 5193 5632
f 5364 5367 5289
f 5450 5368 5367
f 5289 5367 5368
f 5489 4790 5288
f 5290 5368 5450
f 3694 5667 4048
f 5288 4888 5086
f 4048 5667 5291
f 5290 5369 5370
f 5369 5371 5454
f 5370 5369 5454
f 5370 5454 5293
f 5086 5549 5544
f 5292 5370 5293
f 5197 5370 5292
f 5293 5372 5292
f 5372 5455 5294
f 5373 5372 5294
f 5292 5372 5373
f 5542 4791 4718
f 5198 5294 5375
f 5684 4794 5597
f 5460 5295 5093
f 4297 5377 5552
f 5553 5461 4890
f 5556 4561 5500
f 5297 5379 4893
f 3993 5378 5380
f 4725 5648 5504
f 3993 5380 4192
f 5604 5463 6081
f 5379 5299 5096
f 5466 5560 4894
f 4894 5560 5102
f 5385 5507 5384
f 4897 5384 5564
f 4897 5564 5509
f 5205 5307 5565
f 4896 5387 5312
f 5391 5565 5307
f 5302 5300 5392
f 5610 5390 5510
f 5307 5306 5391
f 5302 5392 5308
f 5388 5304 5396
f 5396 5304 5401
f 5395 5388 5396
f 5312 5568 5397
f 5467 5389 5399
f 5392 5391 5306
f 5308 5392 5306
f 5207 5414 5303
f 5312 5397 5315
f 5389 5210 5398
f 5399 5389 5398
f 5393 5467 5399
f 5207 5311 5411
f 5414 5207 5411
f 5414 5394 5303
f 5402 5515 5412
f 5515 5516 5412
f 5403 5404 5409
f 5517 5829 4835
f 5398 5210 5405
f 5393 5399 5320
f 5390 5393 5320
f 5390 5320 5321
f 5213 5317 5413
f 5406 5394 5414
f 5215 5401 5406
f 5401 5394 5406
f 5408 5407 5513
f 5402 5408 5513
f 5412 5408 5402
f 5403 5412 5516
f 5409 5412 5403
f 5410 5409 5404
f 5322 5409 5410
f 5410 5216 5322
f 5319 5613 5929
f 5323 5398 5405
f 5399 5398 5323
f 5317 5326 5519
f 5413 5328 5213
f 5406 5414 5224
f 5408 5569 5407
f 5435 5569 5408
f 5409 5430 5412
f 5416 6305 5222
f 5325 5524 5930
f 5130 5518 5330
f 5429 5435 5408
f 5430 5429 5408
f 5134 5333 5419
f 5334 5134 5419
f 5334 5419 5470
f 5234 5470 5471
f 5326 5136 5340
f 5412 5430 5408
f 5322 5428 5409
f 5225 5229 5472
f 5418 5225 5472
f 6249 5232 5246
f 5419 5243 5422
f 5333 5243 5419
f 5234 5471 5420
f 5471 5421 5420
f 5229 5238 5472
f 5324 5327 5338
f 5226 5422 5243
f 5234 5422 5226
f 5420 5422 5234
f 5422 5420 5421
f 5423 5227 5329
f 5247 5342 5236
f 5230 5418 5249
f 5340 5161 5521
f 5245 5162 5522
f 5409 5431 5430
f 5338 5344 5339
f 5161 5340 4988
f 5227 5423 5474
f 5339 5344 5252
f 5523 5354 5527
f 5346 5350 5526
f 5477 5526 5162
f 5477 5346 5526
f 5427 5431 5409
f 5428 5427 5409
f 5428 5432 5427
f 5433 5432 5428
f 5434 5433 5428
f 5428 5353 5434
f 5533 5348 5532
f 5181 5439 5572
f 5528 5354 5576
f 5716 5268 5265
f 5352 5351 5529
f 5352 5529 5429
f 5429 5529 5435
f 5478 5352 5429
f 5430 5478 5429
f 5478 5430 5436
f 5437 5436 5430
f 5431 5437 5430
f 5427 5437 5431
f 5574 5481 5432
f 5270 5574 5432
f 5273 5270 5432
f 5433 5273 5432
f 5348 5178 5532
f 5272 5348 5533
f 5185 5181 5482
f 5576 5354 5357
f 5268 5716 5623
f 5574 5270 5575
f 5535 5272 5533
f 5535 5363 5272
f 5185 5482 5280
f 5054 5536 5620
f 5268 5623 5058
f 5278 5441 5178
f 5355 5441 5278
f 5658 5063 5285
f 5267 5358 5577
f 5359 5487 5355
f 5357 5195 5576
f 5577 5358 5485
f 5496 5446 5275
f 5359 5362 5487
f 5195 5490 5576
f 5445 5286 5449
f 5451 5274 5445
f 5275 5277 5495
f 5075 5492 5076
f 6263 5443 6043
f 5581 5360 5079
f 5444 5448 5537
f 6521 5084 5632
f 5084 6521 5584
f 5451 5445 5449
f 5277 5274 5495
f 5495 5274 5494
f 5450 5367 5364
f 5364 5290 5450
f 5493 5542 5888
f 5452 5290 5364
f 5290 5452 5369
f 5667 5591 5291
f 5086 5544 5671
f 5291 5591 5963
f 5453 5546 5455
f 5455 5546 5374
f 5293 5456 5372
f 5294 5455 5374
f 5374 5550 5375
f 5374 5375 5294
f 5742 5089 5596
f 5499 4719 5375
f 5596 5089 4794
f 5551 4718 5200
f 4719 5459 5091
f 5091 5459 5376
f 5596 4794 5684
f 4297 5552 5644
f 5500 4561 5094
f 5094 4560 5599
f 5462 5297 5461
f 5462 5557 5297
f 5689 4562 6078
f 5298 5905 4562
f 5098 4797 5903
f 5604 5648 4725
f 5463 5689 6081
f 5299 6150 5298
f 5299 6082 6150
f 5381 5464 5603
f 5381 5382 5464
f 5506 5382 5504
f 5505 5299 5379
f 5384 5507 5564
f 5102 5560 5562
f 5562 4896 5102
f 5563 5507 5385
f 6403 5104 5921
f 5465 5566 5300
f 5562 5387 4896
f 5611 5300 5566
f 5567 5565 5391
f 5300 5611 5392
f 5388 5395 5386
f 5387 5568 5312
f 5511 5467 5393
f 5393 5512 5511
f 5396 5397 5395
f 5468 5513 5407
f 5402 5513 5514
f 5402 5514 5515
f 5410 5404 5828
f 5317 5519 5413
f 5407 5569 5468
f 5828 5216 5410
f 5569 5435 5476
f 6418 5849 5222
f 5413 5329 5328
f 5326 5340 5521
f 5326 5521 5519
f 5520 5419 5422
f 5470 5419 5520
f 5471 5470 5520
f 5471 5520 5421
f 5418 5472 5473
f 5422 5421 5520
f 5161 5474 5423
f 5521 5161 5423
f 5473 5472 5238
f 5249 5418 5473
f 5525 5349 5242
f 5162 5526 5522
f 5525 5617 5349
f 5249 5473 5425
f 5426 5254 6355
f 6307 5424 5426
f 6355 6307 5426
f 5617 5266 5349
f 5254 5347 6309
f 5262 6255 5347
f 5476 5435 6024
f 5618 5350 5267
f 5435 5529 6024
f 5437 5479 5436
f 5437 5573 5479
f 5427 5480 5437
f 5437 5480 5573
f 5432 5480 5427
f 5432 5481 5480
f 5433 5434 5530
f 5482 5181 5572
f 5266 5617 5483
f 5529 5351 5718
f 5353 5438 5434
f 5434 5438 5657
f 5627 5280 5482
f 5054 5620 5055
f 5351 5537 5718
f 5433 5530 5578
f 5178 5441 5532
f 5439 5447 5582
f 5284 5283 6260
f 5283 6038 6260
f 5284 6260 5658
f 5285 5284 5658
f 5484 5053 5949
f 5441 5355 5487
f 5053 5443 5949
f 5066 5538 5071
f 5662 5361 5446
f 5442 5063 6660
f 5446 5585 5662
f 5447 5489 5582
f 5071 5538 5365
f 5366 5629 5079
f 5625 5485 5630
f 5449 5540 5451
f 5495 5496 5275
f 5488 5364 5363
f 5539 5364 5488
f 5451 5540 5494
f 5451 5494 5274
f 5585 5446 5496
f 5489 5288 5633
f 5086 5671 5288
f 5453 5548 5546
f 5497 5541 5547
f 5543 5371 5369
f 5497 5547 5546
f 5546 5547 5374
f 5548 5453 5455
f 5455 5740 5548
f 5372 5740 5455
f 5089 5742 5549
f 5542 4718 5680
f 5499 5375 5550
f 5499 5641 4719
f 5641 5459 4719
f 4296 6057 4556
f 5682 5376 5459
f 5295 5645 5296
f 4890 4558 5553
f 5296 5645 5201
f 4722 5554 5377
f 4722 5556 5554
f 5599 4560 5598
f 5553 5462 5461
f 5555 5462 5553
f 5557 5501 5297
f 5297 5501 5379
f 5558 5203 5603
f 5380 5378 5559
f 5506 5504 5907
f 5382 5506 5464
f 5383 5508 5607
f 5465 5383 5607
f 5565 5508 5205
f 5607 5566 5465
f 5698 5466 5386
f 5385 5467 5563
f 5563 5467 5511
f 5390 5610 5512
f 5104 5400 5220
f 5392 5611 5391
f 5391 5611 5567
f 5390 5512 5393
f 5828 5926 5216
f 5926 5517 5216
f 5325 5930 5992
f 5319 6169 5151
f 5413 5519 5423
f 5417 5245 5614
f 5330 5570 5337
f 5423 5519 5521
f 5413 5423 5329
f 5614 5245 5522
f 5332 5525 5242
f 5337 5570 5343
f 5522 5526 5615
f 5570 5475 5343
f 5526 5350 5618
f 5475 5477 5343
f 5265 5477 5716
f 5530 5434 5656
f 5618 5267 5577
f 5535 5533 5534
f 5484 5949 6036
f 5440 5579 5066
f 5535 5622 5363
f 5949 5443 6263
f 5066 5579 5538
f 5485 5625 5577
f 5623 5486 5058
f 5873 5193 5531
f 5363 5622 5488
f 5449 5286 5661
f 6043 5078 6518
f 5365 6787 5629
f 5079 5729 5581
f 5486 5725 5083
f 5074 4886 6195
f 5494 5540 5586
f 5494 5586 5495
f 5495 5586 5587
f 5496 5495 5587
f 5496 5587 5634
f 5496 5634 5585
f 5493 5888 5621
f 5364 5539 5452
f 5541 5589 5547
f 5546 5638 5497
f 5590 5369 5452
f 5547 5589 5545
f 5543 5678 5371
f 5678 5454 5371
f 5678 5293 5454
f 5545 5374 5547
f 5293 5678 5456
f 5545 5592 5593
f 5456 5740 5372
f 5374 5545 5550
f 5595 5499 5550
f 5595 5641 5499
f 4419 5643 4558
f 5551 4297 5644
f 5597 5600 5684
f 4558 5643 5553
f 5094 5599 5500
f 5555 5557 5462
f 5557 5601 5501
f 5747 5378 5503
f 4797 5748 5903
f 5648 5904 5504
f 5298 6150 5905
f 5379 5501 5505
f 6082 5299 5505
f 5466 5698 5560
f 5560 5698 5651
f 5608 5561 5507
f 5695 5650 5607
f 5507 5563 5608
f 5650 5566 5607
f 5609 5565 5567
f 5562 5652 5387
f 5704 5563 5511
f 5104 6403 5400
f 5386 5395 5808
f 5652 5568 5387
f 5301 5325 5992
f 5511 5706 5704
f 5705 5706 5512
f 5512 5706 5511
f 5512 5610 5705
f 5568 5395 5397
f 5517 5926 5994
f 5569 5476 5843
f 5469 5932 5841
f 5415 5932 5469
f 5469 5841 5416
f 5417 5614 5518
f 5331 5932 5415
f 5220 5400 5332
f 5330 5518 5570
f 5331 5232 5932
f 5528 5527 5354
f 6309 5347 6308
f 5347 6255 6308
f 5528 5576 5880
f 5478 5872 5531
f 5286 5271 5661
f 5620 5580 5055
f 5532 5441 5533
f 5534 5533 5441
f 5534 5878 5535
f 5439 5582 5626
f 5876 5063 5658
f 5620 5536 5619
f 5534 5441 5660
f 5441 5487 5660
f 5535 5878 5622
f 5536 5360 5619
f 5619 5360 5581
f 5055 5580 4883
f 5575 5074 6195
f 5487 5362 5660
f 4883 5580 5624
f 5623 5725 5486
f 5489 5883 5626
f 5489 5626 5582
f 5492 5628 5076
f 5078 5956 6376
f 5365 5538 6787
f 5079 5629 5729
f 4883 5624 5957
f 5448 5196 6119
f 5196 5884 6119
f 5539 5488 5885
f 5586 5635 5587
f 5959 5667 3694
f 5497 5637 5541
f 5633 5288 5671
f 5592 5589 5588
f 5638 5637 5497
f 5369 5590 5543
f 5589 5592 5545
f 5546 5548 5638
f 5549 5679 5544
f 5893 5895 5088
f 5088 5895 5498
f 5593 5677 5639
f 5593 5639 5594
f 5545 5593 5594
f 5545 5594 5550
f 5550 5594 5595
f 4718 5551 5680
f 5641 5681 5459
f 5459 5681 5682
f 5376 5682 5642
f 5897 5643 4419
f 5643 5746 5553
f 5599 5598 5685
f 5556 5500 5647
f 5600 5502 5688
f 5605 5688 5502
f 5204 5602 5503
f 5098 5903 6236
f 5905 6078 4562
f 5606 5380 6238
f 5562 5560 5651
f 5564 5507 5699
f 5565 5609 5508
f 5386 5795 5698
f 5509 5701 5510
f 5386 5808 5795
f 5704 5608 5563
f 5510 5701 5610
f 5395 5825 5808
f 5612 5811 5567
f 5611 5612 5567
f 5653 5395 5568
f 5513 6406 5514
f 5468 5569 5843
f 5416 5841 6305
f 5654 5570 5518
f 5615 5614 5522
f 5570 5616 5712
f 5616 5570 5571
f 5570 5712 5475
f 5615 5526 5618
f 5477 5475 5716
f 5478 5436 5872
f 5871 5481 5574
f 5271 5170 5661
f 5572 5720 5482
f 5531 5872 5873
f 5574 5575 5871
f 5483 5617 5947
f 5530 6032 5578
f 5657 5438 5621
f 5439 5626 5875
f 5720 5627 5482
f 5878 5534 5660
f 5622 6370 5488
f 5083 5664 5631
f 5196 5631 5884
f 5448 6119 5537
f 6265 5449 5661
f 5665 5662 5585
f 5489 5633 5883
f 5449 6265 5540
f 5585 5634 5665
f 5587 5635 5886
f 5587 5886 5634
f 5636 5589 5637
f 5541 5637 5589
f 5588 5636 5670
f 5588 5589 5636
f 5452 5539 5590
f 5590 5673 5543
f 5671 5544 5679
f 5588 5669 5593
f 5669 5677 5593
f 5673 5678 5543
f 5588 5593 5592
f 5638 5548 5740
f 5738 5638 5740
f 5678 5892 5456
f 5549 5742 5679
f 5677 5676 5639
f 5639 5741 5640
f 5594 5639 5640
f 5498 6052 4294
f 6052 6129 4294
f 5594 5640 5595
f 4294 6129 5457
f 5458 6057 4296
f 5642 5460 5376
f 5552 5377 5554
f 5685 5598 5646
f 5556 5647 5554
f 5746 5555 5553
f 5555 5687 5557
f 5557 5687 5601
f 5378 5747 5559
f 5977 5503 5602
f 5203 5748 4797
f 5203 5558 5748
f 5505 5501 6149
f 5380 5559 6238
f 5649 5098 6236
f 5607 5508 5695
f 5700 5562 5651
f 5652 5562 5700
f 5699 5701 5509
f 5699 5509 5564
f 5811 5609 5567
f 5566 5812 5611
f 5701 5816 5610
f 5652 5653 5568
f 5705 5610 5816
f 5395 5653 5825
f 5829 5517 6246
f 5319 5929 6169
f 5518 5614 5654
f 5655 5614 5615
f 5332 5400 5525
f 5930 5524 5523
f 5852 5475 5712
f 5615 5618 5850
f 5852 5716 5475
f 5439 5875 6109
f 5572 5439 6109
f 5572 6109 5870
f 5572 5870 5720
f 6024 5946 6637
f 6024 5529 5946
f 5436 6030 5872
f 5479 6259 5436
f 5436 6259 6030
f 5479 5573 6259
f 5871 6191 5717
f 5530 5656 5717
f 5434 5657 5656
f 5577 5877 5618
f 5623 5716 5659
f 5871 5575 6191
f 5717 6191 5874
f 5530 5717 6032
f 5620 5619 5721
f 5620 5721 5580
f 5577 5625 5877
f 5625 5663 5877
f 5361 5662 5727
f 5361 5727 5362
f 5720 5879 5627
f 5483 5628 5492
f 5063 5876 6660
f 5623 5659 5725
f 5627 5879 5583
f 5583 6116 5490
f 5491 5490 6116
f 5491 5576 5490
f 5630 5957 5730
f 5625 5630 5663
f 5630 5730 5663
f 5083 5725 5958
f 5083 5958 5664
f 5885 5488 5666
f 5586 5540 6265
f 5634 6266 5665
f 5637 6384 5636
f 5671 5887 5633
f 5668 5672 5733
f 5733 5672 5669
f 5669 5588 5670
f 5636 6384 5670
f 5960 5591 5667
f 5668 5734 5674
f 5637 5638 5675
f 5539 5885 5590
f 5669 5672 5677
f 5737 5674 5734
f 5671 5679 5889
f 5668 5674 5676
f 5672 5668 5676
f 5677 5672 5676
f 5738 5675 5638
f 5889 5679 5735
f 5888 5542 5680
f 5676 5674 5737
f 5737 5739 5741
f 5737 5741 5639
f 5676 5737 5639
f 5456 5966 5740
f 5498 5895 6052
f 5743 5641 5595
f 5743 5681 5641
f 5457 6057 5458
f 5680 5551 5899
f 5682 5681 5744
f 5742 5596 5683
f 6057 5897 4556
f 5596 5684 5683
f 5644 5552 5900
f 5201 5645 5646
f 5684 5600 6144
f 5901 5552 5554
f 5685 5646 6074
f 5686 5599 5685
f 6144 5600 5688
f 5500 5686 5647
f 5599 5686 5500
f 5501 5601 6149
f 5603 5749 5558
f 5649 6236 5908
f 5603 5464 5749
f 5904 5907 5504
f 5756 5759 5751
f 5756 5757 5762
f 5690 5759 5756
f 5762 5690 5756
f 5765 5759 5690
f 5762 5773 5690
f 5696 5695 5508
f 5789 5700 5651
f 5650 5695 5697
f 5698 5795 5789
f 5651 5698 5789
f 5561 5699 5507
f 5508 5609 5696
f 5700 5801 5652
f 5697 5566 5650
f 5812 5566 5697
f 5795 5808 5824
f 5811 5803 5609
f 5704 5802 5608
f 5611 5812 5612
f 5821 5704 5706
f 5706 5705 5834
f 5834 5705 5816
f 5517 5994 6246
f 5613 5829 6164
f 5855 5831 5842
f 5815 5708 5709
f 5813 5707 5857
f 5935 5614 5655
f 5654 5571 5570
f 5615 5850 5655
f 5710 5616 5571
f 5246 5424 6250
f 5527 5930 5523
f 5864 5711 5714
f 5714 5709 5869
f 5711 5709 5714
f 5865 5709 5708
f 5850 5618 5877
f 5716 5852 5715
f 5716 5715 5659
f 5946 5529 5718
f 5480 6500 5573
f 5573 6500 6499
f 5481 6362 5480
f 5480 6362 6500
f 5871 5717 5656
f 5870 5948 5720
f 5719 5723 5722
f 5723 5719 5724
f 5657 5621 5942
f 5628 5483 5947
f 5619 5581 5721
f 5664 5722 5723
f 5726 5723 5724
f 5660 5362 6262
f 5878 5660 6262
f 5721 5728 5882
f 5721 5581 5728
f 5580 5721 5882
f 5882 5624 5580
f 5631 5664 5723
f 5726 5631 5723
f 5942 5621 5888
f 5880 5576 5491
f 5078 6376 6518
f 5729 5629 5728
f 5729 5728 5581
f 5664 5958 5954
f 5631 5726 5884
f 4886 5584 6443
f 4886 6443 6195
f 5586 6265 6045
f 5635 5586 6045
f 5634 5886 6266
f 5736 5734 5732
f 5668 5732 5734
f 5668 5733 5732
f 5669 5670 5733
f 5670 6384 6531
f 5731 5637 5675
f 5887 5671 5889
f 5734 5736 5739
f 5734 5739 5737
f 5673 5892 5678
f 5679 6126 5735
f 5892 5966 5456
f 5742 6126 5679
f 5888 5680 5894
f 6126 5742 6214
f 5640 5743 5595
f 5680 5899 5894
f 5642 5682 5896
f 5683 5684 6336
f 5295 5460 5971
f 5551 5644 5899
f 5295 5898 5645
f 5554 5647 5901
f 5555 5902 5687
f 5687 6149 5601
f 5747 5503 5977
f 6078 5979 5689
f 5649 5908 5204
f 5464 5980 5749
f 5756 5751 5752
f 5757 5756 5752
f 5758 5753 5982
f 5754 5758 5982
f 5691 5693 5755
f 5985 5691 5755
f 5911 5762 5757
f 5693 5760 5755
f 5761 5691 5985
f 5916 5762 5911
f 5764 5763 5753
f 5758 5764 5753
f 5768 5783 5758
f 5754 5768 5758
f 6085 5760 5775
f 5759 5987 5751
f 5764 5767 5763
f 5766 5764 5758
f 5783 5766 5758
f 5760 5693 5692
f 5759 5694 5987
f 5759 5765 5694
f 5760 5692 5775
f 5772 5765 5690
f 5776 5693 5691
f 5769 5776 5691
f 5765 5786 5694
f 5690 5773 5772
f 5773 5762 5916
f 5763 5767 5774
f 5768 5771 5783
f 5987 5770 5915
f 5694 5770 5987
f 5766 5798 5764
f 5779 5798 5766
f 5784 5692 5693
f 5776 5784 5693
f 5761 5780 5691
f 5765 5781 5786
f 5772 5781 5765
f 5773 5916 5794
f 5766 5782 5779
f 5766 5783 5782
f 5692 5799 5775
f 5799 5792 5775
f 5691 5780 5769
f 5915 5770 5777
f 5767 5778 5774
f 5764 5787 5767
f 5771 5790 5783
f 5780 5761 5917
f 5781 5696 5786
f 5767 5787 5778
f 5764 5798 5787
f 5784 5799 5692
f 5786 5796 5694
f 5781 5695 5696
f 5772 5697 5781
f 5773 5797 5772
f 5779 5789 5798
f 5700 5789 5779
f 5791 5700 5779
f 5918 5790 5771
f 5792 5799 5702
f 5785 5561 5788
f 5800 5785 5769
f 5800 5699 5785
f 5697 5695 5781
f 5797 5697 5772
f 5798 5804 5787
f 5782 5791 5779
f 5791 5782 5805
f 5699 5561 5785
f 5769 5780 5925
f 5917 5817 5780
f 5786 5803 5796
f 5696 5803 5786
f 5789 5795 5798
f 5815 5805 5782
f 5783 5815 5782
f 5784 5793 5799
f 5561 5608 5788
f 5770 5810 5777
f 5796 5770 5694
f 5696 5609 5803
f 5773 5813 5797
f 5773 5794 5813
f 5790 5815 5783
f 5702 5991 5792
f 5817 5703 5780
f 5921 5301 6586
f 5804 5818 5787
f 5795 5824 5804
f 5795 5804 5798
f 5700 5791 5801
f 5805 5801 5791
f 5809 5815 5790
f 5608 5802 5788
f 5701 5699 5800
f 5703 5925 5780
f 5787 5818 5778
f 5818 5924 5778
f 5918 5809 5790
f 5301 5992 6586
f 5796 5807 5770
f 5794 5814 5813
f 5814 5794 5922
f 5918 5819 5809
f 5702 5830 5991
f 5793 5820 5799
f 5800 5806 5701
f 5770 5831 5810
f 5803 5823 5796
f 5811 5823 5803
f 5797 5812 5697
f 5778 5924 5923
f 5701 5806 5816
f 5807 5831 5770
f 5823 5807 5796
f 5928 5814 5922
f 5818 5840 5924
f 5824 5832 5804
f 5652 5801 5826
f 5799 5830 5702
f 5704 5821 5802
f 5817 5822 5703
f 5797 5813 5835
f 5832 5818 5804
f 5808 5825 5824
f 5653 5652 5826
f 5805 5827 5801
f 5830 5844 5991
f 5820 5830 5799
f 5703 5837 5925
f 5612 5823 5811
f 5835 5612 5812
f 5797 5835 5812
f 5825 5653 5826
f 5827 5826 5801
f 5815 5827 5805
f 5809 5833 5815
f 5833 5809 5819
f 5995 5926 5828
f 5706 5834 5821
f 5834 5816 5806
f 5925 5837 5927
f 5807 5842 5831
f 5839 5807 5823
f 5928 5931 5814
f 5931 5707 5814
f 5825 5832 5824
f 5468 5843 6405
f 5613 6164 5929
f 5703 5822 5837
f 5838 5810 5831
f 5612 5839 5823
f 5835 5839 5612
f 5813 5857 5835
f 5840 5836 5924
f 5832 5711 5818
f 5826 5832 5825
f 5827 5832 5826
f 5833 5708 5815
f 5855 5838 5831
f 5839 5842 5807
f 5813 5814 5707
f 5818 5711 5840
f 5833 5934 5708
f 5851 5844 5830
f 5820 5853 5830
f 5837 5713 5927
f 5822 5933 5837
f 5820 5845 5853
f 5815 5709 5827
f 5614 5935 5846
f 5614 5846 5654
f 5654 5847 5571
f 5853 5851 5830
f 5927 5861 5845
f 5838 5855 5848
f 5835 5856 5839
f 5857 5856 5835
f 5936 5707 5931
f 5836 5840 5858
f 5827 5709 5832
f 5571 5847 5710
f 5845 5861 5853
f 5713 5861 5927
f 5856 5842 5839
f 5867 5836 5858
f 5711 5858 5840
f 5832 5709 5711
f 5859 5708 5934
f 5616 6171 5712
f 5712 6171 5655
f 6171 5616 5710
f 5854 5713 5837
f 5854 5837 5933
f 6172 5930 5527
f 5707 5860 5857
f 5936 5860 5707
f 5853 5943 5851
f 5860 5863 5857
f 5711 5864 5858
f 5424 6307 6250
f 5842 5866 5855
f 5842 5856 5866
f 5857 5863 5856
f 5869 5709 5865
f 5859 5865 5708
f 5861 5943 5853
f 5854 5862 5713
f 5855 5866 5848
f 5864 5867 5858
f 5850 6029 6013
f 5944 5861 5713
f 5848 5866 6176
f 5868 5866 5856
f 5863 5868 5856
f 5865 5945 5869
f 5850 5877 6029
f 5861 5944 5943
f 5713 5862 5944
f 5941 5864 5714
f 5869 5941 5714
f 5659 5715 6178
f 6258 5946 5718
f 5481 5871 6362
f 5942 6025 5657
f 5657 6025 5656
f 6111 5944 5862
f 5717 5874 6110
f 5717 6110 6032
f 6112 6029 5877
f 5659 6178 5953
f 5875 5626 5951
f 5950 5719 5722
f 6113 5950 5722
f 5720 5948 5879
f 5877 5663 6112
f 5953 5725 5659
f 5722 5664 6113
f 5724 5881 5726
f 5575 6195 6191
f 5953 5952 5725
f 6115 5662 6114
f 6199 5191 5076
f 5728 5629 6201
f 5624 5882 5957
f 5663 5730 6112
f 5725 5952 5958
f 5537 6119 6264
f 5193 6042 5632
f 5665 6114 5662
f 5635 6449 5886
f 5890 5736 5732
f 5733 6530 5732
f 5736 5890 5964
f 5590 5891 5673
f 5891 5892 5673
f 5964 5739 5736
f 5966 5892 6050
f 5964 5968 5741
f 5739 5964 5741
f 5741 5968 5640
f 5968 5743 5640
f 5681 5743 5744
f 5682 5744 5745
f 5896 5682 5745
f 5642 5971 5460
f 5971 5898 5295
f 6142 5746 5643
f 5899 5644 5900
f 5898 5646 5645
f 5900 5552 5901
f 6076 5685 6074
f 5746 5975 5555
f 5685 6076 5686
f 5555 5975 5902
f 5687 5902 6149
f 5604 6080 5648
f 5648 6080 5978
f 5204 5908 5602
f 5906 5749 5980
f 5464 5506 5980
f 5505 6286 6082
f 5605 6083 6289
f 5750 5606 6083
f 5380 5606 5750
f 5983 5984 5755
f 5910 5982 5753
f 5912 5983 5755
f 5985 5755 5984
f 5757 5909 5911
f 5986 5910 5753
f 5760 6085 5912
f 5755 5760 5912
f 6084 5751 5987
f 5916 5911 6242
f 5986 5753 5763
f 5754 6156 5768
f 5761 5985 5913
f 5768 6156 5771
f 5771 6156 6088
f 6085 5775 5914
f 5913 6245 5761
f 6245 5917 5761
f 5916 5920 5794
f 5771 6088 5918
f 5775 5919 5914
f 6088 6158 5918
f 5792 5919 5775
f 5785 5788 5784
f 5776 5785 5784
f 5769 5785 5776
f 6089 5988 5923
f 5774 5778 5923
f 5988 5774 5923
f 5920 5922 5794
f 5792 5991 5919
f 5925 5800 5769
f 5788 5793 5784
f 6158 6294 5918
f 5788 5802 5793
f 5802 5820 5793
f 6346 6160 5817
f 6297 5990 5810
f 5990 5777 5810
f 5918 6294 5819
f 5800 5925 5806
f 5821 5820 5802
f 5817 6160 5822
f 5468 6405 5513
f 5925 5927 5806
f 5821 5845 5820
f 5821 5834 5845
f 5845 5834 5806
f 5819 5934 5833
f 5806 5927 5845
f 5846 6170 5654
f 5654 6170 5847
f 5844 5851 6012
f 5400 6353 5525
f 6011 5836 5867
f 5712 5655 6097
f 6097 5655 5850
f 5527 6015 6172
f 5850 6013 6097
f 6097 6098 5712
f 6098 5852 5712
f 5851 6104 6012
f 5525 6353 6100
f 5933 6254 5854
f 6015 5527 5528
f 5525 6100 5617
f 6358 5863 5860
f 5936 6358 5860
f 5854 6254 5862
f 6355 5254 6309
f 5865 5859 5940
f 6098 5715 5852
f 6102 6021 5937
f 6022 5938 6018
f 5170 6169 5661
f 6104 5851 5943
f 6254 6031 5862
f 5617 6100 5947
f 5865 5940 5945
f 6178 5715 6098
f 5866 6027 6176
f 6027 5866 5868
f 5864 6177 5867
f 6177 5864 5941
f 5942 6021 6025
f 5528 5880 6023
f 6183 6027 5868
f 5863 6183 5868
f 5945 5941 5869
f 5938 6121 6034
f 5944 6315 5943
f 6111 6315 5944
f 6031 6111 5862
f 6258 5718 6187
f 6021 5942 6033
f 6029 6112 6318
f 5719 6190 5724
f 5718 5537 6187
f 5724 6190 5881
f 5362 5727 6262
f 6037 5628 5947
f 5954 6113 5664
f 5578 6032 5959
f 6370 5955 5488
f 6198 5626 5883
f 5583 5879 6116
f 5726 5881 5884
f 6119 5884 6118
f 5633 5887 5883
f 5883 5887 6122
f 5942 5888 6049
f 5667 5959 5960
f 6124 6046 5962
f 5962 5890 6124
f 6124 5890 5961
f 5732 5961 5890
f 5670 6531 5733
f 5666 5891 5885
f 5885 5891 5590
f 5887 5889 5735
f 5962 6046 5967
f 5962 5964 5890
f 5964 5962 5967
f 6049 5888 5894
f 6050 5892 6204
f 6204 5892 5891
f 5965 5966 6050
f 5738 5740 5965
f 5966 5965 5740
f 5964 5967 5968
f 5969 5744 5968
f 5743 5968 5744
f 5742 5683 6214
f 5896 5745 6056
f 5970 5642 5896
f 6222 5643 5897
f 5972 6067 5974
f 5898 5971 5973
f 5894 5899 6139
f 6072 5898 5973
f 6139 5899 5900
f 5898 6072 5646
f 5646 6072 6074
f 6073 6076 6074
f 6075 5975 5746
f 5686 6147 5647
f 5975 5976 5902
f 5688 6232 6144
f 5648 5978 5904
f 5505 6149 6286
f 6084 5752 5751
f 5982 5910 5981
f 5982 6343 5754
f 5763 5774 6087
f 5774 5988 6087
f 6291 5920 5916
f 5777 6244 5915
f 5917 6245 5817
f 5991 5989 5919
f 5990 6244 5777
f 6089 5923 5993
f 5928 5922 6347
f 5923 5924 5993
f 6301 6297 5810
f 6246 5994 6162
f 6006 5991 5844
f 5928 6347 6161
f 5924 6001 5993
f 5996 5995 6090
f 5996 5926 5995
f 5926 5996 5997
f 5926 5997 5994
f 5829 6246 6164
f 5929 6164 5998
f 5928 6161 5931
f 5998 6169 5929
f 6301 5810 5838
f 6004 6005 6002
f 6165 6004 6002
f 6005 6007 6002
f 6002 6007 6003
f 5222 6305 6412
f 6412 6418 5222
f 5930 6172 5992
f 6001 5924 5836
f 6003 6007 6168
f 5822 6094 5933
f 5931 6008 5936
f 5931 6161 6008
f 6000 5999 6009
f 6007 6005 6014
f 6012 6006 5844
f 5999 5996 5937
f 6009 5999 5937
f 6005 6004 6017
f 5848 6173 5838
f 5655 6171 5935
f 6168 6007 6018
f 6101 5859 5934
f 6102 5996 6090
f 6007 6014 6018
f 6014 6005 6017
f 6010 6168 6018
f 6010 5938 6174
f 5867 6175 6011
f 5937 5996 6102
f 6010 6018 5938
f 5940 5859 6101
f 6029 6318 6013
f 6021 6019 5937
f 6009 5937 6019
f 6105 6009 6019
f 6105 6016 6306
f 6017 6016 6020
f 6014 6017 6020
f 6018 6014 6022
f 6022 6014 6020
f 6633 5661 6169
f 6100 6037 5947
f 5848 6176 6173
f 5867 6177 6175
f 6106 6020 6016
f 6020 6106 6026
f 6022 6020 6026
f 6022 6121 5938
f 5938 6107 6174
f 5943 6424 6104
f 5528 6023 6015
f 6019 6021 6184
f 6121 6022 6026
f 5941 6028 6177
f 5941 5945 6028
f 6259 5573 6499
f 5656 6362 5871
f 6107 5938 6034
f 6182 6109 5875
f 6035 5948 5870
f 5951 6182 5875
f 5948 6035 6039
f 6034 6121 6041
f 6041 6107 6034
f 6367 5622 5878
f 6370 5622 6367
f 6049 6033 5942
f 6107 6041 6447
f 5662 6115 5727
f 5948 6039 5879
f 6117 5628 6037
f 6032 6040 5959
f 6447 6041 6044
f 6116 6326 5491
f 6326 5880 5491
f 5076 5628 6199
f 5629 6787 6788
f 5661 6197 6265
f 5666 5488 5955
f 6041 6121 6127
f 6044 6041 6127
f 6331 6447 6044
f 6331 6044 6046
f 6046 6124 6331
f 6122 5887 6047
f 5733 6531 6530
f 6046 6044 5967
f 5887 5735 6047
f 6127 6121 6123
f 6207 6047 5735
f 6044 6127 6051
f 5967 6044 6051
f 5675 5738 6048
f 5735 6126 6207
f 5894 6212 6049
f 6131 5967 6051
f 6053 6128 6051
f 6053 6051 6127
f 5968 5967 6131
f 6131 5969 5968
f 5457 6133 6057
f 5969 6134 5745
f 5969 5745 5744
f 6134 6056 5745
f 6058 6067 5972
f 6059 6058 5972
f 6057 6218 5897
f 5970 6055 5971
f 5970 5971 5642
f 6062 6060 6065
f 5971 6055 6064
f 5897 6218 6222
f 6068 6067 6140
f 6063 6059 5972
f 5972 5974 6063
f 5643 6222 6142
f 6062 6065 6070
f 6070 6066 6062
f 5971 6064 5973
f 6141 6068 6140
f 5974 6069 6063
f 6066 6070 6141
f 5974 6067 6068
f 6069 5974 6068
f 6142 6075 5746
f 6071 6139 5900
f 5901 6071 5900
f 6075 6231 5975
f 5686 6148 6147
f 6076 6148 5686
f 6231 5976 5975
f 5902 5976 6149
f 5558 6282 5748
f 5558 5749 6338
f 6238 5559 6079
f 5904 6077 6283
f 5978 6077 5904
f 5604 6081 6080
f 5605 6151 5688
f 6151 5605 6289
f 5757 5752 6152
f 6398 5757 6152
f 5909 5757 6398
f 5985 5984 6153
f 6154 5983 5912
f 5985 6153 6086
f 5909 6239 5911
f 5910 5986 6341
f 6344 6154 5912
f 5985 6086 5913
f 6242 5911 6239
f 6087 5986 5763
f 6344 5912 6085
f 6086 6561 5913
f 6157 6088 6156
f 6561 6245 5913
f 6242 6291 5916
f 5920 6347 5922
f 6245 6346 5817
f 5993 6296 6089
f 5989 5991 6159
f 6294 6477 5819
f 6159 5991 6006
f 5513 6405 6406
f 5404 5403 6298
f 6160 6472 5822
f 6163 5994 5997
f 6163 6162 5994
f 5998 6164 6300
f 6477 5934 5819
f 5999 5997 5996
f 6163 5997 5999
f 5999 6000 6163
f 6472 6094 5822
f 6004 6165 6166
f 6002 6092 6165
f 6002 6167 6092
f 6003 6167 6002
f 6003 6093 6167
f 6414 6169 5998
f 6004 6166 6017
f 6003 6168 6093
f 6095 6301 5838
f 5836 6011 6001
f 6166 6306 6017
f 6012 6096 6006
f 5232 6248 5932
f 6095 5838 6173
f 5933 6094 6254
f 6000 6009 6091
f 6091 6009 6103
f 6104 6096 6012
f 6172 6015 6099
f 6097 6013 6252
f 6103 6009 6105
f 6016 6017 6306
f 6015 6023 6099
f 6306 6103 6105
f 6254 6635 6031
f 6102 6025 6021
f 6184 6189 6019
f 6019 6189 6105
f 6016 6105 6106
f 5870 6109 6179
f 6025 6181 5656
f 6106 6105 6189
f 6026 6106 6108
f 5943 6315 6424
f 6185 6111 6031
f 5870 6179 6035
f 6021 6033 6184
f 6121 6026 6108
f 5661 6633 6197
f 6185 6315 6111
f 5440 6036 6432
f 6192 6032 6110
f 6438 6182 5951
f 5719 5950 6319
f 6319 6190 5719
f 6121 6108 6120
f 5878 6262 6367
f 6365 6023 5880
f 6032 6192 6040
f 5951 5626 6198
f 6190 6321 5881
f 6365 5880 6326
f 6510 5191 6199
f 5629 6788 6200
f 5629 6377 6201
f 5882 5728 6201
f 5884 5881 6118
f 5881 6321 6118
f 6521 5632 6380
f 5584 6521 6443
f 6040 6205 5959
f 6121 6120 6123
f 6114 5665 6266
f 5955 6203 5666
f 6526 5635 6045
f 6382 6266 5886
f 6205 5960 5959
f 6384 5637 5731
f 6122 6047 6125
f 5731 5675 6048
f 6048 6451 5731
f 5891 5666 6203
f 5960 6209 5591
f 6204 5891 6203
f 5591 6209 5963
f 5965 6048 5738
f 6206 5965 6050
f 5963 6209 5893
f 6209 5895 5893
f 6123 6120 6130
f 6053 6123 6130
f 6127 6123 6053
f 6128 6131 6051
f 5895 6129 6052
f 6053 6130 6054
f 6215 6132 6130
f 6054 6130 6132
f 6053 6054 6128
f 6131 6128 6134
f 6129 6133 5457
f 6134 6128 6054
f 6059 6132 6058
f 6054 6132 6055
f 6055 6132 6059
f 5969 6131 6134
f 6132 6215 6061
f 6058 6132 6061
f 6054 6055 6135
f 6056 6054 6135
f 6134 6054 6056
f 6139 6220 5894
f 6135 6055 6137
f 6138 6060 6136
f 6136 6060 6062
f 6061 6136 6062
f 6066 6061 6062
f 6140 6061 6066
f 6067 6061 6140
f 6058 6061 6067
f 5970 6137 6055
f 6057 6133 6218
f 6055 6059 6064
f 6224 6220 6139
f 6065 6060 6138
f 6059 6063 6064
f 6140 6066 6141
f 6064 6063 6069
f 6064 6069 5973
f 5973 6069 6146
f 6070 6065 6228
f 6143 6070 6228
f 6070 6143 6141
f 6068 6141 6143
f 6068 6143 6069
f 5973 6146 6072
f 6143 6228 6145
f 6146 6143 6145
f 6069 6143 6146
f 6071 6224 6139
f 6071 5901 6147
f 6146 6145 6073
f 6074 6146 6073
f 6072 6146 6074
f 6229 6148 6073
f 6076 6073 6148
f 6147 5901 5647
f 5558 6338 6282
f 6232 5688 6151
f 6079 5559 5747
f 6236 5903 5748
f 6078 6234 5979
f 5905 6234 6078
f 5907 5904 6283
f 5506 5907 5980
f 6080 6081 6237
f 6237 6081 5689
f 6082 6286 6150
f 5606 6289 6083
f 6084 6152 5752
f 6340 5984 5983
f 6290 6084 5987
f 6240 6156 5754
f 5987 6155 6290
f 5986 6087 6241
f 6085 6399 6344
f 6155 5987 5915
f 6399 6085 5914
f 6243 6245 6561
f 6244 6155 5915
f 6295 5920 6291
f 5920 6295 6347
f 6348 6296 5993
f 5828 5404 6298
f 5995 5828 6611
f 6246 6162 6479
f 5993 6001 6348
f 5995 6611 6090
f 6414 5998 6303
f 6092 6409 6165
f 6093 6247 6167
f 6170 5846 5935
f 6168 6010 6420
f 5232 6249 6248
f 6477 6101 5934
f 6170 5935 6171
f 5847 6170 6171
f 5847 6171 5710
f 6420 6010 6174
f 6418 4785 5849
f 5936 6008 6251
f 6359 6096 6104
f 5936 6251 6358
f 6252 6013 6318
f 6174 6107 6257
f 4785 6626 5939
f 6101 6356 5940
f 6360 5863 6358
f 6025 6102 6361
f 6109 6425 6179
f 5863 6360 6183
f 5872 6030 6258
f 5656 6181 6362
f 6361 6181 6025
f 5945 6180 6028
f 6108 6106 6189
f 6110 6316 6192
f 6316 6188 6192
f 5440 6432 5579
f 6195 6366 6191
f 6193 6188 6194
f 6108 6189 6202
f 6038 5191 6368
f 6112 6322 6318
f 6187 5537 6264
f 6188 6193 6192
f 5191 6510 6368
f 6113 5954 6372
f 5193 5873 6042
f 6193 6040 6192
f 6033 6049 6196
f 6184 6033 6196
f 6189 6184 6196
f 6202 6189 6196
f 6120 6108 6202
f 6107 6447 6257
f 5883 6324 6198
f 5882 6201 5957
f 5954 6378 6372
f 6119 6118 6264
f 6193 6205 6040
f 5883 6122 6324
f 6324 6122 6267
f 6205 6193 6208
f 6381 6447 6331
f 6266 6382 6525
f 5886 6449 6450
f 5886 6450 6382
f 6196 6049 6212
f 6122 6125 6267
f 6202 6196 6210
f 6120 6202 6210
f 6125 6272 6267
f 6209 5960 6205
f 6125 6047 6207
f 6207 6272 6125
f 6206 6050 6271
f 6205 6216 6209
f 6216 6205 6208
f 6206 6048 5965
f 6271 6050 6204
f 6196 6212 6273
f 6120 6210 6213
f 6332 6207 6126
f 6216 5895 6209
f 6278 6216 6208
f 6274 6212 6220
f 6213 6210 6211
f 6120 6213 6130
f 6216 6129 5895
f 6211 6215 6213
f 6220 6212 5894
f 6216 6133 6129
f 6130 6213 6215
f 6220 6277 6274
f 6216 6219 6133
f 6219 6216 6278
f 6215 6276 6136
f 6136 6276 6277
f 6061 6215 6136
f 6136 6277 6138
f 6138 6277 6225
f 6217 6279 6137
f 6217 6137 5970
f 5970 5896 6217
f 6219 6218 6133
f 6219 6221 6218
f 6221 6219 6278
f 6223 6218 6221
f 6223 6222 6218
f 6277 6220 6224
f 6138 6225 6228
f 6138 6228 6065
f 6225 6277 6224
f 5684 6144 6336
f 6222 6226 6142
f 6226 6222 6223
f 6142 6226 6075
f 6225 6224 6227
f 6228 6225 6227
f 6227 6224 6071
f 6229 6228 6227
f 6227 6071 6147
f 6145 6228 6229
f 6229 6227 6147
f 6145 6229 6073
f 6229 6147 6148
f 6144 6232 6230
f 6231 6281 5976
f 5976 6285 6149
f 6233 5747 5977
f 6236 5748 6337
f 6282 6337 5748
f 6233 6079 5747
f 5907 6283 6397
f 6288 5978 6080
f 5905 6235 6234
f 6150 6235 5905
f 6149 6285 6286
f 5980 5907 6397
f 6237 5689 5979
f 5981 6557 5982
f 6153 5984 6340
f 6154 6340 5983
f 6084 6290 6152
f 6341 5981 5910
f 5986 6241 6341
f 6343 6240 5754
f 6240 6157 6156
f 6400 6291 6242
f 6470 6241 6087
f 6470 6087 5988
f 5919 6292 5914
f 5988 6293 6470
f 5919 5989 6292
f 5988 6089 6293
f 6159 6345 5989
f 6159 6006 6299
f 5514 6406 6407
f 5403 5516 6478
f 5403 6478 6298
f 6090 6611 6484
f 6162 6163 6479
f 6246 6481 6482
f 6246 6482 6164
f 5998 6300 6302
f 6303 5998 6302
f 6092 6167 6409
f 6167 6247 6304
f 6472 6618 6094
f 6008 6161 6483
f 6489 6006 6096
f 6250 6249 5246
f 6477 6627 6101
f 6618 6254 6094
f 6253 6098 6097
f 6095 6173 6423
f 6423 6173 6176
f 6098 6357 6178
f 5843 5476 6493
f 6424 6359 6104
f 5262 6256 6255
f 5264 6256 5262
f 5264 5939 6256
f 5940 6356 6310
f 5476 6024 6493
f 6631 6361 6102
f 6177 6028 6494
f 5945 6310 6180
f 5940 6310 5945
f 6427 6181 6361
f 6182 6311 6109
f 6109 6311 6425
f 6035 6179 6645
f 6258 6187 6313
f 6110 5874 6314
f 6314 6316 6110
f 6315 6185 6431
f 6311 6182 6438
f 6178 6505 5953
f 6188 6316 6194
f 6039 6035 6645
f 6038 6368 6260
f 5950 6113 6261
f 5950 6261 6319
f 6433 6190 6319
f 6325 5951 6198
f 5951 6325 6438
f 6037 6186 6117
f 6193 6194 6208
f 6194 6323 6208
f 6325 6198 6324
f 5628 6117 6327
f 6199 5628 6327
f 6043 6518 6328
f 6328 6263 6043
f 6322 6112 5730
f 6519 6322 5730
f 5954 5958 6378
f 6197 6430 6265
f 6374 6115 6114
f 6203 6445 6269
f 6445 6203 5955
f 6374 6114 6266
f 6268 6271 6329
f 6269 6329 6271
f 6203 6269 6204
f 6124 6528 6331
f 6206 6268 6451
f 6268 6206 6271
f 6269 6271 6204
f 6323 6333 6208
f 6530 5961 5732
f 6451 6048 6206
f 6273 6210 6196
f 6208 6333 6278
f 6126 6214 6332
f 6273 6212 6274
f 6275 6273 6274
f 6210 6273 6275
f 6214 6387 6332
f 6210 6275 6211
f 6275 6274 6276
f 6211 6275 6276
f 6211 6276 6215
f 6276 6274 6277
f 6214 5683 6388
f 6056 6217 5896
f 6223 6221 6280
f 6280 6226 6223
f 6226 6459 6075
f 6459 6231 6075
f 6281 6285 5976
f 6390 6233 6462
f 6462 6233 6391
f 6283 6077 6284
f 6233 6390 6079
f 5977 6391 6233
f 6395 6236 6337
f 5978 6284 6077
f 5978 6288 6339
f 6550 6234 6235
f 6390 6287 6079
f 6393 5977 5602
f 5908 6236 6395
f 5749 5906 6338
f 6396 6235 6150
f 6286 6396 6150
f 6238 6079 6287
f 5906 5980 6397
f 6151 6289 6556
f 6467 5606 6238
f 5606 6467 6289
f 6152 6700 6398
f 5982 6557 6343
f 5909 6398 6239
f 6154 6344 6342
f 6242 6239 6400
f 6244 5990 6402
f 6158 6861 6294
f 6861 6475 6294
f 6296 6293 6089
f 6297 6402 5990
f 6345 6159 6299
f 6346 6472 6160
f 5515 5514 6349
f 5828 6298 6611
f 6405 5843 6408
f 6299 6006 6489
f 6741 6348 6001
f 6167 6304 6409
f 6093 6411 6247
f 6484 6631 6090
f 6625 6489 6096
f 6625 6096 6359
f 6618 6354 6254
f 6090 6631 6102
f 6101 6627 6356
f 6422 6099 6023
f 6177 6494 6175
f 6255 6634 6308
f 6255 6256 6634
f 6027 6428 6176
f 6258 6498 5946
f 6030 6498 6258
f 6030 6259 6498
f 6776 6424 6315
f 6023 6365 6422
f 6183 6312 6027
f 6360 6312 6183
f 6506 6314 5874
f 6036 5949 6432
f 6506 5874 6366
f 5874 6191 6366
f 5658 6260 6317
f 6317 5876 5658
f 6633 6430 6197
f 5949 6263 6320
f 6372 6646 6113
f 6433 6321 6190
f 5727 6115 6262
f 6320 6263 6328
f 6194 6440 6323
f 6370 6445 5955
f 6371 6365 6326
f 6117 6186 6327
f 5730 5957 6519
f 5958 5952 6520
f 6265 6444 6045
f 6329 6269 6330
f 6451 6268 6330
f 6268 6329 6330
f 6451 6384 5731
f 6124 6270 6528
f 6124 5961 6270
f 6267 6272 6385
f 6207 6332 6272
f 6388 6387 6214
f 6333 6334 6278
f 6135 6137 6454
f 6056 6454 6457
f 6056 6135 6454
f 6137 6279 6335
f 6056 6457 6217
f 6217 6457 6538
f 6278 6334 6221
f 6538 6279 6217
f 6336 6144 6230
f 6226 6541 6459
f 6392 6550 6696
f 6284 5978 6339
f 5979 6234 6392
f 6392 6234 6550
f 6393 6391 5977
f 6549 6397 6283
f 6286 6551 6396
f 6285 6551 6286
f 6080 6237 6288
f 6394 6393 5602
f 5908 6394 5602
f 6467 6238 6287
f 6342 6340 6154
f 6706 6399 5914
f 6706 5914 6292
f 6295 6291 6471
f 6292 5989 6345
f 6243 6401 6245
f 6088 6861 6158
f 6245 6401 6346
f 6401 6472 6346
f 6347 6473 6161
f 6161 6473 6483
f 5516 5515 6349
f 5516 6349 6478
f 6297 6301 6476
f 6479 6163 6350
f 6246 6479 6481
f 6300 6164 6482
f 6163 6000 6350
f 6350 6000 6091
f 6350 6091 6485
f 6476 6301 6417
f 6165 6409 6413
f 6166 6165 6413
f 6420 6411 6093
f 6168 6420 6093
f 6417 6301 6095
f 6352 6741 6001
f 6091 6103 6351
f 6166 6413 6306
f 5992 6172 6909
f 6008 6754 6251
f 6754 6008 6483
f 6011 6352 6001
f 6351 6103 6306
f 6169 6414 6633
f 6418 6626 4785
f 6174 6257 6420
f 5939 6626 6256
f 6493 6024 6637
f 6028 6503 6494
f 5946 6498 6637
f 6362 6181 6501
f 6425 6311 6502
f 6027 6312 6428
f 6028 6180 6503
f 5872 6258 6429
f 6258 6313 6429
f 6429 5873 5872
f 6311 6438 6502
f 6363 6422 6365
f 5949 6320 6432
f 6364 6313 6187
f 6314 6506 6507
f 6440 6194 6316
f 6645 6785 6039
f 6646 6261 6113
f 6319 6261 6433
f 6364 6373 6433
f 6373 6321 6433
f 6187 6264 6364
f 6115 6369 6262
f 6369 6367 6262
f 6438 6325 6516
f 5538 5579 7185
f 6366 6195 6512
f 6369 6115 6374
f 6325 6324 6516
f 6324 6375 6516
f 6116 5879 6951
f 5879 6785 6951
f 5538 7185 6787
f 5629 6200 6377
f 5957 6201 6519
f 6373 6118 6321
f 6264 6118 6373
f 5632 6042 6379
f 5632 6379 6380
f 6512 6195 6443
f 6430 6444 6265
f 6269 6445 6522
f 6324 6267 6375
f 6257 6447 6381
f 6525 6374 6266
f 6269 6522 6330
f 6330 6529 6451
f 6375 6267 6385
f 6381 6331 6528
f 6272 6332 6385
f 6323 6383 6333
f 6332 6387 6386
f 6388 5683 6336
f 6333 6383 6334
f 6454 6137 6335
f 6334 6456 6221
f 6280 6221 6456
f 6538 6458 6279
f 6280 6537 6226
f 6458 6389 6279
f 6542 6337 6282
f 6282 6338 6464
f 6284 6465 6549
f 6230 6232 6460
f 6464 6338 6548
f 6284 6549 6283
f 6551 6285 6281
f 6546 6391 6393
f 6338 5906 6548
f 6390 6552 6287
f 6394 5908 6395
f 6237 5979 6392
f 6460 6232 6151
f 6151 6556 6460
f 6556 6289 6467
f 6398 6700 6558
f 6239 6398 6558
f 5981 6341 6468
f 6340 6342 6836
f 6290 7094 6152
f 6342 6344 6838
f 6153 6702 6086
f 6241 6559 6341
f 6239 6558 6400
f 6470 6559 6241
f 6707 6243 6561
f 6157 6569 6088
f 6292 6345 6718
f 6088 6569 6861
f 6244 6402 6841
f 5921 6586 6863
f 6863 6403 5921
f 6863 6872 6403
f 6402 6297 6476
f 6295 6473 6347
f 6294 6475 6477
f 6403 6872 5400
f 6586 5992 6404
f 5514 6407 6349
f 6479 6350 6480
f 6872 6906 5400
f 6485 6091 6351
f 6247 6410 6304
f 6472 6616 6618
f 5932 6248 6490
f 6415 6490 6248
f 6248 6249 6416
f 6415 6248 6416
f 6249 6250 6416
f 5992 6909 6404
f 6413 6351 6306
f 6250 6307 6416
f 5400 6906 6353
f 6097 6252 6253
f 6416 6307 6419
f 6011 6175 6352
f 6253 6628 6098
f 6359 6764 6625
f 6099 6422 6766
f 6421 6358 6251
f 6628 6357 6098
f 6309 6308 6491
f 6355 6309 6491
f 6419 6355 6491
f 6307 6355 6419
f 5843 6493 6408
f 6354 6635 6254
f 6037 6100 6353
f 6358 6421 6360
f 6308 6634 6492
f 6256 6630 6634
f 6256 6626 6630
f 6037 6353 6186
f 6496 6423 6176
f 6356 6426 6310
f 6428 6496 6176
f 6362 6501 6500
f 6181 6427 6501
f 6031 6635 6185
f 6252 6318 6643
f 6436 5873 6429
f 6315 6431 6776
f 6320 6504 6432
f 6261 6646 6434
f 6433 6261 6434
f 6433 6434 6364
f 6434 6435 6364
f 6364 6435 6313
f 6314 6440 6316
f 6260 6368 6931
f 6260 6931 6317
f 6649 5876 6317
f 6513 6314 6507
f 6513 6440 6314
f 6367 6439 6370
f 5876 6649 6660
f 6322 6643 6318
f 6511 5953 6505
f 6373 6364 6264
f 6367 6369 6508
f 6039 6785 5879
f 6365 6371 6363
f 5953 6511 5952
f 6511 6520 5952
f 6515 6369 6374
f 6445 6370 6439
f 6375 6441 6516
f 6116 6951 6935
f 6116 6935 6442
f 6326 6116 6442
f 6371 6326 6442
f 6199 6327 6939
f 6376 5956 6517
f 5958 6520 6378
f 6446 6440 6513
f 6440 6446 6323
f 6444 6526 6045
f 6515 6374 6525
f 6513 6523 6446
f 6323 6446 6383
f 6526 6670 5635
f 6522 6529 6330
f 6449 5635 6670
f 6453 6446 6448
f 6446 6453 6383
f 6384 6529 6531
f 6529 6384 6451
f 5961 6530 6270
f 6386 6387 6388
f 6383 6453 6334
f 6455 6453 6534
f 6535 6457 6454
f 6453 6455 6456
f 6453 6456 6334
f 6456 6455 6280
f 6279 6389 6539
f 7084 6389 6458
f 6226 6537 6541
f 6459 6281 6231
f 6465 6284 6339
f 6463 6462 6391
f 6542 6544 6337
f 6464 6542 6282
f 6463 6391 6546
f 6395 6543 6394
f 6395 6337 6543
f 6544 6543 6337
f 6235 6396 6545
f 6235 6545 6550
f 6390 6461 6552
f 6288 6554 6339
f 6554 6288 6699
f 6551 6545 6396
f 6397 6684 5906
f 6549 6466 6397
f 6699 6288 6237
f 6392 6699 6237
f 6467 6287 6552
f 6698 6467 6552
f 6556 6467 6698
f 7096 6153 6340
f 6557 5981 6468
f 7096 6340 6836
f 6240 6343 6560
f 6344 7108 6838
f 6399 7108 6344
f 6155 6469 6290
f 6399 6706 7108
f 6841 6155 6244
f 6470 6293 6563
f 6401 6243 6711
f 6471 6717 6295
f 6293 6296 6474
f 6474 6296 6348
f 6479 6480 6599
f 6479 6599 6481
f 6302 6300 6606
f 6303 6302 6606
f 6410 6617 6304
f 6411 6410 6247
f 6410 6411 6486
f 5932 6487 5841
f 6305 5841 6487
f 6305 6487 6488
f 6412 6305 6488
f 6411 6420 6486
f 5932 6490 6487
f 6488 6418 6412
f 6627 6477 6621
f 6491 6490 6415
f 6912 6352 6175
f 6492 6490 6491
f 6416 6419 6491
f 6415 6416 6491
f 6172 6099 6909
f 6420 6257 6437
f 6491 6308 6492
f 6773 6764 6359
f 6175 6494 6912
f 6627 6426 6356
f 6359 6424 6773
f 6361 6631 6640
f 6642 6186 6353
f 6927 6252 6643
f 6505 6927 6497
f 6495 6497 6927
f 6497 6495 6178
f 6252 6178 6495
f 6178 6252 6505
f 6927 6505 6252
f 6178 6357 6497
f 6427 6640 6501
f 6640 6427 6361
f 6776 6773 6424
f 6179 6641 6645
f 6426 6180 6310
f 6929 6435 6434
f 6648 6429 6313
f 6647 6648 6435
f 6648 6313 6435
f 6439 6367 6509
f 6367 6508 6509
f 6514 6508 6369
f 6659 6439 6509
f 6438 6516 6779
f 6363 6371 6662
f 6320 6328 6942
f 6381 6437 6257
f 6369 6515 6514
f 6445 6439 6659
f 6186 6653 6327
f 5956 6660 6517
f 6328 6518 6942
f 6377 6200 6944
f 6201 6377 6789
f 6378 6520 6947
f 6372 6378 6947
f 6513 6507 6523
f 6507 6524 6523
f 6515 6668 6514
f 6445 6659 6522
f 6668 6525 6667
f 6515 6525 6668
f 6441 6375 6452
f 6450 6667 6382
f 6525 6382 6667
f 6375 6385 6452
f 6523 6448 6446
f 6450 6449 6670
f 6448 6523 6524
f 6527 6448 6524
f 6385 6386 6452
f 6385 6332 6386
f 6532 6448 6527
f 6453 6448 6532
f 6386 6388 7018
f 6534 6532 6533
f 6532 6534 6453
f 6536 6535 6454
f 6454 6335 6536
f 6455 6537 6280
f 6335 6279 6536
f 6539 6389 6540
f 6389 7084 6540
f 6541 6677 6459
f 6460 6672 6230
f 6461 6462 6688
f 6462 6463 6688
f 6690 6549 6465
f 6462 6461 6390
f 6692 6543 6544
f 6824 6392 6696
f 6696 6550 6545
f 6684 6466 6829
f 6555 6392 6824
f 6821 6545 6551
f 6461 6553 6552
f 6547 6682 6393
f 6543 6547 6394
f 5906 6684 6548
f 6699 6691 6554
f 6392 6555 6699
f 6460 6556 6681
f 6547 6393 6394
f 6466 6684 6397
f 6698 6681 6556
f 6152 7094 6835
f 6700 6152 6835
f 6343 6557 7101
f 6342 6838 6839
f 7096 6702 6153
f 6343 7101 6560
f 6705 6086 6702
f 6468 6341 6559
f 6703 6400 6558
f 6561 6086 6705
f 6470 6704 6559
f 6240 6560 6562
f 6562 6157 6240
f 6569 6157 6562
f 6704 6470 6563
f 6712 6564 6708
f 6471 6291 6400
f 6565 6568 6715
f 6706 6292 6718
f 6243 6707 6711
f 6712 6578 6574
f 6564 6712 6574
f 6572 6564 6574
f 6571 6564 6572
f 6565 6566 6567
f 6568 6565 6567
f 6572 6574 6570
f 6567 6566 6584
f 6719 6568 6567
f 6573 6715 6568
f 6574 6578 6582
f 6570 6574 6575
f 6583 6572 6570
f 6572 6576 6571
f 6719 6567 6580
f 6577 6568 6719
f 6401 6711 6720
f 6576 6572 6585
f 6580 6567 6579
f 6579 6567 6584
f 6573 6568 6577
f 6582 6578 6581
f 6582 6575 6574
f 6585 6572 6583
f 6580 6579 6722
f 6590 6575 6582
f 6588 6577 6719
f 6582 6581 6590
f 6579 6584 6587
f 6592 6722 6579
f 6573 6577 6589
f 6720 6727 6401
f 6295 6717 6473
f 6579 6587 6592
f 6727 6472 6401
f 6590 6581 6593
f 6576 6585 6597
f 6345 6299 6870
f 6590 6593 6591
f 6601 6585 6583
f 6592 6587 6602
f 6577 6588 6596
f 6596 6588 6598
f 6594 6597 6585
f 6474 6348 6741
f 6592 6602 6595
f 6596 6589 6577
f 6585 6601 6608
f 6595 6602 6613
f 6615 6589 6596
f 6585 6608 6594
f 6405 6609 6406
f 6609 6604 6406
f 6406 6604 6407
f 6604 6349 6407
f 6349 6604 6756
f 6478 6349 6756
f 6478 6756 6760
f 6605 6298 6760
f 6298 6478 6760
f 6298 6605 6611
f 6605 6610 6611
f 6482 6481 6599
f 6600 6482 6599
f 6300 6482 6600
f 6300 6600 6606
f 6870 6299 6489
f 6472 6727 6616
f 6601 6591 6607
f 6608 6601 6607
f 6483 6473 6731
f 6598 6603 6614
f 6596 6598 6614
f 6405 6408 6609
f 6610 6605 6763
f 6484 6611 6610
f 6743 6480 6350
f 6303 6612 6414
f 6303 6606 6612
f 6591 6593 6607
f 6594 6608 6619
f 6603 6595 6613
f 6614 6603 6613
f 6614 6615 6596
f 6757 6484 6610
f 6350 6485 6743
f 6414 6612 6622
f 7158 6476 6417
f 6619 6608 6607
f 6614 6613 6620
f 6885 6485 6351
f 6410 6896 6617
f 6624 6488 6487
f 6413 6885 6351
f 6486 6896 6410
f 6487 6490 6624
f 6891 6741 6352
f 6488 6624 6630
f 6418 6488 6626
f 6623 6489 6625
f 6626 6488 6630
f 6907 6251 6754
f 6609 6408 6771
f 6631 6484 6757
f 6414 6622 6633
f 6629 6633 6622
f 6354 6903 6911
f 6354 6618 6903
f 6908 6417 6095
f 6486 6420 6437
f 6624 6492 6634
f 6490 6492 6624
f 6630 6624 6634
f 6909 6099 6766
f 6253 6252 6495
f 6423 6908 6095
f 6408 6493 6771
f 6768 6357 6628
f 6632 6631 6757
f 6917 6635 6354
f 6767 6426 6627
f 6640 6631 6632
f 6430 6633 6629
f 6500 6639 6772
f 6638 6500 6772
f 6644 6430 6629
f 6179 6425 6641
f 6496 6428 6922
f 6360 6636 6312
f 6494 6503 7173
f 6426 7175 6180
f 6357 6768 6924
f 6259 6765 6498
f 6499 6765 6259
f 6499 6770 6765
f 6499 6638 6770
f 6638 6499 6500
f 6639 6500 6501
f 6640 6639 6501
f 6921 6431 6185
f 6635 6921 6185
f 6642 6775 6186
f 6503 6180 7175
f 6497 6924 6928
f 6505 6497 6928
f 6924 6497 6357
f 6777 6929 6434
f 6431 6921 6776
f 6653 6186 6775
f 6504 6650 6432
f 6511 6505 6928
f 6777 6434 6646
f 6926 6647 6435
f 6648 6647 6926
f 6507 6506 6656
f 6506 6651 6656
f 6502 6438 6779
f 6650 5579 6432
f 6654 5873 6436
f 6651 6506 6366
f 6657 6430 6644
f 6650 6782 5579
f 6366 6512 6651
f 6651 6512 6655
f 6508 6514 6658
f 6509 6508 6658
f 6659 6509 6658
f 5579 6782 7185
f 6322 6946 6643
f 6372 7361 6646
f 5873 6654 6042
f 6655 6512 6663
f 6656 6661 6507
f 6652 6437 6381
f 6430 6657 6444
f 6442 6938 6662
f 6371 6442 6662
f 6376 6517 6941
f 6376 6786 6518
f 6519 6201 6789
f 6521 6380 6949
f 6443 6521 6663
f 6663 6512 6443
f 6507 6661 6524
f 6790 6652 6381
f 6658 6514 6668
f 6659 6793 6522
f 6526 6444 6657
f 6664 6526 6657
f 6665 6666 6667
f 6522 6793 6529
f 6790 6381 6528
f 6664 6670 6526
f 6665 6670 6664
f 6450 6670 6665
f 6667 6450 6665
f 6793 6669 6529
f 6441 6452 7231
f 6661 6671 6524
f 6524 6671 6527
f 6529 6669 6531
f 6530 6796 6270
f 6530 6531 6796
f 6527 6671 6532
f 6532 6671 6533
f 6533 6798 6534
f 6388 6336 6797
f 6534 6798 6455
f 6798 6801 6455
f 6672 6797 6336
f 6336 6230 6672
f 6455 6801 6537
f 6279 6539 6536
f 6801 6804 6537
f 6537 6804 6541
f 6806 6816 6687
f 6804 6677 6541
f 6807 6806 6687
f 6674 6673 6818
f 6675 6813 6815
f 6805 6672 6681
f 6805 6681 6809
f 6676 7066 6678
f 6814 6674 6679
f 7087 6814 6694
f 6834 6821 6675
f 6672 6460 6681
f 6682 6817 6697
f 6812 6817 6682
f 6683 6676 6678
f 6684 6829 7087
f 6677 6825 6459
f 6689 6547 6678
f 6679 6828 6693
f 6694 6679 6693
f 6814 6679 6694
f 6684 7087 6694
f 6685 6680 6466
f 6685 6690 6830
f 6825 6281 6459
f 6809 6681 6698
f 6816 6809 6698
f 6822 6687 6831
f 6824 6686 6555
f 6831 6687 6553
f 6688 6831 6461
f 6697 6688 6463
f 6546 6697 6463
f 6689 6682 6547
f 6683 6678 6547
f 6692 6544 6542
f 6464 6832 6542
f 6693 6832 6464
f 6690 6685 6549
f 6554 6690 6465
f 6833 6690 6554
f 6555 6823 6695
f 6545 6834 6696
f 6281 6825 6551
f 6816 6698 6552
f 6553 6687 6816
f 6461 6831 6553
f 6697 6546 6393
f 6683 6547 6543
f 6692 6683 6543
f 6548 6693 6464
f 6684 6693 6548
f 6694 6693 6684
f 6680 6829 6466
f 6685 6466 6549
f 6554 6465 6339
f 6691 6833 6554
f 6821 6834 6545
f 6825 6821 6551
f 6553 6816 6552
f 6682 6697 6393
f 6699 6695 6691
f 6555 6695 6699
f 6557 6468 6701
f 6557 6701 7101
f 6836 6342 6839
f 6707 6561 6705
f 6155 6841 6469
f 6708 6564 6571
f 6565 7114 6709
f 6715 7114 6565
f 6578 6712 6867
f 6714 6708 6571
f 6709 6566 6565
f 6726 6854 6716
f 6843 6710 6713
f 6566 6709 6847
f 6714 6571 6576
f 6847 6584 6566
f 7122 6715 6573
f 7124 6570 6575
f 6847 6729 6584
f 6580 6857 6719
f 6718 6345 6870
f 6578 6867 6581
f 6570 6860 7127
f 6583 6570 7127
f 6714 6576 6721
f 6719 6857 7129
f 6575 6723 6859
f 6575 6590 6723
f 7129 6588 6719
f 6722 6592 6868
f 7122 6573 6864
f 6402 6476 7136
f 6867 6728 6581
f 6576 6597 6721
f 6721 6597 6737
f 6584 6729 6587
f 6573 6589 6864
f 6734 6726 6881
f 6730 6726 6734
f 6581 6728 6593
f 6590 6591 6875
f 7127 7137 6583
f 6588 6733 6598
f 6583 7137 6601
f 6592 6595 6868
f 6868 6595 6732
f 6730 6734 6735
f 6587 6729 6602
f 6729 6878 6602
f 6730 6735 6739
f 6593 6728 6890
f 6591 6876 6875
f 6876 6601 7137
f 6882 6732 6595
f 6589 6615 6864
f 6864 6615 6742
f 6869 6621 6475
f 6599 6480 6738
f 6600 6599 6738
f 6600 6738 6744
f 6601 6876 6591
f 6594 6740 6597
f 6597 6740 6737
f 6603 6882 6595
f 6475 6621 6477
f 6755 6756 6604
f 6738 6480 6743
f 6606 6600 6744
f 6606 6744 6612
f 6870 6489 6623
f 6750 6735 6734
f 7136 6476 7158
f 6609 6749 6604
f 6749 6755 6604
f 6605 6760 6763
f 6746 6739 6735
f 6736 6751 6747
f 6607 6593 6890
f 6752 6607 6890
f 6619 6753 6740
f 6740 6594 6619
f 6731 6754 6483
f 6602 6878 6748
f 6613 6602 6748
f 6614 6892 6615
f 6615 6892 6742
f 6610 6763 6757
f 6485 6885 6743
f 6612 6745 6622
f 6746 6735 6750
f 6620 6613 6748
f 6620 6759 6614
f 6759 6892 6614
f 6886 6885 6413
f 6409 6886 6413
f 6304 6886 6409
f 6758 7144 6746
f 6905 6751 6758
f 6618 6616 6903
f 6619 6607 6752
f 6619 6752 6753
f 6620 6748 6759
f 6772 6757 6763
f 6770 6756 6755
f 6760 6756 6770
f 6896 6486 6761
f 6757 6772 6632
f 6417 6908 7158
f 6749 6609 6771
f 6629 6622 6762
f 6749 6771 6765
f 6755 6749 6765
f 6486 6437 6761
f 6907 6421 6251
f 6495 6914 6253
f 6914 6769 6253
f 6253 6769 6628
f 6763 6760 6770
f 6761 6437 6915
f 6763 6770 6638
f 6772 6763 6638
f 6354 6911 6917
f 6768 6628 6769
f 6770 6755 6765
f 7173 6912 6494
f 6914 6495 6918
f 6774 6644 6629
f 6774 6629 6762
f 6360 6421 6636
f 6918 6495 6927
f 6493 6637 6771
f 6639 6632 6772
f 6640 6632 6639
f 6635 6917 6921
f 6922 6428 6312
f 6503 7175 7173
f 6771 6637 6498
f 6765 6771 6498
f 6437 6652 6915
f 6926 6435 6929
f 6363 6934 6422
f 6934 6766 6422
f 6775 7177 6653
f 6946 6927 6643
f 6646 7352 6777
f 6648 6436 6429
f 6791 6644 6774
f 6645 6641 6785
f 6504 6320 6942
f 6504 6782 6650
f 6942 6782 6504
f 6511 6928 7181
f 6436 6648 6778
f 6657 6644 6791
f 6368 6510 6940
f 6649 6781 6660
f 6779 6516 6780
f 6363 6662 6934
f 6517 6660 6781
f 6511 7181 6520
f 6372 6947 7361
f 6948 6042 6654
f 6659 6658 6793
f 6516 6441 6780
f 6327 6653 6939
f 6199 6939 6940
f 6940 6510 6199
f 6786 6376 6941
f 6942 6518 6786
f 6788 6783 6200
f 6379 6042 6948
f 6380 6379 6949
f 6521 6949 6954
f 6652 6790 6784
f 6668 6792 6658
f 6792 6793 6658
f 6657 6791 6664
f 6665 6664 6957
f 6666 6665 6957
f 6666 6794 6667
f 6667 6794 6668
f 6794 6792 6668
f 6793 6792 6669
f 6792 6794 6795
f 6661 6960 6671
f 6790 6528 6961
f 6959 6531 6795
f 6792 6795 6669
f 6961 6270 6796
f 6669 6795 6531
f 6270 6961 6528
f 6452 6386 7231
f 6386 7018 7231
f 6671 7439 7294
f 7018 6388 6797
f 6671 7294 6533
f 6533 7294 6798
f 6535 6536 7334
f 6797 6672 7076
f 6457 6535 6538
f 6536 6539 7333
f 7333 6539 7089
f 7070 6811 7071
f 6819 7071 6811
f 7076 6672 6805
f 7082 7065 6802
f 6674 6799 6673
f 6814 6799 6674
f 7075 6799 6814
f 7070 6800 6811
f 6675 7062 7067
f 7060 6806 6807
f 7082 6802 6817
f 7328 7068 7066
f 6799 7077 6673
f 6539 6540 7089
f 7060 7085 6806
f 6810 7063 6807
f 7072 6813 7067
f 7066 6808 6678
f 7077 7328 6676
f 6812 7322 6817
f 6678 6808 6689
f 6673 7077 6676
f 6811 6800 6680
f 6803 7071 6819
f 6802 6810 6826
f 6812 6689 7322
f 7328 7066 6676
f 6800 6829 6680
f 7067 6813 6675
f 7085 6809 6816
f 6822 6807 6687
f 6817 6802 6826
f 7087 7075 6814
f 6677 6804 7088
f 6806 7085 6816
f 6810 6807 6822
f 6818 6673 6676
f 6811 6680 6830
f 7090 6675 6821
f 6695 6823 6803
f 6555 6686 6820
f 6813 6686 6815
f 6826 6810 6822
f 6818 6679 6674
f 6819 6811 6830
f 6675 6815 6834
f 6817 6826 6697
f 6830 6680 6685
f 6803 6819 6830
f 6820 6823 6555
f 6815 6686 6824
f 6826 6822 6688
f 6689 6812 6682
f 6676 6683 6827
f 6818 6676 6827
f 6828 6818 6827
f 6679 6818 6828
f 6695 6803 6691
f 6688 6822 6831
f 6697 6826 6688
f 6828 6827 6832
f 6693 6828 6832
f 6833 6830 6690
f 6691 6803 6833
f 6803 6830 6833
f 6683 6692 6827
f 6832 6827 6692
f 6542 6832 6692
f 6815 6824 6696
f 6834 6815 6696
f 6700 6835 7093
f 6700 7093 6558
f 7095 6835 7094
f 7096 6837 6702
f 6837 6705 6702
f 7094 6290 6840
f 6290 6469 6840
f 6469 6841 7112
f 6469 7112 6840
f 7108 6706 7123
f 7121 6400 6703
f 6848 6569 6562
f 6841 6852 7112
f 6712 6844 6853
f 6712 6708 6844
f 6708 7113 6844
f 6400 7121 6471
f 6706 6718 7123
f 6843 6842 6710
f 6707 6846 6711
f 6867 6712 6853
f 6708 6714 7113
f 6842 6865 6716
f 6854 6842 6716
f 6842 6854 6710
f 6845 6713 6849
f 6841 6402 6852
f 6714 7117 7113
f 7114 6715 7122
f 6718 6862 7123
f 6854 6855 6710
f 6713 6710 6855
f 6849 6724 6845
f 7121 6717 6471
f 6563 6293 6850
f 6848 6861 6569
f 6711 7111 6720
f 6867 6853 6858
f 6570 7124 6860
f 6714 6721 7117
f 6729 6847 6851
f 6580 6856 6857
f 6869 6861 6848
f 6718 6870 6862
f 6575 6859 7124
f 6873 7117 6721
f 6293 6474 6850
f 6722 6856 6580
f 6865 6726 6716
f 7135 6854 6726
f 6849 7131 6724
f 6845 6724 6725
f 6728 6867 6858
f 6733 6588 7129
f 6861 6869 6475
f 6724 7131 6871
f 6586 6404 6863
f 6856 6722 6868
f 6726 6865 6881
f 6720 6866 6727
f 7136 6852 6402
f 6721 6737 6873
f 6850 6474 7133
f 6724 6871 6747
f 6724 6747 6725
f 6590 6875 6723
f 6730 7135 6726
f 6725 6747 6893
f 7142 6723 6875
f 6873 6737 6874
f 6717 6731 6473
f 6739 7135 6730
f 6747 6871 6736
f 6474 6741 7133
f 6729 6877 6878
f 6879 6598 6733
f 6862 6870 7152
f 6741 6891 7133
f 6883 6880 6738
f 6738 6880 6744
f 6598 6882 6603
f 6882 6598 6879
f 6738 6743 6883
f 7151 6744 6880
f 6897 6612 6744
f 6870 6623 7152
f 6881 6750 6734
f 6889 7145 6884
f 7145 6889 6736
f 6727 6866 6616
f 6740 6900 6874
f 6740 6874 6737
f 6743 6885 6883
f 6885 6886 6883
f 6883 6886 6887
f 6612 6897 6745
f 6746 7144 6739
f 6889 6884 7144
f 6736 6889 6751
f 6903 6616 6866
f 6900 6740 6753
f 6754 6731 6895
f 6748 6878 7155
f 6901 6888 6617
f 6897 6888 6901
f 6898 6745 6897
f 6750 6881 6902
f 6747 6751 6893
f 6752 6890 6894
f 6617 6887 6304
f 6901 6617 6896
f 6745 6898 6622
f 6746 6750 6902
f 6889 7144 6758
f 6751 6889 6758
f 6751 6905 6893
f 6899 6752 6894
f 6753 6752 6900
f 6752 6899 6900
f 6759 6748 7155
f 6898 6897 6910
f 6910 6897 6901
f 6622 6898 6762
f 6904 7152 6623
f 6905 6746 6902
f 6746 6905 6758
f 6754 6895 6907
f 6896 6761 6901
f 6910 6901 6761
f 6623 6625 6904
f 6891 6352 6912
f 6904 6625 6764
f 6627 7162 6767
f 6621 7162 6627
f 6762 6898 6920
f 6920 6898 6910
f 6906 6642 6353
f 6761 6915 6910
f 6920 6910 6915
f 6766 6916 6909
f 6913 6912 7173
f 6764 6773 7163
f 6423 6496 6908
f 6908 6496 7169
f 6923 6426 6767
f 6918 6919 6914
f 6769 6914 6768
f 6768 6914 6919
f 6762 6920 6774
f 6496 6922 7169
f 7163 6773 7174
f 6425 6502 6641
f 6636 6922 6312
f 6426 6923 7175
f 6925 6918 6927
f 6918 6925 6924
f 6918 6924 6919
f 6768 6919 6924
f 6920 6915 6652
f 6774 6920 6930
f 6773 6776 7174
f 6776 6921 7174
f 6766 6934 6916
f 6930 6920 6652
f 6924 6925 6928
f 7353 6926 6929
f 6648 6926 6778
f 6774 6930 6791
f 6502 6779 6933
f 6641 6502 6933
f 6641 6933 6785
f 6651 6932 6656
f 6791 6930 6955
f 6646 7361 7352
f 6778 6654 6436
f 6651 6655 6932
f 6932 6661 6656
f 6930 6652 6784
f 6955 6930 6784
f 6933 6779 6780
f 6950 6933 6780
f 6933 6950 6785
f 6442 6937 6938
f 6934 6662 7193
f 6653 7177 6939
f 6782 6942 7184
f 7185 6782 7184
f 6953 6946 6322
f 6785 6950 6951
f 6935 6951 6936
f 6937 6935 6936
f 6442 6935 6937
f 6662 6938 7193
f 6781 6941 6517
f 7356 6942 6786
f 7356 6786 6952
f 7185 6788 6787
f 6943 6788 7185
f 6783 6788 6943
f 6944 6200 6783
f 6377 6944 6945
f 6789 6377 6945
f 6519 6789 6953
f 6322 6519 6953
f 6947 6520 7181
f 6949 6379 6948
f 6663 6521 6954
f 6791 6955 6956
f 6791 6956 6664
f 6956 6957 6664
f 6955 6784 6958
f 6958 6784 6790
f 6957 6956 6958
f 6959 6957 6958
f 6666 6957 6959
f 6666 6959 6794
f 6959 6795 6794
f 6961 6958 6790
f 6959 6958 6961
f 7203 6972 7202
f 7381 6975 6976
f 6960 7439 6671
f 6796 6959 6961
f 6959 6796 6531
f 6971 7218 7248
f 6971 7391 7218
f 6974 7393 7202
f 7206 6963 6962
f 6978 7210 7226
f 6979 6992 6981
f 7229 6982 7397
f 7005 6967 6983
f 6985 6970 6984
f 6999 6972 6973
f 7202 6972 6999
f 6974 7202 6993
f 6976 6975 6994
f 6989 6976 6994
f 7208 6991 6977
f 6991 7220 6977
f 6978 7226 7028
f 6966 6995 6996
f 7229 7247 6982
f 6969 6968 7017
f 7236 6984 6970
f 7236 7006 6984
f 7009 6986 6997
f 6999 6993 7202
f 6988 6987 7242
f 6979 6980 6992
f 6992 7423 6981
f 7230 6969 7017
f 7007 6984 7006
f 7009 6997 6998
f 7400 7013 7001
f 6995 7004 6996
f 6996 7246 6966
f 7017 6968 7016
f 7007 7217 6984
f 7008 6998 6997
f 7225 7239 7250
f 7012 7225 7250
f 6990 7219 7010
f 6980 7003 7002
f 6992 6980 7002
f 7246 6996 7015
f 7254 7005 7253
f 7011 7022 7250
f 7012 7250 7023
f 7240 7039 7273
f 7259 7041 7013
f 7010 7027 7026
f 6990 7010 7014
f 6996 7049 7015
f 7431 7033 7432
f 7008 7268 7019
f 6998 7008 7019
f 7020 6998 7019
f 7009 6998 7021
f 7021 6998 7020
f 7270 7009 7021
f 7022 7258 7036
f 7011 7258 7022
f 7240 7024 7039
f 7025 7040 7259
f 7041 7259 7040
f 7042 7013 7041
f 7001 7013 7042
f 7260 7001 7042
f 7014 7010 7026
f 6992 7002 7047
f 7047 7002 7029
f 7047 7437 6992
f 7004 7030 7048
f 6996 7004 7049
f 7049 7004 7048
f 7050 7015 7049
f 7016 7031 7032
f 7017 7016 7032
f 7033 7017 7032
f 7431 7017 7033
f 7019 7268 7053
f 7020 7019 7034
f 7034 7019 7053
f 7021 7020 7034
f 7270 7021 7035
f 7037 7022 7036
f 7250 7022 7038
f 7038 7022 7037
f 7023 7250 7038
f 7023 7039 7024
f 7040 7286 7041
f 7043 7026 7027
f 7044 7026 7043
f 7014 7026 7044
f 7045 7014 7044
f 7057 7261 7045
f 7028 7261 7058
f 7058 7261 7057
f 7262 7028 7058
f 7058 7046 7262
f 7029 7288 7047
f 7281 7291 7031
f 7032 7031 7291
f 7051 7032 7291
f 7033 7032 7052
f 7052 7032 7051
f 7304 7033 7052
f 7018 6797 7266
f 7276 7053 7268
f 7054 7034 7053
f 7021 7034 7054
f 7035 7021 7284
f 7038 7037 7296
f 7055 7038 7296
f 7023 7038 7055
f 7041 7286 7297
f 7042 7041 7297
f 7260 7042 7056
f 7044 7043 7441
f 7289 7048 7030
f 7049 7048 7289
f 7059 7049 7289
f 7290 7049 7059
f 7050 7049 7290
f 7292 7051 7291
f 7076 7266 6797
f 7319 7060 7312
f 7300 7080 7315
f 7070 7453 6800
f 7323 7316 7071
f 7067 7062 7310
f 7061 7077 6799
f 7316 7070 7071
f 7067 7310 7072
f 6798 7073 6801
f 7063 7312 7060
f 6799 7069 7061
f 7075 7299 7069
f 7080 7299 7075
f 7315 7080 7330
f 7064 7074 6810
f 7069 6799 7075
f 7310 7317 7072
f 7334 6536 7333
f 7060 7319 7085
f 7063 7060 6807
f 6810 7074 7063
f 7317 7324 7072
f 7081 7078 7062
f 7330 7080 7075
f 7325 7078 7081
f 7065 7064 6802
f 7062 6675 7081
f 6802 7064 6810
f 7083 7322 6689
f 6801 7088 6804
f 6538 7084 6458
f 7086 7076 6805
f 7091 7330 7087
f 6803 7079 7071
f 6813 7072 6820
f 7330 7075 7087
f 7085 7086 6809
f 7322 7082 6817
f 6823 7079 6803
f 6813 6820 6686
f 6540 7084 7089
f 6805 6809 7086
f 6808 7083 6689
f 7331 7081 6675
f 7331 6675 7090
f 6829 7091 7087
f 7090 6821 6825
f 7088 7090 6825
f 6820 7092 6823
f 7088 6825 6677
f 7095 7093 6835
f 6836 6839 7098
f 7098 7096 6836
f 7093 7102 6558
f 6468 7097 6701
f 7097 7101 6701
f 7100 7097 6468
f 6560 7101 7109
f 6837 7096 7098
f 7099 6837 7098
f 7094 6840 7095
f 6559 7100 6468
f 6838 7103 6839
f 7098 6839 7103
f 7108 7103 6838
f 7098 7103 7110
f 7099 7098 7110
f 7095 6840 7106
f 6558 7102 6703
f 6559 6704 7100
f 7104 7103 7108
f 7105 7103 7104
f 7110 7103 7105
f 6703 7102 7341
f 7116 7115 7109
f 6562 6560 7109
f 6846 6837 7099
f 6705 6846 6707
f 6705 6837 6846
f 6840 7112 7106
f 7107 7335 6844
f 7100 6704 7337
f 7104 7108 7123
f 6563 7337 6704
f 7114 7116 6709
f 7115 7116 7114
f 7109 7115 7119
f 7119 6562 7109
f 7099 7110 7120
f 6846 7099 7111
f 7335 7106 6844
f 6844 7106 6853
f 7107 6844 7113
f 7337 6563 6850
f 7338 7119 7115
f 6843 7105 6842
f 7110 7105 6843
f 6845 7110 6843
f 7120 7110 6845
f 7106 7112 7340
f 7113 7117 7107
f 7336 7107 7117
f 6709 7116 6847
f 7115 7114 7122
f 6848 6562 7119
f 7105 7104 6865
f 6845 6843 6713
f 7126 7099 7120
f 7111 7099 7126
f 7106 6858 6853
f 7121 6703 7341
f 7116 7118 6851
f 6847 7116 6851
f 7338 7115 7122
f 7104 7123 7134
f 6842 7105 6865
f 6852 7340 7112
f 6846 7111 6711
f 6858 7106 7340
f 7339 7336 7117
f 6865 7104 7134
f 6855 6849 6713
f 7339 7117 6873
f 7338 7122 7345
f 6848 7119 7338
f 7123 6862 7134
f 7135 7125 6854
f 7125 6855 6854
f 6849 6855 7131
f 6860 7124 6859
f 7121 7128 6717
f 7342 6857 6856
f 6848 7338 6869
f 6855 7125 7131
f 6725 7120 6845
f 6863 7130 6872
f 7340 6852 7132
f 6858 7340 6728
f 7121 7341 7128
f 7139 7125 7135
f 7126 7120 7140
f 6720 7126 6866
f 7111 7126 6720
f 6863 6404 7130
f 6859 6723 7142
f 6868 7342 6856
f 6733 7129 7138
f 7345 7122 6864
f 7120 6725 7140
f 7132 6852 7136
f 6860 6859 7137
f 7137 6859 7142
f 7127 6860 7137
f 6851 7118 6877
f 6729 6851 6877
f 6868 7143 7342
f 6871 7131 7145
f 7126 7141 6866
f 7130 6404 7150
f 6728 7340 7148
f 6877 7118 7157
f 6879 7138 7143
f 6869 7338 7347
f 6865 7134 7146
f 6881 6865 7146
f 6871 7145 6736
f 7130 7150 6872
f 7341 7339 7128
f 6717 7128 6731
f 6733 7138 6879
f 7139 7135 6739
f 6872 7150 6906
f 6728 7148 6890
f 7137 7142 6876
f 7143 6868 6732
f 6862 7152 7146
f 7134 6862 7146
f 7144 7139 6739
f 7140 6725 6893
f 7126 7140 7141
f 6875 6876 7142
f 7128 7339 7149
f 6877 7157 6878
f 6882 7143 6732
f 6879 7143 6882
f 7345 6864 6742
f 6884 7346 7147
f 7346 6884 7145
f 7128 7149 6895
f 7128 6895 6731
f 7133 6891 7154
f 6883 6887 6880
f 6887 7151 6880
f 7151 6897 6744
f 7147 7144 6884
f 6404 6909 7150
f 7345 6742 7156
f 6869 7347 6621
f 6897 7151 6888
f 6881 7146 7153
f 7141 6903 6866
f 6890 7148 6894
f 6878 7157 7155
f 6892 7156 6742
f 6304 6887 6886
f 6617 7151 6887
f 6888 7151 6617
f 7158 7132 7136
f 6874 6900 7160
f 6892 6759 7156
f 7347 7162 6621
f 7146 7152 6904
f 7153 7146 6904
f 7140 6893 7164
f 7148 7132 7159
f 6902 6881 7153
f 6905 7164 6893
f 7140 7164 7141
f 6903 7141 6911
f 7159 7132 7158
f 6900 6899 7160
f 7149 6907 6895
f 6759 7155 7348
f 7164 6902 7166
f 6905 6902 7164
f 7141 7164 7165
f 6911 7141 7165
f 7156 6759 7349
f 7153 6904 7172
f 7166 6902 7153
f 6907 7149 7161
f 6891 6913 7154
f 7348 7155 7170
f 7172 6904 7163
f 7351 6906 7150
f 6906 7351 6642
f 6908 7159 7158
f 6912 6913 6891
f 6764 7163 6904
f 7165 7164 7166
f 7150 6909 7351
f 7161 7160 7168
f 7162 7349 6767
f 6642 7351 7167
f 7159 6908 7169
f 7350 7159 7169
f 7169 7168 7350
f 6907 7161 6421
f 7165 7166 6917
f 6911 7165 6917
f 6909 6916 7351
f 6916 7167 7351
f 7161 7168 6636
f 6421 7161 6636
f 7173 7170 6913
f 7349 7171 6923
f 6767 7349 6923
f 7171 7170 7173
f 7166 7172 7174
f 6921 7166 7174
f 6917 7166 6921
f 7168 7169 6922
f 6636 7168 6922
f 7175 7171 7173
f 6923 7171 7175
f 7174 7172 7163
f 7176 7167 6916
f 6642 7167 6775
f 7167 7176 6775
f 6934 7176 6916
f 6775 7176 7177
f 7179 6925 6927
f 6777 7353 6929
f 7353 6778 6926
f 6931 6368 7178
f 6317 6931 7178
f 7178 6649 6317
f 6946 7179 6927
f 7179 6928 6925
f 6777 7352 7353
f 6649 7178 6781
f 7178 7355 6781
f 7179 6946 7180
f 7181 7179 7180
f 6654 6778 7182
f 6937 6936 7192
f 6937 7192 6938
f 6938 7192 7193
f 7193 7194 6934
f 7194 7176 6934
f 7177 7195 6939
f 6939 7195 6940
f 6941 6781 7196
f 7196 7183 6941
f 7183 7197 6941
f 6941 7197 6786
f 6786 7197 6952
f 6942 7356 7184
f 7185 7198 6943
f 7374 6943 7198
f 6783 6943 7374
f 7186 6944 6783
f 6944 7186 7199
f 6945 6944 7199
f 6945 7200 6789
f 6789 7200 6953
f 6953 7187 6946
f 7180 6946 7187
f 7181 7361 6947
f 6948 6654 7182
f 6948 7188 6949
f 7188 6954 6949
f 6655 6663 7189
f 6655 7189 6932
f 6932 7189 6661
f 6780 6441 7190
f 6950 6780 7190
f 6951 6950 7191
f 6936 6951 7191
f 6781 7355 7196
f 7197 7183 7196
f 7197 7356 6952
f 7198 7185 7184
f 7186 6783 7374
f 6945 7199 7360
f 6945 7360 7200
f 6953 7200 7187
f 7361 7181 7180
f 6954 7188 7362
f 6663 6954 7362
f 7189 6663 7362
f 6661 7189 6960
f 6955 6958 6956
f 7231 7190 6441
f 6972 7203 7201
f 7203 7202 7204
f 7202 7393 7204
f 7394 6988 7395
f 6975 7381 7370
f 7207 7381 6976
f 6977 7209 7208
f 7209 6977 7220
f 6965 7373 6964
f 6965 7402 7373
f 7210 6978 7382
f 7221 7212 7211
f 6979 6981 7384
f 7212 6979 7384
f 6981 7222 7384
f 6982 7214 7397
f 6982 7386 7214
f 7386 6983 7376
f 6967 7376 6983
f 6967 7404 7376
f 6968 7216 7215
f 6970 6985 7387
f 7391 6971 7232
f 6986 7392 7398
f 7223 6972 7201
f 6974 7224 7393
f 7413 6962 6963
f 7400 7395 6988
f 7410 6975 7370
f 6976 6989 7207
f 7207 6989 7414
f 7411 7219 6990
f 7402 6965 6964
f 7212 7221 7228
f 6979 7212 6980
f 6966 7213 6995
f 7385 7213 6966
f 6983 7386 7005
f 7005 7386 7247
f 7215 7235 6968
f 6969 7216 6968
f 7230 7216 6969
f 7217 6985 6984
f 7248 7232 6971
f 6986 7398 6997
f 6986 7406 7392
f 7406 6986 7009
f 6973 6972 7223
f 7206 6962 7240
f 6987 6988 7394
f 7400 7001 7401
f 7208 7244 6991
f 7402 7226 7210
f 7245 7382 6978
f 7252 7396 7245
f 7227 7221 7211
f 7422 7228 7227
f 7227 7228 7221
f 7212 7228 6980
f 6981 7423 7222
f 7213 7234 6995
f 6966 7246 7385
f 7386 6982 7247
f 7224 6974 7419
f 7419 6974 6993
f 7420 7000 7407
f 7000 7239 7407
f 7407 7239 7408
f 7239 7225 7408
f 7225 7012 7413
f 7242 7243 6988
f 7001 7409 7401
f 6975 7410 6994
f 7421 7219 7411
f 7226 7402 7233
f 6978 7028 7245
f 6980 7228 7003
f 6968 7235 7016
f 7237 7248 7218
f 7008 6997 7418
f 6973 7223 7238
f 7000 7420 7011
f 7011 7239 7000
f 7435 6962 7413
f 6987 7241 7242
f 7243 7013 7400
f 6994 7410 7429
f 7429 7414 6994
f 7414 6989 6994
f 7244 7251 6991
f 7233 7220 6991
f 7416 7252 7263
f 7416 7263 7227
f 7003 7228 7002
f 7228 7427 7002
f 7005 7247 7253
f 7417 7005 7254
f 7431 7230 7017
f 7424 7230 7431
f 7236 6970 7424
f 7217 7007 7425
f 7238 6999 6973
f 7249 6993 7256
f 7419 6993 7249
f 7011 7420 7257
f 7239 7011 7250
f 7242 7241 7025
f 7259 7242 7025
f 7010 7219 7421
f 6990 7014 7274
f 6990 7274 7412
f 7251 7261 6991
f 6991 7261 7233
f 7226 7233 7261
f 7028 7226 7261
f 6992 7437 7423
f 7264 7004 7234
f 7234 7004 6995
f 7403 7246 7015
f 7015 7265 7403
f 7229 7253 7247
f 7275 7006 7236
f 7007 7006 7425
f 7231 7018 7266
f 7008 7418 7269
f 7009 7270 7406
f 7255 7256 6999
f 6999 7256 6993
f 7257 7258 7011
f 7240 6962 7435
f 7241 7240 7273
f 7001 7260 7409
f 7245 7028 7262
f 7263 7252 7262
f 7029 7002 7427
f 7264 7030 7004
f 7267 7248 7237
f 7267 7428 7248
f 7008 7269 7268
f 7270 7238 7406
f 7238 7270 7285
f 7434 7256 7255
f 7036 7434 7271
f 7249 7271 7434
f 7271 7249 7258
f 7256 7258 7249
f 7258 7256 7036
f 7434 7036 7256
f 7023 7272 7012
f 7024 7272 7023
f 7435 7024 7240
f 7435 7273 7024
f 7045 7274 7014
f 7261 7274 7045
f 7046 7263 7262
f 7301 7030 7264
f 7031 7016 7280
f 7276 7268 7269
f 7285 7270 7035
f 7277 7271 7258
f 7055 7272 7024
f 7039 7023 7055
f 7039 7055 7273
f 7273 7055 7024
f 7286 7040 7025
f 7438 7043 7027
f 7044 7278 7045
f 7029 7279 7288
f 7443 7437 7047
f 7015 7050 7430
f 7031 7280 7281
f 7033 7304 7432
f 7293 7425 7275
f 7425 7293 7405
f 7282 7053 7276
f 7282 7054 7053
f 7054 7283 7021
f 7021 7283 7284
f 7284 7285 7035
f 7271 7277 7036
f 7036 7277 7313
f 7037 7036 7313
f 7313 7296 7037
f 7296 7309 7055
f 7055 7309 7272
f 7042 7297 7056
f 7043 7438 7441
f 7441 7298 7044
f 7044 7298 7278
f 7045 7278 7287
f 7057 7045 7287
f 7287 7299 7057
f 7299 7300 7057
f 7057 7300 7058
f 7058 7460 7046
f 7427 7279 7029
f 7047 7288 7443
f 7289 7030 7301
f 7302 7289 7301
f 7289 7302 7059
f 7302 7307 7059
f 7307 7290 7059
f 7430 7050 7290
f 7051 7292 7303
f 7052 7051 7303
f 7052 7303 7304
f 7276 7450 7282
f 7313 7277 7064
f 7296 7313 7065
f 7309 7296 7308
f 7297 7286 7305
f 7056 7297 7314
f 7298 7441 7061
f 7299 7287 7306
f 7058 7300 7315
f 7315 7460 7058
f 7290 7307 7449
f 7281 7455 7444
f 7444 7310 7303
f 7445 7311 7293
f 7054 7282 7312
f 7283 7054 7312
f 7308 7296 7065
f 7077 7061 7441
f 7279 7453 7070
f 7288 7279 7070
f 7454 7449 7307
f 7310 7444 7317
f 7304 7303 7078
f 7064 7277 7320
f 7068 7297 7305
f 7068 7314 7297
f 7077 7441 7314
f 7288 7070 7316
f 7448 7288 7316
f 7301 7448 7316
f 7302 7301 7323
f 7304 7078 7311
f 7452 7061 7069
f 7300 7299 7080
f 7323 7301 7316
f 7307 7302 7323
f 7454 7307 7323
f 7303 7310 7062
f 7450 7433 7327
f 7282 7450 7319
f 7284 7283 7312
f 7318 7284 7312
f 7309 7308 7322
f 7083 7309 7322
f 7306 7452 7069
f 7444 7455 7317
f 7078 7303 7062
f 7325 7293 7311
f 7312 7282 7319
f 7318 7312 7074
f 7065 7313 7064
f 7306 7069 7299
f 7325 7311 7078
f 7433 7266 7076
f 7320 7318 7074
f 7064 7320 7074
f 7066 7305 6808
f 7068 7305 7066
f 7317 7455 7324
f 7324 7455 7329
f 6798 7326 7073
f 7433 7076 7086
f 7327 7433 7086
f 7319 7450 7327
f 7074 7312 7063
f 7308 7065 7082
f 7322 7308 7082
f 7305 7321 6808
f 7314 7068 7328
f 7077 7314 7328
f 7453 7330 7091
f 6800 7453 7091
f 7323 7071 7079
f 7321 7083 6808
f 7454 7323 7079
f 7455 7454 7329
f 7326 7332 7073
f 7327 7086 7085
f 7319 7327 7085
f 7458 6535 7334
f 6535 7458 6538
f 7329 7454 7079
f 7324 7329 7092
f 7072 7324 6820
f 7091 6829 6800
f 7324 7092 6820
f 7325 7081 7331
f 7088 7073 7332
f 6801 7073 7088
f 7329 7079 7092
f 6538 7458 7084
f 7079 6823 7092
f 7332 7331 7090
f 7332 7090 7088
f 7095 7335 7093
f 7335 7107 7093
f 7093 7107 7102
f 7097 7109 7101
f 7335 7095 7106
f 7102 7107 7336
f 7109 7097 7116
f 7102 7336 7341
f 7116 7100 7337
f 7097 7100 7116
f 7116 7337 7118
f 7339 7341 7336
f 7118 7337 6850
f 6857 7138 7129
f 7342 7138 6857
f 7125 7343 7131
f 7343 7344 7131
f 7118 6850 7133
f 7139 7343 7125
f 7131 7344 7145
f 7340 7132 7148
f 7342 7143 7138
f 7347 7338 7345
f 7157 7118 7133
f 7139 7144 7343
f 7147 7343 7144
f 7344 7343 7147
f 7145 7344 7346
f 6873 6874 7339
f 7344 7147 7346
f 7347 7345 7156
f 6874 7160 7339
f 7339 7160 7149
f 7162 7347 7156
f 7133 7154 7157
f 7159 7350 7148
f 6894 7148 7350
f 6894 7350 6899
f 7157 7154 7155
f 7149 7160 7161
f 7154 7170 7155
f 7348 7349 6759
f 7162 7156 7349
f 7160 6899 7350
f 7160 7350 7168
f 7170 7154 6913
f 7349 7348 7171
f 7172 7166 7153
f 7171 7348 7170
f 7177 7176 7195
f 6928 7179 7181
f 6368 6940 7354
f 7354 7355 6368
f 7178 6368 7355
f 7195 7176 7194
f 7352 7361 7357
f 7353 7352 7357
f 7358 7353 7357
f 6778 7353 7182
f 7190 7191 6950
f 7363 6936 7191
f 7192 6936 7363
f 7192 7364 7193
f 7193 7364 7194
f 7194 7365 7195
f 7195 7354 6940
f 7355 7369 7196
f 7369 7366 7196
f 7196 7366 7197
f 7366 7371 7197
f 7371 7367 7197
f 7197 7367 7356
f 7359 7356 7367
f 7184 7356 7359
f 7360 7199 7186
f 7187 7375 7180
f 7357 7361 7214
f 7353 7358 7376
f 7182 7353 7376
f 7215 7182 7376
f 6948 7368 7188
f 7192 7363 7203
f 7364 7192 7203
f 7365 7194 7364
f 7354 7195 7365
f 7379 7354 7365
f 7369 7354 7379
f 7355 7354 7369
f 7366 7369 7380
f 7371 7366 7401
f 7372 7367 7371
f 7209 7184 7359
f 7198 7184 7209
f 7200 7360 7382
f 7187 7200 7383
f 7375 7187 7384
f 7361 7180 7375
f 7214 7361 7375
f 7358 7357 7214
f 6948 7182 7215
f 7387 7188 7368
f 7362 7188 7387
f 7388 7362 7387
f 7189 7389 6960
f 7363 7191 7391
f 7401 7366 7380
f 7371 7401 7370
f 7198 7209 7373
f 7383 7200 7382
f 7212 7187 7383
f 7384 7187 7212
f 7358 7214 7386
f 7389 7362 7388
f 7189 7362 7389
f 7190 7231 7390
f 7377 7190 7390
f 7191 7190 7377
f 7391 7191 7377
f 7378 7363 7391
f 7364 7203 7204
f 7365 7364 7204
f 7379 7365 7205
f 7372 7371 7381
f 7381 7371 7370
f 7359 7367 7372
f 7198 7373 7210
f 7374 7198 7210
f 7186 7374 7210
f 7382 7186 7210
f 7360 7186 7382
f 7213 7375 7384
f 7385 7375 7213
f 7376 7358 7386
f 7215 7376 7404
f 6948 7215 7216
f 7368 6948 7216
f 7387 7368 7459
f 7388 7387 6985
f 6960 7389 7439
f 7391 7377 7218
f 7378 7391 7392
f 7392 7391 7398
f 7363 7378 7201
f 7203 7363 7201
f 7393 7365 7204
f 7205 7365 7393
f 6963 7379 7399
f 7369 7379 6963
f 7206 7369 6963
f 7394 7369 7206
f 7380 7369 7394
f 7395 7380 7394
f 7401 7380 7395
f 7207 7372 7381
f 7411 7372 7207
f 7209 7359 7208
f 7220 6964 7209
f 6964 7373 7209
f 7210 7373 7402
f 7211 7382 7396
f 7383 7382 7211
f 7212 7383 7211
f 7222 7213 7384
f 7214 7375 7403
f 7403 7375 7385
f 7397 7214 7403
f 7387 7459 6970
f 7217 7388 6985
f 7391 7232 7398
f 7201 7378 7223
f 7205 7393 7408
f 7408 7399 7205
f 7379 7205 7399
f 6963 7399 7413
f 6987 7394 7206
f 7401 7395 7400
f 7370 7401 7410
f 7410 7401 7409
f 7207 7414 7415
f 7411 7207 7415
f 7372 7411 6990
f 7359 7372 7208
f 7222 7234 7213
f 7397 7403 7229
f 7215 7404 7235
f 7230 7459 7216
f 7389 7388 7405
f 7406 7378 7392
f 7224 7407 7393
f 7408 7393 7407
f 7225 7399 7408
f 7225 7413 7399
f 7206 7240 6987
f 6990 7412 7372
f 7208 7372 7244
f 7372 7412 7244
f 7396 7382 7245
f 7252 7416 7396
f 7211 7396 7227
f 7227 7396 7416
f 7423 7234 7222
f 7385 7246 7403
f 6967 7005 7417
f 7404 6967 7235
f 7235 6967 7417
f 7424 7459 7230
f 7424 6970 7459
f 7398 7232 7418
f 6997 7398 7418
f 7407 7224 7420
f 7420 7224 7419
f 6988 7243 7400
f 7421 7411 7415
f 7233 6964 7220
f 7233 7402 6964
f 7235 7417 7016
f 7217 7425 7388
f 7405 7388 7425
f 7231 7266 7390
f 7377 7390 7237
f 7377 7237 7218
f 7232 7248 7428
f 7418 7232 7428
f 7378 7406 7223
f 7240 7241 6987
f 7243 7242 7013
f 7415 7414 7421
f 7421 7414 7426
f 7244 7412 7251
f 7228 7422 7427
f 7265 7229 7403
f 7254 7280 7417
f 7016 7417 7280
f 7223 7406 7238
f 6999 7238 7255
f 7249 7257 7419
f 7420 7419 7257
f 7435 7413 7012
f 7242 7259 7013
f 7410 7409 7429
f 7429 7426 7414
f 7010 7421 7426
f 7274 7251 7412
f 7227 7263 7422
f 7423 7437 7264
f 7234 7423 7264
f 7229 7265 7253
f 7432 7424 7431
f 7424 7432 7236
f 7006 7275 7425
f 7390 7266 7433
f 7237 7390 7433
f 7269 7418 7428
f 7257 7434 7258
f 7257 7249 7434
f 7272 7435 7012
f 7273 7025 7241
f 7010 7426 7027
f 7252 7245 7262
f 7253 7265 7430
f 7236 7432 7275
f 7389 7405 7439
f 7428 7267 7269
f 7238 7285 7255
f 7435 7440 7273
f 7025 7273 7440
f 7429 7260 7438
f 7409 7260 7429
f 7426 7429 7027
f 7027 7429 7438
f 7261 7251 7274
f 7263 7436 7422
f 7427 7422 7436
f 7265 7015 7430
f 7253 7430 7449
f 7253 7449 7281
f 7281 7254 7253
f 7280 7254 7281
f 7237 7433 7267
f 7258 7434 7277
f 7056 7438 7260
f 7460 7436 7046
f 7046 7436 7263
f 7427 7436 7279
f 7443 7448 7437
f 7264 7437 7301
f 7301 7437 7448
f 7255 7285 7295
f 7434 7255 7295
f 7277 7434 7447
f 7434 7295 7447
f 7272 7309 7451
f 7435 7272 7451
f 7451 7440 7435
f 7286 7025 7440
f 7278 7298 7442
f 7278 7442 7287
f 7436 7460 7279
f 7430 7290 7449
f 7281 7444 7291
f 7291 7444 7292
f 7444 7303 7292
f 7445 7432 7304
f 7275 7445 7293
f 7446 7405 7293
f 7439 7405 7446
f 7439 7446 7294
f 7276 7269 7450
f 7295 7285 7284
f 7451 7309 7321
f 7451 7286 7440
f 7056 7314 7438
f 7298 7452 7442
f 7287 7442 7306
f 7443 7288 7448
f 7281 7449 7455
f 7311 7445 7304
f 7267 7433 7450
f 7269 7267 7450
f 7305 7286 7451
f 7441 7438 7314
f 7306 7442 7452
f 7460 7315 7453
f 7279 7460 7453
f 7455 7449 7454
f 7446 7293 7456
f 7284 7318 7295
f 7447 7295 7320
f 7320 7295 7318
f 7447 7320 7277
f 7298 7061 7452
f 7294 7446 7326
f 7294 7326 6798
f 7321 7309 7083
f 7305 7451 7321
f 7326 7446 7456
f 7315 7330 7453
f 7456 7293 7325
f 7325 7331 7456
f 7332 7456 7331
f 7326 7456 7332
f 7334 7333 7457
f 7334 7457 7458
f 7333 7089 7457
f 7458 7457 7089
f 7458 7089 7084
f 7368 7216 7459
f 7275 7432 7445

